load_role,user_id,token,role
viewer,k6_ws_1,pts_c63f77ef84781b60c7a1ce5ee6aaeb6c782f40f867d63c58148d0c3f459e7eee,user
viewer,k6_ws_10,pts_f942012e42fe930d52fd38e02ca2ee6db02824ec273c7a853cf51baf27c15eff,user
viewer,k6_ws_100,pts_fb254fc7e5fc21ffef109056dae173e7588d06459f77ef5a409e11fb683b4da4,user
viewer,k6_ws_1000,pts_82bbb2434fc8667e74d4ee4a768d2a5da94b4ce4c763ea8232a7fe64f6bbf8e2,user
viewer,k6_ws_1001,pts_8c440250b841ea935a5bbe8fbc72ae7dd22743b7411e6129ee45a668810ac534,user
viewer,k6_ws_1002,pts_34462ee529f16febd43bfb60c2552e5f8b1f87d6007d272028f4d4bba9f863c9,user
viewer,k6_ws_1003,pts_3f353efcd7483771a7a95e338aa2e94a0a2f491892f0b15b63365447fb1d73b1,user
viewer,k6_ws_1004,pts_1707a24c8f9521ee839dc589088cfae8c6b77a07ad14ab98a5f5b71ec5211d4b,user
viewer,k6_ws_1005,pts_1000d1badf8ee951b48c05040e9303a31b9746513ca6c93fde47b7847a5dd982,user
viewer,k6_ws_1006,pts_29a1f77566f252f606bab5ccf74fc6953345cb33787f7a47e4067d5d01b99c1e,user
viewer,k6_ws_1007,pts_3246654df90c0d099e40c8af90c695a1ac96de15f49f529e26647fe372fc3791,user
viewer,k6_ws_1008,pts_a6e5977d3d1ea98e31d2a9796a817d0046e5e2274e92df249b5e1dfd94ea2c6d,user
viewer,k6_ws_1009,pts_94104cd56645c8634086c422661c70a11767e8029e1a2d01ade07e728e367d9e,user
viewer,k6_ws_101,pts_bcb7df480042cc38eb7e04b472bf34c3b68244501a4071d56a710f806d9d80c0,user
viewer,k6_ws_1010,pts_c0855198d28576c6591773d4debf10c0fbe3570b06ff9c71baccd90bf72a4520,user
viewer,k6_ws_1011,pts_495c5905b9e71dff7c256ba7422af864cba505acf35ad10ee4c73381853ca7fb,user
viewer,k6_ws_1012,pts_e4c07924466b7d01b28eb82225d1a739dda933551945948ba2d516b509b37e48,user
viewer,k6_ws_1013,pts_9a87c898766da81f1afef960abcbbbdc1521ca275b7c414570d233496090c1ec,user
viewer,k6_ws_1014,pts_fd427630f33e50177be805d735a1bed45a3a39502ef198907b51c2e863457cd9,user
viewer,k6_ws_1015,pts_870e3500082a0f12a92a50ddeb3691be5b80b627a00e022e9d3a6788d29ac4f7,user
viewer,k6_ws_1016,pts_070cc7f4f732aa3a8260cd16dd4572b554c72399cbc5b69b0602db7c9e6ec5fc,user
viewer,k6_ws_1017,pts_f86ef701d75a52002402d5dbc869b8428b607581e2b020bc48d8b0b11392772f,user
viewer,k6_ws_1018,pts_149148138abed7258e8f50471d58336b46d3b19c0cf221efb0bf1d17ecda3242,user
viewer,k6_ws_1019,pts_d70328ec0507951eaaf482eb46e9dccdf8f77aaf561d4d2943d84342e39d4bae,user
viewer,k6_ws_102,pts_548872895b9ee30bf99311f5d38a45388a09cafedc2a632b3f7807c4cbabffc0,user
viewer,k6_ws_1020,pts_b364acdd4c234047ed029aeccc86ae53579c56b54c18e5cc13ea985fd1974d0f,user
viewer,k6_ws_1021,pts_65753e2b2a0a41a6d9203f6e78e6b4bfd5258b09dc317a30d2c0939b80245afe,user
viewer,k6_ws_1022,pts_ace44aacf5351ba4205dbbc8d99efd44e4c57bf9dcb6d774200cb674cccb4c97,user
viewer,k6_ws_1023,pts_18639fb9c917550ce11d42ba44376008614ae9535b15430379f5523c43ae6911,user
viewer,k6_ws_1024,pts_9ffbba8f25099f6d0cf8c30b85b5baa70524dce13e9f2ab3173b19b945199230,user
viewer,k6_ws_1025,pts_67da07fc43fda68beacadbf380f63efb447a2dd5415ecb0ca4735cb077d4de31,user
viewer,k6_ws_1026,pts_4128a14a35214fa40fb22d00adaca26c340c80bf3a64bbad3aa0bd2e29aed0ec,user
viewer,k6_ws_1027,pts_b7225f7ee72f8bd9c578b7554f8065bff83f0291276bb61c9c8e49edbef7acda,user
viewer,k6_ws_1028,pts_96a3f62b769c4a05ff36752682ae05780cc4fe87f15c446f0cb732f29649dd39,user
viewer,k6_ws_1029,pts_6a1f8ff7f7cf003c47315a786a0a4863978480f4575fdcbfe2b002f76103e05b,user
viewer,k6_ws_103,pts_009bc4501556b0e8ccb56c4e99f37f556b07f96c2eb6394ab1db9a1b02d1fe68,user
viewer,k6_ws_1030,pts_7062db5a202abec32c45f270287905abfee0c893ceeecaea0cfeede3a8067e3e,user
viewer,k6_ws_1031,pts_d7ceb1063c7857f2f08dc5a5fd1869f2d21bf414a29729f60f5ed321ce1b7344,user
viewer,k6_ws_1032,pts_ad4dc22b4357a0623cf90bcd54fcefad13911b2ab5e55e67502bcadc933c98a5,user
viewer,k6_ws_1033,pts_2bf0e53d1b23e72f9c937be28be8c27766c192568343fdd5d827d5759d539cff,user
viewer,k6_ws_1034,pts_e287929a2942783145ca4a7ae1af0aefebb43ec215683da928529ecfb6b96d7d,user
viewer,k6_ws_1035,pts_89f9a2e0b5fb1671b5fd5977e7bc28996c48dbdb80ea1162388e24fd09ee1f65,user
viewer,k6_ws_1036,pts_87849aa34b0eca43f0e2a79a5ed74a5166201e1806b7f6f631bcd2ff11e5237b,user
viewer,k6_ws_1037,pts_fd562c4c5c2e4cf9091cabff4d49fddf5aa698bd46df11fbfd4b90059e572da6,user
viewer,k6_ws_1038,pts_a51c201af9369876e6d8e83c011b321c9823c5a642007dd3cfc1bf40a68983c2,user
viewer,k6_ws_1039,pts_d28c26d489cd9a253ba7aff980bb31fc3b8a14add72bfd1c016531010933dba0,user
viewer,k6_ws_104,pts_df59924a3cc85ab71f3a433d26a518ce2e975fc14d9a736a8a18a04f14def7e5,user
viewer,k6_ws_1040,pts_fd0ec9bbe591130cb8094d6cb00c2f7f694fada1850411b96381b513fcf246cf,user
viewer,k6_ws_1041,pts_c52cbfc14d054fb6cd741bb2dd40727da6cb3f203ba17a3a4f271fbff297a158,user
viewer,k6_ws_1042,pts_d71cbee6c87cfbaa342a3a43b6ef5e65b7d263365829f158dd14135533ce37aa,user
viewer,k6_ws_1043,pts_77d932ed65e542bc0763286476cb24206da190cf1f6d5621ddbf8e37520bb80f,user
viewer,k6_ws_1044,pts_a52512effca4d5b17f420c1eb7e466adbe5e1919b6be631840402624cc275c11,user
viewer,k6_ws_1045,pts_da7a3c5173deb8e96a00ad4e90fe0ffd0f2e1bb1c1721e9fa504d79adbfe6062,user
viewer,k6_ws_1046,pts_729999551ba1a2bf7dfbb42c6b98261a25b8d1196760a03a3f6a6ee6ce633b9f,user
viewer,k6_ws_1047,pts_61280a5c7429d5c15d3486edf53067783a2bfe559e2bc4528ef146f95a915424,user
viewer,k6_ws_1048,pts_923d4f2b68eb236271c5bb9c6a5caf9227ecef8533e74a13d5734b54535a88e2,user
viewer,k6_ws_1049,pts_a29deba574cb838fba7a1eb4e731f50a932658570bbdf959bb3a7ba11acdedd9,user
viewer,k6_ws_105,pts_26d08ff9a7e45be77b7f190221177ec6adf2028a8eb34dda6b5de4dbd88869f3,user
viewer,k6_ws_1050,pts_3822315521432225ac262833398eb1b6d9350d336ef271918cc806464f23f0ec,user
viewer,k6_ws_1051,pts_13392644c56abef5acda7ed395bae94d59c078b385e510213de27b0577c428fb,user
viewer,k6_ws_1052,pts_d8533454eae4858c3f98f0707736c2a193eb401aab2e667e24f72ff72234f711,user
viewer,k6_ws_1053,pts_a2459d8507bd16c390633aff24915c64f3f9fc521d185fea833746b80283a0f1,user
viewer,k6_ws_1054,pts_dd7adf06598c1a095abc31c432b52ef26009870b280dfca95cde69b1a7ffaf25,user
viewer,k6_ws_1055,pts_6f9ed446e9fc401fe9347111bbfe8a93f05de0aee95474bfcb0829c6758f27cd,user
viewer,k6_ws_1056,pts_790ef3e48d9828a42506ac34a40efdeea75288956bc29d629624a54262b65bd2,user
viewer,k6_ws_1057,pts_3a1d2ce9960e3f2c9ba13e2d17b6b8822790610cf2fa82c627e9049c100aedc1,user
viewer,k6_ws_1058,pts_2756818da0a70d805d793378f6bb10d3b4e45ffc203349f817970f5e517451f9,user
viewer,k6_ws_1059,pts_9a0c27dae43d4951eab43becd934e2f46b56fb94920360b53b1bf5d7caff9a26,user
viewer,k6_ws_106,pts_f734279e5af39c7848251d351c954147bcae287bff40ddb1be46acea8d0f69f1,user
viewer,k6_ws_1060,pts_d38a04cd293a5796faae2f21fcabb5d2d6b94b2d13f6595c99776f5a88089b6d,user
viewer,k6_ws_1061,pts_72b57f5f7851fa803cfd513510144e8cc9526f9cc248b4c946a033cec6d32707,user
viewer,k6_ws_1062,pts_c2c96ba240c30a1584882bc61fc8ed4f9ee2458bd96b86ecd792bb01bd492da8,user
viewer,k6_ws_1063,pts_5d0f7efd3546eaf3be94bb6b78ca501d868f9a2f8e795751e420448a74ab0a25,user
viewer,k6_ws_1064,pts_32fb709d3278ec44d9d16eeafc956c4d41e93672ebae5e653ad6c3367ab278ee,user
viewer,k6_ws_1065,pts_415ad5ff9c9f5479c3a9568bba3ec7632b35b1d526c9fcdff538653ac199b31f,user
viewer,k6_ws_1066,pts_e86223546fb5d609f73862bd195009742b9492e984e22bed3c42581804ca929d,user
viewer,k6_ws_1067,pts_5c76fe1f481bfc5126fa49aedd4e3e57019db1053af9c33a81ef7685345f416b,user
viewer,k6_ws_1068,pts_01ce034abd4cdfd1400860f97b6aaa49009d945a24694ece1e8b86773a757f4d,user
viewer,k6_ws_1069,pts_9fef3d318c768bc4014aa3c4ffefa29b165e47042062813d1016a74ba8d1644a,user
viewer,k6_ws_107,pts_0863383e0c9c3d51e15bfe36f99e1a561bf0a5073b518ef143c8285acc6b6eda,user
viewer,k6_ws_1070,pts_9f48ef69e7d8312b780306cafe9d1a8dab9331a00e05539c9537f53032afe76e,user
viewer,k6_ws_1071,pts_15793520af1673e99879d30e639b4db3a80ad7932198ccf57d4c336ca34094ac,user
viewer,k6_ws_1072,pts_c4484f1e2e558890228a5e6958b62dfc03b74d803c4082d053da226be81680d0,user
viewer,k6_ws_1073,pts_088d92f2d86909fc127c318cb2e26c8f5abc596f1900aa6d9d81af10b787bf6f,user
viewer,k6_ws_1074,pts_3df7479013d71496f375fdbd06349c90ffed82895dfec077668a8fff79d45fba,user
viewer,k6_ws_1075,pts_b12782801d099c722b202bef46c2d3f253d2c5ba12a8af955330f8db3bf6cb27,user
viewer,k6_ws_1076,pts_bdfc46a3f022db88295934250e33711210dbcf5687950bbc9edf3dcfc717a225,user
viewer,k6_ws_1077,pts_f0e28db1d16c92972d0823fdf385c9bd757885b804503bc8a6da3d0454e2a40f,user
viewer,k6_ws_1078,pts_0833f05b0695069e62ed22291693fdb52343aa11294706fdedb2518102bbfe57,user
viewer,k6_ws_1079,pts_e5746e93d62cfbac12370a6374662ba5888d1074c62cd137be77883a9c6ec8a5,user
viewer,k6_ws_108,pts_9dc5787c62bb957576e549fcf051cf0dd0286518a3302cf8312520c883f670c2,user
viewer,k6_ws_1080,pts_fbc88871fd30271c81d4012bd29205a044e99893abe40ecaf92ec1f067f967fc,user
viewer,k6_ws_1081,pts_5234013c8d3fcdb68e8b1813a866ff21c6cef51d1e0fd3defa644578504ef8fa,user
viewer,k6_ws_1082,pts_1753fdc1b34f279aa2f9a71842bc0d8c6c07abaf589747a44445900fd87c925f,user
viewer,k6_ws_1083,pts_718c19db5414f7362dec7598fb71e33c14a8c966018c5e5286b25ba363b6ce11,user
viewer,k6_ws_1084,pts_db9fb3265f03b713377d5ee548ba4e9466aaad91545a047d427683e99559a951,user
viewer,k6_ws_1085,pts_7792fd053e3390ac993880f9a368c7432bf5b35ce5886d9736bbd5389ef5b425,user
viewer,k6_ws_1086,pts_a45b391c65013987d1733cc0c1955952ba9db0553125ef04366286fe000a120f,user
viewer,k6_ws_1087,pts_dde844314afe4de7f667f7f865b723c72a72ffc77485a4205c6b74daac5c9617,user
viewer,k6_ws_1088,pts_dfaa851f47fab9203da3f63b6869c6571dfea4757564acedecc907e8f36d053c,user
viewer,k6_ws_1089,pts_d09ee8713d5a3c5f5107d462491ed5d082ec152f480d3a66bbf62ecf23f8d659,user
viewer,k6_ws_109,pts_cc6b35c4567e0a6bf915f541c3e626a8f18323fb77132a275b2234332bc0c2fa,user
viewer,k6_ws_1090,pts_9c4f705ec0820cb84558efde63729467a19f1fc80458edac328320e894ebfa90,user
viewer,k6_ws_1091,pts_d9d831c081f11ff96d21a30bc8149ece7f7a1b3839fa629d7086d913e42121dc,user
viewer,k6_ws_1092,pts_c3b049979aac825ddbec104ad4652090779fc0615a321027faf4196c02bafe17,user
viewer,k6_ws_1093,pts_b5b2ae3542d0e0ca0aa226598384df3deda14516c8334e7d567688bfbec7ab48,user
viewer,k6_ws_1094,pts_691362606dffe6c7a63f534f00644b65565cdd4889731fc747909f0e39aa4a77,user
viewer,k6_ws_1095,pts_63a75c796425ef9d95b8319aa7ce1795276a3dd84dd9ab7a99f895afa0400e67,user
viewer,k6_ws_1096,pts_e931831d59e98c36574a21b95b44760f3af892e92df1556d80333a7b91de1de3,user
viewer,k6_ws_1097,pts_1ed72047ecef4391d3a72c574a2d3dd54771b624388c249b2a55dce90ba9dcb4,user
viewer,k6_ws_1098,pts_023929faa91c7a5007ed877e6d9668e0eaeb23d89c704f09aef83b35318da7e5,user
viewer,k6_ws_1099,pts_a214bfe6c7b6324bb7f8c3315423e09d26e66bedaa306717ead5048c91a9297f,user
viewer,k6_ws_11,pts_72f8dff5876dd468e6ca05d2ef96a2358a64e19b82dfa30464b5311acf7f29dc,user
viewer,k6_ws_110,pts_5685b6650403ed816156ff07fd939953883a1e24106bc95b689c3daed41e6bb6,user
viewer,k6_ws_1100,pts_48af60bcc223ff4ca7aab605551edd553fa8cb2305fbf31b85e19599cf98faf7,user
viewer,k6_ws_1101,pts_cfb5dd2602c677da2afd3ca0fc9b1f872ef8e6c15d66715acd2a2f30f5e57182,user
viewer,k6_ws_1102,pts_cc4e90a63283ab7ee554cc4a447019b8e7c029748c6fac46ecb85fb7473955b4,user
viewer,k6_ws_1103,pts_c37fb268829528228b169c8dadc186213e784db6621b326eb432ff3b9e2aa42c,user
viewer,k6_ws_1104,pts_08bbe9a0e6564ae1878206725792f49be105cdb2720b56e05d57bb544769c9b2,user
viewer,k6_ws_1105,pts_94d648d2c426399d7f7d4a191e1fcfdb7203f24960eb8783f969f596a8c7323e,user
viewer,k6_ws_1106,pts_50e68407daae4a3eced871c09c261b6816c408fe48188f2e5032e4851e79e517,user
viewer,k6_ws_1107,pts_efa94778ab16e5998721d3fedabdf07cc6906362ad0a6d76c6fc5d8a3e7b6444,user
viewer,k6_ws_1108,pts_49d8ccfee965d7863b5c15cf44442c01ded9b09b6eb578bdbfbeca716620de54,user
viewer,k6_ws_1109,pts_2416ebb60b67dd9d822b1b9aa0442468bd49949289aadf3bd11c2d5b447861df,user
viewer,k6_ws_111,pts_612f29f7dfa326e5fb4538a27550d61a5bfe8300ec6821f9ac93e6adc9aee635,user
viewer,k6_ws_1110,pts_98f0b63a9b204569221d02cff8e5b09c236f0929629f2073c0bac436e03f4b8c,user
viewer,k6_ws_1111,pts_0f5c53bf658c7770bfa423cfec9a2595cae023900f408b3d2dbbba92d8e98fc4,user
viewer,k6_ws_1112,pts_ea83bbcd5a2b5bb506eee0f6f5f349faa7d0a86771817edd3294aecd62fc60ec,user
viewer,k6_ws_1113,pts_5294ef9ef55df3ff4a4f24d3c2ee761d535816fff7776fc4942f1adacd53bd03,user
viewer,k6_ws_1114,pts_13fdb590f99adc1049bfb22afdfa1819675442d332c8a4a8dcffa1b10fc58495,user
viewer,k6_ws_1115,pts_b8be004c4359a663bd2ef288095296191a90408c4624d284038cf8d3903955e8,user
viewer,k6_ws_1116,pts_e40ff43aa21ad9b47bcb23042f0148893cabab702eb627b11309d2b7a2808ff6,user
viewer,k6_ws_1117,pts_0884aafe6126cf80d77f51c7cc323f3a321071d7e39001bfbc1afb14ac2b3ef9,user
viewer,k6_ws_1118,pts_0aed4fa1448afd7a28adab1d548c68dbab71c59db7a0af66c79f08e714c7f2d7,user
viewer,k6_ws_1119,pts_899d759ceabc04a9609681c42bc4994726731a3e85285601285478102054623f,user
viewer,k6_ws_112,pts_0748965c8c0005b308479fc0a17f39eabb46330a265aa73f7a3f125f883fb3f3,user
viewer,k6_ws_1120,pts_d0827fb7f2a719207dafd3c666af030559ff06a34221a3626aaadece60cc00e4,user
viewer,k6_ws_1121,pts_8d0543138b4d944e54052d7a434a1b17ce73e76519d8dbe011b04434efeda709,user
viewer,k6_ws_1122,pts_b50be30601b7302114854a06182c78e6217156986615db97e5de2e59b0b1bfcc,user
viewer,k6_ws_1123,pts_bb63a3954f14fef70808d7944381dc9e759c544968607f19eee599c788e7cb96,user
viewer,k6_ws_1124,pts_8e1018ce30d4c85e59419acb0cecfc34ceec6ce65796b8f47aad528217820ee8,user
viewer,k6_ws_1125,pts_55a02c1a86e44d8faf2543a0a910f84a9859be09b8a98896b9d9df74a68d0a9d,user
viewer,k6_ws_1126,pts_6ac867e9ecea2f9e8722df4e70366a448db5602912b94b2d436b9ce346916585,user
viewer,k6_ws_1127,pts_dcd47ffd0bb1733fe655f3ff1cd8748f4b1964ccc69894ae9866b728045ecd80,user
viewer,k6_ws_1128,pts_ca623602571f44062561cd5227a9fce6b1ab4509c1fe3e9c75110f4adeb6f3b3,user
viewer,k6_ws_1129,pts_a59ba16ad36a1e2581e7146dc3f365d085221eecc64e69b621186d7bc9c26d90,user
viewer,k6_ws_113,pts_0ef2f1c5804f8382425c818eceebed7c4d8fb9b14ba98c8567cf3c38e33fe493,user
viewer,k6_ws_1130,pts_734b399e4a889eeed1c6cd4cd46fc5876bd7303cca527e41b56c315847f9971c,user
viewer,k6_ws_1131,pts_6a4ed1d19266ffc81e8df704719463871cb1a50d9c25a0fcb90f41274072d01e,user
viewer,k6_ws_1132,pts_e2f1adc66c288e95394e993f5b0a93717d2b070879cdc1abd7fb3a354eed74ff,user
viewer,k6_ws_1133,pts_e7d99f4b44998563ae129125d71ad508af46d9e9c4fd0c8cf06a94d9a06c9659,user
viewer,k6_ws_1134,pts_c522d504f497249d7569eafa8206998abbc96187f4dfb46302e2f0597f953f8b,user
viewer,k6_ws_1135,pts_aab22cdde4cf6e7fc467adc9ca387dba1fd27189c811206ff4011a2967e431e0,user
viewer,k6_ws_1136,pts_9173dedaa560c8fd82104c4fa0555693248108518a138a44cd97506806969b65,user
viewer,k6_ws_1137,pts_1de6cdfdad11a5287adf4e1ed7bafa6c8c3f310fb71ddc657dfcb629e7f7e4c2,user
viewer,k6_ws_1138,pts_a6091058fd27e19867f1cdad4e3ff9f7eb9ab79d893bc0a6c6a32e57bbdc0620,user
viewer,k6_ws_1139,pts_218d8d28d18e583c789cc312063f7c7230835d18fba20cfed3f4d9cfae91a715,user
viewer,k6_ws_114,pts_459785b02cdfe31bc1bdc94a13c6d0ac983d497cf3b55c016f01217e496dfcf7,user
viewer,k6_ws_1140,pts_d0e46ee33ca8dea51b19522d878d8548f763b1d1629abfc4b6e0d858ee0978e3,user
viewer,k6_ws_1141,pts_c60a36bb4b8b36c1ad5737ad2a70000510869ffcece584e0fded289da5c5717f,user
viewer,k6_ws_1142,pts_6d7794317f787a3c8c45f5b1d02aa0ce7fbaa2509943afaacfd23bdf34391de1,user
viewer,k6_ws_1143,pts_dd5dfcdce632a4d7b841d9d42325af8719922f11663bd161f8937396b27d6759,user
viewer,k6_ws_1144,pts_0e4f17821adfa06898ac3801ca9eeffa7f55ea4b80ee5a3d931082c17c688b9d,user
viewer,k6_ws_1145,pts_9ef947a046a4664c68c946973dabd35e5fdad739c950e2b055773bb6a927f5db,user
viewer,k6_ws_1146,pts_9b76258580e6689ce53214e9f333964ee0e375f921ff854732f6daa888d96254,user
viewer,k6_ws_1147,pts_7fc2e02ebf3a81acaa07230776bed80137677f28980ba221d42edcc72cee6b82,user
viewer,k6_ws_1148,pts_1dc89b0dc5e18acc4008cde8e57fc6c36a69c2992e603000bc0a1a09fcf5d561,user
viewer,k6_ws_1149,pts_cb616b8bfdfc826d99f9bac6dba28914ae21a1894ca85667614936f982640846,user
viewer,k6_ws_115,pts_7cf59f16839493678d5cd83255a645a9b936b6f032b80e9ff0fd50d4c428f177,user
viewer,k6_ws_1150,pts_94a3b0bdd1d269eabef6c314c5143174c7aa5d8571e124f750ab96f6f921e10a,user
viewer,k6_ws_1151,pts_da72c56d676f94d202d1a10dc1e4114794b971da31b3cf6ae62860d0772f361e,user
viewer,k6_ws_1152,pts_4c73103e45d24d07a85dbd8aa275cba9703a1a953af3d14acdb7c3e6ba4011fc,user
viewer,k6_ws_1153,pts_1bb6a875386f98eb96b4fc5c7b89f3453a5e71d9d5cb5dea8947438ca2a0511b,user
viewer,k6_ws_1154,pts_9432c1f87075516342dda95a4ce749e92906a358804b9a514dc6ba8e475d49ca,user
viewer,k6_ws_1155,pts_d1ac8b164bfe52293f71dc9999df76d74ea6eec1a12b9f6dd85f77e471d577cc,user
viewer,k6_ws_1156,pts_808e1c66bbaefcb821316d3a2f00165b1e27eb0a8d0502ae903bcea8f2aa0306,user
viewer,k6_ws_1157,pts_7739c373ad6c70791ce14b26b18bc9f1b246cb64e7e90ea88bb742cef3d4142a,user
viewer,k6_ws_1158,pts_9a00e2e1eba253d841392820fac8dc01763bb00f19812ff114b1a8c8ce427f25,user
viewer,k6_ws_1159,pts_ea5d1955b47fa691cf25a7dec05559df5f03867c9625cb400e7288656905787b,user
viewer,k6_ws_116,pts_46a89544559120453ce0d8260c04d32cd0842b57247c07a0ccce69bc59e351e6,user
viewer,k6_ws_1160,pts_6d762fbdf6b3579a995dccd77aa25d96dd6b801ee2b96d6dc38e616c4a06a4d7,user
viewer,k6_ws_1161,pts_8741464c30b92c02d539033dcf10db30ce4ed361ad794d76f67f063afc2fb620,user
viewer,k6_ws_1162,pts_60d2d801af9f4215f7a252fa1e375505d164d4947bd14247cd9cb0ce65a12bef,user
viewer,k6_ws_1163,pts_069ad58690bfba6b1d193032ab849e38da3c38badb77e916257e92095a90fe5b,user
viewer,k6_ws_1164,pts_0776554fa04326fa31c74533d90e3465bf332575f04faca3d96c976d5a505ee8,user
viewer,k6_ws_1165,pts_98c8f055fe52e03f4f63e6d77388ca988e49234444ec538d03e95f49e0a0f4b6,user
viewer,k6_ws_1166,pts_c8fe31692a8c899480ccda7813bc0652b67560bd3979a6a184f38479cb22f009,user
viewer,k6_ws_1167,pts_2a87a1caf0eb53209b169a03221882134df8eb0644f0ad007b400ca8b3c45e25,user
viewer,k6_ws_1168,pts_a7ddc416ebd50fee1fd659551c2b2ef7a8f67f0ce6a412b1ffc539bb293eca71,user
viewer,k6_ws_1169,pts_1c14c272c1737d4322196fa24cf1ea6860a1caed7a2ed87fa0b93cf81d6c5404,user
viewer,k6_ws_117,pts_4c4eff3b7a3a970c59e1e83150d839e34bf2635813f4bb8e6066cd91d1c33e7f,user
viewer,k6_ws_1170,pts_faa538677866f00fc446297d5a195105be062e0127b9d6629b6daabf802f6ffe,user
viewer,k6_ws_1171,pts_ec33ae58910128afeca5a5c01c6063c728ff5a7f4b0fa542794f69edd95cec2b,user
viewer,k6_ws_1172,pts_741450389cd301bbaa7ef8af93d38da3a605cef5327505cbb2bbe5bec40f9541,user
viewer,k6_ws_1173,pts_55160d03a0d789e570569cd534d1600c44280188538f80de6e7b373598dc3ba6,user
viewer,k6_ws_1174,pts_ec2b5184695f90ba1c9cdc5f2f38d71912939e37949e7fa73b85f692b1d1ed38,user
viewer,k6_ws_1175,pts_df5ff5647a1f81d59e809fade70e57c9369d83792ed0e7f1b7612a8630263cd6,user
viewer,k6_ws_1176,pts_068908c96a989d9f1c904243d7f087ff7f94553c4dc96d9b4ace3e8779ebdfe8,user
viewer,k6_ws_1177,pts_11662500e261c832c6e7f169db1eb491824fb08d98a83b10e6adff7285b528d3,user
viewer,k6_ws_1178,pts_21d7992652f2bd86f8db485a8f06871798763db9ffd60d1c044d868b165d4768,user
viewer,k6_ws_1179,pts_c22c48174fcd9ae2bff8702e2e722910e23ef04a2400fa2a2e2b0b44f40ade53,user
viewer,k6_ws_118,pts_edd755ca57589deecf810aa12ef445655ec2a851779fa084a3a025627c61a011,user
viewer,k6_ws_1180,pts_cb23c9733b220ae1434508a451c6e6cb405ff56c5636f20bb1dd859896b783a0,user
viewer,k6_ws_1181,pts_72aad3262ec65ba16c0fe1ba6609fa60ffae8aef9bd84924c727c3164e185c92,user
viewer,k6_ws_1182,pts_6e5937a87a6f04dd23db0bab1d4a9868b703198ac441a80d1391e1fc6340473c,user
viewer,k6_ws_1183,pts_aa73a5161ed099749e3a5987689a80c70283575685968a48b4e1d06691a612e8,user
viewer,k6_ws_1184,pts_c4b576d6a89c94f5016b16fc16d97e80769f5c8826128071e2f238394c1a6209,user
viewer,k6_ws_1185,pts_4bfe3272f2d5e5896b688467f9a6d15c975084597d32851e7d940645ee22277f,user
viewer,k6_ws_1186,pts_4199e2198ec7c6adac5605b389a842daac0dd5ea9ecd7d7f48842285e290392b,user
viewer,k6_ws_1187,pts_d389da3d55768d633a1113280d4d26b7510c885fe4fe1c848234b7481229f7cc,user
viewer,k6_ws_1188,pts_1502d52b0254283121c09e03fe65eea55b2da1788437ae00e40f9293da7a8d91,user
viewer,k6_ws_1189,pts_8bc5f668c40038a85ae22616ed9a010b2a29e78598a07c62a2b699b3a956c3ee,user
viewer,k6_ws_119,pts_0d64ef416e47ccdfd4c2c1c7a7728274c0f1931ed2b8f2d41d1bddd1ca62dd78,user
viewer,k6_ws_1190,pts_8192650e6277023ac7eeafb861a3895fa9a7f7fd41684ed8cfa291aada4b6c81,user
viewer,k6_ws_1191,pts_d7c0dc4a9f922e6088ccdd1b5fed6682b09adc878150ad1683bf058e3471084b,user
viewer,k6_ws_1192,pts_f5b5437d0313b0ce2571f0433e5449ed63183b9f7e37500e234434ecbfe5bef5,user
viewer,k6_ws_1193,pts_210e52ed594dd7ac62e908d2a025379c8e435d2d391085f7039411246d9d4919,user
viewer,k6_ws_1194,pts_ab21d97e56cbbe75e7461f74bf1e6b4ca6555f276f90fc6c6ca69c6987896600,user
viewer,k6_ws_1195,pts_01a21278c80f96c8a219420d0a049ae428461e9bfe05bbe1e982651bf7a54f8f,user
viewer,k6_ws_1196,pts_d16e1866bd91cd8e15747a349996c0915d6bea9dd2c0e875b4cf9eecfee21a32,user
viewer,k6_ws_1197,pts_63358107e66e4a401f0a0e3887fcc479237ce2c55762658165b98dd0339378f0,user
viewer,k6_ws_1198,pts_e29c177aa746eb328b54df7d2e41ecea3ccd704574a8319537840717ebf9fdea,user
viewer,k6_ws_1199,pts_8385dd361f31c8c6108dbf335936be0ac820c02f723a3eb5ffe125102d706cf8,user
viewer,k6_ws_12,pts_4d0f227ec45b622f50b19525352b04ccbb6d8baaea6cf4d717a1dd4a9d8048bd,user
viewer,k6_ws_120,pts_015f1fad323a7b0bf3911b3b3836ddc1d6bab1bb47a2f6b93a5fb14983f87bff,user
viewer,k6_ws_1200,pts_fd73da92d68f4c1a083c52aaa35f53fa3447a1cd51033706e7a0470407472801,user
viewer,k6_ws_1201,pts_de25c43d127d6c1d677602b9cebeb0b6eeabd642e9969635dc1db8945c29f736,user
viewer,k6_ws_1202,pts_560990cd0a1c79474ae073d9f321f67ed1e0ce41c6c9905b992bd97aa05006d7,user
viewer,k6_ws_1203,pts_0df0c9e5a817811abcad38d66bbc5a6e36be7998495ca5b172d40cc1e10f99d2,user
viewer,k6_ws_1204,pts_4fd540468b8a6520d000d2935c84359e176cc6216bef45f826047899a9630aa8,user
viewer,k6_ws_1205,pts_cdcded0a8e7cbf44378751b4a8795161e0990ca653611165402f7a4d362ab2a0,user
viewer,k6_ws_1206,pts_8e23875ad872885ba98df66197a2d3079b2ec7145e27a62abe293fbcbbfc1f04,user
viewer,k6_ws_1207,pts_48a6683d42ac0b2f8b9cf42e657c6167321dd6885540bb79d11396a65083aa58,user
viewer,k6_ws_1208,pts_e40609a896f5117c39c60bce41237fec04ffb88ca748684867e2225fe47641f1,user
viewer,k6_ws_1209,pts_00bb6c08a4f7e9286a48a7e94c2973c1afb27e913fab3036e66938bd87ba5435,user
viewer,k6_ws_121,pts_99faba2e9b61717f8cc50e797d1846856fdf9417a9a13702e3fd8730bcb80b1e,user
viewer,k6_ws_1210,pts_07b5aeef65145c0673f63d955f309867c4a4b26c3cac0419e988538848d992fe,user
viewer,k6_ws_1211,pts_f3d953427a69858c085172a960c11dda2c716137f1577eb108cb17afe4333bdb,user
viewer,k6_ws_1212,pts_e9a73abf53108a62aa4ca2c877056bb3edcd44a50d9e536ea25b24c872979d01,user
viewer,k6_ws_1213,pts_899a095ba2e1b24bddb85966a2b0349af6c91928d016d0cb55319c8c7ee22b47,user
viewer,k6_ws_1214,pts_c863378267df0bbe4a4ab3640fe5cafa8f148da5aaecb44848cbf40dcd534b80,user
viewer,k6_ws_1215,pts_43c94ae288f10c87da4a23d4233a81c685b4563b04ba85726a6465ccedcd22f6,user
viewer,k6_ws_1216,pts_fd6623a7bf9fc5d10112fafff757cc8f8cabc44e41d2aaa539b411b30846bdd0,user
viewer,k6_ws_1217,pts_a0ed83923812dcca30fcb86dbceef8f20443c2997c76704da1b64bf0b4459365,user
viewer,k6_ws_1218,pts_975e85adfee5d7e9091cf3772f1ec21f1888c1796ecab0849528881abdc8a4a4,user
viewer,k6_ws_1219,pts_f52063b742ea3f50c81be347cc202856c83c4bca9f778cb4a6217dd1fb43492e,user
viewer,k6_ws_122,pts_b83cc0afae06e0cd3e48527e5662932fd0603e4fe13eecc8957888776eb8099c,user
viewer,k6_ws_1220,pts_cf6bcc69f9cc3a902cc1f678ce8bf6c8e76623391263449dd365a074ab4ad67d,user
viewer,k6_ws_1221,pts_9a5a529b6f5cc28da8ac149a1259aec17e4a40ba748003086fd42d520c45a0c7,user
viewer,k6_ws_1222,pts_e5a15cd50842be8818f54205ac701bfb48e89d07afea014964c918c595359ea7,user
viewer,k6_ws_1223,pts_a80621f2ef514d07f815952676941abe92cf92b991fdd45f6417c93f35bb8a50,user
viewer,k6_ws_1224,pts_da0d38b3bafdbea7fd509ad3282416a5c70ac87bc5221ff9bc4a796badfdcc48,user
viewer,k6_ws_1225,pts_df2bf9052e271eaf374a7e002bf00aa0899045dc341ff7121c8ff27953c1bcc3,user
viewer,k6_ws_1226,pts_eb352520188630ec2d6d20f2e33f6cfe5e59567cd58ecf3cc4ef8e4108d41d66,user
viewer,k6_ws_1227,pts_afb04a782e80a2b8089c657a1b05ffe3da18e51915d25ba4f1abc47bf4d05e7f,user
viewer,k6_ws_1228,pts_3dfae06423fcb07544f65f24e39c56e82371c3b15b5864658f7ce66e57c58c8f,user
viewer,k6_ws_1229,pts_a80cfd4b0a0697cc87eedcbd60b2308c78cf0fae93756e43fa01fae65f7cb3b8,user
viewer,k6_ws_123,pts_5f6a807e4ea2daabb9bc8bce697c5a842160bad2f41f91824d93e2589150c4b7,user
viewer,k6_ws_1230,pts_3ba923a22b33b7ef9c128001b781a329317d2fd51f5676a862156573f8a3e058,user
viewer,k6_ws_1231,pts_af0cbd2ed1323e1a4423733e0378c7c2829d694c8b0ae408ea9e7fb94307c39b,user
viewer,k6_ws_1232,pts_7fb7d82298e853e5c99d04e4b375b7e5a1b895b02b092c4fc1c8399718c83753,user
viewer,k6_ws_1233,pts_7d173222e3f0a3c68a79eef8d1d1cbf303662631e5d5f0a17899e76509560c4d,user
viewer,k6_ws_1234,pts_690d7a89e2d45184ad808b46379e8669fd435b0f04e0af8cbf71c368e03c20da,user
viewer,k6_ws_1235,pts_175240a8c3aee85811292ea523288a0621f7861dc498627d4962f30dcc5d4345,user
viewer,k6_ws_1236,pts_00a7f908af88577a9e3870b6a5331bf3e6d1db15a97ab90c70060a82106a6620,user
viewer,k6_ws_1237,pts_83e3fd7039368589c171828fad13c497f7a5e7cb987f6632726fed6b92df760b,user
viewer,k6_ws_1238,pts_dd6181919c15d8be579eec232df388ed744a9bd1773dcd64c1357c6013d761c2,user
viewer,k6_ws_1239,pts_f92f58733608ab28c89e449237ede4360f0acc41e7e6ea24399b0723e897d1f4,user
viewer,k6_ws_124,pts_b9e1b6497a502394e3e7c9e045e59ab403265090f8bdc02cf58bbe9bd170fc14,user
viewer,k6_ws_1240,pts_b2d08a3ac3e59c86de3e02aebfe0eefb46639a1c6f4be8afac0a47d74b4a26aa,user
viewer,k6_ws_1241,pts_48533e23644d93a8aad91c12946902dc53a8dc4aeaffe3487939daa91e9cfb13,user
viewer,k6_ws_1242,pts_be35c19be1c631efdc67e285c2b39a90c83ac5b0689fc7069b35516729a37d30,user
viewer,k6_ws_1243,pts_8162cbab6385f032c4ede08413adeeaa995e52a6d924691370c94fbddd8c3dca,user
viewer,k6_ws_1244,pts_fd28aecec90b8a341834811cb7adde8a5c2cb3342d35b1134626543e3eb9d90a,user
viewer,k6_ws_1245,pts_6633329a747da1cc30e0388856028288e9c37b5fd616930092638464f3c169ce,user
viewer,k6_ws_1246,pts_9a29d8d9b27ab415f821aa2db76eebd988df690411e3004babae1049dda228e0,user
viewer,k6_ws_1247,pts_442fe48ccb0e01467fc7569cda84f2ce52255ef336d2a0637ba5667b263feea1,user
viewer,k6_ws_1248,pts_c489ab13091f04f79769ea8acaa37133c4d483bd1ea95e0ffd1978799fa1796b,user
viewer,k6_ws_1249,pts_f35cfbe730cbc24ff7f38b29240f9665250487e5cbfeb3c85b45c433cc251903,user
viewer,k6_ws_125,pts_0408c9d67dd5ea6a09835f8f352564027f783220f6dc292cf44089d200bf2b3b,user
viewer,k6_ws_1250,pts_b8579c7c0a2beebfe32dc93fb0f535927e97716e44384a9e9161a2af7b9ccd11,user
viewer,k6_ws_1251,pts_1ee31a605bf79de61450b23e9bf70ce688c8a9be6eb7f2d397613f0fcecf380d,user
viewer,k6_ws_1252,pts_e0a4d6ea00868ac2218a76b18e1eade4c4601d6b5b27fa676390824385ac5562,user
viewer,k6_ws_1253,pts_c8e1508acddb3a1fd88321b0f9c6a45e536d69827788c82f13a889e4dd3d3c7f,user
viewer,k6_ws_1254,pts_b001f7588fb47955bdc7f4c320e7889df0267370df0d5297cc85f3ade504439f,user
viewer,k6_ws_1255,pts_30ccb02a8497cc7ecd8ffffa837375f97d2ba911f5c37c44047d9deb6d8310c1,user
viewer,k6_ws_1256,pts_638db827d73d54355e2721cbdc5e66b49f6d6c416a8e19647f04d183b61893c1,user
viewer,k6_ws_1257,pts_3b74225c6f4e9b841b7345d422b52691f639955d0208fa1a3ae87c5bbdc58593,user
viewer,k6_ws_1258,pts_d01b50daef319b564108a6a76912d56859b3f575349fb9d45998a6a72e8e22f1,user
viewer,k6_ws_1259,pts_025715150866d7174ececd2ad3d15fb8ef58aaea5b1c4ae66f32c41cd0ef6399,user
viewer,k6_ws_126,pts_ba3a6d270eaa5ef10bc0ec36881bb0a68d237cd978c6472e44018d64adae4895,user
viewer,k6_ws_1260,pts_29949ffe0dfcd0e265ff82fbf0f2f8ad51c1acad906e547906f3bf0e98a5ac68,user
viewer,k6_ws_1261,pts_b4d47fbf899aa85e27db5f50807fcb8bdde5f40364eff81036307ef6beac90b8,user
viewer,k6_ws_1262,pts_7c795f724b2e649db5cc6e998b340557ec1c0e92616a55988aff185174b9ef03,user
viewer,k6_ws_1263,pts_0fcc1a4835932b7a0b338a382d54ca4b8b63eaa755ae2b4f1adffe17b78b6887,user
viewer,k6_ws_1264,pts_a7c34f974fd4b02f9aea447092a1880b1e5e2811ae28af21e30f515c295a3b0e,user
viewer,k6_ws_1265,pts_4d978cdd2ebeacb939e7f8414a1f7e4297df67bab80c72baede634d0654d7b13,user
viewer,k6_ws_1266,pts_096395efe5980fb8d8fc8418df0d270a54ea84d06d791dc01c1416fe18c2038b,user
viewer,k6_ws_1267,pts_6c26a35d04359969600fe8930fb0e83796c85496af0f5d8d7c54fc3d2ee67341,user
viewer,k6_ws_1268,pts_a174c4f816d4192282ffbad7218e9f9aaeec550a60794a20bc0ce469d7c9973c,user
viewer,k6_ws_1269,pts_afc34f340ffd94fd8262715b44ba5c6c56d7c3d8403dcc63aeceff7cd69830af,user
viewer,k6_ws_127,pts_29a5c24476017a8496497a61ddf3372cb49e7b8e915c49bed72019fd832a9f96,user
viewer,k6_ws_1270,pts_63b491d65dd98dab8ff4ebfb77cc5e8a60630fde4c189fab17d19c9b8de56dd9,user
viewer,k6_ws_1271,pts_b91eb54d91a64caf63e1204d28b03257b0dac771ea74515f86199346ae57d3ac,user
viewer,k6_ws_1272,pts_ca518f7b168c80a02f33349306920a452377ffbd3fcf67e6b70352eac757115a,user
viewer,k6_ws_1273,pts_bd82fbd0d4782419e004c7edcd07fa999245b0bbb08d3bf90a9ab72c1d9f3984,user
viewer,k6_ws_1274,pts_da2b1289dded0c8ecbd0ba9095df7606e56c136d8d554fd3ee3232242af24d11,user
viewer,k6_ws_1275,pts_bd04531f57580c2130116d84ab44cfaf6bbad47954512e16adc71d3e960b2f3e,user
viewer,k6_ws_1276,pts_29f4862ef6cae6b78344a455d46ad740ca8029fa4b93a8120aee59363f1c3f56,user
viewer,k6_ws_1277,pts_3c745b8a7a2a4bb668c5a1c84ebcc6cd02110bed6ed233cb7f16f3aa4fd569b4,user
viewer,k6_ws_1278,pts_f9a97dcee2da9c94cc1e149b038f951eb27ab35982d02d6a32ca517561e7d1d7,user
viewer,k6_ws_1279,pts_2f2236f5b276133b727e253a1ec2125f2a4f7cfdf3ce8cd878e1bf70b7bbf94b,user
viewer,k6_ws_128,pts_e3c3796aed23faf0eb865b40972a0bbc6f3e30f0ec92e2feb19d1e60849b324a,user
viewer,k6_ws_1280,pts_8c55facb8bd6f05707364b60b19baf06c93fc889beecf6c7035bc221f21d8881,user
viewer,k6_ws_1281,pts_9bab00b8b9e4f97e80616057802fc1bebc8ecf34bf377efd379000e0ef17800f,user
viewer,k6_ws_1282,pts_d5470f183770608d4a4ab1fe4b25938ba5daea9aeb497d1690d69ddf5e8fa1a1,user
viewer,k6_ws_1283,pts_5d9cf7db9d27acb97a4f8c71169f5c6576287c9adb088165c292477b0c8e05d3,user
viewer,k6_ws_1284,pts_9d540202e05717292df77db3726b002d3b5bd0424933cc56c07d77a742b59fc3,user
viewer,k6_ws_1285,pts_d3213c7fb222f9cabb8238b130fa9023c379e840f6754230f3c1ada08e7f49b4,user
viewer,k6_ws_1286,pts_824e2dc6e84b02f4775c671fa53a4f123041bd6cc4847f9e8f25fb4b9bd046f8,user
viewer,k6_ws_1287,pts_3a0f04c7aae93b4bb65fe8007ede4af9c454addb923ecc6fbe2fb509be65778c,user
viewer,k6_ws_1288,pts_c95ef42310de0d1ae70973d387965406a448ecb6c9634f2e26452dc298bf9700,user
viewer,k6_ws_1289,pts_a685a395658c68901b6b7d4f843dbc51d52f5a900df82a06c8f442f4988a7a74,user
viewer,k6_ws_129,pts_d1bb54e5ee0f51a8b361945152d51810b67a9800ddc85ceddc57ff8b72acd5ed,user
viewer,k6_ws_1290,pts_2217c63126a8b02bcc791127ca6e7d1e39c6091c5405c1fc4426f42869374fe5,user
viewer,k6_ws_1291,pts_93ccf83b17176fb094cef320a37b878b72338573a27e267f1442454fea0c2a06,user
viewer,k6_ws_1292,pts_bbf3d9c6a74e3f0da91fed5460523349469d17a7bbebde3de4d6dcd38cdf38e9,user
viewer,k6_ws_1293,pts_a3d7a0838ef060abc5b72755bd36c12640fbdbd8e399208a6bd2513dbf99a3c2,user
viewer,k6_ws_1294,pts_23ca82915f1a3fdcf8fc333e85c29a99443ba6116b2ecea1d0122a7a07005bc4,user
viewer,k6_ws_1295,pts_b95611cc9d0b0c4ccd381522f1b7975af0c8a6aea761cdd08e93a000aa94267c,user
viewer,k6_ws_1296,pts_383e3e4bc7da86f7514722917ea0c29524bcdc8134b408c16ba45555558dc0b4,user
viewer,k6_ws_1297,pts_4d78ca331af741845888ac223a25319fbc1e2fb7eb5eac06ab37133666ed52c6,user
viewer,k6_ws_1298,pts_c5992bf596d50576220cc66f61562cc154edb034ad7556409befd79eb0258f4e,user
viewer,k6_ws_1299,pts_fc31e428eeda0d4e0d3309ab8341997beef45e3e8202095a436d28ed713f7c2d,user
viewer,k6_ws_13,pts_cdb52691de51243707972ca00f3b193c4490a3848909b60476f730c649ac7bea,user
viewer,k6_ws_130,pts_1c471902ce0740310cd18664e2d209e0fc435df9e043852cb0a392dbae59e924,user
viewer,k6_ws_1300,pts_ce736b3072d5792358e4aa4aa1869d5cea2ca4407758c2a60a493edf92066a7a,user
viewer,k6_ws_1301,pts_def64a84fd584e2e3696b9ebaf09e62316a32e1f066e15123f57168fd475a157,user
viewer,k6_ws_1302,pts_f51c2822c716f58c640d867c2b4889336a7d3afa8667becb9c59abc595d169dc,user
viewer,k6_ws_1303,pts_704f6f767b78e36a53544916903c56f14aeb174f69eb99e43fd96519a168254f,user
viewer,k6_ws_1304,pts_03fd6c875958a004f94b332c5cad3add4f9784295178702b9197ba2d32e6fbc7,user
viewer,k6_ws_1305,pts_abcb38d90d521ad7470ba4f94f70467625bddf37c7f29464f071ca03a78544e2,user
viewer,k6_ws_1306,pts_741fd15c04d0966327dcd6bee8f44f637c5487be69cba48b309243493efa300b,user
viewer,k6_ws_1307,pts_e2752fb2bd75868d52b845b3453ce77be1ea27cf4ceb9bde80be16a784271bb3,user
viewer,k6_ws_1308,pts_737429b4426b05f0848ae55aef8970a858158fd870d0e69d02b62efafbd42173,user
viewer,k6_ws_1309,pts_7c7289a958f1d622b162e91623fa248080051d0dfa66128ebaa2856913b3e314,user
viewer,k6_ws_131,pts_52b077e6bf764a0f477aeb87db008b41cb68354bfcff6c3bd94f55fb068a50da,user
viewer,k6_ws_1310,pts_a693719349b9dd5938b51c64d933689dd6568b6380a3758b0f4ddde2de969de0,user
viewer,k6_ws_1311,pts_c8e691170330dd392f85de8fd4c83ff2a0135acebfa1751a9bc74be89a0ef373,user
viewer,k6_ws_1312,pts_914e1f87ebf9601393d288c8e37aa0a2bb2a464ac07fec9e4d0ca595b321e147,user
viewer,k6_ws_1313,pts_7ac145f78825561444c724df1a4841132b4518ad43d3abe434755cb4a25657e8,user
viewer,k6_ws_1314,pts_d5066e08e7de84a44c71e6d8b6ede55c32fcfad94fc32447a9314cde99d8fa75,user
viewer,k6_ws_1315,pts_3e7b73b0905f43243faf76794677ec56ae06af83ed8c16ed040fa1e15768a344,user
viewer,k6_ws_1316,pts_271a83184040119ef57c18dac5ec9806053945b744e5224bc931396609606095,user
viewer,k6_ws_1317,pts_25d5dd1dce2f4316fe5a8d32a5d62c93bcf168796e81a64304eb8e89c61dfbf9,user
viewer,k6_ws_1318,pts_dda44f00a913a6f3d9f20d96fff97c5cdb6cbb05046d8a1259b68ff6d1e69436,user
viewer,k6_ws_1319,pts_ac77b7d265fd4a32115df899be4f8610bb366e18a5e5885be09438efa937a830,user
viewer,k6_ws_132,pts_872e80dc70872653b452c2acd0643a4cbeeec2a074c9548fba24fbde2821fff4,user
viewer,k6_ws_1320,pts_f29f03684f102a3ce9cfa4cbd88231ae10324d0ba2b19633b7002be6931121a3,user
viewer,k6_ws_1321,pts_a5d5dd4df19656a4533555c39526d48f57b20f35260094078741910d285f7110,user
viewer,k6_ws_1322,pts_95236b3d7ecf7bbfeddd7de5534c4b1c452a5b40ed74220c287df4e390a70203,user
viewer,k6_ws_1323,pts_a3b1f53eb99c0eceb4891b6f42a3f5c77974af70353364e0026f849d910a2d4b,user
viewer,k6_ws_1324,pts_70b0ce1f84f0c08fa563acda4beff9bfe4a786e854e5dde08dcc964d3f26066f,user
viewer,k6_ws_1325,pts_4b8cd66336b2f79b1c1679b61acd151b408749c2f77c2ab954aa3dd9dd97abaa,user
viewer,k6_ws_1326,pts_ef240285b67e8b05d9c02efb1a3dcce2d87f4d741b8a0309affd61c2fefe2d12,user
viewer,k6_ws_1327,pts_6f926a43caf390a765423478a81ce616e05a2e01677a7eab3afa4b2bece04df1,user
viewer,k6_ws_1328,pts_70f145cc5e94c4ba6581a11181cb3de947e93cd36c35ed89a318e64dd4722c2e,user
viewer,k6_ws_1329,pts_e1df4b05fa3cc558a59e8fd93acb6c3f5c8713aed6f9ed0e6101fb5e3adf767f,user
viewer,k6_ws_133,pts_9775823010f02ed943c59dbfb7838be12e16ea4475b50278382ef6e740fbeac7,user
viewer,k6_ws_1330,pts_4f6301ffc9d780c8e8b7324fb2a94222ad6853f8c164f3c1c6a7bd9b0dd9e745,user
viewer,k6_ws_1331,pts_1500f60ba155ce18bb7c2c78f116bb9044d640591daf0ab25f1bf25168dc4c5e,user
viewer,k6_ws_1332,pts_807585b9d46ad3de9d1f38813a2ab9bd7c2224b52531789fd15970c6cf880f44,user
viewer,k6_ws_1333,pts_fdc48d1b627fbcdcbeca325b9ee320807384f55f1a549e8339bceba1f71b3c77,user
viewer,k6_ws_1334,pts_2b9bee5853329fc3bf0cb6313a8ad2ad098c64603f052797e9d52672ddb06788,user
viewer,k6_ws_1335,pts_12763d3f7aaf03d1b23839f634cb3fa7a01e1b0056d01347359ac11afadbb7c1,user
viewer,k6_ws_1336,pts_cd42b201462b0516eff175c0102e8972c2bfeb077bdc178c610b49790deec083,user
viewer,k6_ws_1337,pts_055a3ad544817252d891b2d1780e4f58ed81f769c66a932791ceec7d3fce3ec7,user
viewer,k6_ws_1338,pts_9e5b127672482d2ff3ae1bdc059a087c8fb1aa87990aa02ae88cd84c1105a1ea,user
viewer,k6_ws_1339,pts_23f765ff48f3a97be974689a634d1482bd8673c5b296cb0fba99573be9f92861,user
viewer,k6_ws_134,pts_b4ad3b48aa5854a6b679440ce36d2ce071cd589976a9506a88f7e496799603c4,user
viewer,k6_ws_1340,pts_c932fd17eb394125e1d0be687e1f923c108a76f9e46c4001d2cf45dcd4e94027,user
viewer,k6_ws_1341,pts_8d4fa6645a860c438bac50aad2b775d918fbe5c1fb5b0b0e173116ffa332c5cb,user
viewer,k6_ws_1342,pts_06c2d5ca12f6c0ac0ba1042777719e9718fffa67383849c8110dde0903921253,user
viewer,k6_ws_1343,pts_935e8bbe5447c58e8d809062da9362656ace6c8441d15619aa9f2840de8f1702,user
viewer,k6_ws_1344,pts_8603a9138947aed3dd47b5e8c865b3c8f1c781a71a0f46cc0b6ed8253ad78164,user
viewer,k6_ws_1345,pts_64721b4c86c42189bdb64c5e20b4316b6b09b21b48917758dcc02bf6e8608914,user
viewer,k6_ws_1346,pts_03634338ae8195e5117fce7a4ebfab221d6b1082e9456f6ffac1273dae5f02b8,user
viewer,k6_ws_1347,pts_6d5ac3464a5eb0a312bae52a043ae86a2c7ce2288bbb5c86780bf7e03582caaa,user
viewer,k6_ws_1348,pts_a15c18b6495a301d51907b8ec026164e8fd121d87ec46931d616d80f26dd3f08,user
viewer,k6_ws_1349,pts_ee0321bcb59e4db9234584d9c0561ae78bef72b0b9f458242283e421201fd4d2,user
viewer,k6_ws_135,pts_65fa90a342ebb8eb5580818e1cea69bb64e959decdd7fea7a52c8eafa9a2b422,user
viewer,k6_ws_1350,pts_f78acc23b2fb75df73ddea16e764ede27453b9a9a8be89a6a7ad91f531901f8b,user
viewer,k6_ws_1351,pts_36d1de3cff0f8b11704f43c934a32f5db6c565e53ccab03ee727961be4a481d5,user
viewer,k6_ws_1352,pts_ac6a31808e1bcb08e87a6723158ae9aaa8a7d4cbadc1bb0819849dc40dac752b,user
viewer,k6_ws_1353,pts_0d4d6efd2c035123629618b7a2e8ce3e093f83e5201b77f3ac5e70815bf805cc,user
viewer,k6_ws_1354,pts_299625106e7bfd320f1907b2b549368635f26d202b218fd6313cb7e86972a00a,user
viewer,k6_ws_1355,pts_bd3b60008f69ddb4a215ac9923622d12436a074bee48cd618cc074e794276aab,user
viewer,k6_ws_1356,pts_6e633054466396ef61364d38c31570d6849a21d7acc6779343d774c97b30e88e,user
viewer,k6_ws_1357,pts_51e9c9e159a52c428468939bbd13c72323137a8b68a5b1eb7ab26aa075d23009,user
viewer,k6_ws_1358,pts_73924e1ac8a7cd575e285a7ececf67d03a774abcd2c2aa7ca7899058285ea798,user
viewer,k6_ws_1359,pts_126f487ef498836888b4044400d36e4dd8c4f2f569e5f4eac58cb138951650c9,user
viewer,k6_ws_136,pts_59daf8f2822c4a5964fd1d9f188f0226da80e079e0e55b9015599e406a3c7412,user
viewer,k6_ws_1360,pts_791cbf5bd6366388b58dc48e0b4866a309c057ca988e3a888f96d5f9dc81f00c,user
viewer,k6_ws_1361,pts_6f4557fcac6af49ad86759c776f180224adc7c762674e7e0b4725e7e59d7eeea,user
viewer,k6_ws_1362,pts_5e93961439f10bc42f1b30d997303f40aea886f9d841e0ac342c74541979c927,user
viewer,k6_ws_1363,pts_dca6566d1b1ec9f26d104aca6a1765051cba6d009ee916ea5bc4fe384770199e,user
viewer,k6_ws_1364,pts_31e91df1be1cf755d4f47e73128e1786cad07bdb705e83761f43d95561598939,user
viewer,k6_ws_1365,pts_a85b92c3178f4292a0735ed443322d25eff4c391053cc697550cc2e9a103ce2b,user
viewer,k6_ws_1366,pts_d379bff8d200fbe507243db2f21a26a4289125687f73a545fc865467b6ef6be1,user
viewer,k6_ws_1367,pts_e38c10dace09ba548ed58e248a3c90a8777b57630727c93dadf06cacec2e98f0,user
viewer,k6_ws_1368,pts_7d660442ecfc9ea2c04be6af6e10c1a18757747d6bbfe115e792085507fbde8f,user
viewer,k6_ws_1369,pts_0b3cb53234c84a8fffe2cb3ade64335ca9703f7420bf7ce96c33041c72c82eb3,user
viewer,k6_ws_137,pts_3beafd38b7b17784670ccb5e664a68be4f00dfcb7ad55b173754716ccf79481c,user
viewer,k6_ws_1370,pts_33544e18890d2549337609f12130b217f5b8628663f769445bd8cc8b7cbfad68,user
viewer,k6_ws_1371,pts_31a383cb05487b172ec82ff992fdfbe2e7d017ce61698a46136ffbaf0119fc34,user
viewer,k6_ws_1372,pts_5cdc5ce6506d94048aaedfa48d07a5e7162f045056a543ecdb87ac6c220b8a69,user
viewer,k6_ws_1373,pts_13c43016b1e1ec88882e98407b90fb267a1141e6d01654964562014ed29506f0,user
viewer,k6_ws_1374,pts_34242d00217713ce81bde6674bba7653ffddfbb12fdeef497c5ff28e14570354,user
viewer,k6_ws_1375,pts_6d0d2c60399b5cdccb37654ee840041c2074f86e86d183b57c354123cd070783,user
viewer,k6_ws_1376,pts_31beac783bb42ac224bbc1aa30fcaaba405bf23a6ffb51c8ca165b58d4bee08b,user
viewer,k6_ws_1377,pts_183c05a0cee7637b308ad3985bde3f9b9739a8311375d91d3d79b6ac140bc551,user
viewer,k6_ws_1378,pts_e1094565f7965d71c3c9046f23ec1e35ad7231a712152892ad33e5bdad33bc93,user
viewer,k6_ws_1379,pts_b0731fad7080f8fcce947de0bdf5825206bca004ee5b89149da6b69ac05c5fc1,user
viewer,k6_ws_138,pts_5efdc2a2983da9783f98a2510a9268c00edec170bb2d12a5fdf85e388a915c75,user
viewer,k6_ws_1380,pts_db4cf6fed251d7f4c499118f4d2d502ed986b0ad35533a51445062d3314af8e0,user
viewer,k6_ws_1381,pts_ad1d7a2c6b5a9d65ad6d7a7c05ad08871081d7e2c946845fd9b0bf627c13e249,user
viewer,k6_ws_1382,pts_0be7e943870a36383aba15f6229bc21344c3c3cbdbeee12600182a9f1c7fc03f,user
viewer,k6_ws_1383,pts_f665a9b3c91afb6a4b0fa8540d7aabdcbf4ca4189c4b7090660926f9356a7ed6,user
viewer,k6_ws_1384,pts_a7b850a6c796a1f48dd4200f3cfb7c16b5a36fab2dad5d313ab291aebd94c900,user
viewer,k6_ws_1385,pts_c0cb84b02ce5d8a6e9a4ff84e54400328387f96ef798627078da2790209a0690,user
viewer,k6_ws_1386,pts_527a452e35114e0a1098abebeba127ca0a7c6dc65b6d4ec211a241998bd79330,user
viewer,k6_ws_1387,pts_6a91c928b429034dbefafcaa582c86d7a9108daf63fe893c589424aa561f481b,user
viewer,k6_ws_1388,pts_2785f17249581293b96186bdb1f74e79eac0c0e9be783b661b94c63c59ef9416,user
viewer,k6_ws_1389,pts_f2d60b375588d8ae4450bc0c9bac3f18a3ede388159d39eb1738f7622d63ec59,user
viewer,k6_ws_139,pts_6a62eabeef71ac32e86ca46b61d4692d5d335bc1a819f0ea86d9009afde3e8c2,user
viewer,k6_ws_1390,pts_a783b7497e4f2ebbbb50abccb55b46612ba0595276f2f2b3dd02682e384236f8,user
viewer,k6_ws_1391,pts_7a46c7e4abeb2a7ed682293ea83ba6b08e14aefafba13df859af9b6d2f3567d6,user
viewer,k6_ws_1392,pts_0523bc7a9ee43be70900e54512595c9633cd6db5003828a0770827d6b46f31ab,user
viewer,k6_ws_1393,pts_09768dfde269474565b73060b7ddd9f05344885b52da0b73cda3529f294a46a1,user
viewer,k6_ws_1394,pts_44aa315e402deba27c7d61fd36b026febc0394fa545c0e9a652bdcc4141ee46f,user
viewer,k6_ws_1395,pts_8be2678da2c88ada7da9a439d6b7061a1c94841e6b58833bd801c119a2b11549,user
viewer,k6_ws_1396,pts_880e8cbb69cf22817d046ca57bdb3d4cb7cafdca6bb24e9a185c67a6e62b0e19,user
viewer,k6_ws_1397,pts_f044fba630fc2bc58e78b9d302b82dd2e975aa44c3e72f0d8dc64442fd42e8a2,user
viewer,k6_ws_1398,pts_5ab6da8220731b8f82b028dafa5be6c742feaa8eb1856bfd54ab0479233028dd,user
viewer,k6_ws_1399,pts_76cfeefe241879ecf1114f10d9da0fd5a272f76144a10e724c13cbb0825e6249,user
viewer,k6_ws_14,pts_42055ddd0dd6f5be39d721dcbf74d05071cefe41b3594a78acf73de3c930301a,user
viewer,k6_ws_140,pts_0558d45c0f37746d129b62b1110147499fa46322713bad1fec9cfdf5465b8290,user
viewer,k6_ws_1400,pts_d2ba86e5be0deae5547fcf81f0b8555aee8df85d4109469a96afcb62d69d5f05,user
viewer,k6_ws_1401,pts_bba8f03d01b158ecf27d8c8a0547323c2652ab0c29a4a04ddbbc3d8a39a1a0af,user
viewer,k6_ws_1402,pts_80f167d4ed8e47362e45b4c833b0b17e699adc3cf70d370ebf8ebcb724c9bd7a,user
viewer,k6_ws_1403,pts_c1aa26894f881d9cbb0cdf20786877b1a07d1c4f8c02d7aa88bfb01aba64a862,user
viewer,k6_ws_1404,pts_fa589d923b5a8f170c0a8d4e654b1cb181a64fc49babc27bb3ce4d201475737b,user
viewer,k6_ws_1405,pts_35b4c49f2db68f0e90976ad53c289a9d0487a61104714c5d3613e6f71da03ced,user
viewer,k6_ws_1406,pts_170388bc2c5b0d6ae60e236fd6ac7d00f8a9d7d2647d6f9d8873de30ced98b3e,user
viewer,k6_ws_1407,pts_7c5848743ef6dc7ea5e3b5e6be07864cb9d9948a10800b983a1c1dda15f2e29d,user
viewer,k6_ws_1408,pts_1ef35b73fe8591ef002564b92e49ef30db0a5719bd7b4d74e5988c662b11301c,user
viewer,k6_ws_1409,pts_afe76fd13d4ed35bea2e54a98ea24616daab654f234f0dddaf79267d4329c8d5,user
viewer,k6_ws_141,pts_4ea5bd5b58ddff303cdf911e174c7747806ae14f4f0ed5acd2e5e2fa57de859d,user
viewer,k6_ws_1410,pts_8e1e82843de3cf87f77c19054730c85a45ac9c5da04abaf108e897f9cd7b3647,user
viewer,k6_ws_1411,pts_bcc0e5bdec3dd756f5b0ad2f6743ec5b0450d830f23dd0fcd2d074c3580945cc,user
viewer,k6_ws_1412,pts_323dcfdf9be01131c24c55a14be21328ccd006f24d8e5539a21d473682e18510,user
viewer,k6_ws_1413,pts_dff8adc2b160bbb00cb5bb2bb9bfe544c274d20e9db63eaafba75e30875d9196,user
viewer,k6_ws_1414,pts_fa632985816266267cfc621f2fc6dfb37d13f6f2ad6062dfc0a292b6adaf4639,user
viewer,k6_ws_1415,pts_edad5f83fe874f1c60d8fbb08f2b186cb4a88dd4c562f1399d8a41962be5e424,user
viewer,k6_ws_1416,pts_c8d8a58c0dfb1acdb392802c22a219c495d13f36010fb7f0a78f04a4069faed9,user
viewer,k6_ws_1417,pts_402c3976007ca4323995d07f3aeba48eb48eeb259cf07a319e9346eab2515afd,user
viewer,k6_ws_1418,pts_ff2c2e72de88885068cc1015e47a7fbaef602ae7f9bf52e135cb994095c91ea0,user
viewer,k6_ws_1419,pts_b0dd4d4e7dae3019c824219950a887cafdbd5fee00648205adc6857cf7d25f9d,user
viewer,k6_ws_142,pts_84b07a72a440c0a84ce04c7453df1efd6c205b683039ba3d19ece4e98c85705a,user
viewer,k6_ws_1420,pts_ff2990626d147ba128e6060cb90bbeaeacd4b0d70d1eda107424de4366c572ec,user
viewer,k6_ws_1421,pts_2e9504fd74fac37d29dde0192389e7f563840ac16f46fd186812796393caaac1,user
viewer,k6_ws_1422,pts_9760c2f7d27a862f538e409549d09430d083bbb3847f6d49d7c0b7289ff87dc0,user
viewer,k6_ws_1423,pts_b33781b21376028860fedcfa739985a5c44941e2ce5f97389f0384160ee52cc5,user
viewer,k6_ws_1424,pts_0fdffed0687b51656f9d616e03c96605b034e5d9bfdd193b17ab9c81b3398c77,user
viewer,k6_ws_1425,pts_af8b81e684d144196fb8beae8ae7f33d72ee5dd1cbf8b12a1257c0043793acae,user
viewer,k6_ws_1426,pts_5c33a2c61d103d1ae17dd369da701509371e3f8aae68414952159a4a3b000ff6,user
viewer,k6_ws_1427,pts_4f2c45bae55713c475c4408466aebd54a626c587e2339073c1c0e6055afd9f4c,user
viewer,k6_ws_1428,pts_285894a37439237a548a690ee4d9335f13aad8db4500cf659123fa88c807103c,user
viewer,k6_ws_1429,pts_fe83ddafa5747577edbfaa5eb19e149236b920d3eed5059ef5d035098bf88818,user
viewer,k6_ws_143,pts_72dac27ab6cdbc903fc26b7c5a4854b07615b9cb02ee88614358f4ea6d81e3f7,user
viewer,k6_ws_1430,pts_684b51cbc6ccc1350718efd27fdabe04c51d670fb37dadd1d3825e1458f0050f,user
viewer,k6_ws_1431,pts_c89018ccd1735918fd62ee9508b6e1e935e3e8c25d2069621a19a16bb27162f7,user
viewer,k6_ws_1432,pts_a6517b5c1c8f4e41d4f3e552a8d538a661eaa2dd86dc172a0dca6cd2b28f2467,user
viewer,k6_ws_1433,pts_595b542114d3bd6b078d0aa8e3390e138309446e8c0565f4b61030dfc2dcf653,user
viewer,k6_ws_1434,pts_0ad3a49561dbcad57a6ee98e42f6e089e0315de229e55516f79e1a79b25295bf,user
viewer,k6_ws_1435,pts_c2d68309e335462ec7a200d0e9ca33ee345df2019ec7b5c4a820a77e14f157f9,user
viewer,k6_ws_1436,pts_df440370936afcea2a23291f3b4a406c95890541df3fb7246a752708692522cf,user
viewer,k6_ws_1437,pts_009bacfc6febaba1c9bf236eeded44718795e7a6cf757a90bb6ff26eb0d68ed2,user
viewer,k6_ws_1438,pts_553a7c84d6041eff6e6acc4477da46cf10d5b536afc80d81d21284cbc626d1d0,user
viewer,k6_ws_1439,pts_3af98be2fb3cb3fb70a3c00d02d2e45abe2c4d22600bc36aef04336a823975c8,user
viewer,k6_ws_144,pts_0a66ca5b4bad00c530f2dfbcac174f023bb72a6350798ec90a65ded32526ff83,user
viewer,k6_ws_1440,pts_73a717d20e99b362dd79527a9b66032b79e951728ee5803b7f9640fc41e3688e,user
viewer,k6_ws_1441,pts_e9c3feaa8f72d3c9c7032d185a9923f5ac06b0335d06fd77f9d844b373395b1c,user
viewer,k6_ws_1442,pts_2317e0026e517dd440c49e8d6f90f67f6296c2e3bfea37c99a7bd41195e85950,user
viewer,k6_ws_1443,pts_23ec068db0ca03a0a3a01eeaac7dec447318d5dec575735547d8134a5bdbc7bd,user
viewer,k6_ws_1444,pts_2922100c62d96cf93c7097dabdc77f7e845fc16a75461b1639af85ac89935326,user
viewer,k6_ws_1445,pts_f6ae494aa36a9a5cf9aa80725170f2fce7dc82feee281543b17879848be30434,user
viewer,k6_ws_1446,pts_2c52770b3e54f093369e1bcc920fc8ca069913b9d5728b07784bae7e512ac431,user
viewer,k6_ws_1447,pts_b4683234e2b6c3ff39a1ff391f22e08f69bd59ac4553fbc2ea19a44cdee8034d,user
viewer,k6_ws_1448,pts_48cd430928225fa116ced4c6e267bf2e26a5b89df2531cf84a317c398e071a84,user
viewer,k6_ws_1449,pts_929eb83626175bab34a2a5af30a1b9544e9c3806c2c51ccb577cc24c8b06826c,user
viewer,k6_ws_145,pts_9800a31ceaab1aba8b3d0c0fa677ebee90448afc0337ef67043cd700881961f5,user
viewer,k6_ws_1450,pts_8646013b211913913faf158c42c890eea7098ad41f1827362463f225e8525cd8,user
viewer,k6_ws_1451,pts_48acdf9d46710cd360e2d462a1fa79d021129f09863b2d92a25da40c979621d0,user
viewer,k6_ws_1452,pts_3aa48b147cd57883a870bea735c399c5e31bc92458370cc3ac07a53b0e352bff,user
viewer,k6_ws_1453,pts_efda76472762b11e77faa468a72d93b6ec20d7b3ca6741c30e7274d5f3fe4820,user
viewer,k6_ws_1454,pts_020b08590e3e0aa0456878b3172864d384d2f3cf5854c1ec8cde7e28307da7e7,user
viewer,k6_ws_1455,pts_0eaf245bb853645cd0767d3cc8309f36ca8aa6ddc4cd768030cf0d97f4586038,user
viewer,k6_ws_1456,pts_cefa47aa2ca1a0f6ebbcc2bf4f88577d6eeaa2702398175c373a5ebdee97f049,user
viewer,k6_ws_1457,pts_4a4527bb3e95942d48e0896bb1985c11e86285bbf25119fd54ceb5e97c6a315a,user
viewer,k6_ws_1458,pts_a3bba14df76e1056009e13f95f177c8ba331d5fa8440dec6f5f95c28e793c463,user
viewer,k6_ws_1459,pts_903a9a5bcce5035c0ac88e3f19ae7edd97d10d8a7d76776d7ab76bbc3144ff32,user
viewer,k6_ws_146,pts_cee79ee2e6aa852017bf14e9d42533a368a42eb190d921b0a469d2d3a7f60dbe,user
viewer,k6_ws_1460,pts_460ff2cac126727fe2cde3cbfbf9a13f623e8f48ccc28ab85de1e529f7f1a05c,user
viewer,k6_ws_1461,pts_f3d4fbb087f9dfc5f35d40b71742b421e303c49e4e62a0943c28c82ce78b2393,user
viewer,k6_ws_1462,pts_81d5787b060cb345348f5320851e2cb0369be1a7eeb120069f16838afb51debc,user
viewer,k6_ws_1463,pts_1cf8799f5b41baa16d1938f8b50ce495c3d55df666da51634a714ab73c25d644,user
viewer,k6_ws_1464,pts_b6d629729a477fba5489699c5250f01dad71f51c1b8ac54edfface731dca23f2,user
viewer,k6_ws_1465,pts_ef0d9da883954f5ceb3b50ccfa5721e8675b3356ccd2c15396f283e17dc30d75,user
viewer,k6_ws_1466,pts_ad404c3f53958afc82fe4f819eb4a836b9a026593e0d75027f4c1da23de590c9,user
viewer,k6_ws_1467,pts_eb77edaf146a549a8b8248950a814c40562afddfb8e094480e36df0ea2bb5cee,user
viewer,k6_ws_1468,pts_0f8efcc5742c3315c97712b47a30171c9827c580715fa18e76d12d3090e5dcea,user
viewer,k6_ws_1469,pts_2f26df74b5f0e2db44895c5e68fff00799106be5ae8077b29258294664879699,user
viewer,k6_ws_147,pts_22f9bdb0f2efe980ed245012802eff7970adf79d21f784ba5d313900ad8a7020,user
viewer,k6_ws_1470,pts_174da16132d7877563a533b321212dd8eb0e3cc9cd125b8b3e92761909bb0ee0,user
viewer,k6_ws_1471,pts_f5525f8b63561cb7efda365eee0b70fb301adf582a0ca654dba2ffa13df0c2a1,user
viewer,k6_ws_1472,pts_9ea91eed081fc3e15db67659fdec9377feb9da62a916cbe515409e3a68c30820,user
viewer,k6_ws_1473,pts_a1d7d0ff8b5d58a4380a2baad4ccd5391bdf1ef31e55d4127b8f695835087b8d,user
viewer,k6_ws_1474,pts_339f82490579b1a85deea8f70c30fca04eecd78c1bcb4d4b06064eb1731b82da,user
viewer,k6_ws_1475,pts_25f82131033223937c600a05a11eb304270749fc9589bda44f5847d1fbfb6194,user
viewer,k6_ws_1476,pts_8579b1d45dd23dfcc2693b7402ce944971f64c27b818b7902b801cf76b43c521,user
viewer,k6_ws_1477,pts_5ee24e322dd791787596b2be797699a2ba9c5cb2a2a661a5cffec8b6c0ddf32f,user
viewer,k6_ws_1478,pts_ee8f8ed4fb6e944777f8055807f4475c9125d53895e5cad26dfa25d3de47926d,user
viewer,k6_ws_1479,pts_da605a4a045d2b4c78ba9eda7d493d9d3ffb803c8e6c858a43509baea90f4757,user
viewer,k6_ws_148,pts_77d44c663fe34c0c2fac0a00f4332e27c8c10d741b8a0ea30df290920ead64d5,user
viewer,k6_ws_1480,pts_a662a9f6abe35c911e6e3d1931ca3e5a8a8a63c6e7ac24376de9d62ec7004d23,user
viewer,k6_ws_1481,pts_396bb207f4d9740f5cd038a394fde9cbb6c1f69966c1f98d441957627c11256b,user
viewer,k6_ws_1482,pts_2ef1286effd96b7943765c4e435823a12c297f28a8c289426f3ac9db6d2c3e36,user
viewer,k6_ws_1483,pts_6cca2e6fa8c0b5272cf4b7f142271ec9d3176dd395f171e0ae7ee1781e67f758,user
viewer,k6_ws_1484,pts_ed4d711f5e57e53b34d286e1785cdc1e07b49f8de615d2b21da3c15e059764a1,user
viewer,k6_ws_1485,pts_c75e6515296711b762d9bbd1506ed79211d779af64c76d1b154ed65b233c1aa3,user
viewer,k6_ws_1486,pts_757dd6cda52e2afdd7b17e5f6d4675f8a5b06e4897933255d38fb346cde3695a,user
viewer,k6_ws_1487,pts_31182aadbbcddde76a575ec71b038aa45458781932a53088d5c40d95e7293382,user
viewer,k6_ws_1488,pts_39ba24f9123abd3edba07e1cca3855297384362f858f63eed26d6b50567d338c,user
viewer,k6_ws_1489,pts_6b23fa4788ac51c63bf3e8342d54511483246159a6bb8a4dbb00fe63a3ca0fcd,user
viewer,k6_ws_149,pts_42f353d11a3cb32c91faba32b1ecec155597196931008d47f41d64c149188695,user
viewer,k6_ws_1490,pts_2260bf2b8ef12fa5510016af2355fd852a9e0678e433411ea43e4135776c8979,user
viewer,k6_ws_1491,pts_0c5383364ebd649c8b7db06773df242545452cd3fd748b8ace6eb07eb4ff2f11,user
viewer,k6_ws_1492,pts_da7c4b538f4693536cfbd3221e89184ba105121b3c5105f27c2d53fcba20f74d,user
viewer,k6_ws_1493,pts_fdeffb7468a59da30a844dd965465ad1a2fded455ca661c4a51e10c5c7a7d110,user
viewer,k6_ws_1494,pts_8eea29984c978f54364d3e42544fee5d5b17747a0087c749ab8dbb91dc1cef75,user
viewer,k6_ws_1495,pts_caba6736ac6fc5ce6720dcadce636513939839e8899c349b8d64fe7a08af09cd,user
viewer,k6_ws_1496,pts_017c08b410fa9ff5c91fc15691bdd0304f70e3ca299fec53044f5ebb5a2368e4,user
viewer,k6_ws_1497,pts_21a6fefe53221b599003b39c65392229a44a7eac2867092482d6e874689f217f,user
viewer,k6_ws_1498,pts_74a97f7b8cf83c2f0751984ea291c320bbf06590d1ec63b41184cfd53fa3722a,user
viewer,k6_ws_1499,pts_65c5789916ab331e040a28c715039ed7cb19620477dabd76488a7586db360e17,user
viewer,k6_ws_15,pts_afa7af94577f4a33b1541714f1a114d363ee709087ae1bb73ebf6aeb99e2c1c2,user
viewer,k6_ws_150,pts_aba70c3b4b3c7f8c5bd00e543d6e37a6c8c5287ab6063716c3d3878e5c630121,user
viewer,k6_ws_1500,pts_1a49f6529a38e0ff5d1dcd9a7da864319ef9c6a9f1bebfc38ad44a776b6798dc,user
viewer,k6_ws_1501,pts_cf8cf624661754074949d07dd14e499e61d27f7c9659cebe1494b5018ed4c64e,user
viewer,k6_ws_1502,pts_bbe5605f5753b198d6fdbaac371dcf34497a79bc99e0ec8f71284ef2935efdee,user
viewer,k6_ws_1503,pts_3ffd88f66d2ef5aca70ed656c52a6714894e9de5433a4e2e4436008590271117,user
viewer,k6_ws_1504,pts_bc2c3a8107638905677c67330b3e2e2d697d6dfa87bfacab02f3202fde110265,user
viewer,k6_ws_1505,pts_d02f43adebd9a4e98b0b4310563d56bc6fea7d03be9641e4fc3723a219630341,user
viewer,k6_ws_1506,pts_3fab51ef3cf4c028ba57498b8dce89ae1ac3fee3d63bc58db42a6016468d3d5f,user
viewer,k6_ws_1507,pts_4cf78a9bfd8566962f64827ff4f0bb61d87fa533feb55baafcf927a337dce90a,user
viewer,k6_ws_1508,pts_665a7e288df0c6794d99b97bea983f8bf5acb2cf06926341acc085f8801a3cb1,user
viewer,k6_ws_1509,pts_64722a049ec0b5bd171e6e1483c36450a894f508db48825d6aaaff55b2d9c9d4,user
viewer,k6_ws_151,pts_551e147d9033b03ff839adf9b56f987c50982db1204c59c508dcaec26dc195c0,user
viewer,k6_ws_1510,pts_0ec58b2aa129af214116904f7548b37f7b3f17ea1d85d87d45e665884fe6a129,user
viewer,k6_ws_1511,pts_e184b8c5559083fad01dd8b679dfe3539b567cde385cf3917c3ada4c312044b7,user
viewer,k6_ws_1512,pts_a9ff7bdd4ec2daad4f753749374aca64d015431ebdaf18d1d28b67ae4a5eb8c3,user
viewer,k6_ws_1513,pts_f7a5ec4a0cd14d6dc1b2da1056784da7ae365401c162f589d3dfbc3387ea9d9a,user
viewer,k6_ws_1514,pts_486dd3d08a75220512877e06b53a54fecd9191e4151ed6a6efbdb073b65f8f18,user
viewer,k6_ws_1515,pts_e9d76ed53b886394edea54f7df398813a2307b458e4f6551649f53e1df9fc25f,user
viewer,k6_ws_1516,pts_f27585e24e9dabc3807102ce0dc43dd289c5a35bbc8790cd1deb2d0cecac350f,user
viewer,k6_ws_1517,pts_c94876e0db7fce1cafd8c580fb97c39e52fda0a1e268b3b793ddc346d98587d2,user
viewer,k6_ws_1518,pts_1679653f9df39ad9c4908b86f009d4f1f68f897d90bda4a09757c414f582ae64,user
viewer,k6_ws_1519,pts_d3b28b8e9ef6bc9a89a59f2e5025eeafcd78ebb19da572a0d5f7af06520cda20,user
viewer,k6_ws_152,pts_b116335cb9da649a5be91b3d9dc96a4fd08dcf143c18c86840d9e73d4a8d0682,user
viewer,k6_ws_1520,pts_30c2b4f5df1904122e00abbc928428d4f3fb1921b665a79954f4a2a7a3bdb25b,user
viewer,k6_ws_1521,pts_249e3f5525e0d228bff362902de090cbf681ec23f74a1c1c905fb0ebed00bbe9,user
viewer,k6_ws_1522,pts_092d8a10e7c51be1939b3cd9fb45ac7c67bcf80fa6fa6c1e6e6558b65e4593dc,user
viewer,k6_ws_1523,pts_230558c858e4194ea5c511aa87969e085f680d886403f05c53b14787b8d7c139,user
viewer,k6_ws_1524,pts_168880f2dff513498279822b7a05f4249f64a8431d5d577d4cbc3a58e3c9b041,user
viewer,k6_ws_1525,pts_de0c66fb8f47a5c3366700ff4d217e5669d636796055b72c2187caf747090db0,user
viewer,k6_ws_1526,pts_b9c6a3d4d1da5a8bc75d187a5aa2472fd822437bcf7b885ead26954112c01433,user
viewer,k6_ws_1527,pts_73f6c570101c586a79426c79ce07e493f18131be76a3b5f862df55c217d505c4,user
viewer,k6_ws_1528,pts_473bfa121d0199d3331b8f323744aed209bfa4269c08f8c1658688b5d4f8a0d4,user
viewer,k6_ws_1529,pts_9b3378e7905d47481e52f67d7b44e9b0e46e59e18fa0dc59bc7c56d123c9a86a,user
viewer,k6_ws_153,pts_bace30121355dd1075301aac8ba8c7ecedaca79345534bb8cd316c0a062cc629,user
viewer,k6_ws_1530,pts_6389f48c96ce53ee831780c55820e07b276e49e1b2062ad1281b83567651d126,user
viewer,k6_ws_1531,pts_ed3ece80fa9f62025b3ae3eb5926175a52073aa1afa913e3c2ebd7956c676840,user
viewer,k6_ws_1532,pts_d32e677b1d795bb2d209f5666f936de7bcde53fe2c2000f6e0a131b3ca721181,user
viewer,k6_ws_1533,pts_ee95509de9b6365e94f3e794374bc362f7116527e1fd19dfe79e680506616973,user
viewer,k6_ws_1534,pts_78b16e087269ecf190973af5bcfdda0c9179cf9773131015e574593222919ec8,user
viewer,k6_ws_1535,pts_74997c625a3fa16ea7a658520064315e4b74044f0d87c62d8cf853fab503ad2d,user
viewer,k6_ws_1536,pts_ab4d775522bf30864482e14d4403ca51c6beb8ffe08419b2fd2ba2cd023ea6fa,user
viewer,k6_ws_1537,pts_5319009953c104d79cd541a89f550a444c0dce4cc1e8c3cef62acab55ed0e04b,user
viewer,k6_ws_1538,pts_63a87c0971b30f16fb7a3933bf8d86b88c7a2489852bc349ef2b07e068e24668,user
viewer,k6_ws_1539,pts_4f37ce199677c09fa188215633e52d41c651d63683b07227c43937b59414e48e,user
viewer,k6_ws_154,pts_46a8adca201c5eb6e8328b4c81fcce48fb20ea209738007a97f1c14c5094db3f,user
viewer,k6_ws_1540,pts_fe3ed2abf57f42d994ec65b8cebd8437f50daa3897e4af06b466cf0bbc2e5ddf,user
viewer,k6_ws_1541,pts_fe52f07b776c5de85ceeafcb742bd7d40b36146e7d7b0c37d809de9ea741d0f2,user
viewer,k6_ws_1542,pts_4e2beb4de93d6d605b98aadadcd55863a78f82c0b015252bd2201c75b9fbbde9,user
viewer,k6_ws_1543,pts_b92791c6950b2ba8f7ea19ab369a8fcd1ac0664766d4fb943fec85720ba1cf01,user
viewer,k6_ws_1544,pts_df9ce3852ff91704bf82f3b153b28e0cb0b3fde38c285a4e9c5a33b73301fc2c,user
viewer,k6_ws_1545,pts_cba6900153104d849fe251762864ac8ad312e7dc634d09565fb3e30f0b870e5c,user
viewer,k6_ws_1546,pts_251ecb99874f9b721348362326c69a711a2be913dab9344eabd7f624a31db2ad,user
viewer,k6_ws_1547,pts_3a88af24fe3ca8d43986bc6dccb65a6d547c6d15c891e2eaf0a7b89b8e90cf3d,user
viewer,k6_ws_1548,pts_1053805c40340833c87180d6e244d348bf41ee3ed1f1b01e19c8ca0581ebfa81,user
viewer,k6_ws_1549,pts_27a1715649652c00a66aa2616b89cb8ca462b5c54b3346c07c2612f20b214f76,user
viewer,k6_ws_155,pts_a02194e930acd3a3ef8c883783b2b089171d89f2855f01dac7c3f146aacc3164,user
viewer,k6_ws_1550,pts_b020ce06b2d90f1c99a1866238faee5c19a47fe8bd58b4b8f89ca84883a9cb44,user
viewer,k6_ws_1551,pts_c8f4ba5a184eba44ef5d8b4a57ca5bc8b867252943af7583b7b3a008ba36d812,user
viewer,k6_ws_1552,pts_53f4864d2a17b4a2691b1e51599c73b37e5e90e61174c5d7981533af186e33b9,user
viewer,k6_ws_1553,pts_423633075c939a3e4c3441b4359dbbc4d401b30762004bdb783453f25ebeaba1,user
viewer,k6_ws_1554,pts_e6c7e34e74255a9f18a4065a9d65561e7e59816159d470038b824be99cfc7433,user
viewer,k6_ws_1555,pts_299ef4fe630a0ecc3369e29244c143c3411323bcf19144454d45c253590ae208,user
viewer,k6_ws_1556,pts_afeae28f35f97841f764fe5a3ab4be9366ef24bb8bb559fc70f48c0a825040be,user
viewer,k6_ws_1557,pts_0b9b03521827aba2103594b4db4a49a309794cc20d5a4b9656ae35442eb11cba,user
viewer,k6_ws_1558,pts_5020594f281a7fb516462e28dae302f4ac08223b923b628620cb4a4e479335d4,user
viewer,k6_ws_1559,pts_f433498a6491417d1d2d61a8760f8810ca84552b8eeb23bf9d2f381606d09c0c,user
viewer,k6_ws_156,pts_b196b35fab8a22880bf787f326669a1c7fc1dc15efeb004408498ace38717d19,user
viewer,k6_ws_1560,pts_bda8fdef46d0599d8feb2be217dfe3bffc998d15bb389f6b8b605cf366348e2e,user
viewer,k6_ws_1561,pts_08a8b777cbc83f399d319d818ee23d7b280fe364577f25a08bbc2ffbbdbabeaf,user
viewer,k6_ws_1562,pts_da912a715d046f6cfe049039a7c12ecd1bb7d37bfa5791d210e0fdd1bdf5446c,user
viewer,k6_ws_1563,pts_de871b44e513655e5211e1ba3a5dbdf0436e6a4c9d31175184ecd1eb30b5f6d9,user
viewer,k6_ws_1564,pts_9e0a78bb1da2e0dc3f641e7f2a0b33dc0e8f7830455c7a975e8621c555624313,user
viewer,k6_ws_1565,pts_d1417700a52edda9b761c5f9bab27bb0dbdf94d6df44347da3fbd2b125154070,user
viewer,k6_ws_1566,pts_a30f5922e104145162d135a364b5f5bb9fccbe7d41e4d56195efccd70117d531,user
viewer,k6_ws_1567,pts_bc1c6b59635f9f318a9a14e10ccbceac7ead82a6191c7ad34d291b9744a50f15,user
viewer,k6_ws_1568,pts_70d2496ddc6b39bd50241872744a36edfe9753857c3684a336b5184d8b903b4f,user
viewer,k6_ws_1569,pts_ae4e869726ff366e72743b6b58de6df318bb9479a2729b9496156b754e027a17,user
viewer,k6_ws_157,pts_7c5a3ec39990f77876a0cc99eccbe9abc66d0514a315e08476e126782c57cf48,user
viewer,k6_ws_1570,pts_5100152937bfdceb129d8c3f7be6d897a2ed112b8af73beaf265b086fafbd298,user
viewer,k6_ws_1571,pts_3f49310ff16064fce93344e5f3d8e19ae3ddbc3b888a50cfba340975f1aaaf70,user
viewer,k6_ws_1572,pts_8c3d8740e15d94122d435f2a57e68430fc07221eb3b084d713af70f01da72d35,user
viewer,k6_ws_1573,pts_adebdcec74a9bbe8b37442cd14c2c500ccb229ff1429538763a72867ba16bb3c,user
viewer,k6_ws_1574,pts_26db5844ba9126cdb49bf685778f3070c0858dc3251a1c19b17fe0f1f33a2fb9,user
viewer,k6_ws_1575,pts_dbc540d693dbee7cceb418cd5850e8ac9566a6968dc62bd1400039c2d478d1d4,user
viewer,k6_ws_1576,pts_53218acc2f7a76ad9ed7fa98dc28ebddaa875d5f079fbb7180f2ecf8636938c5,user
viewer,k6_ws_1577,pts_6c3f4ac38dd6535f67a31f7855b73c10fd8a0b0e61f34de7227183edf0655164,user
viewer,k6_ws_1578,pts_f2ad873ac0365666a8a5e94eb721531c96db5ffefb876062410e685dbb354f6c,user
viewer,k6_ws_1579,pts_81f7f06d98ca734c2245936305046472722f2c1f8ae94a7fb30721766c32ec50,user
viewer,k6_ws_158,pts_2a3397bcc8b436cd69964859383cc1253f78f121cc920d12e8a5224f49ad6223,user
viewer,k6_ws_1580,pts_cf460298aeda2ba9bef8b70d2bb556b87450f6646ec7397544cfa07ade205831,user
viewer,k6_ws_1581,pts_7eeb38ba58950a583e3dc54143ffb118fa3c422006b8724b8ae4555a67f5279b,user
viewer,k6_ws_1582,pts_c5c2dabe67be4bd14d04ce0d462a931d1c4c307954e8b838561d5bfc1c5e49ed,user
viewer,k6_ws_1583,pts_5c9bec38c2bd1eb8faf34a3431c62667d1a7bf7a94d50e51dcac7e2e20859ec0,user
viewer,k6_ws_1584,pts_25001dd9746136c307671882c147c8788a9623fb502e9b53d1886c661ec6101d,user
viewer,k6_ws_1585,pts_54b8e02d1bf1f18a11cfcf63b6408f300dbb0cf12fa6554df1b3b89aaf492871,user
viewer,k6_ws_1586,pts_561431e3822f1998d90c8498761cb9d9a2f06c8b062caae8786849b8ce014cf2,user
viewer,k6_ws_1587,pts_b661f5acb8476ade7d5f0c142071a02c31560ae8a46b8de80363e725b5426043,user
viewer,k6_ws_1588,pts_525c8f8e4541b330c46c83cd0b6461e83192c2361e2235b0e9f772e35a97f013,user
viewer,k6_ws_1589,pts_9e469cf180bb3ab0d9637af83f8a80f5b0335d267ff69d4e2120f1be28e1cf2f,user
viewer,k6_ws_159,pts_785ab7738f8f1d371699abcfc539cfa263b77173371f06d9143d60510c78d51c,user
viewer,k6_ws_1590,pts_4f2eb4a547668a715c9fe7718a797a17f35e942a54d25b5ac5d190b7e1b0d383,user
viewer,k6_ws_1591,pts_2c3e56cc708cda8bb92aaf45aadb69843871c4b04422b97eff395b3579d64597,user
viewer,k6_ws_1592,pts_3142502d0c9b283ffb2d025e249f492f70f938ed00a920df460d5195a30bfb8f,user
viewer,k6_ws_1593,pts_950eaa6d886758664c4404c5d6a64b10589fa2cae0a19f74b5b272c621c9d938,user
viewer,k6_ws_1594,pts_99fb6137c2a7c697164141e88a10f977f151e966418dbdf4895fe42791d29551,user
viewer,k6_ws_1595,pts_7a6f2a5ec94a002a74ae365524e079b01d77284af181fe4edc0c80cb0af8ab65,user
viewer,k6_ws_1596,pts_1e6db6063ccade4357b51b02248ed4f08679493ac717b72169f3ed9389dec150,user
viewer,k6_ws_1597,pts_79a7da6f67c720cae74e45d148b5884ffa21b32f707e73498773beac1fab6c2e,user
viewer,k6_ws_1598,pts_1a7136c90b9a41f22c0baccc859e7d05ae961fdff6b72f27b7ce413170dab50e,user
viewer,k6_ws_1599,pts_2db75ad7161d2d80e48b9895d2ca1cce34d0a591386e4126d30ce509691de226,user
viewer,k6_ws_16,pts_5265bc38da839b3f7515b8dc1badd42fa9d85f6a8debe7b8106c31e7e39d1d82,user
viewer,k6_ws_160,pts_039e8c63c2f84140b9f57886b08b7f75c9dd872923c94490f0c34f325d5a5134,user
viewer,k6_ws_1600,pts_4e605064dcf9e11a1e8e928062ccedeeeef7b078357ad3a43dd0bfea3013aea8,user
viewer,k6_ws_1601,pts_223b149e14575242766c53f9bf39cb6dacf48fd11c7763742f3e99e7ef7015eb,user
viewer,k6_ws_1602,pts_53b680fa8d38688f36939a0f20ff70a8ce1ff6e28940fa50bd821e54d1f58376,user
viewer,k6_ws_1603,pts_efa064c37367e47c7d306aa9d9fe4b696ee02d103a88e5f8b7b7c22701cd2c36,user
viewer,k6_ws_1604,pts_d11c404f3759fdd94d0c9111fb63857f139801f0470c187bd60f0eca07521b42,user
viewer,k6_ws_1605,pts_4ff6f8bd01e09211b5afc73797d28f78e8076139e78b8e2d3ad2cd1dd492fe93,user
viewer,k6_ws_1606,pts_1397110dc8406a558d6b429bca89d6c0b52d1bf4a9001829927cb25d285528ee,user
viewer,k6_ws_1607,pts_26e06e1baa4d6c970f1e8d28666137b3e9f279bedf80a9d51f7136421dbd7b4d,user
viewer,k6_ws_1608,pts_af95c6b4252fe96b43c9160f7e285dc3f4ca84178a036110d8a29f48846de761,user
viewer,k6_ws_1609,pts_e0768f0ee429bfc119623f1331885a03e65690d76b0f4dba8a3b4adc7d2f553e,user
viewer,k6_ws_161,pts_1c38e03d5956755b44111dcc2449caf92065b25ea8913fa52a0d5866b67fd001,user
viewer,k6_ws_1610,pts_3f04b5aa3c86380a1c3a05f6d589f14186b4a590adfb5df53de7b2f1d363d60a,user
viewer,k6_ws_1611,pts_eef502c29d20abf176f435165c1f4e75d66d11cbbb138c9b303c16065cd070cb,user
viewer,k6_ws_1612,pts_824d7c4fc4df25984ca9be989b268a7bb5df4bb4450c898b2c400e98dd0c0063,user
viewer,k6_ws_1613,pts_78cc70af508af4833e03771e4a19fa9b776f12177fb6ef53dfca0b336cf42472,user
viewer,k6_ws_1614,pts_04376e04ba8350c52682c9edeca712846b3b5043fdd4c2dde88c49b724360977,user
viewer,k6_ws_1615,pts_6ca137e3d1e63d930eee6ad1d1af5313056f8959784f9574d4dd0b327f492998,user
viewer,k6_ws_1616,pts_bd8418a02fc5d48623dabd6d86df003e18b1684b01dcdee3b79f8fce9a6db54c,user
viewer,k6_ws_1617,pts_9c1e37e85f89a452f2c569f4bfa3a5a63681985a2bb59a4a9f0532e1e7417540,user
viewer,k6_ws_1618,pts_5735a2a6e4582cef4e35e5936a5d8434f266e3410089503029cb27f620450ab1,user
viewer,k6_ws_1619,pts_931fe074494ae607866bad89c49a28ffe10219c4e4ed53a4ddfd1019e1fa435d,user
viewer,k6_ws_162,pts_2d2b9bac6023f6a13a2d7458382785edb3178ef4bc23f4d11815b69f26280b16,user
viewer,k6_ws_1620,pts_9cf8fb1507fb2aac26c9a8b85f85cfe346ced9523dbf9cb13381e23b4679ba3f,user
viewer,k6_ws_1621,pts_18b9e07713ccf5c3735f3eca11aed9a1130951027015262246d48e04ca92756f,user
viewer,k6_ws_1622,pts_75876ce4f0d5202f05001628f5f935b517ccab0207191090c81ef629613c3d6a,user
viewer,k6_ws_1623,pts_4e79c69d7a32a70d9ecb8d434f8847f5cc0e1308424d1ed5981b3df10a7029a8,user
viewer,k6_ws_1624,pts_0b155686d274b3214479c56229712f3afd7bb619b4ad624f37422810f57d106c,user
viewer,k6_ws_1625,pts_efb64a9fbc815c2a91c026163aacdd35c37139c8e1093dbe186ae0568208eb64,user
viewer,k6_ws_1626,pts_bc8d504fa7d0a990efa0774a593f735c758113eddeb6ffab8233a396ad1b7def,user
viewer,k6_ws_1627,pts_ff1960c7618537b7b2c0494926d90ea40da565f61079565edcae9b82bc52c5b2,user
viewer,k6_ws_1628,pts_0289a64d38722f6184a3f1e9518892741e45134157a2c28e6b61d10222ed643b,user
viewer,k6_ws_1629,pts_7a6a14e99b1fb37fa7d6411193c15fee6635dac9b8808622bd3776437f56f8a0,user
viewer,k6_ws_163,pts_cb9396554b19fb9bfb82b320b46a9b66e25c1843b5790ab13e9610768442ce98,user
viewer,k6_ws_1630,pts_d77763ffed00f8f94a75756c49144438b60f25248370b020f6c9323ac1cb617d,user
viewer,k6_ws_1631,pts_8d72d5ac7dced72b22a81cbe188efa3f49a08a75bc076af6758e4eb0716c1ed1,user
viewer,k6_ws_1632,pts_aa147d2b92151774332f620a6ffa88de3513294208596ac9250aae4f6948710c,user
viewer,k6_ws_1633,pts_6dabcc5a4b845d5d216d367ee7e13b2660443df2dcb20dfce45c67fde8bcd7c7,user
viewer,k6_ws_1634,pts_cb5cde0ee317f548d1325b691b9e33233ad733fa879e6d5347c430edc3081e5e,user
viewer,k6_ws_1635,pts_a50e107c1e1b291589aadb7d736d008fbe43eb1b2352e7f5487a329a3a4d3d88,user
viewer,k6_ws_1636,pts_12789ea75865331bd8e9fd95ee36a7d259a01099b256815077f12d791e74c35b,user
viewer,k6_ws_1637,pts_9aeaca588ba5e76c0a47aaad7f8484edf879f191e520a93a86ae556cc3c6ade5,user
viewer,k6_ws_1638,pts_30e3c5e04446c9a7c901c9190c4ab48f00b8ffc2a722039c5446384748251329,user
viewer,k6_ws_1639,pts_1277f00c0e703dea6e59fc2f28b43eb1fecebd73b2d7276b36506447c55b1d26,user
viewer,k6_ws_164,pts_aeca22090c354cb49dbb43a544717e6580445b2ec796bead3572d78b10cd323d,user
viewer,k6_ws_1640,pts_bc6f2883a8bf0802e5747eab61741622ddf7d9ab8d3df5fcf1dc338961f5df5c,user
viewer,k6_ws_1641,pts_2992836c945e67f9d2e893a7da4fa6ccba557891b95fead621046ab53b43c49f,user
viewer,k6_ws_1642,pts_8298b45a48b5616e1cbf73ad6df90824040e8f719921bea5856011adb3761086,user
viewer,k6_ws_1643,pts_8c37320ce84589aaea87261f6438bc5310a45e749a7efc42b590757f6c26ff8f,user
viewer,k6_ws_1644,pts_022519a8f4376e53233563b39d3401c2fe4234e989ecd63a75a49e57439ac55d,user
viewer,k6_ws_1645,pts_0cf82a99042a916f55c71db1c89c2b0ef6b05be0b6b21b7eeec8fbb456b4900f,user
viewer,k6_ws_1646,pts_560983469fa707061c1cf72f6dca7f06f4e4a495da0c47b8e4b32a277c1a50f8,user
viewer,k6_ws_1647,pts_0a421520b8aa2789708068b72f80d2e022089b8ad731147eecc6b0192132976f,user
viewer,k6_ws_1648,pts_0d82fa8663958bafbc54a9df68ecda8a50b455fabbda9a7c66dc536b29408434,user
viewer,k6_ws_1649,pts_6e74ac3e759ee378823d8e1422b5285e77529c381979fcd6063ed4a509254b5a,user
viewer,k6_ws_165,pts_ca0c7f73e2445bc23106500dbe93bfc2ab03919bc0ee781eadacbea72d5dbfde,user
viewer,k6_ws_1650,pts_8bbe06045e65a26cf018afc5954cdd03eb96bb6096300faee76b19aeb325ba20,user
viewer,k6_ws_1651,pts_55540ee3ef92eee0ddbf85a695ca3ffcad419aef4154d97be25cfbc9d5d68a9f,user
viewer,k6_ws_1652,pts_30ff8fded8a42e9f2939b94bfdda05f98511f424c62c0dc93957aaca81218f4f,user
viewer,k6_ws_1653,pts_29e18d618cb420a0d2df37283831701b4490c47d02119157e696d959bcbf4839,user
viewer,k6_ws_1654,pts_061b60bb0a205c4c87f1797351e7d4e0a98f4bfe79e751a3d9daf4fff0663d77,user
viewer,k6_ws_1655,pts_061775c2b5a36a94bf29f69cadb636345cae0cedb9cdffdbcbf2283ccc2505e1,user
viewer,k6_ws_1656,pts_d67471f0b9ce1d305e0ee4746326e30c3cee27efa85f91ea49de1c76a5f07b77,user
viewer,k6_ws_1657,pts_685c92bb230ee0d18b8049042d0be063cd3cd0d52f6ba1b0e2708ea42bd256d3,user
viewer,k6_ws_1658,pts_de717a6646853fa8cbab073fec665224fee42e75853c65dd46fb9028ffdbf3cc,user
viewer,k6_ws_1659,pts_a6f3df374594954349afaee13a4d56187b642be3a64e28de6dca8b9684045a6b,user
viewer,k6_ws_166,pts_6076a487171b8fafedd2a3ef160415ca82a765e8230fe2189542e224d9a6e774,user
viewer,k6_ws_1660,pts_128e0f69af582c47cde53f91588e193c285a9acea2936f328b28e685ad7f5cf6,user
viewer,k6_ws_1661,pts_bde753215eea2f191ae2c467f910836e79c8f8b3f13ecdd0f592b10348c5a522,user
viewer,k6_ws_1662,pts_8619cac0f54f341f1a6b79c98a3a811fd47500afa90b52a191c054be7f9873a3,user
viewer,k6_ws_1663,pts_0a0119b019dd7e79890996143eba3ff16dc6c0f17cb486221ccc6b0870915ff5,user
viewer,k6_ws_1664,pts_ba785840e216698f1572c526cb50be1961ace4911339b3970e58f8572134d481,user
viewer,k6_ws_1665,pts_b69ebca9d288b68ce521acc513aaf8a4b0affa90f766d4cd9a3dda7f5aecae7f,user
viewer,k6_ws_1666,pts_1b02ba6063a6f9472a4a4b1422f735c4cdedffae3f07d3b71cbec33d05175846,user
viewer,k6_ws_1667,pts_65cbd53cd1a416be878e5eb29a1514bcb654018a3b8fa0e8d78a283a84f672e0,user
viewer,k6_ws_1668,pts_beb4751d73e0de92f3b384cdb4a2def6ec3a157299b9b247a3f8500cc720716b,user
viewer,k6_ws_1669,pts_7bc23d2a47528c37f2b7ca35332a9e2d4992c20202f25b45e73ce9c39e8b519d,user
viewer,k6_ws_167,pts_ef4149c80c2934d0ee4423e8bf5f141a926b77d9f38226938fe82bb8a120b062,user
viewer,k6_ws_1670,pts_66a76581b3bdb357fb6cad4d6e9cbdb8084b4c88c8358e9916fae0195ed2e4c4,user
viewer,k6_ws_1671,pts_f7da87f0bb0cab4ab5ddd3dcfb8ffdc5c92835b8d84b4402565331927bf09122,user
viewer,k6_ws_1672,pts_1c6b8a7e29e46017a2e400c61bd540efb6b8b70e1287e7d1cadbf25bf69ab524,user
viewer,k6_ws_1673,pts_46c85a6340ce329bbcee541570b6041d3f4f5e42bd2ae01ff56f75bf07bdee33,user
viewer,k6_ws_1674,pts_e949a1a28cd1b2feab2446609611aca4fce27fdeb7bfb074ab41cda06e0c14fd,user
viewer,k6_ws_1675,pts_11c368e456e0d6aa320070a2e8d1acae25746a7c332005f021d5f2df1f1d2cb6,user
viewer,k6_ws_1676,pts_62d7c840b48f85a7b3218623afa5ee699bced1aefc14bccfe93d14c85e01ec43,user
viewer,k6_ws_1677,pts_a6d3297f5adf4a42e526d5a94c966451c5c98531177f0b205d450207a841500a,user
viewer,k6_ws_1678,pts_e710f7554067450929ba1ad08c76be0d2746e0704b2e99ac9d481871ffd6b75e,user
viewer,k6_ws_1679,pts_fe5fd74c9d564703d457f43877f1761132fe3101b0bd84a35a5dc26c28086745,user
viewer,k6_ws_168,pts_8e15f9034cfd6566ddc74103ebaf18ac8b96026103f6b6e020f6e4332288c1f0,user
viewer,k6_ws_1680,pts_0b494ed00c74aa2bc79436efb50ca20c0bfb2e000c91ad1b43e6d5cba0b14e2a,user
viewer,k6_ws_1681,pts_c3a0bb24d754fe4307b5c920880ecf7f2fd87f0ee0d0bf8ba42b6a6c92d10bab,user
viewer,k6_ws_1682,pts_1eedcc12c555271542fc0a4c28fd6090dff089c400d911cc473d31aa6930a24d,user
viewer,k6_ws_1683,pts_d7092d57f70bb14891ccc8969f8d4cf7e2853cea1d4dd8b69b2a9a5206065ec8,user
viewer,k6_ws_1684,pts_150187eca02e07b3f23a10ce387afbb7b00285fc5b78cf40c879d1f0a4bf231e,user
viewer,k6_ws_1685,pts_8dfd5fa1ecf4d265296c24d62f000037b172a2e2098fdba97e24c99d8b161923,user
viewer,k6_ws_1686,pts_b12fb2722ccfb0b5c0ea01acfb8ea120722f1de7e55c7add4e8e6a32d827b5a9,user
viewer,k6_ws_1687,pts_b12ad99b5d360ee196790bf528235e7fe5a67f57813e19deedbe9d3f7bfd9cac,user
viewer,k6_ws_1688,pts_ff769752b616301072cc08ee12502b1ef6a352a97682af3108c54985a2beb44a,user
viewer,k6_ws_1689,pts_ffeacdcb2c1805ae4cbdbfa560c7d7bfdf1374fcbd18aa730e53b3a0d01bc801,user
viewer,k6_ws_169,pts_5f908f972aeeb2acd1af69ef9da9e1827a991c2868f48181e14c190554c6279d,user
viewer,k6_ws_1690,pts_acda9499633ae96e97d3ea90900958e870fc0566a07941108eca9ad8a9dcb2df,user
viewer,k6_ws_1691,pts_765cdc42f5ed3e9a4812bf9735da97a5fc82e6acb05ff3a283ed019bb01fb542,user
viewer,k6_ws_1692,pts_4cbc23fc7245de3435a18d01e9112a5dbc08c267afd68ecc6b5dd2b655126cab,user
viewer,k6_ws_1693,pts_ddb95074e50e0f970b2c8c1a1f797cc161fd9c2ffff4be025dade3f9b68f01be,user
viewer,k6_ws_1694,pts_6e9b87e9857d268b4b76335f6a6a9bc63b5313b43e12f942ab7bccaae1e75cc5,user
viewer,k6_ws_1695,pts_7984d651b96f276df15da8ed7161bedbbc72aa99075b8bef5f71595be91994e0,user
viewer,k6_ws_1696,pts_0de9441008761d8fa0b257d0a3724a13182a87d2c899b2bd0f246c7aa32ae6c8,user
viewer,k6_ws_1697,pts_6e70075988ca2963ff749f9b25d16e82c6788141efff210b5c13b3aaadc88db9,user
viewer,k6_ws_1698,pts_22cb47773722f1876841b872de5eeccbbd30690ac9e1ed397f2962096228cd9e,user
viewer,k6_ws_1699,pts_4ffe0d9316a9c77d3d4ba031dc537ccd77621d7a4eea2a41c3b8a8061f419379,user
viewer,k6_ws_17,pts_ef41011b1ba09189d6d90860b7cecc87810b252c9af600ad70fef0988503c87e,user
viewer,k6_ws_170,pts_3d1c6cbd9fdc891d722382a1efb4e2cedb23f85037e85a2e11fe1ae9c5d8a1c1,user
viewer,k6_ws_1700,pts_3ef1c0214397832d3d18ed315f996789026a9d348242001c28507494ce0cc9fb,user
viewer,k6_ws_1701,pts_d900194a814cfb097517ea127557e9615f79a29bd6639ded234d3e30a1ac0a67,user
viewer,k6_ws_1702,pts_adf07b6a7c5a092e4e3154690f9e8e89a3b9c985458dbd659fba7fce64fd42c8,user
viewer,k6_ws_1703,pts_6b95b2ae8cb36796ae89da96427d8542f72b97b5bb814e79b4099204e741ad48,user
viewer,k6_ws_1704,pts_c6de1613534280eea4414d280c223118864ffb5f4a750cc6702ace8ef76f50d3,user
viewer,k6_ws_1705,pts_8a4cb1178007c8e136343c6e234b9aea1d9a3b797a2c976d57646f1732547eba,user
viewer,k6_ws_1706,pts_8f47ed92f426c9f755f8f6e439f9d62a96e53643fc03703f89a16f029ad38473,user
viewer,k6_ws_1707,pts_e10436c0f92a3cc206253972eb721053f5881b2ebbfa074cecd2a4b3b0fa9c02,user
viewer,k6_ws_1708,pts_9ba6a69fa2f07a991b3883207b26f4c9d8f297822fd35115acc68512c4bf19dc,user
viewer,k6_ws_1709,pts_12d0342d032ba4ba6f95be908f5172a2672d7ed239b4a249d45bf133c0f5681a,user
viewer,k6_ws_171,pts_09286cafbd7f6bffbad7c5457b3d8e2fc8b167b7f867e79149906755d45f55a0,user
viewer,k6_ws_1710,pts_080ca18aa7880db262d32450306921d94f53ba4d3e59593eff82cf3af5ee54ee,user
viewer,k6_ws_1711,pts_b430b3f03d87f4d62f1fd064946d812025bae0c69167664113d4f9c5b37b5042,user
viewer,k6_ws_1712,pts_f05419165b725c86a1fe8a087740799ba384b5a4805d3a71176c3e275565dc47,user
viewer,k6_ws_1713,pts_882da6473090e4d7d41ea35d91ec879ced0fc5221b7e07f83aef55d81acadb11,user
viewer,k6_ws_1714,pts_300995a0ed62104f09ea645e78a8fe4b435a6e03a16e69e71986b562f8dbbb4b,user
viewer,k6_ws_1715,pts_efa34343eaa771b67ff472b8dabec0b5215a2f4ca26d3108e513261513358469,user
viewer,k6_ws_1716,pts_445a4a9c520d1a140d00c86ea18866985eb5bbd0a08c45d84e9c5cea34bb70d8,user
viewer,k6_ws_1717,pts_c2a05b4ac4cb7df67a9e103b0aa12412f7a09feb12173329a608d5f15216650d,user
viewer,k6_ws_1718,pts_9a2d73fd2e6263644f20f92e84354d8050296918a28371be15948e4344671ad7,user
viewer,k6_ws_1719,pts_c5c5bb5462954d9ecccec5887d7bc6700d4c00afb48a2a9b037ba9f919c88b23,user
viewer,k6_ws_172,pts_75dd06ed1281b097aa013efbe336230d5b9b56f020a92c13c9d9ae1da5901b7b,user
viewer,k6_ws_1720,pts_67246c2776e3a127259afb6618d32a4fd8506b8493403ca335216c9df468887e,user
viewer,k6_ws_1721,pts_32352f6644f2c3421926fdfef767c6f79c01c30d99d182af6cec1d710afae782,user
viewer,k6_ws_1722,pts_92cc81441d8c0bf58e5a6d5226a862be11c7b712cfb863e8640d56e40765a995,user
viewer,k6_ws_1723,pts_0190b763f9261faf2b5e8796a8e4c604a4f8d4383431fd49901ea252127cb8c2,user
viewer,k6_ws_1724,pts_c279e837190cd562f30c6d3407ac4e12a2d0261c55b4f4b6e252b84023f9a66c,user
viewer,k6_ws_1725,pts_fc2f01ee7a00d292685a0ebd99f89241edb24e3ffd8bb572cbf947615a425b39,user
viewer,k6_ws_1726,pts_d2ac3c8a89342540b22709cb0f375e44c079235f7f18b68c340c3c791c308d04,user
viewer,k6_ws_1727,pts_c1ba91179a3bb9d439936afd121147890801fd9718b314ef2a270cc6c8b58cdd,user
viewer,k6_ws_1728,pts_87a88b37e34e7073762792026e0fb8944ec1d337ff74518a43f205c72eec1e12,user
viewer,k6_ws_1729,pts_72dcd705ae967bff753e9b74e46698308a97b9a63f206475260d618ec204732d,user
viewer,k6_ws_173,pts_8c34bd39803653468568098aa3a430831a0ed8216af46986512526d4e23cd426,user
viewer,k6_ws_1730,pts_9b528d7dd3b3dd6c49120f4d0d38be41591167fe89b7555c7fe4b735b698baf9,user
viewer,k6_ws_1731,pts_ca683d89dd7a9ac26d2ddb2d34effb7ed39c971423927cc65473a5c6ec7f1f45,user
viewer,k6_ws_1732,pts_ad64cbb8b1ff7dac800a8fb909fb80a5c6d636ec003812b4f567539d8270b03f,user
viewer,k6_ws_1733,pts_0af356f1966934684ed5e7e15ebc735b3b3c4218781cf11335baed3974dd6d62,user
viewer,k6_ws_1734,pts_24e89422d78c956bfc442bfcd2f5396206f45152d74cc25bcfea99ab3122a4a7,user
viewer,k6_ws_1735,pts_808eaba2217e85f452de8f16b41a189d679e6f318ab799ec1d65f9d048a97ed9,user
viewer,k6_ws_1736,pts_deb59514792813da89400e0a69ec7efdd7c8b6b8536678747936110e74febe75,user
viewer,k6_ws_1737,pts_54015b00634ff058b270e696ba5381a3a56a3e5c29312fe48abe92d98002ef0a,user
viewer,k6_ws_1738,pts_4fc8e9abc9d112f1607281918201aa203ee46b965e0edd8fa29612694d0347b7,user
viewer,k6_ws_1739,pts_45a0548de7cf565ef91d945f1772913ac86194fc0f6b0a21825a67cf2dcd5498,user
viewer,k6_ws_174,pts_10e4ae4ba10e68c8a550ed96885cacbf596c0b6f8507ea57aa4f583e4f3496de,user
viewer,k6_ws_1740,pts_d4db1a68f8ce48d8317331e6e9b399eb7475f02bbba271918c5c433c65576386,user
viewer,k6_ws_1741,pts_fbdf466fe582a1bcce2a1f53cb8c681d6f1edfaa0113e39c21db4e8f7e674cba,user
viewer,k6_ws_1742,pts_64c16c8a5c39f78b1f211486c8ffa869d6e14f75411b3df7ce3ee4cf9247ad55,user
viewer,k6_ws_1743,pts_b36ab72c822fe273d0aa71062f91b3e01778537d2ac54aeffafa9a8e55b881c2,user
viewer,k6_ws_1744,pts_9e51951339dbe2f40a406f6438c16f1175caa2a4efac857a7637260fdc5e77f4,user
viewer,k6_ws_1745,pts_c202287ae576b78cf74cabb9ff17e9224181b05bfc1f0bd66db85604116cf32d,user
viewer,k6_ws_1746,pts_fcbd43f61f3b80e98c4acc081e4faddea529bc857a7230cf063e35574f83072a,user
viewer,k6_ws_1747,pts_17be4541b304c27a1913cbe81890891d2a87e990d62d4091bd637fde9f3171a1,user
viewer,k6_ws_1748,pts_fe4d820232c234045d12a18b4b292f4170e69d75dbe98a6316761b1d0082b675,user
viewer,k6_ws_1749,pts_a5d15f8cf37b213cc18102e986dc70fd32401152b6d0d3021095bdac9cc5352b,user
viewer,k6_ws_175,pts_46ee9a792d99435b579bf0816c7a8a499a44611381f58f3aedbc77a58bc1d83d,user
viewer,k6_ws_1750,pts_2297bdb9e2e4341bec8d09b1a0d7e3e8721f05780654bd6285b14443d8b47e8b,user
viewer,k6_ws_1751,pts_07d85e1ef28057194b13269b138e3e4ab4ea17b7cbbfe0708be238d054a47f8c,user
viewer,k6_ws_1752,pts_57830e55e5428a727f35d2f7ca005fd1e44aec452bba47d6857ea858f99936bd,user
viewer,k6_ws_1753,pts_93bdd992a74ff9daf2849a87eeb76180da693864fde9354d7556c681df8c9c94,user
viewer,k6_ws_1754,pts_71d0857f3eceb5ac7976b3d7f364c80e7ab27010a5a1a6e79a0502ecf8495541,user
viewer,k6_ws_1755,pts_05810183651eecba9c9714cb482d65f5a9c5df06467e4368264903c475f4a96d,user
viewer,k6_ws_1756,pts_3c38435b1523ec207150ead8a6ed5aeaa55290b648a87703c83ab30689870327,user
viewer,k6_ws_1757,pts_bd587c54c254f7013aa5663edd47b926f1a9e04915cceb66f70aca038117e321,user
viewer,k6_ws_1758,pts_b4034767f4e64968115465aca3ce8d1dfcc4ae993e9f906e368d6d7198ecd25e,user
viewer,k6_ws_1759,pts_25fef0ee824e5f445c3682f4771d84514550245e1f39616b4488dbf42fdcef2c,user
viewer,k6_ws_176,pts_9a4505e22810e93812142bb3c5dacacf757504a868bc12ce2fd172f85626705d,user
viewer,k6_ws_1760,pts_ad7bca34782e787c03f57de940b115d30cab7852da402339b0bbcc932842ef7a,user
viewer,k6_ws_1761,pts_71288e6f8e5a6e2916deea1d3db8813ab10e8b4bbfb3ae246421f6ab83a884e3,user
viewer,k6_ws_1762,pts_586b7d362f31f8c71d8dd55cf087cd79c6b7580a07107e6b0bc9c0ba23147568,user
viewer,k6_ws_1763,pts_f75820eb593345a95f5b461d12fb667ec0a8be04609b66adc396d2eddaa65054,user
viewer,k6_ws_1764,pts_dc27939fb4a32e7c60be2f311f68b78ef8be7085576da3f966d358748f00b34f,user
viewer,k6_ws_1765,pts_afe0d8f3fbb54671161cf0d58d23e72fafea604c2675a14adf1877f6f4b0a794,user
viewer,k6_ws_1766,pts_dbd4c4705b5a84c3cacc4dd70c3eb11a6995ce527c12b1381401df29ecc62b17,user
viewer,k6_ws_1767,pts_b1650e254d13a26a7502ed074c9ba257589cbc3cd76540ccfdc1b7cff37eae87,user
viewer,k6_ws_1768,pts_3f885902dc3f80c2e3c51ed26615dcac610baa32717835558d83e5fcbee38cf8,user
viewer,k6_ws_1769,pts_af2d475e3be0a308d41b84f9ab44ca99441348cc2f808a6de8955bf60c0329c9,user
viewer,k6_ws_177,pts_aa3bdda241bbd78b64cf75539c7c1aa1ce0bcf34730a606e15a5f318eccbe33d,user
viewer,k6_ws_1770,pts_c6f07ec25bff4c1f31aee3f7947f55335c0dac43bb3e22d47a8ad14711c3036b,user
viewer,k6_ws_1771,pts_c5c50bd37a6554d7f865b8c97475b0b7f71575ba670f977d070b60fa2d01cb08,user
viewer,k6_ws_1772,pts_528597d6b4683fb5b44db5a354e12eafc6a6376756124e21181e91acd962e5bb,user
viewer,k6_ws_1773,pts_04256a783b2be8b866ba3e6556d417b41afe2347003fc5624d85ec1f15de12ea,user
viewer,k6_ws_1774,pts_c1aa2d533a01a6a5ad58c1bf7bb2f67cb472f94a3d2f1dc103244373829ccc9b,user
viewer,k6_ws_1775,pts_7b4ab9f60ba8b5a47297a264ec2b78400b1cdb80e5dca4c23dcdbf66a3d03be2,user
viewer,k6_ws_1776,pts_a7fa8aa245fdbe6e50033daa47b8e4bc6d99bdec9544db6b71f720d4e59c1068,user
viewer,k6_ws_1777,pts_4ccc663685d5e0cedfb800bb44dc68409f2ea15adfa4aaa77613673146eb7072,user
viewer,k6_ws_1778,pts_195bb5795c7d94816b0d441b7d37f29d7cefcafc9f39517802d26642805d8cb3,user
viewer,k6_ws_1779,pts_b6b31d540335cf5770be027aa4d821180c15fc7fc86361d27059628217a506df,user
viewer,k6_ws_178,pts_1bab64d50071beca5305957563580bb7bbd796cf6867c0ae707296055eeffc0d,user
viewer,k6_ws_1780,pts_f2296cd2dda4d6a2300d969a501d0e0611462040b048f034294fdf45187e1ff3,user
viewer,k6_ws_1781,pts_1be7973c32f623b0c5837e414ff92f79cb9041025eefda619f0f866d48609584,user
viewer,k6_ws_1782,pts_988b81d427fe53058656743645d2f442598ffce73cd801bacdac29790416c880,user
viewer,k6_ws_1783,pts_e47261888dea8e78c1df9d648c30229a0876441c2609ea2045a03b5c68f4876c,user
viewer,k6_ws_1784,pts_04e0fe0ebb8e49c6b0c08734ebd9521320d526564e1e0c3a07a2ff08850dd106,user
viewer,k6_ws_1785,pts_df3c52b21a0557644b1cc3eb5c1613bf7dbe1cbbf78413904de06a54a337d64f,user
viewer,k6_ws_1786,pts_1b88399bc1be1bd8d6718503ec26cceb2cdd85bd98838d311f612a2667ff9ac3,user
viewer,k6_ws_1787,pts_4e4ef549872ee68f3881c0c26dfe19fdfcfc6357a8caad8105abb9993a799acc,user
viewer,k6_ws_1788,pts_21b048922aa5da15416bcb55a35bbacd9d82a8981f460224ddb12667e90793a8,user
viewer,k6_ws_1789,pts_6641e0f7a1854b7082b03d163f10e99b78fccd128b9df4c63746b659f31d018c,user
viewer,k6_ws_179,pts_3b4154e39f448c8693924f8c6af943599ef3a6ab9a7bea185cd7ad6cd167a231,user
viewer,k6_ws_1790,pts_6502cd973b8917dd388c2ccff3f4538a8e553f97b53653fd44cb0b042fe39ae2,user
viewer,k6_ws_1791,pts_fb15927cb7f0f508a6e33a71a9af122e4294665e96cbc58853d93d37b072e93f,user
viewer,k6_ws_1792,pts_535395941d0ed5d71180e7de99f7db35aa99c15a460c012163d6b803305f7dab,user
viewer,k6_ws_1793,pts_bed77e7ab3bf4ce4baf48bd39f3c9a65b27f697e890a53f735ad8fc0c8280859,user
viewer,k6_ws_1794,pts_0926855b997606718aade557dbd60c7bf6e27f31e2dd3262e61a7e23cf0a27b1,user
viewer,k6_ws_1795,pts_a013a5585509c41df26bd64e29f10b8c3920a9187ee8156d36dbaea2d73ee214,user
viewer,k6_ws_1796,pts_d2ff0fbcfa0799bafcce1884b2cc82b5451414643bb46067a55e3127e11b9091,user
viewer,k6_ws_1797,pts_b0d90db7a42b867806fb2023cf9aa354f2ff42ef223ececf16489bcedb2c1f70,user
viewer,k6_ws_1798,pts_5d029ae70f32476fe5247c9df8b3f354ce3fc5821045b286f9f479eb5e46589e,user
viewer,k6_ws_1799,pts_b3b299e4cdd35afdd044358ecf3c3d90252d54bb5504ccc0556156ec5bace18e,user
viewer,k6_ws_18,pts_77fac777adc6798657bfed89667a1964c483e019f72e2cdf4b2a8bf9dd860679,user
viewer,k6_ws_180,pts_57eddcc34766541e8eeb3c033416ea0b71a8add7e9dea7ce3293bdef4a5489cc,user
viewer,k6_ws_1800,pts_6acb392a9324ac6cb040b3a3cf583efaa66781245691cc687392e53e241b6e8a,user
viewer,k6_ws_1801,pts_d24ee57aea2c6eb60c5f6b4b53e78e924aeb702d40aa6aba55b5ff3eae9286ad,user
viewer,k6_ws_1802,pts_19ad3357fe01e2e844fb9f5b50b078b7a484d4ba48f479dc64c5453c091fd4cd,user
viewer,k6_ws_1803,pts_bbca511f67fc6a39712b989d3cd330d69fa385ff9b2b8ab99bee71c7a3d61abb,user
viewer,k6_ws_1804,pts_ffbf3bb0d6cfb5edde326b6796d1593b46b9e68b6afeea4762e6bed7e85da46b,user
viewer,k6_ws_1805,pts_cbe4de10e6472b69b4c58d1ae9bb3ce55d851a17e866490072292a872df83005,user
viewer,k6_ws_1806,pts_ae93f94c6b9272f477e7ee0de37ad5f95410ec7f496b00aa01ea2f26b49fd446,user
viewer,k6_ws_1807,pts_683fedb4f9d4986398da086fbac8230371513e30abe380a576150f0a2cdd8c47,user
viewer,k6_ws_1808,pts_5314b44f02643b7b4cc1a090d4e45a89f4e40de8b59c6bb8ae15f0a1b3df33e2,user
viewer,k6_ws_1809,pts_73d199d13e71f0299055170e4a84356759c6c2974d487a46ea138a84f9c96dd7,user
viewer,k6_ws_181,pts_c5ad5bbcc5e903dc596ae949c73054c6cbe4c49df4af8209ad6cb739a713ef59,user
viewer,k6_ws_1810,pts_69aefebd6a7b3a5708d059ba2eae9c5b02908cff1cc50f346021d0bcf1b2cf3b,user
viewer,k6_ws_1811,pts_2add54a7ef829c5c63b1063cdddfc3ddddeaf0f82686c2972c5112dc387dbe13,user
viewer,k6_ws_1812,pts_f1d1c9fc87a75fffe86d9ad719f3a848bf33d04071269010f2ada74d32306022,user
viewer,k6_ws_1813,pts_67830a1e2b2d7aaf4b1461e04fd061f7f5a69239772dd33b65f437e997e6d0fb,user
viewer,k6_ws_1814,pts_e0cd00004e5cfa7afd4743d45a889ab82d0031d4088faf533f1387abfc000f28,user
viewer,k6_ws_1815,pts_5c743902634cd6e21ac51a4b715435719823700124c5a260141d529be3eefdc0,user
viewer,k6_ws_1816,pts_9df171cd2f314977bde27e97f7d704597c8755b07ced2dfba0447f1c2f8b29b1,user
viewer,k6_ws_1817,pts_6ec59273b8112961ab99c1e1be204dc304bc100e8a6c28b8fa72867de2c2d6c1,user
viewer,k6_ws_1818,pts_3557f48bf9cb66b09016041670236aac5ff1c7715df5ff87d60b5cc944f27a05,user
viewer,k6_ws_1819,pts_ab958b15ed91dbaed3d459c3e24ffd6323aff20abb400d094b8b41010e2449a9,user
viewer,k6_ws_182,pts_ed63a9e13f8c77e32191aab78a1b96f3d716eb44f6ad83bea38ba0f02a3e35f8,user
viewer,k6_ws_1820,pts_c4c140a8217635280f01d32a543af6f073b94063d39aa081cd61091e7070da0d,user
viewer,k6_ws_1821,pts_558b00fe1ef1c12a6603ba06847977490cd209f258a8e44cf826abef8b1f12ee,user
viewer,k6_ws_1822,pts_70c1d5f6ae2a166ac42e80dd2509dd5f826be064549e7f85f77a0b8392f94bd5,user
viewer,k6_ws_1823,pts_a31c0dab97e34caacc56d6c60910631752b572406d36818f89e9debe486d787f,user
viewer,k6_ws_1824,pts_89dd9e270ee8ddffa20d637ad25e356cbdc5de6c633f248c6daa2acb53e1d5f8,user
viewer,k6_ws_1825,pts_def52757bee406a335ef07dbcad3e7b650690d64fbe94120070103bd8871825c,user
viewer,k6_ws_1826,pts_03ce760efca1e7028aefc8ad771feef2b7b84408ccd8ca2c2364e45fcc441506,user
viewer,k6_ws_1827,pts_2d541b27f646d2eb0b379b1c5c2ef41ba594baeb021ecda11a5cc1fa992e23f8,user
viewer,k6_ws_1828,pts_0bdf96b35bee47e927445a6b190031524924bb6f48c4c0a3594e2ff7ed4402c5,user
viewer,k6_ws_1829,pts_fdd4314629a1e9b65c49a528b0dd1bdcc9626a4f9ae976bc8ee32848be2e10d0,user
viewer,k6_ws_183,pts_ff0cab02be7f2adb3a5933ca22d1e2b6927387d01b38ca3df2643cd4c6b74763,user
viewer,k6_ws_1830,pts_cddc15779224c7c4407d1608b38adaf67ece6cb402ce1d37e5bced5d6a9cd3a0,user
viewer,k6_ws_1831,pts_976670026d76f372ab96580d1575c097ec5913c689666291fc58c9fd2e1847c7,user
viewer,k6_ws_1832,pts_91100f70eb1c05fc7ecf46c521c81ce5725219b78162d731a477027e93218bd0,user
viewer,k6_ws_1833,pts_cfc963eed4ae15b45df15b401347b2973384bdc9a08d8e9152ce179d89af121f,user
viewer,k6_ws_1834,pts_bea553de25dccfabc4452fca3b5117f6ae54fce0528cac547445c7526bbb49e9,user
viewer,k6_ws_1835,pts_707f85f4b1a5a396bc139d23bf0da283df129fe645bdb574f8aae43da074363d,user
viewer,k6_ws_1836,pts_649bcecbf8d29b90595cd5214986060fd1e355a98d2854611be8112c2a1fc93e,user
viewer,k6_ws_1837,pts_6513a208f90bb2e7d74e7bbf06c0311ba5a9e800be129dfee749b3d83ffc22d0,user
viewer,k6_ws_1838,pts_7a66cd013a9883b411af96db86fc14b53a9151dd94c6f2fa4b73f9bf8e51c31b,user
viewer,k6_ws_1839,pts_a72157070e44c6fa4c4bc76597fc7378a3ad32ad2ffa58229ed70085332bb6ae,user
viewer,k6_ws_184,pts_e3856e9389f662d4ff0b43551549f176de831fbe32f90f50721b6cc14811e0d6,user
viewer,k6_ws_1840,pts_4a01e556fb3e6f2fcb761904fb7a3346edd3df6418c8131b2548cbca8eea56a6,user
viewer,k6_ws_1841,pts_a53f05d66343bb0c56bc178a8062ac6ea7806278206184343737168a19e59476,user
viewer,k6_ws_1842,pts_2e22af57d461c27fa1cadd9b8166e936d6f07b9ad8d66e148cd460ff47f5278d,user
viewer,k6_ws_1843,pts_f5771f5895c02aba821c735959bafc38948e434027e9240afbccfda0a50af5a6,user
viewer,k6_ws_1844,pts_f0651d0768b4e7493d5f369f90d485e5e74c6ed0c12bb9c698e138c23341a2af,user
viewer,k6_ws_1845,pts_b48fc74e568e6cb9d2bff6873673c077afe770f167497d01302cf8fcb288a3dc,user
viewer,k6_ws_1846,pts_b9ffa9a3fdf84312a86f7e6f3501f6bcc532869370d96246a8abde780a265b76,user
viewer,k6_ws_1847,pts_088f1ba7d322dec6be19691b34f65215049f0234fc4a261858c3f76ce0e16fec,user
viewer,k6_ws_1848,pts_5b6a5069a3f95c7d043a3dba846c74b1606d70f8661c97d6b8f92bcf2616fe25,user
viewer,k6_ws_1849,pts_4a246ca8d2064b29918f68dbbe3d8627a9a7309389c80e38ab305a3379c2cb1c,user
viewer,k6_ws_185,pts_7ac5727a4029a19565bb7085a2df79131354f24da440d5d332d0dcf07623c085,user
viewer,k6_ws_1850,pts_0b77c6f7142c4164747a563ebc5b68011e02ed4feb72a14b44de656b5df64a54,user
viewer,k6_ws_1851,pts_028295d446637ac8d977228015e525465e3d7c37511ad549fa634725c52ad303,user
viewer,k6_ws_1852,pts_e7a34b5d06953baa6aab76549e5102d3b0a2826d9f0a2023b2dbe190643fc9c2,user
viewer,k6_ws_1853,pts_73cf733f94dcd0c9a02b73fb0b2acc5ca867484811333d546b346ffd0add3ad2,user
viewer,k6_ws_1854,pts_676e9ec719620b294755c95b8e4c2fbf0ea187cba45107ee50a0a376ea2e79c5,user
viewer,k6_ws_1855,pts_95c80707d61a9de81d41f1ef78a4a4427184beacade5a88c322cc4617f91f90a,user
viewer,k6_ws_1856,pts_6e09fa8e874bbe1079e48afa0e4c49012f86a84f0aaf4e30054eeb9bce034693,user
viewer,k6_ws_1857,pts_07a27f03da4ee60c8255be117736ddda3ad60a06cd0dbc9ee3999cdf266102cd,user
viewer,k6_ws_1858,pts_ae7245b67bdfbb0e47f6d9cd558a42ca59a107f63815da15110de724ded8f21a,user
viewer,k6_ws_1859,pts_93807a6cc6860c9f3a9b2f05170972d4b4da165e80e01303142ffb70c8ef1877,user
viewer,k6_ws_186,pts_5d28da6e60d39c37c42b9e142403ba719d7544e76e9ef0117f9e74d22d838bed,user
viewer,k6_ws_1860,pts_f56e841eaecf7896f6dbe3840c275ee15bca324aaf95f1328d68ce0b16dd4825,user
viewer,k6_ws_1861,pts_bb19871f6a08bc5253f898ec8b4db66e3610619202f7328be6f8ab167389144b,user
viewer,k6_ws_1862,pts_a39d6a5023ba6ce4132699d4b400e7bc55bd16c0e5ada952041ea7d1e1ac91f3,user
viewer,k6_ws_1863,pts_6ca2ccbb9a705315206b1b2da82fc213d069cec821c65e2d12c3c70cb3b0e108,user
viewer,k6_ws_1864,pts_c2606ecc95d43c3d932d267ff24b475b3f6df99b24449f115bee08decef35e6b,user
viewer,k6_ws_1865,pts_0df266a19cc4beb54d23cd08021bf8de7517c9a103fde65dbf22a9e569965db5,user
viewer,k6_ws_1866,pts_79c850294827a8abf99bcd8b304edd64a6587c48d87ab8b85f74a77113f6f21e,user
viewer,k6_ws_1867,pts_476559ad40473cce887ba3d5c3f811c56954e8df1254c060631118ddb74318ee,user
viewer,k6_ws_1868,pts_ff731e2c9e24e793b0ef2a8fbb56d3e1ed7c7b2d2d8d6c9a0f45e6eba1f8e301,user
viewer,k6_ws_1869,pts_3ffeba35e6dac18bf404a9ce30599d646173610d88f18fd66b04a9ba27f4072e,user
viewer,k6_ws_187,pts_862d640e128917ec75225239ca74c3bd182d0966ecd3e9510efbeeb8101e5f67,user
viewer,k6_ws_1870,pts_82603f246049b51b1a8b99010403d1487af0364b40c746272f3526409728801d,user
viewer,k6_ws_1871,pts_d320853c95f58e9a703a83aac147c359b0cccfbc4714edbe6b990e7dc2491274,user
viewer,k6_ws_1872,pts_ba0b7db9afe020141f9e0d108f71019a72f4dde6576d08bd962d5a914b6de25c,user
viewer,k6_ws_1873,pts_013ca5daa5de81ff091416d88c8c86bdf042e012a2df44599651b93a96a318bf,user
viewer,k6_ws_1874,pts_a215249b37dfdc35dbdb993a4c98971421c488520381bc9f04c291af99506d3d,user
viewer,k6_ws_1875,pts_4c60ece7149c71e3d4f83beee2b8860d9705a624749b54f2d804aa96fdf9c586,user
viewer,k6_ws_1876,pts_3e6ad5f633a788c40c708617c3e8d1186b63875e773b2d9ff45c6282b7dee654,user
viewer,k6_ws_1877,pts_9bf91049d099e52bd6461ef1de78ed4ada1efbd81c99943a541297ac9c6dbe78,user
viewer,k6_ws_1878,pts_2e983d405e921851cd724201a639e11be10925dc1e578b487287943cd4d2c9d2,user
viewer,k6_ws_1879,pts_cce4e9b3ea7bf74b7785b4c525e7904e93c3f3f94c0a5a716b007150ba7adb14,user
viewer,k6_ws_188,pts_b1b4c7f49f1e69585edb9eca093597c2e9acd9742aa5d2321b091c07b9cb2bff,user
viewer,k6_ws_1880,pts_c3c2d765d9e82e83e95850728e07905ea545ce4e62036204ffb2ff89db0aea5a,user
viewer,k6_ws_1881,pts_d451bc41546568ffbc0c6489efe78d5f50caa0f475bc357555deb9f56f2d047f,user
viewer,k6_ws_1882,pts_c1a8ab9af93937b473104e6074063775dc7e6abe7aaccdc5996ac37dfd286885,user
viewer,k6_ws_1883,pts_921cd41f32722ccde6aa67416d61c42112e5e79e89b46a0bbdc87df818f9089c,user
viewer,k6_ws_1884,pts_3d6a697a82c6c430149b1888a3b7d0226ab417a27d8940c39c331d66a6f82b23,user
viewer,k6_ws_1885,pts_f3db62d73453c0e88bba92477eb61252549a8b8c2f225caf391a93de9068d68b,user
viewer,k6_ws_1886,pts_0a8237f25e44323f929437a560955ea99a45bac4ccebc2d56d9feb0efe5756ea,user
viewer,k6_ws_1887,pts_448eb1cb79a6b8dd0a4b50b30d4101b6593f6acba5985ff59cf82edde0339d5c,user
viewer,k6_ws_1888,pts_e25a1fc216e1893874b1ef033d6708c233b697ad53eeaad25e3d3bc98e311fb8,user
viewer,k6_ws_1889,pts_456e4c17e767a1392f431c33e0a54e4a36de2d01dc84fa06f18a2dafded01e33,user
viewer,k6_ws_189,pts_1817f7c4a23b5c71911df29e5bb68e980fea3c0602cfb26bf076db94e1c60728,user
viewer,k6_ws_1890,pts_e3e5c36cc3f90cb4cb3548a8fd5615c4e11d8374008dc709feab1796064ec4cc,user
viewer,k6_ws_1891,pts_0fea40645b0546706a1777a1b6299018a20af708a7f6566124f5f5c1dbcb3345,user
viewer,k6_ws_1892,pts_e8d9066ee85d6ace12d1a99c39f87ab0aaab55d65f330568a90ff571d32f2a5f,user
viewer,k6_ws_1893,pts_2c776b3d4854b891a970b5829a6cdd4953531c290b9a8536d45c80439d986201,user
viewer,k6_ws_1894,pts_217724691faccd4bf35b8b1fa67f2099da703b50733067660af5ee655db71eb0,user
viewer,k6_ws_1895,pts_15a56acedc8aafceb782cb2b245e7c167f9590f87bcc0fdd7980e9f1e6abaebc,user
viewer,k6_ws_1896,pts_8931ada49db28ae45bdea076e55f0987f1c9a99a250a3365d33eca70cacac059,user
viewer,k6_ws_1897,pts_7bd269a4a6f351a929161c3eff4c3b92148f946201bff3a0c04512d53389ecf3,user
viewer,k6_ws_1898,pts_647a4e6115d1ccaa63354772a97d339921fac31d29791dffc2d1b55df1d88997,user
viewer,k6_ws_1899,pts_cd20cc4eb44158bc2a62d233e9480b3ace821a6faeba56481a169312e562fcf7,user
viewer,k6_ws_19,pts_a6cd03b9946cd4439e034f002d4cf2f22d2bf1822f45a0dd80406db0a9d7615c,user
viewer,k6_ws_190,pts_3fe3fc7ad3718f869b8c83af071822b9fb2e888713f05ccf460cf6228f60d1ee,user
viewer,k6_ws_1900,pts_7c456b49d006e0060285e6f8d27a46e33301528de3b3b04fb837abd83d5b6b56,user
viewer,k6_ws_1901,pts_e4fdc89c307e5825798c231749dd70bba28cf7f58ad5433ab9498d6293c86ece,user
viewer,k6_ws_1902,pts_e9b8a5a6d018ec82943a7191f7c401fa433cba3af515d963511a84b808502ef7,user
viewer,k6_ws_1903,pts_684997edc9177d2e4782c6775aaed8df05a59a61d2b9ef28fdbf0b63b7cd0e8e,user
viewer,k6_ws_1904,pts_34640a86e468ef2002ebb3c652dd6d1e4059c71d4927fea81cde437e937e091b,user
viewer,k6_ws_1905,pts_ec6eef1f04ba1ca7295d0d45c81a1301003f02b93a7d50d084951fa552cbe9c1,user
viewer,k6_ws_1906,pts_0e8b3d84d473f1b50f63f340365de21b07ed1765666250b723b9742f81a7e8e3,user
viewer,k6_ws_1907,pts_de88715484fdd4112038c6031f3ef172d533868a769419c8e89d0e6d110338f1,user
viewer,k6_ws_1908,pts_58aa58a4cc0c247ded4b5c7aebbb68acac40dbd7f9d4b348ac823c837b303f7e,user
viewer,k6_ws_1909,pts_5068b2de224a384caca00019c573cda2a3cdef6a9c9c02e4ec4c74c395854ed5,user
viewer,k6_ws_191,pts_602c1cb73c121dae74447f43c22979bd703c8af50332cf2f3e911c7d14e72ce7,user
viewer,k6_ws_1910,pts_5e04ffbfdf7ac6c2a29a3b5b6d08f9abb1dc89e7cdda5da67ed33055cb7c6f2c,user
viewer,k6_ws_1911,pts_1d0b2de32f5c4d2d06fc2238b6a30113104fa6ab15197880ac03840cdad80724,user
viewer,k6_ws_1912,pts_02eec52813ea7335dc0b073c51ed79bfdd22924cec563abf87c8ccb32be1bfce,user
viewer,k6_ws_1913,pts_024472c23c83f6c41b10f723a1dab5ed309f3b29a2e53877bab270e1abdb5f98,user
viewer,k6_ws_1914,pts_29c2248236db15ace588dca22e98d648384afa201026afc41c8d5c2d0fe95c6b,user
viewer,k6_ws_1915,pts_0ef788b31c7c6a48f178854cd3abccb5e1beb5e24c83625b02f8595acc96b0d9,user
viewer,k6_ws_1916,pts_4f8f2a318dca112a1bd4a45b4881377800104fa65af5c61ee505ded06594eee3,user
viewer,k6_ws_1917,pts_258833137d1d60c20b0035288e7917ccf3047840d8dd241972aa4999209b183d,user
viewer,k6_ws_1918,pts_906824fddf425fbaeeb1ef288a052f5e35069d715194fc04331a6725de1507f6,user
viewer,k6_ws_1919,pts_2f415fa7780650364823061fba685db827e320609a360b729112013baf78a3d7,user
viewer,k6_ws_192,pts_ee2afadd488fc04327b1d8492bf69ca3163ee4731f33044226edfe8a1bd501bd,user
viewer,k6_ws_1920,pts_779bef3b713debbd80f840b334d59c95bf7ef9331599a53ec16b552374970031,user
viewer,k6_ws_1921,pts_8d78880dd40eccf92647a9f3c9c3aa14b3ff1f684119d3dcd3c0715b2a35ba37,user
viewer,k6_ws_1922,pts_75593b7a9b18d74134203dc74f24cce5360c754eb940979ecfc9c036849539d2,user
viewer,k6_ws_1923,pts_85c64b0a658d81f0a0c6b77737b67cb4ec33afe683214c89ef3e3ab0f7462d01,user
viewer,k6_ws_1924,pts_662bbf94694e7c88158a61bc058dee29d181dbb5656e3555f81d3a9157cdce11,user
viewer,k6_ws_1925,pts_586d3e9e1abc65470448752ce378b758f354b0fa680c0aef45db55d380eb3704,user
viewer,k6_ws_1926,pts_371b6147d85a04ddb4073d38eb75ecbb37389e58630453b3363b991af0789027,user
viewer,k6_ws_1927,pts_17cea8b717047b222ab3c25ed23cf36be5e3317533d820927cbce47becdaf01f,user
viewer,k6_ws_1928,pts_b869f285b21c64a7e05e363c27c64fadf7db269eef730e7ee7e7a931cfa2b6eb,user
viewer,k6_ws_1929,pts_7ab8d3b6a1ffdae6b79f50e3f6606cbebb67ae33064b38d9c0c328a68130ad70,user
viewer,k6_ws_193,pts_d96da302a48dfd88c88678e194961af840688c19752824a9c3d0614d8410e367,user
viewer,k6_ws_1930,pts_48066b23f3292b61d124b3fdd08771fdf0e2b26df056b6c4b586cf1df49dfd3c,user
viewer,k6_ws_1931,pts_b2cb8df8bd4ac4408b810d22107472e5b9e9ec52df3a7d961561e2f887ac3a8e,user
viewer,k6_ws_1932,pts_195f69eb11f4d3e9494bec04f6a52e68fab4fe35fdcebefa13ddcec6444b6593,user
viewer,k6_ws_1933,pts_8da3cc8e1e766b781ab4b2ea742f914d4e2b8406c5bb727488c2bea076e99959,user
viewer,k6_ws_1934,pts_cc5d0fe1127546a7983cc35d80e4c5da233c27a2b9178bcd859bd36d3f245d50,user
viewer,k6_ws_1935,pts_e2c649600d05d20a36011cc1d5e1104812d86d7b439abbd6580ee8dc36dedd4e,user
viewer,k6_ws_1936,pts_5d057885f2a57814cda384412dbae432e3e2a688238b3c5527a548e0005eb64d,user
viewer,k6_ws_1937,pts_3b49f87a18cc93242696b09ee45c338e8bc4f8a1e2e3b7806f075dc4ef4e8dc9,user
viewer,k6_ws_1938,pts_1e469a5b0fbf848ac0d8c1767022a04c8cb52bf26b2442c7806902077fe41bb5,user
viewer,k6_ws_1939,pts_d7b497554d992f600ade407aaf1ae025d691c834be8cc35dd3fc324c58b61fff,user
viewer,k6_ws_194,pts_ebecad6063b08d75d558545cbb91e6ff40a12b5fbd1e26b092689298f561be20,user
viewer,k6_ws_1940,pts_344dccfddf3bc2af4c832aa0d702aa9cedd19d743c5738974daced4c387645a3,user
viewer,k6_ws_1941,pts_4a9ce5ed1d7e89df7ba91d4d712924e3b51e1d863f0d60be079c23fa81a7a26b,user
viewer,k6_ws_1942,pts_41a897f2dd12dd96e71efafcd7955232988909be5417e2be99deacee14587069,user
viewer,k6_ws_1943,pts_8f261a5afde56026feb976f913dd7723003c151872984e486f0560e66e1cb293,user
viewer,k6_ws_1944,pts_8cd42108aaf694877a913aee71c2b0dc4057754e0a3f8063eb2d0ba20649389e,user
viewer,k6_ws_1945,pts_323ec81b60104020bc0d9cc1278f738b3228385bb6c823a6d5e9f49e57af1c7f,user
viewer,k6_ws_1946,pts_69bb13246caf4b8aa34fa52e7c2ddf7bec285b97fd94cebdad080f2cfffb867f,user
viewer,k6_ws_1947,pts_d0da8473a05fe80e09539526965928356c71b0638890c9a124f2dc1096a47273,user
viewer,k6_ws_1948,pts_4dce20f2990ac2f546d208fe5ea7ba8212fc9736427f23913484b0ee64c99e29,user
viewer,k6_ws_1949,pts_5f58c7fa1e026aa43d558612d6cae0441d8a825cdd16d7e4440a431bf1fb9bff,user
viewer,k6_ws_195,pts_7866a1bbe6a67b756d1b0518216a01c6b46bda36e9199ede045568dedbb114a5,user
viewer,k6_ws_1950,pts_9be06467d891a125b34a6ac4ac586ea4640416eaec8522dcc80f0c25b6166bc3,user
viewer,k6_ws_1951,pts_d2c4f45ed176acc5b01c35758520ee703caec1aaf35393444a41e442c5004bb2,user
viewer,k6_ws_1952,pts_7950e30ab03842c1711adf124ce402671fb09a9820d5c98cc64e688dab7c657c,user
viewer,k6_ws_1953,pts_8876a730b8c18c6976e25111eabf8585838f6e47af3022639037a790827e410d,user
viewer,k6_ws_1954,pts_95f5c3df7ea2b675b183824f51e34f54db5d3cc91ec71acabd782005441132cf,user
viewer,k6_ws_1955,pts_354cd2d4111a52f368bff106e16dde27a26e672ab9d068fd5cd8e876aca61848,user
viewer,k6_ws_1956,pts_669a9089504d57bdcf0fc832fa0cd8a31fa83f809b1abb24730491070f70bec9,user
viewer,k6_ws_1957,pts_2e0545f6e6300f09073903857a7988fd81ff9443d543a87b798012aca514bfb1,user
viewer,k6_ws_1958,pts_63e5b5d495a68494618fc6793125c7b8ed1908ea5e5f17d46a00cd0f0e40b8e0,user
viewer,k6_ws_1959,pts_48dde0a489d1127ec81b44355e3cdc7056e8bb1b0fe984e77512f13503ada02b,user
viewer,k6_ws_196,pts_535a3b1886b3790f65d7ba8201d33385162a27e0f556292ea1ec0453e5020a30,user
viewer,k6_ws_1960,pts_e6dd2452808902f9e92bcf54a1834490bae8df52144268f5c992ca7621c5dc76,user
viewer,k6_ws_1961,pts_582f1fe71b1786d4cc259fdd49a28a872b130457776815b02e110cced5939bbf,user
viewer,k6_ws_1962,pts_a3770a2ef0bc31eae3c9259680f4e0c957c4bda9087c1fb5198ed46d69e15d9a,user
viewer,k6_ws_1963,pts_dfad39b1226e95077d604ff9330a28cb53a9961b9d6b9159bdc19c3004c9c573,user
viewer,k6_ws_1964,pts_917ebd7d329481203e36c52ac73681313fe1a4e270004706a3a4597c71975e61,user
viewer,k6_ws_1965,pts_c1f1340659ac04759cfa824610d97f4b496641d0f25706e9c5187b0cea140233,user
viewer,k6_ws_1966,pts_0080412b0fbdb6097a4673b266979efcaaf6abad7eacf5c045f3cb7f7a9fda1e,user
viewer,k6_ws_1967,pts_f48f6978affe4e3fad07fc6b57d21be7273dd749ca871baaa4aa3ee54d84cd8a,user
viewer,k6_ws_1968,pts_e9d2445cfd0031f6a47c00d20c63830f79941276d96f6a63f524270b289128c3,user
viewer,k6_ws_1969,pts_925a657a4a392cca41c15146ce90d48ff07c6e27755f57275927b21bc63f876f,user
viewer,k6_ws_197,pts_187cc9ee3f53475e806ef8a7267505c89bca4e6ea77ceaecaf37b2a960dfe0f0,user
viewer,k6_ws_1970,pts_d8fd8e7d025e19b6f30ee8b3bd6e566faca18ee5fa8ff4c6264774467edc75d9,user
viewer,k6_ws_1971,pts_e2e62217922747316b3722031494710e9884a24cbfdfa33a632ae63241d62000,user
viewer,k6_ws_1972,pts_504ed7681e4b2782f323af3b64a8c4702c1f9d441246fa98b8361d5022d80205,user
viewer,k6_ws_1973,pts_fa545a69f0104d9518184a56c4e0c69273687ba0011a1401dbb1f75e93faa9ec,user
viewer,k6_ws_1974,pts_7ca96d2d78a6c705e08217fc8233a0459dc9d5036e629c65e2051d682677b570,user
viewer,k6_ws_1975,pts_ff0ae637d55699f5d16734ff9697e02c75140f3489b7e2b888bf701d8faf8805,user
viewer,k6_ws_1976,pts_c8a46757c5a3045815f2b26aeeee11b913fecf6d1c9ef0e922d815b1b132dbd1,user
viewer,k6_ws_1977,pts_117329c331e5cefe566bff6c0dc00a6c976aa63870186f1c10697d031cea6e0c,user
viewer,k6_ws_1978,pts_74562c80f2423410ec73c1f7bcb8bcd5cc9d52a8d4bddc86d5761f00fd1f0f0c,user
viewer,k6_ws_1979,pts_fbae1c520b8d2e7e265625be682474967f6a4df148c4eda15c959cb6fce01d27,user
viewer,k6_ws_198,pts_a0959c250d8f5dfd16e919dfbba01e5f6158b91ebfd71b09f7371a3ee27b6095,user
viewer,k6_ws_1980,pts_7c47e823f7e4877eabc4fb01f19ae87899b32c372215345048388b7e585f3d9a,user
viewer,k6_ws_1981,pts_7ef4ccb9871169052f0758cc18f47a2e3e7a29060112b8f1743d673242e5057e,user
viewer,k6_ws_1982,pts_091e5ed9beed9479c0e44d0401b6b76eda7180adcb3976928583beb761ca1e92,user
viewer,k6_ws_1983,pts_9c80b8e21c07f433815c14ca3322fe1be9767a721f47d38c23a3dba23df23bd3,user
viewer,k6_ws_1984,pts_2ab0e8654222c8aaf61851f425e0a8ad1294df4fcdb8046060ce1df6f467c0bb,user
viewer,k6_ws_1985,pts_a7024e8763fa54c82526e312935f02fe9fcd39eaacf1876aefee4ed2047da322,user
viewer,k6_ws_1986,pts_d6283ee9647cd78633820269724d186367eca5a0634fc3183f7682ccca284530,user
viewer,k6_ws_1987,pts_85244c308cf2d411cbf05eb702a9c7696b4f5a848fa1cc22e64a98171ceba724,user
viewer,k6_ws_1988,pts_38c8d7fb8f0f83ff3940c53eb9bb9f3caf052f39ea737549849cfb48c5672f41,user
viewer,k6_ws_1989,pts_8ccd53b0d5af4b6109353804d99c2c436bf64929a4634be2616e30bc2b6d8ead,user
viewer,k6_ws_199,pts_23a1f13cc1c63dac3e8dbab1823efd9ea2e59c04ef33e044e7fb1e70313d4277,user
viewer,k6_ws_1990,pts_7ee7e7e9c8cc3729486e334e1d33b68d48234a703c6d4bcdd1ce461c86808688,user
viewer,k6_ws_1991,pts_f2a7e754a38296efe903e272bf596721b3f2e285a87740460f23f6dbef8e5958,user
viewer,k6_ws_1992,pts_9c34908873b0421afe9efc743b6e873ae993f1f0e26505ae85fb5c67d46c3de7,user
viewer,k6_ws_1993,pts_cc6424a1f20b6c28eead2a344618c015434e17faf8c1d4c310aaee504ecbc6d0,user
viewer,k6_ws_1994,pts_77fa4277238f2037be88ddb110e5256f1a254905c366bada84add5101a467be3,user
viewer,k6_ws_1995,pts_eda3b451579c4e0d4f4e89c48679b557bef2db917241f5e45d56de3bb3b1095f,user
viewer,k6_ws_1996,pts_3104d2c5e490561d413570d71574fda05510f2194bdba303f65f5307a20c7fcf,user
viewer,k6_ws_1997,pts_f74ba7b7f2437ea3da91ffc322732cd4522153cccada576569d723d2b9503c63,user
viewer,k6_ws_1998,pts_9043855cd06fae00de1e4efa643dd93fa0818d287d185dd577e09e72c083ae93,user
viewer,k6_ws_1999,pts_e4e59b6ae686df766f5f3187d401e194f9e6b4f6b4c6fc388a3a15f4adf24de4,user
viewer,k6_ws_2,pts_8f52e9a25fc01ec4d4188028f05847d210d8a1298a3d6bc55e1803ec47617f25,user
viewer,k6_ws_20,pts_8dfabd681e6000c160595e3a3339ce9d66dbcbc5e2b08ef80d13fec5ef0b2b00,user
viewer,k6_ws_200,pts_d7728554d0a622e33d2b5530092ad24b4b4f116bd010a908b4c53f3199815d85,user
viewer,k6_ws_2000,pts_28bd81e46665857a5ab7b988dd19e4e7ddc7ed1e899c684a3cd04f6d0d57895e,user
viewer,k6_ws_2001,pts_57896cf73e2fcbb8d7d0b0d1fdb05c6b63d95e49862e8265cbc1edba6ca12873,user
viewer,k6_ws_2002,pts_41a1cc53a1c586671b6da8bff2b014408981e1f89c092a167ccc25b864853091,user
viewer,k6_ws_2003,pts_1cd4b07ba0b2c4d16043f5f7794419c1b303d49f63fc73f3f352446025ce7601,user
viewer,k6_ws_2004,pts_b2385654c82eaf2f211015f8abceed51531bd16c17c39ffd0bfd2d68f80ea0fc,user
viewer,k6_ws_2005,pts_d4d4fe4774e5f6a6e8b97c1b24f4013e7f39db33d646a0613a5cc6e246f232cf,user
viewer,k6_ws_2006,pts_a62a57309a83211acab9b2a6d51f7f1f1d07e06e3810dab25c8cf81d162f4c38,user
viewer,k6_ws_2007,pts_65bb1a9e56cad90d5806d712ab782f2a5f0cf400e3e923ccecd04d1a0897a985,user
viewer,k6_ws_2008,pts_c5bdf83cf12f816f25442b3e7761d5675db3d29ee501adcb0486ba6faf4a51f2,user
viewer,k6_ws_2009,pts_7af44bffa3357dcc80022d134cadd7334fbdf4341d479d8e4af58012c7a88025,user
viewer,k6_ws_201,pts_ed57641c1548226b6103f4f799dbb41c04d0c0c001bd76085463f7f6c488c1ac,user
viewer,k6_ws_2010,pts_e4a444e9068395cf91b90d91df0c6a974ad66ea692b6d8a80bf782030a2a3536,user
viewer,k6_ws_2011,pts_81c5e3386ba4ea97cdeda2ec11e85633223525f1d7a82a8d92bb60f5eb194950,user
viewer,k6_ws_2012,pts_adc0fb3739b7e1ebadc718fef75f5f9cf1a25875b56b07a2afd3cdd978542219,user
viewer,k6_ws_2013,pts_9b69a7ec57a01b738eebde4f17af24aeb14f3a2d3734fb7d8e8acd527b6e7840,user
viewer,k6_ws_2014,pts_8fdf3e1eed229763fc62e230efbc8933d6910f1a5261a3c07147b78b9c35aa28,user
viewer,k6_ws_2015,pts_c95bd3f3afbad49995146fb759b63e97d74b095a386b2bbe9e4c8d9989f495a2,user
viewer,k6_ws_2016,pts_2aaeef83575ec57a310849b5e9e00caad9eaa0ed287f1a6e8f87d0d19ddfd804,user
viewer,k6_ws_2017,pts_86b49b3f89a55e5ed47541f969409f92f22384d056e6be19953938e3915bc67d,user
viewer,k6_ws_2018,pts_d9a14a9640e48b33ef9a20571f6255bcc83d80d26196e0e2c704b937dc37a428,user
viewer,k6_ws_2019,pts_714b52614801fff5c4c2e8f05ee6216c64aedc2d30ece814f9b334d2d5087b31,user
viewer,k6_ws_202,pts_ba240c84d581ab8c21c3b1a61b63209c934b148c5fe2ff2cc2d0ec69df4e11c4,user
viewer,k6_ws_2020,pts_3f22caef63efc21058985b186998d8639a6a9acdaafe29d163873bdb29992dde,user
viewer,k6_ws_2021,pts_a0462310297ffa73333ff0f2382c1c3836fcae2e56d2e0d5ea7d2b7752070d9d,user
viewer,k6_ws_2022,pts_f122773976288600db6dc152155bb21e0a34989417a61a733e3ac1af3764818c,user
viewer,k6_ws_2023,pts_7afb31fa0ca85c003c1e80d854a78e3cba321ccd5ce1066148c5668b63563599,user
viewer,k6_ws_2024,pts_e999ec550ecb36267bd631c676011819ecb084a1c0eaea8cc59179a2e46b553b,user
viewer,k6_ws_2025,pts_8142ee6bdb239668f1e4cf215568e2d00402206acfdba73ea2290b51b34a1212,user
viewer,k6_ws_2026,pts_7cbd44ecca951115ba65793add1736d454c648867e10032f4833587a690ff51b,user
viewer,k6_ws_2027,pts_0d4877661f86d8093845aea641707832df47450883215e8989ff2425350dbfcd,user
viewer,k6_ws_2028,pts_663870fdca7b84804d689fdeccb78d495ba464d8e95df0eefe7aea019f24f956,user
viewer,k6_ws_2029,pts_8b18a69246b1ad8abce6da94ca562aa0676832da2420960b7a90ba2a46141a46,user
viewer,k6_ws_203,pts_7533423a37f62f6a7276b01ccec5899f001334742e9a69a2ff1e465bf274d11b,user
viewer,k6_ws_2030,pts_c1c991c80fff174ac0ea3fdaaee312d0fc9e62acb5817d53e54ce92981643bbf,user
viewer,k6_ws_2031,pts_979578a6cde74e4ca204d47c079dc08ac3567b82f3cea8d527a892f6345f60a5,user
viewer,k6_ws_2032,pts_838183dc76d284916cf5da67b5318fd6bd1c08924a1018fe21f12faa1954a2e1,user
viewer,k6_ws_2033,pts_a18911d7edf254837838f3eb7c6e9803655830467e328337f865e01eab15e791,user
viewer,k6_ws_2034,pts_31924a2136777abd533019b9403ecea15a4998b50edcd98714394567a3244e2c,user
viewer,k6_ws_2035,pts_496e013217d93eab38490774e573148652824ebf5e4ae3caf2eaa27d90c4c7c2,user
viewer,k6_ws_2036,pts_916f7c05ba3aced9e8b37eefa351c792754b984f79965475b0de7c77fc88d6d1,user
viewer,k6_ws_2037,pts_1675949b944571b07cffb375ea64cc97e3807a0a77ac43e39d2321c251da6ed1,user
viewer,k6_ws_2038,pts_1a65fe68501dfdd6b84ec9fb84b912c348f302db8c84fca9654a677eade98d74,user
viewer,k6_ws_2039,pts_0200f1d252ccf5e834d1de64a6be7a504927ce669e80292d14c85f5c26a20dc9,user
viewer,k6_ws_204,pts_d0e4c02092593d0a3ad3e1a9e5ea7cfc823cc9385c9dfa866fb1bd3f0ccc5b89,user
viewer,k6_ws_2040,pts_ea7ded97a1b8809d003176ea0671d62a502b9287ce9d0ca68785b462c7e03b25,user
viewer,k6_ws_2041,pts_cea415991ec6e60ed35d1745c8786c70f3796a6e1ef079f1a0e1206a0746abc1,user
viewer,k6_ws_2042,pts_8f9a1e0c4d524a85cee15b8fa3b9888301928e89fc36bfa7a0d6d1e0c5fc507c,user
viewer,k6_ws_2043,pts_00d48517e2d8b8668c8a27c2c9db9e086e1431166f2d8445dac9a4e8fcaa5d85,user
viewer,k6_ws_2044,pts_bf4c8b2be5899eb66a5399fdd7f06d3e2557d025f2afd6bae12febff06ab0090,user
viewer,k6_ws_2045,pts_46664302e2c9ba13cb2b78b2ce573e8ecb3b118679993e31ae193fb6217a6995,user
viewer,k6_ws_2046,pts_9b28bec08a4e99bc4490f7e16312f15dbb35cce5aad97532f21007fd07b50897,user
viewer,k6_ws_2047,pts_c6cf6e8061102f037f0108a171393a431ee90116edfcc47e6bfc3f11df6d4d2d,user
viewer,k6_ws_2048,pts_b4137827f183a827b0a64f8c68594b71a75354a2bd46cc8307d579cdf7a2f421,user
viewer,k6_ws_2049,pts_8b62d96cc8ed850cc10b4285078046706359c69ca7cd57e6eaaaa2fd9ff1f4f8,user
viewer,k6_ws_205,pts_d1873075f2939f2b0b6c1dd3e040a4579dc67794826b130b87bdde856bf3e3c9,user
viewer,k6_ws_2050,pts_b0c5ab85a629221cdb515a9f7ac396ef14d4e56bea74180c06dc3d1fc5718e75,user
viewer,k6_ws_2051,pts_e29295612c43b1fb69a3499af849b730d0d2af1aef8d7ce09bea88ffb53cd84c,user
viewer,k6_ws_2052,pts_85f70adde9fb0f2e6b85ba03ec139e15db7a8dad89fe4c50dfad10ad0881ecf7,user
viewer,k6_ws_2053,pts_68308850b854d27885feec8c377ae7ad383f37f83ade94add9c5ba38b42aa5a9,user
viewer,k6_ws_2054,pts_2ea7eaf02a077f1441ce7fc59f48cd9c999ce58c3857247376c563a14a0bf46d,user
viewer,k6_ws_2055,pts_8eb7ebbea9c62ae9785006b7d5b9759c7f8336e9b0ddb4c0bd4118ba723cef9f,user
viewer,k6_ws_2056,pts_b91485cf476b3fb4b1a869d93d1341318ba8aa48499158d83b714f586f889b11,user
viewer,k6_ws_2057,pts_0ee348a7a4f1b59a9163a502f7ec0b6d7bcf9de76f2bc430caa815c3955a5975,user
viewer,k6_ws_2058,pts_037b573800eb8965c560f9686b9b500807c4792873ff125d1cd515d0c813eb35,user
viewer,k6_ws_2059,pts_201602279f714419902f6677708979b2f3954730483dd13959ff981a7f02c5cc,user
viewer,k6_ws_206,pts_9a57d0a62c1e16ef80e601cfca51c841b359728270b97056340b08d7b322ce71,user
viewer,k6_ws_2060,pts_d3b3abd8914ecec3eb12c631a2b29cd473e33aba08ad1fbddf043f50518268d7,user
viewer,k6_ws_2061,pts_625f764049515dfab64780269b4c76f3216225bcda383dc32fcd0b17166ced21,user
viewer,k6_ws_2062,pts_b23aad13ac1354bfd3c033cbb00dbc4ee856acaa1cd9325335ba10a78d725ff9,user
viewer,k6_ws_2063,pts_ca4d7106e22fe678704c2dc167ef6ddb83398b467ed42a860cc86e96944bc2a3,user
viewer,k6_ws_2064,pts_30e383b14a2b62b29e81e95abf5f77c88ad328a242be41bcb51e869937b6fb42,user
viewer,k6_ws_2065,pts_95b90cea8688f878c53ae59dd3df4834a7c5e525fe4389c6c46092fb2bfc4c88,user
viewer,k6_ws_2066,pts_103f5d80c9a558122b8529ce7e6cffeb109cb191fcbfbe1c4dfd9650cf97b9a2,user
viewer,k6_ws_2067,pts_82602d7ca8518b858e7e798cc459e268e2aec61f7dd360e4d33c7ce284286d53,user
viewer,k6_ws_2068,pts_5ea3402cc84920d06d490cede6e40885b8edd3b9df33cdf0139246fc78c6da14,user
viewer,k6_ws_2069,pts_550e582a4bc9148584ebbe4a14d778c825c2f2149b6ce3605762545edd7f4962,user
viewer,k6_ws_207,pts_d69efa4197643023281cc703f93a1e5a033de345fb967a37ebacea8d6d7f83ea,user
viewer,k6_ws_2070,pts_ce94ef686dfabc171cf124b1c36303d63865ba5a73961d29edf0dcac9a3d51a8,user
viewer,k6_ws_2071,pts_65acc6365946aa3a38ddc2e45f630ccdae386e176d49e95413c054105d909778,user
viewer,k6_ws_2072,pts_03f29a56eb460f1b5835b4c371a565a50923f71056aed19a5b0b9a2094f8deee,user
viewer,k6_ws_2073,pts_7c527943c3f9a8f2af4059b2389fbbc11ecfb042aeb45963f874f7dee2e25123,user
viewer,k6_ws_2074,pts_0254ad99995e261a5c2e3207e86e8232c5252a377caabf2571ab06b0f689b2be,user
viewer,k6_ws_2075,pts_681e3b17a877701cc73ebbbedd90913d6a323b413091275d6ab8759a834cf905,user
viewer,k6_ws_2076,pts_c19698b195d39fd95d3f0567aa125d797e0f563ffced8d29ccc2442c69aaf122,user
viewer,k6_ws_2077,pts_ca4636e28716773b32fc180e2fa37a5b57ded1d0ec7877ed5c4dca631a8a86a2,user
viewer,k6_ws_2078,pts_9f09c26fc88161c9ead295beeb448122e5ab3ccfeb91244b3863ae6ce4a7f911,user
viewer,k6_ws_2079,pts_088cfc55b4c464a3757982ac05b9a36949750ea6ca6754c8894117277e215dba,user
viewer,k6_ws_208,pts_cb5cb0b172a91a826b56ffe89b3341f72b876ce4d4dee2145e9c3af59954a40a,user
viewer,k6_ws_2080,pts_826f239cda1f2f3b777716010f674ce47e0f401a41a8d649201e4c265b135bcf,user
viewer,k6_ws_2081,pts_866aed52001274c5f1adfba0840f8a41c63b7e9bb2280a4b4ba15614631b0965,user
viewer,k6_ws_2082,pts_92ae46973cfb870291b753bf387cc609a2ca7175e54ff30eed55395d9b539043,user
viewer,k6_ws_2083,pts_9695240270218e7ab0fbc05182a3f32992c7135f8922f4b176fc205987f501d8,user
viewer,k6_ws_2084,pts_420d98343fe327d811bf40a436f5c530a069b983bc18d8c9f7cf728f0ea0f5c0,user
viewer,k6_ws_2085,pts_5ed189f57462c61c9ae14302501f42d17b5de1d177b8688629b17db47087ddcc,user
viewer,k6_ws_2086,pts_6b3e781966a8f709c1a16aa3a23018a09f86b7c889df577cc69ac310c28ff64c,user
viewer,k6_ws_2087,pts_91ff4050b4cb1e2a3b1dd8a67670d227a68c699db64b2e77089679d9a476691c,user
viewer,k6_ws_2088,pts_e7ad2fa90efe58ff381878f2774d6a4cc28611d5a1c62504e7ad8cdb9cb9e26a,user
viewer,k6_ws_2089,pts_12cecc1b6314aaa0a926eb7cf8f72211a19110861e38c764084bc4da23e3f247,user
viewer,k6_ws_209,pts_defa64b968e45098d6714c69bb4d83a6d617fc7bced4e699f8c8faf37e14251e,user
viewer,k6_ws_2090,pts_7e2424ae245ef858219716ad370276160844ddd2225ab5d824254aa0594ee548,user
viewer,k6_ws_2091,pts_3e6841bbf1b9175a36daef2453ec43d72e4d425fdd0aa5636de707dbbe1e1464,user
viewer,k6_ws_2092,pts_d0e3fe935f20bd34ded45dddd8d06bb62271d2b546f1557b7c0917852bbf988d,user
viewer,k6_ws_2093,pts_efcef90dc737b4ac20fbcd3ddb39909a2cf5c121daeb0e82b9f08a90eaa8755e,user
viewer,k6_ws_2094,pts_3624a845b4a279f8f7f48fd12e39ec8006aaac222cd2bc897d41ec7840e0c0c0,user
viewer,k6_ws_2095,pts_370cb64c86bd877a341ce2a7fd1737687c6c64486d5200368be9f87214d6ee95,user
viewer,k6_ws_2096,pts_fc07f2e2a51310b406b180012103be6ecfc48a573ede01ace271926375cac032,user
viewer,k6_ws_2097,pts_17b58e44069c99301326a34a6dcca5244fc2b6d31fee944de11b9743ff2a87e6,user
viewer,k6_ws_2098,pts_c3ee9435d69ab7e7c87fe2ccb8158834db3b737fbbd0be1f693a5a2c66f4c929,user
viewer,k6_ws_2099,pts_f427fd6563a5d9aa1475ff779816e78677c025b6625fa02d453ded63bb6f6e96,user
viewer,k6_ws_21,pts_0ebc816501951b30757d0fbdf22ce1ed7fb2ba71afca7f0e0671acfb41e6691d,user
viewer,k6_ws_210,pts_07d29a76d2f4bf5de99be7e906cb96a3ca65a523b3671ea472a2122be5398457,user
viewer,k6_ws_2100,pts_fc4825d9c2893738dbc621f6ccaedb987e99c706aeebbd775e01de6db89cdd12,user
viewer,k6_ws_2101,pts_7bae35ada67dfd7a41f84450ed9a640553e1336a8d55de036b1790f251d31854,user
viewer,k6_ws_2102,pts_dd717e6033f4f13c064d002d0d5f3ef7f9b18cc2457a5d2f6d96d17b418d5c09,user
viewer,k6_ws_2103,pts_81d6c4d312f42f753c5cb50399645d4ae048f4f9db5506b32e05bff00b7dd593,user
viewer,k6_ws_2104,pts_4cc85a5903db5a44b119d1d65b46a136abcad48d4f8cbea2035ea8fe75a18f4e,user
viewer,k6_ws_2105,pts_013abe2c0f1a1a90b84bef2a621c7d4316df024e3106c0eff76274d5e0ad4ef9,user
viewer,k6_ws_2106,pts_4fff6bb93ca15ba7a9f1a96d1ec242c1fe6d434e1164e6800bb2625a4838d5cf,user
viewer,k6_ws_2107,pts_aa5c889fdf83ecae423541a9bcb091a30903bef87a5e75f22409a09367a4ca58,user
viewer,k6_ws_2108,pts_f65124c41bc1e955971378e1a3227b21238e9a8645889cd70d6d629c28fd7626,user
viewer,k6_ws_2109,pts_c182db32a3e2ca2571b80dc91046d7bd6ebf109d700a2694303b357c6785479f,user
viewer,k6_ws_211,pts_9f855977302d6dab08696912148e07d396cd898f430ac789f570001893f40ed5,user
viewer,k6_ws_2110,pts_e3a3dbfcc445e6bb95c85c901b452b915baec3a8275e3d2ef2c5fbddc21808e2,user
viewer,k6_ws_2111,pts_d2686005f98be94583f388727eedf258f538e16093a2b14e968794b805127cd5,user
viewer,k6_ws_2112,pts_4f9bcd2455b9640a966f768590011a6bc5a3079e296d3bd2ec16c8290ef1dd4f,user
viewer,k6_ws_2113,pts_09e91cfc4548e7b2b9a4e587f601357adaa68f69803191c8912fd515bb50a310,user
viewer,k6_ws_2114,pts_7f6cb805bdb181743a989f5db50593aa6672e1f36d27f7dce7c7341c2bc3db7c,user
viewer,k6_ws_2115,pts_f83111f4055aea2eebeb534d747121441e8bde18b193e8cb04e9247ad53be082,user
viewer,k6_ws_2116,pts_f60cc822a28ea65bbaa5c8a08f9289c196a81181a83610850343a04ce9fcbd8e,user
viewer,k6_ws_2117,pts_762a2c6b8133a1171b5ca850f518bf8d1b68b6a978925cf34ee24e603e058c09,user
viewer,k6_ws_2118,pts_b5e2f124c5cd6cc2bb6158034ed2cfb43d6777483e3e2ca7e3a2c78122562aaf,user
viewer,k6_ws_2119,pts_9d4e270d09f6b15faa652e0efc325db91eadfdc6d66cfb3ada4daa9a9f51e93e,user
viewer,k6_ws_212,pts_106f1a967d606377ec9d09aa7911d536074d673ba5fc254c78229a3fa0d92116,user
viewer,k6_ws_2120,pts_54c0fecdc00add4988f1a6181d70f0d7c709b7ea027fd9032ae1a7055e90d936,user
viewer,k6_ws_2121,pts_c976182faf5c8fea2f014d8982f515cd0bd1e0b3d8f9cf3d32511710fd6aff75,user
viewer,k6_ws_2122,pts_700ce96e3896ae012ca821594207d3e0a2efb831a2a9672e83a6ccbdb32d430a,user
viewer,k6_ws_2123,pts_a30505671ec8119c15020b6ca2a07948da3a86d89339c8b331db2de343195c27,user
viewer,k6_ws_2124,pts_9cc2bf678221629dba1fc273b144f11b6c60a1e4598246e1e5c7325f0743ffa3,user
viewer,k6_ws_2125,pts_5ff45443bcd0b2a046bdb79dc36fcaec685f3c8c92089deb59198f24e7bbd19f,user
viewer,k6_ws_2126,pts_6a5cf1b4ba3b7ff96486dbfe418dcf7ce986b1336b63f482c701fa07212ff9be,user
viewer,k6_ws_2127,pts_fdbe0e03c6058ff2d8f7e426c3e43882fafbf873ed73ca118455e088f06cdd08,user
viewer,k6_ws_2128,pts_cf72fbe6abee19e0b5d4478d055333858d3eceb24751c4929d90a530940436a8,user
viewer,k6_ws_2129,pts_1e0aa57624c94121b9c49a12990ec28eeedc058d491d686b049f9769097373bd,user
viewer,k6_ws_213,pts_bd434824dfd052d7e8a07df895435abba5f058c8d06f8b31aac87998f3371081,user
viewer,k6_ws_2130,pts_eb0f932a72ac2bc42dbae440b5c9462805983be0170d68d1b9e17bec31bf2194,user
viewer,k6_ws_2131,pts_5b789e465c28cf5a707351182a3c40b035280563128a35b8a4cff0c7b6b2a39e,user
viewer,k6_ws_2132,pts_9475d1dd921d886663151d6d969f13949672c48853a8937b8a1212f18e3ca266,user
viewer,k6_ws_2133,pts_67d8d20f9181d84d7ed1b3fcb2594ab0c9a441bf7d4094e4b65332f6c8a6e028,user
viewer,k6_ws_2134,pts_dddfba2aafb51e5e7c4f508cd38a0d37c0d34ec8b931f02756f95a53daf0900e,user
viewer,k6_ws_2135,pts_45cd3968e0523bbabc0df73cd777f394851a23f9fd8f39b97cb6a8181ac5d4dc,user
viewer,k6_ws_2136,pts_d3f1a6539e60f1e7afbe545299c2ee1744735540fcdab43768310dc20c4c6cce,user
viewer,k6_ws_2137,pts_a0bd95f0313f8183761d7395298adc0cea8e7afc96de6d15918ac2f668f831a9,user
viewer,k6_ws_2138,pts_59ac0a5943039f2ea4d7492fcd066247d7efd04a609aa746dda36dc6c335803e,user
viewer,k6_ws_2139,pts_930322411fff9f1a2bc26a7afca902314683f547cdcb44f139ab2b42891b2ac5,user
viewer,k6_ws_214,pts_a4c1712adc3d357600bb0a364d8116b795aa1b68454979c2423190dda0f06cf1,user
viewer,k6_ws_2140,pts_859e275344e7dec2c188be989711e7958746e28e7bc54b7e1d946a9b324a8095,user
viewer,k6_ws_2141,pts_da9958271754389f626b28af9e8277b67d88745dde7e835006fd3f0973dd7646,user
viewer,k6_ws_2142,pts_a0564d5ff8cd8c89872f443ad89c8ffa9fc414e8704013dad8040f7de2fe6535,user
viewer,k6_ws_2143,pts_efe36ef6b7c14c3db25f7d33fcf098d6522902e6007aa46df970d6518e902199,user
viewer,k6_ws_2144,pts_380a4c09d552a5fadd26da0455847a72cb12982a18620b295d286b292dfe28bc,user
viewer,k6_ws_2145,pts_ce3776660a85b62f298125361339830f7cb5fad1e7b43f9317a3d927cf81abea,user
viewer,k6_ws_2146,pts_d9f4dee5a56ccd7024005b733167835c487568595f7d89de0d07b55468721c62,user
viewer,k6_ws_2147,pts_86b0986c8b8db25fec09f817768210fca5792e2d50e0fb2a648bf6ee7a493180,user
viewer,k6_ws_2148,pts_e97b14e395bb2bfa6289f8664139b0039cf4cda97f1a437a12f38f0f87b06791,user
viewer,k6_ws_2149,pts_ccefad7fb2cf6a10b7188ecbda5627ee6583bc735e6e0300aaac773a2d515a69,user
viewer,k6_ws_215,pts_0eef8da064b5f8d72b72812973d6066eaba841c2a45cc157e24f60f96dc21efa,user
viewer,k6_ws_2150,pts_94be91a16123c5ec61e7ad13f224ef60d9c96010a81a9851bcb163de68d4ca11,user
viewer,k6_ws_2151,pts_2d2060731eb0b27de85b9722c3e25befd716c809b6b238b456aaee1b033c274d,user
viewer,k6_ws_2152,pts_54a012daf66279810af1828205bfb6bcd07682a6e3781b410cfe57f865f443d3,user
viewer,k6_ws_2153,pts_a148a8e33ff706fa5af673c1ca613d149454eedd4c49de520b1b86dca82f407d,user
viewer,k6_ws_2154,pts_6d433bd614cbdbf46033b70377ecf0ea90e89f23236a4d263027cdfeb4dce958,user
viewer,k6_ws_2155,pts_3ef42b1fb913c5e319e3ad6b722ea8ad4520156d66be1f6eb014fbc507e0e91d,user
viewer,k6_ws_2156,pts_5ab15e732532caeb7974893905069524412344f8a8e7a581b14eb62335d2f25b,user
viewer,k6_ws_2157,pts_d171881c53a9ba0c2eb15c1459ab3c672d389a8e2ec415ef13d4b21eee29d26d,user
viewer,k6_ws_2158,pts_001adf89afcc37ee988cfe1563009342b0ee0007c3d7e239b81332e037a0063c,user
viewer,k6_ws_2159,pts_7981601a17130ddaa60711dfd6cdbd5c63596d75e091ff54a4ec3036857bd86a,user
viewer,k6_ws_216,pts_f465d5a6d3d9eddf006c34a6b92e5668f5ddcc49070073addec0e1b382cad249,user
viewer,k6_ws_2160,pts_d9608c1228710881d37fc13b75f4db42a695fc9002f278a60aa2f2635f43d08a,user
viewer,k6_ws_2161,pts_a8897d291354de5617c28fcf4e00dc76db0be3ab954734a407d4909541db01fa,user
viewer,k6_ws_2162,pts_5052c164144542ae2b967815e1f9539fdfd9dae8417bc645b0c7989c2c733f58,user
viewer,k6_ws_2163,pts_2f9ebcc4c3be35cabcbbeda8084445f13a848be352ad88f0b1a01cff4a1d7391,user
viewer,k6_ws_2164,pts_b54d57a2b9e2b0e0c47e4644397ee52f71f08faff6e6ac5c0b74372b9e15f1fc,user
viewer,k6_ws_2165,pts_4ed29c7752b39b6f1f7e7f50bdb40550842203c0b5b05c3c50e4715e16a7588c,user
viewer,k6_ws_2166,pts_daea440c645424359d5799bbcfd8c07c42b120c57768801d86d04bafba5d404b,user
viewer,k6_ws_2167,pts_4aa04409ca9176b230e137a20cda6790ff89c4e3056a4d106601e6d770d74578,user
viewer,k6_ws_2168,pts_e0f7c72e6ca1a86c4f0bbaf0b8c39116aa493069ed68b715050c2c3559174c4a,user
viewer,k6_ws_2169,pts_a2545596e7bdceef52aaca78c3a92b7e2110936a20eadc2ae1dd480076bf96aa,user
viewer,k6_ws_217,pts_c38395ab234895c34f88bbb1913adb53eac8406f2252694ec873e09d6398b25b,user
viewer,k6_ws_2170,pts_5fbc3859a88f78f74b051a58160d6765ba5f5016843d56c874995c0e847d67ac,user
viewer,k6_ws_2171,pts_31280e705c64f24dac8614ddd657b76bae814181e5a7ea2d1a04c9180351f966,user
viewer,k6_ws_2172,pts_150e166b6659d162f696aac14bd36231357dffc7c76fac813a3def458cb449b8,user
viewer,k6_ws_2173,pts_e7947e03b84496984795491dab82ec36a953a6ea78c67ecba93d6c5f0650fa65,user
viewer,k6_ws_2174,pts_edf36a4573784ebf86352a9e2a619b7afa437ea6bbc1e466c2c664022d17bc55,user
viewer,k6_ws_2175,pts_c6842635e0ac05f488cd31ffdcfe6614817179e8c7b6419d957cd0e63222f8ff,user
viewer,k6_ws_2176,pts_e5a971a9f57f73b37a914f7e9f2512b940088efbcffacceaae62831db2b0a020,user
viewer,k6_ws_2177,pts_4e284421abcb8c5e70a2065cec94d1b18d3ad2a8a3944320a6c9f1b3a04842c1,user
viewer,k6_ws_2178,pts_155e1de6dc5f38e87037d9a5b16237e02fde385b1d0c47c265b17cfabdea1596,user
viewer,k6_ws_2179,pts_4e03aebc455de666b995bcbd87236c20a7686c2265dae9441297fbdf08e3e000,user
viewer,k6_ws_218,pts_8fb4935e3699a1016a9cf0a406e45bc36b816df5eee13a89fa8d5428baca9162,user
viewer,k6_ws_2180,pts_1b4d4bdd3d42f3bd47294a599878911fbd0294e8ac2f72f21ece9c8feacfe5b1,user
viewer,k6_ws_2181,pts_5dc5d7fb10229257cf7094ac75ed8752afed56f29b99fd994cc8352aba6a4ff8,user
viewer,k6_ws_2182,pts_54fd463f15ed4da72ef9b513dca7a993e9186a77030b83627b56892e8f172eb0,user
viewer,k6_ws_2183,pts_bd7bf19a833ed9ad82b3f49ef742c3a644d610c7482d8bb9245cc1545ce8b489,user
viewer,k6_ws_2184,pts_f1914cb88faf5afc03b2b9f9b3cd5ced40ab263c6bdbdd00566fe8a98817451b,user
viewer,k6_ws_2185,pts_06657c233dcb69f4add6144e67c688dd7988f31dc666a33a551547369747a9a4,user
viewer,k6_ws_2186,pts_84da86dc755b43abf35230f7d3f70d0ba964969c6ee0eb4d6111c733a4ee787e,user
viewer,k6_ws_2187,pts_6e13c47fa8113e635a5029765da20ba0282fdcf7b2b0a15e1f7eb726bdb2cd7b,user
viewer,k6_ws_2188,pts_0a5f64bc51a3a89a5c374b7b7d4522ee2888aa691a3c0788f9062bf52f9d8ba1,user
viewer,k6_ws_2189,pts_0cfec2708e410f17856ac96f5dc641cfa9c2604ea8cc1129604cc878e7666228,user
viewer,k6_ws_219,pts_7350140f3a444a7d06de7f84df8ec6fd606561e7a3c6a0de32f73431a7986045,user
viewer,k6_ws_2190,pts_0395022d3bd0331ee201db88e900af3c635199f903fc3d96c5add05d9f5fe564,user
viewer,k6_ws_2191,pts_467e5b245d1643ab2f6cbc6325f3b4842bb9cf66ca1c4e8957cb87bb6e2b7dc8,user
viewer,k6_ws_2192,pts_fd1dfac539a9ab00ad89d1c6086458ec1c8ce5b5d37615b3347dcadd029d9ef7,user
viewer,k6_ws_2193,pts_7fa82c7e987bf0d1a9f507dc5e88df40654b6a4a3b9acfe95d47e69732c6bf2a,user
viewer,k6_ws_2194,pts_6c6742c62235c524ee2740d74fa491abf4593b31e7879cb4b33c108d02c52320,user
viewer,k6_ws_2195,pts_55b83ae61b2b54a81d7ce97d27713ba20b4ababe231eda479ae3cc4fd211315b,user
viewer,k6_ws_2196,pts_105fe7bb6514afff7a8b550c1e40ef573d229ca90f7689185e316db57a9f7b40,user
viewer,k6_ws_2197,pts_794610f9984c0a11655edbc2fc7e7e3f2ce014bfb4c245c9dda72891d4b3494f,user
viewer,k6_ws_2198,pts_2b1b13f076c6ff61af7bde9ddefac20aa340b7e61c63de06929c66810683abc4,user
viewer,k6_ws_2199,pts_24c0eeedfdb28db7a5d91f2502ef16e443aa4d4a4bdf49b744b15803e408322f,user
viewer,k6_ws_22,pts_34c2b157165e9e8c2d9f9c3dba4d4e383587e8507297b72d1abc4012fd23dbd6,user
viewer,k6_ws_220,pts_f68eab57f1c980334e9c0fb65f758589aa11a76e69c4451466a388554934df10,user
viewer,k6_ws_2200,pts_797a9178f1f9d2e2a1378a92e739b4f4a7272d682588159b94db8735f465f870,user
viewer,k6_ws_2201,pts_ed9e6de5258c9eb201d75edb7c3f0ba50a264ff76c7d8508354be11f70bbfbe5,user
viewer,k6_ws_2202,pts_1c68ec1e1975cd57b85cd947234b6ecedb068780cbe7fbd3b7f913deaedffa83,user
viewer,k6_ws_2203,pts_9ee01715f4193b6966f549cf68b46862300037612094146e3859ffb075f23c38,user
viewer,k6_ws_2204,pts_969da9cc29c35c7e9dc4e868ef330e3d98a9b761d5bb7f0275f30206eaeeed4f,user
viewer,k6_ws_2205,pts_7021cc0e8fa09ab53f801ef1008494358d2aaf2ff4c69444523271a700a747d5,user
viewer,k6_ws_2206,pts_cfe98359c36e7eec27e9ca55950eaf3e7943d3ff69da13d31c22361d5b05c59b,user
viewer,k6_ws_2207,pts_25b4243f632f3e93f5dc589b0b9246fafc8a1176cd76b8ce456ab1992ad025ba,user
viewer,k6_ws_2208,pts_956c9485ee61908014046021babd1de920d90402b0769d789601638dfeffe7aa,user
viewer,k6_ws_2209,pts_e2cc05e32a6994831b49528dac90273966ef24405a0c1d80650ff27bf9c7ae4f,user
viewer,k6_ws_221,pts_b8821ec665bf7c17ccc327a04ae6847cb059bb47426553dadd4cb655f511a1a9,user
viewer,k6_ws_2210,pts_55d6a22249c675df86306e91fa56b5d57a64ec0150bc9068a7242eb431320e31,user
viewer,k6_ws_2211,pts_db8ddf2c8e1e35ba2c2bed4217f391882215d7c7ae2ff95bb8396aea07682051,user
viewer,k6_ws_2212,pts_d49b70deaf01f7676425e9e6259ed376a8b7806d2c346b388eddaec2ec641a9d,user
viewer,k6_ws_2213,pts_54334e579947fc9784a09c1341976d499e9513dfeed87953f05e2e93b9db6fce,user
viewer,k6_ws_2214,pts_fead2afacee44497ac70cc8888f50c33df689ee178d2f4ccbe7fc1ae09128ec2,user
viewer,k6_ws_2215,pts_ba173635129e767bfd205f313e5c730cb43135c65524ff581405dd476afb4380,user
viewer,k6_ws_2216,pts_b371cccaec1752c3211627cdba8f69198cff9cb4529600d9da4765bff1ba442d,user
viewer,k6_ws_2217,pts_246567899c881a1636ad9a9d39a4322eac7bfd322c4379bd25264bd55f51dc9d,user
viewer,k6_ws_2218,pts_7b52d0c52fb20bb39b9e18951b6703c4bf69813af2b1495aebeeb1f34da167e0,user
viewer,k6_ws_2219,pts_d8145f93bd25e8f92708a5a1b9e4873a7b41a8ea656743a508e68b950c3de5c8,user
viewer,k6_ws_222,pts_4a50458d065d9bc9bc0843de93835b9e509c8e07ddf33c429f64f064a51bba66,user
viewer,k6_ws_2220,pts_b606b4c4680fab658917b44c9bcfb3dfa320f467275addd024ea29fcc6b1eeb5,user
viewer,k6_ws_2221,pts_c609ad811c27a54c156fd39b285172a8c33fad732a6d7c1d9824b613caf7cd3e,user
viewer,k6_ws_2222,pts_0756f298b2ac59dc5d0591259decd311eff86d7c1840f7c5f4f4dcf7a3d9da11,user
viewer,k6_ws_2223,pts_68fb0f991a65625485c534e9379d0f6bfea1c58c779061ba29c874f97d4df1d8,user
viewer,k6_ws_2224,pts_1516c0cae327e726f2f5366d931e002c69b98a8fecf42491ff95a2776d905d77,user
viewer,k6_ws_2225,pts_2db5f6d566cb72e001c3e014e42d9b9e8e7e95b63612e0cfa9edda0cb6e368eb,user
viewer,k6_ws_2226,pts_879a3b68a56674197208aea474006c803397336a58e5f914a75bb8d20b59fc4b,user
viewer,k6_ws_2227,pts_7b3e170689e0c13e52e1342b1ffe4126a3d94c9ed81d551aabaa923623875566,user
viewer,k6_ws_2228,pts_b0b1884846769de1eef3b1354e269d359b94acdd0902ac1f521b7332cf7f0bba,user
viewer,k6_ws_2229,pts_077b44ac09dd0ce650c6cdfdd624158324cfa3945cb516d5a6d5b7623a31880b,user
viewer,k6_ws_223,pts_66eecbddfec0033d32f52897cd3e2f703e2a37274d86eae5050d42c82f3721ab,user
viewer,k6_ws_2230,pts_3b50e78171ebb5852ba010a5277c769261b9c7d1602359185406b62fd110a41e,user
viewer,k6_ws_2231,pts_c06cc71991a700bec5e30f6961d02944ef4f7694fd443241edf313336631d426,user
viewer,k6_ws_2232,pts_794327e1f6858574454e54dfc0a47ef78ac7bc3aa08dc49b421c12bfa53309b9,user
viewer,k6_ws_2233,pts_009462d5dcd2ab306af847bcecfc172c2018eca69dc70fbeb45bf323ac56ba6f,user
viewer,k6_ws_2234,pts_3a03eadf3015eb6e642b91aa6779279e33368c1a2ef8c42c191ad8de1d82543d,user
viewer,k6_ws_2235,pts_a9256d4040671369dbe6bb44121e7114c4ae56c188875623986ae8d44795b88b,user
viewer,k6_ws_2236,pts_a94c47949d833a597b4b68a23ba1594a312dd654a39b18ca0032d85be975478c,user
viewer,k6_ws_2237,pts_bb6936273a2d744992d5a78c684faaadf4c37872ce43aebb2db9b7ffaff45ea1,user
viewer,k6_ws_2238,pts_f56d779fcc2c61f617baa7d7a6733bb3cce3bc1f698cb03eac9db079f4447da9,user
viewer,k6_ws_2239,pts_d0f40d08f157918e903eac0a4499adfcadcc776bf8d97959e91809d22b53b915,user
viewer,k6_ws_224,pts_c1373325b55fd2eff840b2f1e1e3941a7bf6988c61323ed10653168745776044,user
viewer,k6_ws_2240,pts_5d8e878e5c078325e1c1a7ac602ba9c429ffb00fab395c53bc62ee2fca25bec0,user
viewer,k6_ws_2241,pts_64ecab5abab65e4b311ba341f2ee5f8d6566d172fd952c4eafeb73d658caaac1,user
viewer,k6_ws_2242,pts_6b8996a66954dc3940ef3043d48d8a2108a238d1ad538e5bbb64a8515c2865c1,user
viewer,k6_ws_2243,pts_b3c62dd74589268e327696296ba7bcba70a8f0d9fc8e0dcb5ac9adb21cec4d76,user
viewer,k6_ws_2244,pts_611982348da21755fc4edb3d4f9f52033d150f0da8d99388df4040d47224af03,user
viewer,k6_ws_2245,pts_4f1e8c2ad40c0e051b1c216be47df87f95ab63e76470b84bfea6ac270c04ed67,user
viewer,k6_ws_2246,pts_583374eaa59a273760adc3c564fbdf041b759547767eaedb26370a8a52af4fb6,user
viewer,k6_ws_2247,pts_53894f90bcce34193492a065f203ef01b44c877ea0026830db6815794390d43b,user
viewer,k6_ws_2248,pts_0d05bc822a834785b7b4b6f4db2a7ea1193245d52820dc859e6000ed5ec41ae0,user
viewer,k6_ws_2249,pts_18e231dedc47bf459b34214c2adc05af763a2b7a1c95363dd3c6a1b40f88b622,user
viewer,k6_ws_225,pts_02ec3530f4a1f8dbe858368e30e00f8e25c2afa3f3fb00c64003b3564429c9f1,user
viewer,k6_ws_2250,pts_9f500bdd7f7eee1181234f8087035196b15ff9846d7038403b66fde3b06002d9,user
viewer,k6_ws_2251,pts_230b34a63f423fe5cc1bc0b9a6d40a6ca5ab93674b48e119cb4fa535dd34fb87,user
viewer,k6_ws_2252,pts_fc91b18ede994feac010bf768b8613ff85a107e4e1ebe49ff80fda617c12256d,user
viewer,k6_ws_2253,pts_560857162ab5ec31d53d53274ff9ffa10be4470b309f2a5c462063dfd81b1143,user
viewer,k6_ws_2254,pts_f5cf871dbc9d4c0deaffdf5f867e251f7964cc05e2aaa1c5328c00f222de6f47,user
viewer,k6_ws_2255,pts_f4f29ea3b30beaa4ff420da37af453fdb8886fc5504462ff1b88a186fb414551,user
viewer,k6_ws_2256,pts_4f8c3a9aea19d0d597b5213a6a5f41276a30fc74acc332e35618bb481d1f9e5a,user
viewer,k6_ws_2257,pts_de3742d275ce075fb43ba44bb13bcb6be3b6aec0495c1b40d5b6634f33d22238,user
viewer,k6_ws_2258,pts_db97a03771b193eba345eac7e53cd96c7b20b1be4568a7f512ade90d15d426a2,user
viewer,k6_ws_2259,pts_4be2b0a539e7ecab628c292c102c4f5c3a222b09580c820f0e2e54117b148192,user
viewer,k6_ws_226,pts_70b48a846245fececf966eeab80bb0f18a24873e29a4ca19587674e92f2560e5,user
viewer,k6_ws_2260,pts_17a3c7c8322d5343ce273bbc94a63efb8647109cb484e902d8d53527c133129e,user
viewer,k6_ws_2261,pts_d8025d501ddde098dd9c185592a011fd731ef431895c4b10db12c7b7b34704e8,user
viewer,k6_ws_2262,pts_24af962249a5ef040abbfe5f981d35efff29732ccb9b12b4237e6a17220e26fa,user
viewer,k6_ws_2263,pts_1b4d8fb9d0c6d44c5a68d92c90c96835d22a3459b962154cbe448bbf9557eef2,user
viewer,k6_ws_2264,pts_c967e8d986b8a8885c5e711bb1de6fb601e1ed77058b78ea73be17560ecdc984,user
viewer,k6_ws_2265,pts_a4afb9c927b957e242daa21c699ae01a0484bb4a241542d2a4ac15d03976bdd6,user
viewer,k6_ws_2266,pts_b1bb158b98284d6002db1dff2d36e3af8bde6b1c36d9b774570b50c0272725be,user
viewer,k6_ws_2267,pts_0b478d72c35d5f04c1d85c0afa0e780594a5ee6887c21fb799aaa58eb3e7b204,user
viewer,k6_ws_2268,pts_4c5a92dc16173e6cfc650d6448914c99e6023dc971d1ccd6b9a6191dd9ecd65c,user
viewer,k6_ws_2269,pts_837f4b3640faa2bc876601e8610c0f85f479599567da5a704533d7c7c17f701c,user
viewer,k6_ws_227,pts_8d2d7d49fa2cb13049e26274198317157fc83330f05a1e2c86c22ab7e7a66a10,user
viewer,k6_ws_2270,pts_5d068f0a566994bb4538fa39cf7e2bebfcf6c4a1cc7f95d70f56631914c9391b,user
viewer,k6_ws_2271,pts_c801912e619829a0a3ab5454b3f71e0156a7db13116c709e168794c2b1a12095,user
viewer,k6_ws_2272,pts_5c066d78a2ae7911331aa1eb6598d9da09709317bd096f9cd05c921550db89de,user
viewer,k6_ws_2273,pts_323f0007f30b6f1f2f2b5b61f658b4808263f71bb59940bb751b8b7a078f1fc5,user
viewer,k6_ws_2274,pts_f73e4648667e5648ad2d49802b5d901413063228c1ff4f218211d62949906985,user
viewer,k6_ws_2275,pts_b9e8ecb4b39e6f7d9d633bb97d55dfd94266afc8534f5f18808dacde00b65faf,user
viewer,k6_ws_2276,pts_84569bbc1bd0e1378c1a2c20c1f567ae71987fa955eea28d73bda8e120e13b93,user
viewer,k6_ws_2277,pts_7a19d715ffe22d02db9029cec8219f1901a5a72cd6dc0e9c206b05717bf69e40,user
viewer,k6_ws_2278,pts_3a72689078ff50687d21ed92cdc8d27593af95194968bc17dea10e7b5ed15dce,user
viewer,k6_ws_2279,pts_5ceab25d856fff288fa10fcc7a247a4b8c99b1ba68d765461c426729872f8ed3,user
viewer,k6_ws_228,pts_89d752d8c85f9ad96091b65d6f34f1f5acaabf09cde3deb6a3c6c82b814821c6,user
viewer,k6_ws_2280,pts_cb494c9b6893f541c456a1cdef91af0b86e3c3b320036dc8693b8ce2a007fc0d,user
viewer,k6_ws_2281,pts_6ceab05fa5554a3a856abd81e2fe061f99a4edb181c56483a0b088152fce4ba3,user
viewer,k6_ws_2282,pts_062732c5240ca4f621289d2a66b98ab671e3a89d6ba58c7b30e607fe2c86d193,user
viewer,k6_ws_2283,pts_efaa774683f1de3b26f2c5d4dc9ec4c8f70d08018b8e466e91d622737d70c0c3,user
viewer,k6_ws_2284,pts_0c1877dab003f010c88c8aed38298c1724e1ad97400e128ed9973d842ec897e7,user
viewer,k6_ws_2285,pts_f90229a6ca793bcd2141b67c6f60ea4fe230483b9510c741d9d5d928644e657a,user
viewer,k6_ws_2286,pts_3830b2465e383423eb97b285c28ce0991da3880f29ddab6a0f6b0850512063f7,user
viewer,k6_ws_2287,pts_85f0feeba621b06f23e3b59d5e13d026b3bcb60128899baf8bfea0520b57d6e1,user
viewer,k6_ws_2288,pts_41a049028b2e9d1acc5aa6a7d1a063f1c620afc6c141ff86371729865f73f651,user
viewer,k6_ws_2289,pts_8a984975f25999280871fb4f7abc47397f40100bb3a4b9be28eb831c37a00646,user
viewer,k6_ws_229,pts_1ef96012db4460f3341eb4294f830e589aef48c448d9ff91bd8a7c54f0c0ee5e,user
viewer,k6_ws_2290,pts_a01ff7ca2d02c7173d3020d899f1e6a8791ba45002a02cd603982fafd9ca9a13,user
viewer,k6_ws_2291,pts_27d312f501e50d4a550982f4d5a2d5945f114b6af925f26348b3edd4f6e2b063,user
viewer,k6_ws_2292,pts_55e956a7bebec1119658c581aa5382309822cf6abe16855086a650292b0141db,user
viewer,k6_ws_2293,pts_e80274b9175fa9397f8eee2388cf962fc7bc40fc2efec361e0b4cfcadc2991a1,user
viewer,k6_ws_2294,pts_9807389229c83d40449635cc3b1e1de48a55a1ba2f55d8c886d63e1972e91706,user
viewer,k6_ws_2295,pts_b216056fe4225ebb61d29ee270ef77c32ce0bcad290f2b0be70961c845657554,user
viewer,k6_ws_2296,pts_7602b950ee5a984f028a72d9357e26fc053dba2d13343d0a136a9782b4db4ed5,user
viewer,k6_ws_2297,pts_70eec92c5ac7b503e9c045337ea40943356048dc3ddfc7092b4370f5b6e37e9e,user
viewer,k6_ws_2298,pts_3caa20b9e9b854f1b59cfab2c097bd8cdedbe927b4f7e116fcb184d8f8246d45,user
viewer,k6_ws_2299,pts_b9739a3d1c9d2ccec98bbc6f63d087e05f1b9017261be46f120f7d4100f4b5c1,user
viewer,k6_ws_23,pts_e17bde406fe84e221ae52f4a7efe8e64fb731d1483a61d9edc2e59c081e0e820,user
viewer,k6_ws_230,pts_f0b43e7583d3221027e1168cd304e3ae1d3875469c8facf8bccb60f14c0ab97a,user
viewer,k6_ws_2300,pts_e588bde0a545a5229c51fd0e22de3331966ec7eab97907091afbb28c9bb0e1fa,user
viewer,k6_ws_2301,pts_6990777f78e05812e6f85e63c90d86727eec53eca56ff9c114d3709079db10c6,user
viewer,k6_ws_2302,pts_7f40d66c20371b01f1be475475c8c77986b7a8bf96798867993e9c00dd9c7e3c,user
viewer,k6_ws_2303,pts_3c5b48cca0ab39a19a0596b73750c678920b439a5ca021a87137631e4faafea3,user
viewer,k6_ws_2304,pts_9b8e5999de8e2a1a99944bba7facd89ee7e916c987dc397cd61631b38c086853,user
viewer,k6_ws_2305,pts_d50d98dbb86812cd7d1c13f69e8803e51423b27d4fc94c9685aa5d979e81352a,user
viewer,k6_ws_2306,pts_5fc0d675a54f0c57a644a7564b21d5e1c0568c2af885f991490dd350613a04c1,user
viewer,k6_ws_2307,pts_3489df77fc0c86c724b7f3145573e9cb13ae04b9b61330cbf5853b12a521a3ad,user
viewer,k6_ws_2308,pts_35c69a740ca753e66d7dabae525ba239bf1c8b5f87b7a46caa00464c638d8ad8,user
viewer,k6_ws_2309,pts_4accb80ff704de4676659200fc065ea1cfeef4af11bb7fb61264be21b896204d,user
viewer,k6_ws_231,pts_b38bec9974f40d1848b2355061df2e9c08edcb388097c81d66281f40c985fba4,user
viewer,k6_ws_2310,pts_d433c4e11bc359d0e7105ef2bfa930eb72b93cf042cf46c294e0ee8b1656e2f1,user
viewer,k6_ws_2311,pts_d24f1cac484dc4427deab4f3732025558e47a5caa04be06b77377fe0dc22d2ac,user
viewer,k6_ws_2312,pts_2a6141d8e60c675d56415f83efc7fd3941f88b39333cd72993908552f4e95291,user
viewer,k6_ws_2313,pts_d699f372c21689b6c0881b29868cf05cbadc7ffe5eb9ee457f5b224281add40b,user
viewer,k6_ws_2314,pts_02834eb8d1903c9b2eb1cc74e15e6b78b23efe46516e943f50234f3b0c129cd5,user
viewer,k6_ws_2315,pts_bcb0773ed8834b5eedc3eaa35ef874bcab9e49a03374c0bb4be46213da9edec6,user
viewer,k6_ws_2316,pts_70e4c6edab982cec0acfc21a8fbdf7fdc83a71e6f8fa5d39ea38ca44a74c3434,user
viewer,k6_ws_2317,pts_801af7ecb1f117577d3503c7ef88851af5069ae904ae94a18ad6d73595fccfc5,user
viewer,k6_ws_2318,pts_3ebee248b35cf5036c6104dd25cdb06955969a8ca2657ec2dbbe730e1485383e,user
viewer,k6_ws_2319,pts_5f3bb66308352d121659245fc902013754cd61c1e72c78009bdd31cd2c442d94,user
viewer,k6_ws_232,pts_59061ffa4feedf346d01966b469ccb7ced545744253bc64725ba850ebb5bcaed,user
viewer,k6_ws_2320,pts_6f30cb847203623f3fc271f438fae805f46ed79972d90e502c0be43c41cbebe7,user
viewer,k6_ws_2321,pts_1eac395b735ad7cf78be9c8ea280fa85d6e8e4e1edde2ed635c1006f1a93a6b3,user
viewer,k6_ws_2322,pts_5ce2429646eddf50a67153e6e240a25dd185402ef44e64301a3fa63ba330d3fb,user
viewer,k6_ws_2323,pts_ba4b0db335643121b752abb15070b6d3c39121345779b33184b90cf0ce292510,user
viewer,k6_ws_2324,pts_08762c5918056ad2370d84a13b886eae1501a5908bcc2877d891859140d28c57,user
viewer,k6_ws_2325,pts_9d972a486e71bc4544c89f941e7ba12cb51cf24cddb37976c0ea25780074adb6,user
viewer,k6_ws_2326,pts_9bc622789ce68acc27ce2dc3ffd8719fb18f1183bd86cc04293bd47fb957db95,user
viewer,k6_ws_2327,pts_191c6be41385b0f0d941fdae8447c9c54e74b8029eb2fe70021ab2aa81f64abd,user
viewer,k6_ws_2328,pts_b712aa815101c4c1a58a9d2b0725f3eb80b0dcbc03d47bb8ed72975eab68025b,user
viewer,k6_ws_2329,pts_770f12ffec2a77c4224e45377e1a06147db6ab1a93661f08ad46f7f7ab73c7ba,user
viewer,k6_ws_233,pts_8509bfce9c52373b31bc86856e56dd745cceda92ba183a80f9dfc8bce8ca8ac1,user
viewer,k6_ws_2330,pts_74de0fe5bef43754e1bfd73f744d32bd9b04e2b66975551b4224478d0a17791b,user
viewer,k6_ws_2331,pts_5a974b385fee5efd143bc67f102eecf4abff05361151317ec455ac85030229cc,user
viewer,k6_ws_2332,pts_55f84a9af6a07fdb735ec76f754057fab930379c2311ef0b1043b0104b927823,user
viewer,k6_ws_2333,pts_538f08fdc8cfd34ff19b7c6a0a339b93854bce1a54d42241cae5d6b60b9a9fcd,user
viewer,k6_ws_2334,pts_6b78bb6e60fe747a0a5464ef0c6b07e9667a2fd3124778765ab592786b96eb66,user
viewer,k6_ws_2335,pts_da2bbea99b893056704235edfe3b319bb5540f95721681811551acf7fc0555f3,user
viewer,k6_ws_2336,pts_92b5ba70a21b9c1d96c175194e9cfa9ccb48dc91f2947533c4e905062dc1cf27,user
viewer,k6_ws_2337,pts_2e9f1ae3f04471eec14e703e48df377945ad66393886f6d8baa3731cf0f55a74,user
viewer,k6_ws_2338,pts_1d143a8c8dac75a05699e4e90c0bb6cdaac86a61197c2530b75f4ec9230e88f9,user
viewer,k6_ws_2339,pts_3700ae393efc173536b6f5ee1d08b767cf6da6f9266bbab6adb404f2b8911d90,user
viewer,k6_ws_234,pts_899787a2c1b3ef8bf8195c184b196dcc7b9631bfca0929a4e629de66f286af2a,user
viewer,k6_ws_2340,pts_60871a848d6b390f0d0a53d699602fe6de5a92b78493b13ff6542211d9dc4877,user
viewer,k6_ws_2341,pts_8d1051fe30891022eddfe52b52398312beac6706cba25b7f75cdd99f5d8994da,user
viewer,k6_ws_2342,pts_825272f8138cb8a616ba74cd05325955eaccbcbba9422d19ca3d703fa3ea651a,user
viewer,k6_ws_2343,pts_6d293320539bd5898bf8897187c952ad7815dd0d6c7f831b9c88b319445cd7f4,user
viewer,k6_ws_2344,pts_3b91c4ddc555640b2dd837410ca590b1b3b42dd81f21d0bfb8e1c4cf1234cea9,user
viewer,k6_ws_2345,pts_6ae05e6a85ca665ce476d26f6a1a1a71f4180251f11bd28922acc8b9e096c1cb,user
viewer,k6_ws_2346,pts_02dcc88ad15f789b99831a39f5897037f2e19d18a7d40f8429ea86111692c510,user
viewer,k6_ws_2347,pts_de9b5ba3047a7839ac3ad850c6767d14c7e09ed677e7c92109545b7df97e50af,user
viewer,k6_ws_2348,pts_c204f441d0ebead1918c9a74f00c303b26c2bb5e7b0b32686f5856cfd3c9a290,user
viewer,k6_ws_2349,pts_addf86c70554cf795085a061a80010df4ad13997f5bcd0400bbcd948757aae3c,user
viewer,k6_ws_235,pts_79af919b81bac8d6222d60f71b5d18d94681142613afb1c753c15b08d6c5d0b0,user
viewer,k6_ws_2350,pts_0d1e0fc554345274278416ac049c14535f07a43b28f600a3de61c3bb191ec521,user
viewer,k6_ws_2351,pts_05456d1547fa86d98d4cbdd67e2964dc157d9a306c5f7f27a9c96222a7c81d53,user
viewer,k6_ws_2352,pts_4490a82fe9b9c837b8dd7cdf2577ccd412566e5afac8aaf5e3ded358fb9496c0,user
viewer,k6_ws_2353,pts_8ef40f07ee8eb3475024184aeaa16e2b6f03886a4793c3fa45dd5b94ac307732,user
viewer,k6_ws_2354,pts_f66462ee112fe7855d057589d7596cb3ba252a26112e94cfd1866f48282296bc,user
viewer,k6_ws_2355,pts_ff60a4457a94f7214bbcbd8639daea22d86fcee12efcc6ba66314f8498fc1d3c,user
viewer,k6_ws_2356,pts_2d3df5ce2ccbd87be484bed6bad1489782784ecba4752d7bb731191532dd03f7,user
viewer,k6_ws_2357,pts_a12454153b74458829503a9c2812da1cd1c79a72a1b112d222f0f25ae72a939f,user
viewer,k6_ws_2358,pts_dc4077c1a292fc4b1c21d50964d2f8d3639aceb5bb4334124caac52848b81d7e,user
viewer,k6_ws_2359,pts_828d4295ca50217545e2268596a5650b6ec0098b2457c3071b354219eadf1631,user
viewer,k6_ws_236,pts_4836ec69d2a010d95448715e176395bd423ce56fe96e68a27153c29acef45489,user
viewer,k6_ws_2360,pts_4a4f4e6432e3887ee6bed19056bcb9ba0583eedcc4d87f78784a24b5e0279a69,user
viewer,k6_ws_2361,pts_b0543ade75facd5c0ace3cffa38ff16837ba2b9a114dbe8274a6c7f9e7c4e026,user
viewer,k6_ws_2362,pts_a8a70f69cbcbc20ffd71902a54944dbf28956d1c329100c63ef6b2ec8cb06413,user
viewer,k6_ws_2363,pts_b1d4c890916bd26e5840c8ffdc045ea3b1c3fabacfa17d5dae9264fe82d08206,user
viewer,k6_ws_2364,pts_4df14f81cb743c80b484339c228233fc059012d5f21142c80512d8c491fb29af,user
viewer,k6_ws_2365,pts_cb801f4ee3ca545c5aaeb3ec1214dc29d7de51301db8dc969eb61c6663a1c448,user
viewer,k6_ws_2366,pts_fc6277ef8dbbbfcdd49d01d334f478f2c00708c89f2f53b2392f412f1f8dafd8,user
viewer,k6_ws_2367,pts_474a055a30bbf43ca42572743708768e45b4faf5ccc180771dc7da45a78f2fc5,user
viewer,k6_ws_2368,pts_27e929d2721c5011b07a8f0315ad129198eb69a618d3361ced8126091352ef7d,user
viewer,k6_ws_2369,pts_0ab88133f1608c674773795b323c22603f2b7c1957c8438302e0ceb7a12ece92,user
viewer,k6_ws_237,pts_f366ddd6e6c7fba9623e709314d682832d58a28b6a448463a0ba00d1d29405f3,user
viewer,k6_ws_2370,pts_e38985026fbe350de07c24ba664376dbd84e22581d02254cfae6ab5d809ac7d4,user
viewer,k6_ws_2371,pts_33c447996e4c8ad688c3aa97d1aaa48434d8e002a380afde038e24be3dca0275,user
viewer,k6_ws_2372,pts_6ec3228423333a47dafd85ca411fe0607b6a1f33cc9dab48dd96940b1c23a2eb,user
viewer,k6_ws_2373,pts_8aea53122ed1b2b8ca9e0348a0e763193a9edb780f8f7bd5f260e3a71cb1a285,user
viewer,k6_ws_2374,pts_8b4a322a873e30955084ab07b508bb146d029167c20b4e9c2a4763fc46b0f34c,user
viewer,k6_ws_2375,pts_e027811a6e9fc06ced7d5ac613a8a2b21d12e17ca18de038f8752948aef4bc35,user
viewer,k6_ws_2376,pts_c5c578e7f7c7ff41973a93a690407dd5e9dc77c3ab54ee79b361b750eaaca33a,user
viewer,k6_ws_2377,pts_3dfa90a09a9fdeae3639212a0b0ee2dd1ca596976986cde1f4a9d7967eae8c5c,user
viewer,k6_ws_2378,pts_802be64cadabd9db98e8334d16b31e6ae58283c90d8d63fc97ebc24e493dec7f,user
viewer,k6_ws_2379,pts_52f49d32794a255eb45fa2a8c370c1548436d62072ac9a79b8e87afcecc52f3e,user
viewer,k6_ws_238,pts_ee3ac377fca6e445788fe13f60bfabb088bbf57abe400932b9143829aa022046,user
viewer,k6_ws_2380,pts_dea8c119ea7dad044c4e9c443674f5e5cfc6693b9dbaef423b8c26e7268e701f,user
viewer,k6_ws_2381,pts_f8ae3fc28b45d308afd738c10687232d2e0dac580edde1dc943bcbe9aa8c69b4,user
viewer,k6_ws_2382,pts_14c1b580464100b6da685110bc30525f82d7042d136d097ef5ff5e4814f0ec7f,user
viewer,k6_ws_2383,pts_432fe9eb4cb6d1c99d52c34230a866b2466a4ecda6b0c07dd4a62b51d8790d31,user
viewer,k6_ws_2384,pts_5a1b4ebd4bf6907e4c2f38754776cd055b52b990f50e68fde51f827d65f97d3a,user
viewer,k6_ws_2385,pts_29bb38b8ce7adc7cebb7c0e6cfa54abe0dc0cf53a5b3ab3c934801e7055bee82,user
viewer,k6_ws_2386,pts_8cc7db8a85ec7d3d37633e1040930320c84b5f9536939345e335eccbf5b600c9,user
viewer,k6_ws_2387,pts_fc8e5ca2ee0221c83513820286bb80ec12fd1c60b594b839c11f3d51000780e6,user
viewer,k6_ws_2388,pts_fa1839dd031e2f0c3941d8246a2d588c053a670a8ec10c79271473e82cff6185,user
viewer,k6_ws_2389,pts_db14c6963e790193ee39cd0b568889d62a956d3e3a0691a54933c475acbef122,user
viewer,k6_ws_239,pts_2e0b415ca43ed214ab43be67f19ceb5b622e1d7d62a1db1c6efb08804af25ae3,user
viewer,k6_ws_2390,pts_861191eb8d5b8a833b6bd91aaba3a6aa212a3ec172ac17d9df0c3caebb446e25,user
viewer,k6_ws_2391,pts_f25099316dcd6176a09451249b27c8251af928b14ffb3f6302ec1350172c5815,user
viewer,k6_ws_2392,pts_49e4e5468627fcb2c3ca7f4043ac47c609ae0c1dd4bc4eabd8c99ec77b569ad2,user
viewer,k6_ws_2393,pts_f3c24b402d6f8e3a91125293ee8a4d242ef4607f9e5f7c0f1ba6a1ae1fa4e66b,user
viewer,k6_ws_2394,pts_f6ed03e0e5d74465140f3e096233fa4ecb3a922fc05cf16637ee2a92e8e71056,user
viewer,k6_ws_2395,pts_d2e14fcfc9b23f0ad79f90c0cf1f261890f171ec160f507cd4bc80326f223a97,user
viewer,k6_ws_2396,pts_ef8bb24d86ca6c255fda5f775e81d8d48cf2e86ff01e250058638b1c6f05ac73,user
viewer,k6_ws_2397,pts_02b91525d93e52cbeffb057cacdd7fdfcdcd6b2b1674419e4308fa0460e9ea22,user
viewer,k6_ws_2398,pts_814fd8199311cc06f6e7e8def42597a87d455fae115714b489f853f24fa4fb3e,user
viewer,k6_ws_2399,pts_a9ad018651ce24f92373fffa18be27190325b2fa6f06ceb94dc3da87c8836451,user
viewer,k6_ws_24,pts_252db25f9579cae92f152286b5fc022df14f200ff688718d0230e6dd1deceba2,user
viewer,k6_ws_240,pts_1374cac809902cbfe3212c133d6fb763caec3c1513ead276ed5b1f95a4a8ba4b,user
viewer,k6_ws_2400,pts_3e86b1ca2095c9daa979f2603a775c2633b0d5936b7b0346bae647093185a423,user
viewer,k6_ws_2401,pts_fad290e1f49a45607c372ece8032bb5d54cefc4905a42c0e66468b0d3164dc0c,user
viewer,k6_ws_2402,pts_8f29abfcdc497c8a533e36c62609c5c6ca2b335db4ec1b44d143efbfcfa87e9c,user
viewer,k6_ws_2403,pts_142d06bfc3e21ec2e1873f1c1c9a46c3e7b50b782dbe9db882f3000881060f14,user
viewer,k6_ws_2404,pts_7a737cc17730da14583def952919d5be9c857ad1bb9b155f0574c33e47e0f0ec,user
viewer,k6_ws_2405,pts_e7f82208c4c49890eec1d23386012f87dbdb3e2d82c38b437c591fd3816f0b9e,user
viewer,k6_ws_2406,pts_0aac2c757c54534092e80fc0e9783adf044422659ce4db8d02e57960a301b95e,user
viewer,k6_ws_2407,pts_705759a558905b12fb10e0bc4f9c4b977ef9f368de506b115090b83601e6815a,user
viewer,k6_ws_2408,pts_1d2467dba6e8a2256292fc465a0b52d7d826ee784c41cfa7f8d465dc56de265a,user
viewer,k6_ws_2409,pts_3ed19dd00752d5bd3446b6df662a64e17f51bdb9388ff3099ec8f0ff3bd77b27,user
viewer,k6_ws_241,pts_f24928126dc836210b14e963fe0d7cb3aab2a59589e7aac50815c7a185e8c934,user
viewer,k6_ws_2410,pts_fd34d84fa7f4bac624fdaed596df00581beb47c921dfbf42ff64cf952e5ca925,user
viewer,k6_ws_2411,pts_b33b3586868dbdd82f6f966101263af277d1952464f091638514dc1c3601aa34,user
viewer,k6_ws_2412,pts_45ccf798ec22e3ea442d9d9e2881a82fbc39e8bd3437c24e49750c6e0c7b12a4,user
viewer,k6_ws_2413,pts_711769db5bcfca0205c4b21c85c7b74550246ecabeac19b0fa3d991255f17c3e,user
viewer,k6_ws_2414,pts_7ddfd042a7bb24b898b304d73a68c9cf6f54c9127223228ac39bbe8f444c7f90,user
viewer,k6_ws_2415,pts_045ebec68be2c42a9b6bdd775ef49b5cf78d14ce07fea7a18234873cfe014110,user
viewer,k6_ws_2416,pts_ea83581e14e3b070abc99a3749bff5515dbfed7f63589e005a87e78dde1493c9,user
viewer,k6_ws_2417,pts_d191d54a20742b0fe863cd3cad6e5e1e569eef0c1aa5cdbb87caae3ae3d7cdf0,user
viewer,k6_ws_2418,pts_d46ea38e6edc8a35466740091ac1e6872a4f829cec58f54b65e6f7ee0837697f,user
viewer,k6_ws_2419,pts_fc78fcd60dcf78ad83021609424c201b85ca9015ee34b1059d6b58759c5928e2,user
viewer,k6_ws_242,pts_65c0864a3876e10882dd2c05efe6028bc958ddec233cae6f9b18c707e858adfa,user
viewer,k6_ws_2420,pts_c4ab8449c5c2428a56cebf24606995ed43da7a9a4d3d30b7f57c4e6ab8aee5dd,user
viewer,k6_ws_2421,pts_2ae881911adb58c6f47935adc8867d51caa5733fc6ae260e0665a889a05286a7,user
viewer,k6_ws_2422,pts_d194eaf8347d720d425eb7462d3bf2d17509d30c311850f1bd95fdc52d3904a2,user
viewer,k6_ws_2423,pts_2429e0bc76feeeaa406173742bc57eafd3fe48a544b269fa5ed8f24fa05645fe,user
viewer,k6_ws_2424,pts_2a34ca5d1686d6308e94a3beab7aa512179737910ed2b3a81dfc8ddf8cbcf383,user
viewer,k6_ws_2425,pts_ad72b14ad2a3b883c9944ce2d27a027b8f46f9a22fd77c9cd3ab549f68b8e4f8,user
viewer,k6_ws_2426,pts_0c92594d4d5633634c1b452c5973ae49a8415c921dfa0b3b4f3e079713b1cd9c,user
viewer,k6_ws_2427,pts_fa4c283c0dec13fb26e4cd724b55bf2766385b7979420e91faf072e58bd19865,user
viewer,k6_ws_2428,pts_f28f0e24ad25fc2a25553f69e6438dc6b8af2fa6f28d3cec5248efd553275ef9,user
viewer,k6_ws_2429,pts_50c27fd17dc10164561f8cd2cbb132a8826aa94a467c175e00dc0d0489642124,user
viewer,k6_ws_243,pts_8bd393b294be69e7056586eb9848b832d54a72b6b6109d9b564d649dc003c49d,user
viewer,k6_ws_2430,pts_2652ae4923ad001a48fac2f262d34427ce72a138a3987178af56591af636fb78,user
viewer,k6_ws_2431,pts_5bd6e9be5cd9657fc8f69a0d5010caa2196e64e8fd06c0a4d3a20ec94e1fe847,user
viewer,k6_ws_2432,pts_c50cf7a773307d6a3b82576edc54b0b4d261afcd8301b65597ef9f947bb7fc53,user
viewer,k6_ws_2433,pts_13421a5de0f4f8d01dec4bf563b8c424f54f0858924f1276286b8b998dd19e76,user
viewer,k6_ws_2434,pts_bc6edfc28f7287d98351483329caddf43d3bdaac5ccfbcee6907a10e75238cad,user
viewer,k6_ws_2435,pts_d3cc42b14d8bcaaeb97871cc89afd769ee3ab0320988e98b2d02369ad6ebd275,user
viewer,k6_ws_2436,pts_287cf24936711a693f26a3c27bbfa915fdda3773726af534f6f2193a29e01f9e,user
viewer,k6_ws_2437,pts_cb91cacdc582aa224ee7c58e686aa40958d9612aa718ac9eb80bf7f2e70fbfb4,user
viewer,k6_ws_2438,pts_1140eb17e616e5b002b67819f0e592c31249e593b7c6aa7c5ff578449f71ba77,user
viewer,k6_ws_2439,pts_f746c229ca1b113de1de68bc6be84ca333aafa84c1e3fb8aa1dfdb127e2c5a56,user
viewer,k6_ws_244,pts_f8f39116caebc52b85ebc41af283f40e402dfcde67494c9b89aac522dfb4d3cd,user
viewer,k6_ws_2440,pts_df50522da0e5b39a3f8e573d49fa36d15d70625a2cfc94f1e6410b60486d0617,user
viewer,k6_ws_2441,pts_3491bd48e4a76b0b433678a8233d1fdc9c0187279e08b746943bbc8b3e1fd18d,user
viewer,k6_ws_2442,pts_f469b370d8670da6c92f1b728010e49cc8ff6ecdaebcc0fe0874d6775c29ee8c,user
viewer,k6_ws_2443,pts_a7f9ce0196cede2da259fb996ec3d95be6b72df65a94848054aee1b5bddf3f34,user
viewer,k6_ws_2444,pts_a4553f77c7d283589902cd0c6208f071c1fc6b35b774090a06ccb61d5360a9fd,user
viewer,k6_ws_2445,pts_23149a89c035b520567df838699b918979a1c58835e5a47dfa93a1027bfb3e37,user
viewer,k6_ws_2446,pts_5f4e5543e35b20c55c6856e8bf61293ac5afd74da2e94e80bed7444331bf01f6,user
viewer,k6_ws_2447,pts_568c569bb09a516079eb233f4b71711b3d594c4c3299734743579e011db055c1,user
viewer,k6_ws_2448,pts_f969198b558df459103dc3b2327011830ef146632d9f1dc71f277d6fa87ee37e,user
viewer,k6_ws_2449,pts_0c81d0e4d986b51a64a8afccd658a079500dcc86fd8f790f479c61f9c3730bbe,user
viewer,k6_ws_245,pts_6a5893e4622979c9ec43ea3307e83bde96f5c2ea87276dad7ec20740bde12067,user
viewer,k6_ws_2450,pts_feca9e34dbeedae439413ef43eae6b49262bce133c804cfe32e402c45d440789,user
viewer,k6_ws_2451,pts_568f22bf92485ff5523ab0fbf1d301c2c0a0ec87e7ed6c89c3b6aef87182b29b,user
viewer,k6_ws_2452,pts_984d0cdc2f942ac1c41bc7c29a1777df5a066d07e0dd76e42287d0e2096c80f9,user
viewer,k6_ws_2453,pts_9ace9821fbc77b540e3f8c09b6d8ea00a853a3812c0a9f395726c6a86a710434,user
viewer,k6_ws_2454,pts_4e64964f475c5f58b9ce4fc0596e3808ac7ca4ed3ec818ca8fc51e45f6280920,user
viewer,k6_ws_2455,pts_1d351fc6a93efdce655219ab37ad0fce969e8659b665f6b486d23db83cc67416,user
viewer,k6_ws_2456,pts_3302497b0acee4668fd38f5e73f3475884e58a47a97c14918e624a05acf107a8,user
viewer,k6_ws_2457,pts_bdf793a93bb3ce951a1b19bef7aba9ada37a535259588e3017d6ad6ad9d42654,user
viewer,k6_ws_2458,pts_4ba09a2365c863e4b3cc3823c7549fc555dcd20af07dd5242d25e4992ddfb35b,user
viewer,k6_ws_2459,pts_850065de20f0844a26c916a5cd73831651e844632ea0fb7b3fb2dfb8d4a43b48,user
viewer,k6_ws_246,pts_e081d57655e7b7a8cc9f3bc32aa638591bc03c5770050e6bb5e4a585176d602a,user
viewer,k6_ws_2460,pts_17d90d07c556ee33b7ade0dec8b81e343ec91125cdcdc5cf688deaab8ed95a98,user
viewer,k6_ws_2461,pts_b4f91882e84eb6444ce01e823151775d2bfe507c7f5a01cde2beaf4d6a152df0,user
viewer,k6_ws_2462,pts_909a83d04f23355a6ef43d2adb334700b2de056053240c56c03eb177956570f0,user
viewer,k6_ws_2463,pts_83d04d9e9435754e432802ec853c34359475fc168be04cbd2513c5be9093748f,user
viewer,k6_ws_2464,pts_2bd5cfa90a3ca415dd90eaffed90aee9da2455858aa5f5cb0940d9b7d5a5ad8d,user
viewer,k6_ws_2465,pts_0ba0b0fd60b4b2aba523ceee1bcc9570f23b259827df27d66d1e3f30d4653303,user
viewer,k6_ws_2466,pts_7ee6a2c550bcba6a7d9d77e7251f690a94e805da6f08ba44c50ac547505c764c,user
viewer,k6_ws_2467,pts_84958b37a6b3f32a74eed3275f494ee3803c306f003080df7c6fa37fbab47fa1,user
viewer,k6_ws_2468,pts_bc4ed249e9334e90bdcdb5a91ab6c2c462d7cdcb24ae45bc7019040efa528f33,user
viewer,k6_ws_2469,pts_13e525f5972f8cebdc1e444495d90ae48a46166bcb05ed6804feaea32c38fff0,user
viewer,k6_ws_247,pts_deb5a6b2a3493a56aec111b862154b5ae4aac83fb1848462dcee07446261bcc6,user
viewer,k6_ws_2470,pts_e7b86e6a20a95aae76744f4bab61f67725806b0344443e147b688523ea0f61d4,user
viewer,k6_ws_2471,pts_c694535686f598707d998c3fadc1847948a3ea99f3567049a92e9eca38942acc,user
viewer,k6_ws_2472,pts_465c9b5d5aab6651f74a3c9168511fc0f64950d9b6f9392dc8ac3465f5cada00,user
viewer,k6_ws_2473,pts_1eca8837c04b7346701631992d5176cde7a58ec25237fd74e35940dbbfb0e03e,user
viewer,k6_ws_2474,pts_6bdf8245f25f0b2dcfaa06fa72bfeecdfef4655f67b799863872c1bd8ae7624d,user
viewer,k6_ws_2475,pts_23820c94103967bdbf6414ec80a444bf1d41fb06c58c59ad84d5a80aa9a661d6,user
viewer,k6_ws_2476,pts_a05e40127042513036a34e8ccc15b3f2dc308a6ac2eb07a656a83e246abee3b2,user
viewer,k6_ws_2477,pts_9c8f803d78d1203cb61032f73a4be369e7bf0c3cb88c993e8e2c317e164f6911,user
viewer,k6_ws_2478,pts_3dea07e8c3e5890b52dcfcf61d967b4074f6432827dd6c0f1beeb2040b8da61f,user
viewer,k6_ws_2479,pts_1ab8f8edabe8f69a7d28183a20ab75c18b7832b0dd60e3a8a8887efd744d2303,user
viewer,k6_ws_248,pts_a403b362a379ceb2403b43060ab74e6f264a18c708eb7d03bfc0ca427b8d6b4c,user
viewer,k6_ws_2480,pts_d58fb5253cc314b795df3bfbd070a16fa951e5035119267b3096c9e1265610c7,user
viewer,k6_ws_2481,pts_c5c455789955ca0b8c495b290f4c82da43e175f8b3a155ac8e34709c8b377622,user
viewer,k6_ws_2482,pts_977b3f93b8944b3497da474cd87e57338c107ee53ef3b4cf63ae683427cf521a,user
viewer,k6_ws_2483,pts_c5520fd78f0c1d03d332e835da0ee9705e07ba72bfc5f41343754add2f2753cf,user
viewer,k6_ws_2484,pts_5f1fa980f61540cd0267bb49256f37755f2f5346b56068c47388b9bdb6368e3a,user
viewer,k6_ws_2485,pts_cc79f7d0221bf677b9891e954cc4b09fa4b523058b8bfb5af8049f15793f7a2f,user
viewer,k6_ws_2486,pts_92c29d4cf6bf0204b3e18ab292f5e750abeb3f8457e6d2057e5d5951230051d5,user
viewer,k6_ws_2487,pts_af135bd405f137700da688449577de57210aa42188885b555d64ebe028494605,user
viewer,k6_ws_2488,pts_60ed9663a60530d137870feb7de990efdd2b03d99ffdf715064530ea55af7c14,user
viewer,k6_ws_2489,pts_93adbd068282112394a00e14eff83aa27988d4c4fb9097afd03b8d71322202fc,user
viewer,k6_ws_249,pts_869aaf58e93ce7573a991d2eb9ef13f657af5eec5327889179c34d1be6d0b532,user
viewer,k6_ws_2490,pts_8b3951ef9c841c05e609fb54b6bf72fd82cd1d210525ecef4013cfb0a4eb5c6f,user
viewer,k6_ws_2491,pts_ef751d81d1a3a10ade7fc91870711ca724e2de026964c93f2c256ef1f6bea163,user
viewer,k6_ws_2492,pts_618a34a400bd883cad3040520b8414640b7a78906648988b06ea0c6fcdd11f5c,user
viewer,k6_ws_2493,pts_0532bd0ea459a60c4da77f3e6bb1df7b8d05f29cda3b422693d974de7d94ef34,user
viewer,k6_ws_2494,pts_1db0ec0a645aef5c66a6469153da7014224451024763f2b0500cb6e36969b259,user
viewer,k6_ws_2495,pts_71870bb485cef83ed595e48c764f2d9abcedb00ec4f1b707169bdbeb243d6b0d,user
viewer,k6_ws_2496,pts_13ca516ed31482f54504de0f5a32b61fbf3d9c38d133352c48ec05f2a287ed31,user
viewer,k6_ws_2497,pts_61d67195c45c79943b6b6dba961ec16dc40969fac031a615b5ac4c2663f1b572,user
viewer,k6_ws_2498,pts_0a5117d97cca2b4b7c3837ae197f32e7c7be8839fcd030b0c7e06ad0af54dd25,user
viewer,k6_ws_2499,pts_368ce2653a474d625d70c9a7af38b55a0858a41829ca0f47b2d232aa260d3206,user
viewer,k6_ws_25,pts_aa5d5676b8670b1c25edd2a94355f31e118f085ed3bca611f7c03ad277f9026e,user
viewer,k6_ws_250,pts_7c74f2580833d3db6824e9b86290d7d10b6ac046a517bd5a1ce4b29f20f09ee5,user
viewer,k6_ws_2500,pts_f9d67a763e89a5e3739ba0f6f1852298b9169cb0f56b9afc49b166c33fe111ae,user
viewer,k6_ws_2501,pts_936da1159175287a1926ca11d339279c8bca7abce2720798900630a8f031f769,user
viewer,k6_ws_2502,pts_96805486c92c141b4d89ecc0497bf03629442593258e350f18061cfd96635576,user
viewer,k6_ws_2503,pts_69472dd2f378ce4ff748153614742076d2232841fc6290a4ffb874a453cb8e1c,user
viewer,k6_ws_2504,pts_df8520cf4d09f921acc6d34da13ba6d834f6dc3e003f692fa7ce8bf81b1f52d6,user
viewer,k6_ws_2505,pts_1ec7d845f4859119a37c2ba4c121316ccb2cd42ecd1e454f835bb0baa2fed4ae,user
viewer,k6_ws_2506,pts_3237d93fad729eb4790cede79f500c6fb9fe5469ed95fdef5d2e545a222931d9,user
viewer,k6_ws_2507,pts_0f16a190a88eb150633c54c2cfad0c2d8566682ad7fa3efe78beb64384aac213,user
viewer,k6_ws_2508,pts_6718fd672f48642f37e99a0ffbdcef445b6267c698c1809fcaf0a967752d7015,user
viewer,k6_ws_2509,pts_0c9dcbb10344c1d2a63a06df0a3acaefdb7edf753005ded45d5e4e943021c3df,user
viewer,k6_ws_251,pts_8287aa8133babb794e5443af07b12ac06786bfba870d3ac2b45807efd5dcc6b4,user
viewer,k6_ws_2510,pts_26148eefd72270af59aa30f52ff0c95975f41f10e0fc6ab4bf7d6239f85c99cb,user
viewer,k6_ws_2511,pts_c5aeb7c3c13c9a4272be103bd128d959e18792d40b052fee4b8d4ee23fb0d251,user
viewer,k6_ws_2512,pts_e77308308beaeb709eb6a17a1c3a90ecd4a3b2e1777faeee2922fb7179a3713a,user
viewer,k6_ws_2513,pts_88e73a50973c5fe8d13e67d222526b2fd4d2a64a17b006b53758ae4b12d29855,user
viewer,k6_ws_2514,pts_6db680e2663b6360f6431e6aa72eddabe55909b8ea9ce761acc4a4884839dd14,user
viewer,k6_ws_2515,pts_e5ed8bb87b131ce2660b6ed9acc895901822b873ae214f2afe5fa5dea2d6219b,user
viewer,k6_ws_2516,pts_170acef3a89a9d808e26513e006e968da1a2a37f3ece6fced6b4855669d11a6b,user
viewer,k6_ws_2517,pts_2116db3e75eefecf31025fc1545c74b40ff686f8e28a4807d9fe1f568e1086ab,user
viewer,k6_ws_2518,pts_1989a7e6bf189073f99ed7576e24223434177ac02554aca11f0011929a492f81,user
viewer,k6_ws_2519,pts_87c87d2611c2ec7ada79e2127b810d6ee271b0edad01a10edb3923877cd05693,user
viewer,k6_ws_252,pts_24edea97b8074d9b5d0999e153be305e596a95b8ae8494eaa5f5515eceb4d5c1,user
viewer,k6_ws_2520,pts_5928d16e5db44eafac7cfff3a81cdfc073d85705e8465eaf0f2ab074c5f56b23,user
viewer,k6_ws_2521,pts_2b72cf2175399cd80172b5373f3337ea2d6ed58439588c5fde1f78a399283b62,user
viewer,k6_ws_2522,pts_91b09eeee7deed4764fb5e9b8ea0e4f4ca28e560a59283f0d8e0d7ae85d4f2de,user
viewer,k6_ws_2523,pts_9ab07df99386f5ee70d6b3cf89c08e2d20adee3c1bd407a3c9644e5463cf3bba,user
viewer,k6_ws_2524,pts_9f9ad0e2f82fbbbf6a256c8613f13163ca800cba4be3df09c657f8d2490d14d9,user
viewer,k6_ws_2525,pts_382b71c16f47ed53ad1a53525c536719ba6ff061d89be6eb6230437a50fe054e,user
viewer,k6_ws_2526,pts_fcfaf689f701fa7abf3bcfb261fea1c2d60156a6a3f3e272c43ceba770283575,user
viewer,k6_ws_2527,pts_58a5fb8bcaca056153103bcaed675bac569cb3f66dc9907cba4f15142328d46c,user
viewer,k6_ws_2528,pts_8004972f5bb7d1541a49303b599996223c6bf5ac86275d9f71c829265c929417,user
viewer,k6_ws_2529,pts_31c28a414ef373016a6ae2849a51677d9982964122eab8b14f0d236b7024177e,user
viewer,k6_ws_253,pts_7e5410c6194a229c640b20abe40246ebc2e34052988f7eecc0014c5b7114024c,user
viewer,k6_ws_2530,pts_01420bc908a72595ba9351ec5abdf48a8a2e21b9eb5072f71771619c542efc51,user
viewer,k6_ws_2531,pts_697ce0be712485052f38d7926a115932360848e752da3dfa33711aeb51d9294f,user
viewer,k6_ws_2532,pts_d95fc0cb88e41f9f3242f250a12fe059b7035f385213fd5e14c35ed6de4a5860,user
viewer,k6_ws_2533,pts_9d196af00228332de53c77e99f18c4119a94add44e95706c0d748583a3b0c149,user
viewer,k6_ws_2534,pts_16c5abe056f2ddb69ea246636820df5205a00cfcb0c35b790a9daf0cc2c02db7,user
viewer,k6_ws_2535,pts_82c3361f2a72f6528f96a8af36ba2b39d5a30d527aaafb0e9285d10c5780dd63,user
viewer,k6_ws_2536,pts_42b604db8bab87086b3e0e4b927250d00389520cbb2ed42d7131e6cf1767c249,user
viewer,k6_ws_2537,pts_116d6bdabfae76b613da6e6bc323b157aaef0c7bead4ebcbdbc9617dd68fe380,user
viewer,k6_ws_2538,pts_90c95e7861db25f0f05dd078be62dfaddc7d2f04683ee29ad32b68b580ebdcfd,user
viewer,k6_ws_2539,pts_b16b4769f63a4c52e3904cff274cda0feb97d13ec4b484d75d114640d8906e99,user
viewer,k6_ws_254,pts_3d0a63b6413dc648bd2acf7887c67337918752416a94bb34a01dd0efbf04a50b,user
viewer,k6_ws_2540,pts_94b869d2ea488d7160f1b544aef4814f1b73f19e26f3c2ffa4ca2b56f0a6324f,user
viewer,k6_ws_2541,pts_7ac5e8f65e23f38151b3ddc213e2a9f02cb2653f0fd7b83e2ded22854b224e37,user
viewer,k6_ws_2542,pts_557d45cdc0e981f98cd127158affe058a76c3904ba56c754b83beabdbdc76687,user
viewer,k6_ws_2543,pts_944afc3d04d2d7ab1bb349d91d68e0d67603a3bdaec8a87edca7ae62734111cc,user
viewer,k6_ws_2544,pts_cf59bae4eb8409efb5a6d18e70ce894245378da31c4a45d295eb759797cd6af0,user
viewer,k6_ws_2545,pts_d098c872c0c95bb9648dddf6b64db377788cf0cd899cd93fa93bf930659c4508,user
viewer,k6_ws_2546,pts_8c48102f9512d3e9724a4989ba9a1facaad85336441de77bfffedaa43bec641d,user
viewer,k6_ws_2547,pts_3324ac217e811a877085c47a5c47bf5f273e5fd7498c7d14094e4d736e45338c,user
viewer,k6_ws_2548,pts_4698b7f1d7614c1e5c71ca0e0fddeb94e7970ec08717239799b2b77bcf3cbbd0,user
viewer,k6_ws_2549,pts_c6384bc5cb3bc5a3d9bbc2d66bfb92c0b2490792c2d8af9bfd4095614d419f02,user
viewer,k6_ws_255,pts_2cf6cbd0ea6010a35f4ded3c9cc4694e0d95c1cc38915816b782493a148cbd4d,user
viewer,k6_ws_2550,pts_eb584369a50b03dd1f5b80eefde0b7f9e7c5c8c1a3443a9d95a81da2284a4f26,user
viewer,k6_ws_2551,pts_a2a77cfa35f6215090e78dcd8ab5d7a4df8b7d7ed42fcbf3b14e7567807f7eb2,user
viewer,k6_ws_2552,pts_1f4a1a46494afb619f4e3916082b699867be9bf9acc4d0ec91487853ff68164a,user
viewer,k6_ws_2553,pts_3ca999da7afa2fba9638325a157bd9fd3d0c3bae0c9439d10db0f6615053f33e,user
viewer,k6_ws_2554,pts_fa245d54cf33a56b368bbaeb58ea9a8f4faac4b1fd0d1b1d7d5bd58474a39013,user
viewer,k6_ws_2555,pts_ed2d7f09b75f743085d42b7a24cb7a21458731e3e9df8f2749aee20592dca23d,user
viewer,k6_ws_2556,pts_5e7408a9ff14e3aa45f616f9698150fda2caec234dbcea989f45227a78b4c6a6,user
viewer,k6_ws_2557,pts_503d46a3ced3e91092300ddc7eec4a1e1d995e373da4a36cb9399156c733c6f8,user
viewer,k6_ws_2558,pts_0f1fea1107ad0a4dfa9189404f32619370e13d3f2e929732f41c2fd26beec514,user
viewer,k6_ws_2559,pts_1f888187dfad503d79d1451fb4515862592f4067f3ef22f4c26f68f77f179637,user
viewer,k6_ws_256,pts_0a1d5bd317063102bb21fc07c8eb557c213906387e38b76148c20c06b70c2c8a,user
viewer,k6_ws_2560,pts_30fc356b88fcbe73b4560f6ea4d5cecb456fc4ec504c441817701fb094bc858a,user
viewer,k6_ws_2561,pts_5d6cfd58ad8abe5b6a4175003a45975462ac82b26933786fed7ea7407edb1981,user
viewer,k6_ws_2562,pts_f0a485bd0e0c28b24f01582de075005af260557317b79c51dfaf62fb81dcf3bd,user
viewer,k6_ws_2563,pts_42a0274e526dfd3e541a8d3363017011b63bc9ae9a8f6bd651b2e859cdb93f01,user
viewer,k6_ws_2564,pts_7c7402116b5c4ae9d5d6ab597101f1b34cd5cb016c82180717800c4e1ba8abef,user
viewer,k6_ws_2565,pts_bef1adab637859ab536289be208df605d7c0dd24c3536dd07b10f77999f1dc68,user
viewer,k6_ws_2566,pts_4ef2b88b4014a62d762065fe65206dea80ba641e43f9823d1149019f94000b95,user
viewer,k6_ws_2567,pts_ffd3a795b01cfb635c14cc583aeeb911aea0e6398b49d6c9d2a36ce426b5ac49,user
viewer,k6_ws_2568,pts_b9786f71de58ac0a68cd8546355a46a1305c060d65536eb2368a1e841c753d39,user
viewer,k6_ws_2569,pts_f88bc7682f34d262cff2293247d8e29e969c8ed46ceae20b887bcabdecf92052,user
viewer,k6_ws_257,pts_77836952c69c969f50193cf74411a4469b7524ca9ee05353d46de04d768cf2b3,user
viewer,k6_ws_2570,pts_e45e2e2691a7738a0b3e2a53c32768d4b1144b97f12b11e8ae5b68e606da0892,user
viewer,k6_ws_2571,pts_22913e57a756128a32e595239155cbaf61513d2b426281f279a4ca14dcea7bba,user
viewer,k6_ws_2572,pts_c4c5c43155e6b3cba4a0843bd4a81810f6b63e82250aa1a5a18b8ac49734c57e,user
viewer,k6_ws_2573,pts_11cea80fe1a01578f017f2fe2e2133e38d421e28223aaa234c2008faeceef8be,user
viewer,k6_ws_2574,pts_33d7ed959ab5cb5978d53b6ce2fdbbfef671243a8308478c7c2c55c6434eb075,user
viewer,k6_ws_2575,pts_844b144ad92d34f73f9544e69653ca79e8160dd3f8d4b21eb766d3e919b24f8a,user
viewer,k6_ws_2576,pts_bed94eeed16db4f174455fc29cb4e5e8efa6fcae61ee5325669c5b7d5f7d693f,user
viewer,k6_ws_2577,pts_8f1432ca3a312a943103bb11c0212d33e0150d48394c3900b2ea6011adf7fe19,user
viewer,k6_ws_2578,pts_5a449b9250e810ec217c76952db9eef76238a616bf947c4b38ba6ed01057235a,user
viewer,k6_ws_2579,pts_3af4ad61e2e5fdd839644d1ec225a0f984fd86ecf8d301c0ca73f7a868eaf85c,user
viewer,k6_ws_258,pts_f94b7b473a6b175a235f80813d03efddb5ce9ac32360cfde8a5c8ea109b3b5e6,user
viewer,k6_ws_2580,pts_c2a21df22277d419c1b04fc1ff69a57390170ef20af1dee40468679c3fb765fc,user
viewer,k6_ws_2581,pts_716d240b38759c7188f46fcdad42b64f7d880e66ee832dd186836670ada63699,user
viewer,k6_ws_2582,pts_54254a0b2de78b75efb3f95b0e4391e337b5be706f5e24fb13bf2b0044f8a693,user
viewer,k6_ws_2583,pts_3ac524991b91565efd0a04fd926e5990d52bbac68c84c12fe7f8caf3f914ff5b,user
viewer,k6_ws_2584,pts_85a6ea5a477f3e95dc5926253a0d79d8d38714106f159edba6ce2ade27583ef2,user
viewer,k6_ws_2585,pts_dc541e4577bcf53fa29881143c8050f59d183c466d9533e166297a66e989f166,user
viewer,k6_ws_2586,pts_607171deec91cab8c9eccf730f664ae9d108ade5d49758a43d9fc2c75c109587,user
viewer,k6_ws_2587,pts_cd696f9208e65a841e329cd90eb553c5c7fb248d00f9bba2580650a59960249b,user
viewer,k6_ws_2588,pts_d678babe8b23f283da4cfe94cb2c13d09b5e002ee4a5ee868548f92e32022011,user
viewer,k6_ws_2589,pts_e63dc343c8fcfda8de997a629745a14692b13040a5c1e45e389e674045ad5fe3,user
viewer,k6_ws_259,pts_15bc2648cabdb1b959a4ed8e8b7520ab39cb17201e5c49d8842531f6a302b92f,user
viewer,k6_ws_2590,pts_c35e51932c2237a9a5e25a7ae0c30d78ade5682e9faa96d640a6c2169048cfaa,user
viewer,k6_ws_2591,pts_572ee4c76fd25224d870de633c4b07c24778e40e4a07a4b81501cd1956dba664,user
viewer,k6_ws_2592,pts_88bb609ad4f2bad92954b318f35128547c3e440fbfa1b41e7932daec34f4c367,user
viewer,k6_ws_2593,pts_e90b346e303a98af00e5495c30c7f98cdf282c1de47a7fe38d9597c52d8d882a,user
viewer,k6_ws_2594,pts_de3794fcb75add5764dda1d780b4e80e561c60eb4e8ded430426ed6297f24f69,user
viewer,k6_ws_2595,pts_43f779106cef3e0194923b08133b6d3384b1fc9ea77805f692a3c8ab7266e103,user
viewer,k6_ws_2596,pts_ad8cf6f9d95fc2eeaecb1b827d749aaed5430f90a0d564053b731528d3411987,user
viewer,k6_ws_2597,pts_3490f74ce199cbc97c909ba431e2ad10f70b7125faacd8910b955128d4f5ec67,user
viewer,k6_ws_2598,pts_447781d8d94fd644f11d08a6c30ae1b72326b366cec8bd28714d1eac64dbc116,user
viewer,k6_ws_2599,pts_032ee8ad4317f12a2cb7927dfb058a2c8403254c217e9e513da342be060d1d7e,user
viewer,k6_ws_26,pts_a07ec9928e1864d5f6be9ffed3afa1b6c04c3d30c3f92d34d29279e2d70a3ac8,user
viewer,k6_ws_260,pts_9a7078acf36432ab26d898f4145ef08cfd1618c96899cd7abea176e943e4cc95,user
viewer,k6_ws_2600,pts_04fe5409bbb2fc9e3dc0ed6fd9aeef020b04313053cd6fba5c755bd9a3672e28,user
viewer,k6_ws_2601,pts_4dd56967ec624a935267ab574f5977481da548aa6500a3d72d9a3a2b9b740940,user
viewer,k6_ws_2602,pts_737e1f630a5bc328dcfb7863ef292a7acdc029b85a8be7cec1fdc8fb6be8df4b,user
viewer,k6_ws_2603,pts_c8c98d459eb501ff475ecde6a8a72f9f02f9985aacecc04a11ecda0954d015ca,user
viewer,k6_ws_2604,pts_42a1ff88f5be81841dd75a0fbbbc4feea81d0913922d6dc9491d418d87269452,user
viewer,k6_ws_2605,pts_c96a5fb7a90d771794ec1bf219842929e1a69ea5e44b772d3cfc300564eaf646,user
viewer,k6_ws_2606,pts_68ef6b8fb002249bc5df90db4339611300b9bb2e7fa2118ee40e3e1ae18bcae9,user
viewer,k6_ws_2607,pts_6e707277187c6a9b04d1cfb38b0a45abed7e6953a5fa53aa8c7656aa570ecc8e,user
viewer,k6_ws_2608,pts_aa74ade0e52f71acff9e5910af3e95b9efb45ab9b89671dbce19a0ac2dd033b6,user
viewer,k6_ws_2609,pts_a7793002381a3fae1cd233959d53ab20ed1b878add5c294e3160f00ce4d61476,user
viewer,k6_ws_261,pts_7862f5cd0ed6e26a975adf3dc4fc8bb2bed4940ad646cd9ad2d75847e4812d93,user
viewer,k6_ws_2610,pts_3065f15b9356a01341d7202a1b163e0fbf9355156492a637efc748329c83068b,user
viewer,k6_ws_2611,pts_2bf50e4e709351a46dbc2d10cef083369b86d891aab0a810704486a84ddc916c,user
viewer,k6_ws_2612,pts_610f42a9618f68a7a02eebcee2b236930604575767df413963bf7d2b98e6844a,user
viewer,k6_ws_2613,pts_609c454346aa94f7cc1af670794bb6a2cee682a1470eab5a03684e6b8e3bd5d1,user
viewer,k6_ws_2614,pts_6191c40b2b837f8f783dd6a4fde0903cc140e5d950dfadf3f00bbbe0e48bb347,user
viewer,k6_ws_2615,pts_83867aea16bcb589f8b4aff84f161f29a1a852ac1619fb790b379b0d8cbbacf9,user
viewer,k6_ws_2616,pts_18050eefeaf0f8eb2e8f93f220ba7a3e5847f20e617a1bb3aea88523124f7f1a,user
viewer,k6_ws_2617,pts_966c623c3fecfec05de0e59214fdd3a0872220b5ccbe6dabe991838ee9ce1765,user
viewer,k6_ws_2618,pts_493927d68187665ee84c15a15287edf06197c1e354d7ef09398ee28bf367b8ed,user
viewer,k6_ws_2619,pts_e6e3f89a057ad104cf3bb69d853f2226952848d1d8d049187cc3dddaf3ce7f99,user
viewer,k6_ws_262,pts_36bdf6b6df951e98cc2af595eebce2c1eb292934f67ad2ec8cf3583cbb254090,user
viewer,k6_ws_2620,pts_293de87c323c5323483139cab6f384a70b98e352c2722634da460b8f8ccdc8cb,user
viewer,k6_ws_2621,pts_8a394b6764d453ac35d2f73363afd04cebfa29a674272765394af57a65d80cf6,user
viewer,k6_ws_2622,pts_ad351a15d9ef11b9671966578883bde6adbdfb4f418cf4bcbb1942b8e4876733,user
viewer,k6_ws_2623,pts_c0238fd775405e92d9cb7e7186c0e49be7fbef8d28cddf43f398d7634b977e5b,user
viewer,k6_ws_2624,pts_166b99ce0ac2abf29d03024cb7809fd2381e7d29a5f8e4df0b19d4371b81d870,user
viewer,k6_ws_2625,pts_878f59b42d59bf8823e58615e56e7482a8ab14fa7d61085932d1a9ba2fc2c7c0,user
viewer,k6_ws_2626,pts_3de7b3053b297c756c557ca745da9320902128f7fb7e77cb24c6ac3803c29dd8,user
viewer,k6_ws_2627,pts_60fc5b7fccdaf8a80b8750b8f4d7b525d13bed4cd541347dbc3da9fe93d2405c,user
viewer,k6_ws_2628,pts_5f723b6f0f8c1259e755de3eb8f9eb69eb85f7a72968228a0268cb3215342636,user
viewer,k6_ws_2629,pts_ca82c25c5ddcb5b51b9398f6fbce77ee311d1fee9afc6b49173fa9c431f8c6b6,user
viewer,k6_ws_263,pts_c5b9f37e0e21cdf0290baf5874008f5d62d17ca68feece34acde41502cc5988c,user
viewer,k6_ws_2630,pts_fb697925508aecae1b2e8dfbac4a20ce2675aa109d70f5fe775dce238dc30ea3,user
viewer,k6_ws_2631,pts_58e626eea85ed3160fd09b96fcbecf1c536fc69b1d3bacf8cf15108b0830bbe4,user
viewer,k6_ws_2632,pts_9ef64a11c4442f55756f3db6a46a41f1377ff343a6bc9ee5cb996ca0fd135d89,user
viewer,k6_ws_2633,pts_52d842935f1491ccdc37e8be3502d94ce7ee476bf959744e43ae1189750d2173,user
viewer,k6_ws_2634,pts_c97108afb63ca1a2ecba03d199dde77a07b5e7682138a2bb22ca2d5af3e3eb0e,user
viewer,k6_ws_2635,pts_de1e0affe0e144a2ea3c209caec37a8c3bff4ccc5fcce855ea81250adc8152ab,user
viewer,k6_ws_2636,pts_18b31805603404d7b9327314149c51cf44271f6c93e96b86e0f61dde997618ab,user
viewer,k6_ws_2637,pts_500ebe4a080cc3039cd333d2dbd5b0028c3642d9a256f89c443a8a0dd7cfb004,user
viewer,k6_ws_2638,pts_77208d3f2bdc48f6972d378dc46be1ddfa15f9e03d783bb58760b76204b75bf3,user
viewer,k6_ws_2639,pts_7865dbabdd44b0fd067833f178532118a049fb8ff895ed0cf24e268444fbf35b,user
viewer,k6_ws_264,pts_be3b39c355d712d5a753b86b6ff4c1b6c246e830d5465a6ef6de2b0a3e19650d,user
viewer,k6_ws_2640,pts_5c31b56465a18ce2f79283dfc00155a6ed43b8c5c608a6086e63e57902dfd463,user
viewer,k6_ws_2641,pts_55daddced1d97bac60bcbe520967b169121809b1a71e5d0077e4d4d317522301,user
viewer,k6_ws_2642,pts_714eef83fb56e6d51d2689da438f32260106927c4f69b56683cf0e1fbe286dfe,user
viewer,k6_ws_2643,pts_d61aeefbc98bde868a330489436e94fcacb2d13d1ac94ffce84f4f7745bf4c71,user
viewer,k6_ws_2644,pts_5c584e77149d285a2100ad621676eedfa04acfbed5843266d2f26c0c66c304c7,user
viewer,k6_ws_2645,pts_2cb1ebd36bd742ff6e1721ff79bcada6a8a02c9e1bf6d04de8fdcfca8dc7fea9,user
viewer,k6_ws_2646,pts_aba7f04d0a620151b2e52839fd319f5757c68d9e933b751ed630e16e515a3c6a,user
viewer,k6_ws_2647,pts_f7ae6e95d1dbf9274acfedffb830ee06e2815573e15cddba43a5a9120311fe86,user
viewer,k6_ws_2648,pts_3deb663cf7455d0a6b97849486e342908e326f756aa8d4c2478cd16e7c45f537,user
viewer,k6_ws_2649,pts_f9a9d72f81ee36893dadf28aedd1e684867a8743005f186d1f303ca9b93331e6,user
viewer,k6_ws_265,pts_aa36125281802cbec124270588c5d486fc82d9b461e046d1718bdbe808c3d260,user
viewer,k6_ws_2650,pts_debc9ec6948a63bf4d69e5ebc073ff44fefc191c3992c3d61a95d720ba447812,user
viewer,k6_ws_2651,pts_80d757f3ae38eeaa2d823938d237d627ae0df197ac6ea5229582e9b066c30af1,user
viewer,k6_ws_2652,pts_6e773b3fc6fcde92e5b608f44059179a0e46a01258ebf2fa4795be43cd29ea92,user
viewer,k6_ws_2653,pts_759e09d2a4a5538bf6c3bc40a9308577bb98b253c5e91aed44290b2864bd95b1,user
viewer,k6_ws_2654,pts_a8a67297cd18edeb28494731800f8231ce9be8064e4b52ff668114706a3a3e60,user
viewer,k6_ws_2655,pts_947542341d6001f0597cf3448dff8c343ea91a0734bdd279d191e3141770a608,user
viewer,k6_ws_2656,pts_359bdf8d47540dda56a8b08638bddcd4e9bb0344335eebde9359baa0abb7b4ac,user
viewer,k6_ws_2657,pts_a575e28bfb9a7976cf498bc4eaeab99971aee91b056c65d46db2437a22aeb712,user
viewer,k6_ws_2658,pts_cf0a066ea3b69711d56fd83d9e37c1c4fd4abaa857072868b376c158a3ba7441,user
viewer,k6_ws_2659,pts_41ee36496d801b05c8619badcd2845009a1d91476bce56eb902e129f13bf618e,user
viewer,k6_ws_266,pts_9a854708351acfb592e5442a4a4b817b1b536b2c21da1ded4b4a2354a1360c38,user
viewer,k6_ws_2660,pts_0be133aab1738b3c0fcfca3763e6639e2c2ab98009385bd03a656014b8b9fd90,user
viewer,k6_ws_2661,pts_274814eef3d54b507f84fede795c1c8b248fdd2d2a47e596468dfb4b3356df5c,user
viewer,k6_ws_2662,pts_1eec868d35b051f253aa590f592355d24c2c0b6dcdbe041a985ea290a0bce052,user
viewer,k6_ws_2663,pts_e539f5c5653ce5de3cfc929595942fd354acd56b1e43b2adbbdaccaea30bba37,user
viewer,k6_ws_2664,pts_9065b6951d6952dab8f998152791fcbe493a102009ec774568cff8a7de7ccc21,user
viewer,k6_ws_2665,pts_ec4902ef7828cf2de5953201dc97a803adee4ab418af698fef4d6ae160fc41fc,user
viewer,k6_ws_2666,pts_341a65fc0f0e0625099cc9780107212a94ff50839a7d6a24f1ecb97528b95da5,user
viewer,k6_ws_2667,pts_0155613ba65b0c5ceb389ec4c8177a73eb3bfa6f1c89465848bebac5e90cf6b7,user
viewer,k6_ws_2668,pts_67ee1be89de5bae975a44c26178e0257296e8646a8ffaa6fe9d378b86bc80b52,user
viewer,k6_ws_2669,pts_a2c5f348e46a85f284579be66665482cd76107803b8e20e000f0c0d19f42e8ec,user
viewer,k6_ws_267,pts_fcd24f097e9c5ea14200af203956e069db2a06c374e89d362cf98f819a934586,user
viewer,k6_ws_2670,pts_f833219d8ec2ccf60ded2c7ea0b6a8aff71b0b699c969666b30253d9c400377d,user
viewer,k6_ws_2671,pts_c64cdb0f3bc981018567dcbcd8969a603eaa8558b79cae21edff8e82a3ec4bdc,user
viewer,k6_ws_2672,pts_9184f1c81e5ac9a9a48f91911a30c4d1df158a3f204aa86e93551e91a0db24b6,user
viewer,k6_ws_2673,pts_aec599d2d79978f794527cffffcbdc5810ecf6727c9860f5b75e039eb8a09c36,user
viewer,k6_ws_2674,pts_4d0c65e899ddc9039de897da502d13b55ed30e558f29262ef8539fb647629642,user
viewer,k6_ws_2675,pts_73c6bda005614fb03444f912417b912cf6c717a6e9eca84022ec547acd842fbf,user
viewer,k6_ws_2676,pts_baa26b9bc85da211b974eff8b4737262d1068b3dc32318e768f73189a95f2f61,user
viewer,k6_ws_2677,pts_1bebd8f2b8bf59d4ac3d7857f164d88bc175df5ce9ab22acd94dac1eb3fd4c6a,user
viewer,k6_ws_2678,pts_a4620897291aec90bdafba05892940479724f842d45dbd53abbf7efecec8bf23,user
viewer,k6_ws_2679,pts_316efc52632daab8b3cee94ba3c14145c4036fdde3bbcff77e54622241cc2eb6,user
viewer,k6_ws_268,pts_cb439ebedb8fe7b84faa2a3e7e0dd66373bb5c932f205453e77984d30cf255f7,user
viewer,k6_ws_2680,pts_0a1034b1634a1273c0d34577708a8c78c84eed1e874fb0ef2b3e50e909f6bc7d,user
viewer,k6_ws_2681,pts_7c3840d33b4e10c38c655e46dc6f528338318f1bbe652a2209c87bc521a547bf,user
viewer,k6_ws_2682,pts_2873316a5c0a988f2f27f8404663c5bf50901673b5cead6fa7584a175084ed7d,user
viewer,k6_ws_2683,pts_449265f639f70817eb9658bfd161f1f869d19d827f3f4ddb6e3860abf41a3d0d,user
viewer,k6_ws_2684,pts_c9d7d6e2737203cafdf4956f0d54019dcf313bbc36ab01327ea009c7a5e7c531,user
viewer,k6_ws_2685,pts_660869d1458a0f8096975a01f9e18318a78c0024eece6e16b59379b5120bed27,user
viewer,k6_ws_2686,pts_863af3cbda9e9296118d6d873250816fed37d5020451a94132547e5b52fe8263,user
viewer,k6_ws_2687,pts_8b58b4d2fcc01e715b17933760950a0b9f69a0ce0a320927393979ca8d427a92,user
viewer,k6_ws_2688,pts_25678b102a419f8b84f5a78ce1399ed570b34f4afd87a290cc67230415d120f5,user
viewer,k6_ws_2689,pts_33123f054b75c3b00ec540a795babd0c9092ae09d843848ddd30edc1189cc034,user
viewer,k6_ws_269,pts_0702d7273746a282227a4a37d50ffd2aa51214a8dc5580fbf11227e6886ea6d5,user
viewer,k6_ws_2690,pts_3effd965613c566447fe89532bb221a5bdce799a2a0f16eb828db214f95db962,user
viewer,k6_ws_2691,pts_75a523e78e695c743df8e46b436accb6ab685a62718f8112731ba123f68c70db,user
viewer,k6_ws_2692,pts_2c8ab554b14bceeef5a38b14e46b4404c6fca49a5104ca078c107dd5d7043f24,user
viewer,k6_ws_2693,pts_afd4a9e44d6cfdb1fb73506fba45fa83dc9a655387b7206e8bb9e27d6db9b4b5,user
viewer,k6_ws_2694,pts_bf9917d2e4a3723bf53d14657ecae2f7e911a9dbdaee782bfb3e4c12f082555e,user
viewer,k6_ws_2695,pts_c76274760a5aaa922eb492294855603921a67962e96874c1ea3925f745e0b2ac,user
viewer,k6_ws_2696,pts_44697aedc9e57ec32fe47b125159d7c9d5ac0bc398dc5500283e111e7a7e0017,user
viewer,k6_ws_2697,pts_43ed092dd359684d7794beaf7f3335f6379de54d0d12646028954e574b65beb0,user
viewer,k6_ws_2698,pts_52af52099ba3b5b9a2f8f95e2b46abf062220b1fd67e1f73857513d580058983,user
viewer,k6_ws_2699,pts_35e07643fac7ac47f41aa80c8932e3092d305e587254c20be77943a1e2498cf4,user
viewer,k6_ws_27,pts_95b5a0137a18f4b71021b4c2f813781ce0904cbe884ca8da2132a200d8788cb8,user
viewer,k6_ws_270,pts_7a9c3f55e4efbcb35aef5d74ca5f389be189066cf7a525e6fac1923673825ba4,user
viewer,k6_ws_2700,pts_6ea0937854dd442ea63084c24ece3f601a42dfb9cfa1bc8b1fc32d38423569fc,user
viewer,k6_ws_2701,pts_ca6c2c770420caede466f09e5fe6122c781baeea51582ecfcfb844d7899e7cf2,user
viewer,k6_ws_2702,pts_13026076192f2e92a9bd1a504cc1d7a1853bf5119855515826ed0d7cf70bfa5e,user
viewer,k6_ws_2703,pts_95e433eafcd95413d232b3e88ba64703fb35bec04861876ad245084b42d3e3bf,user
viewer,k6_ws_2704,pts_ab8145dcb5d68ca00c904df897fef9ec32a84fe90f27867725e7571fb5465b2a,user
viewer,k6_ws_2705,pts_5f476ad8038a4fc7f1ab420813a22790fb8ebdadd498f2ed7b5023cbf33a5555,user
viewer,k6_ws_2706,pts_18eeeced88014375dd59868a92c770ded23cb668abbc90d08a0ef88b7c648407,user
viewer,k6_ws_2707,pts_7747b580e4e52a7b0b7ec54d303b19a094811ac9bf77506a7806498c1b67a5d2,user
viewer,k6_ws_2708,pts_042ec55ce79c822f925baedbde3d6cfa32fc0ccdb2733bad2ed874de12f24703,user
viewer,k6_ws_2709,pts_da298d244a1126cbefa6c93d9e28284e033ebed0f5f9c3f04c6f646532548d5a,user
viewer,k6_ws_271,pts_3d299f077dfcb667ad14a329927eadcb27c48a1216d0b486a76e40c96885aab0,user
viewer,k6_ws_2710,pts_04a51d49aed29ce3ea0cba778c7d77cd49a93d28558f10f32ca8d0c4f6548cf4,user
viewer,k6_ws_2711,pts_306d2a0c8206e6ab00a3edc2bfaa06e255a6f323498712de5416d02e93d75a4b,user
viewer,k6_ws_2712,pts_f8502dbda1ff064c9748d92bbed2ddded9bc0dc7d814701d469517d32aa00807,user
viewer,k6_ws_2713,pts_b2275aa2eefd478e425c8ce3aa65b8495c1b95f01723795a5c54bd0c6efefc45,user
viewer,k6_ws_2714,pts_7b64a2806b54dd87e13b2a31579702c16230e0a66203d7dabee175984fdc0c9c,user
viewer,k6_ws_2715,pts_0bb81c26526e55aedb2aa7daeb1c233ec9d1c634ed1b795b68a697fa1f21ebfe,user
viewer,k6_ws_2716,pts_f9b7f33fb8edc46aaa230c885c1ecfa8eeec227441b45e87d9bf6516d6069ca6,user
viewer,k6_ws_2717,pts_6a75aea8f1cfaa3d376e3e4a8b4565b2ab6e28b2ecbc4f5d0bbfd91bdcddab89,user
viewer,k6_ws_2718,pts_0907cd5b7917a1c775fd4a6c7b9659d5b080d468629adc58e39fc301b786bddc,user
viewer,k6_ws_2719,pts_3252d08d1060a2e84d8de53ab717bd001f28da907a4c1f120e4cf511fa76c38c,user
viewer,k6_ws_272,pts_0a9666ac05d199d62d7769bab57180bf2a17e1c39049ceebe93148f6354e6c8e,user
viewer,k6_ws_2720,pts_1de277fc58ccc89de25830a668a2338fd1774ce9101a82df7a33434e89b32082,user
viewer,k6_ws_2721,pts_0c8950e32a77f748581a6050435c0092fff10eaf62c7703dbf3c86519b05fee4,user
viewer,k6_ws_2722,pts_a2f50d62f7ee1eab1fe50cebe03f5de66e08ade503252cfe55e1898a4858163f,user
viewer,k6_ws_2723,pts_0efe4960b916e7fd2230fdabedb34e2553eff4757eda5b4732970e259ebd6ea9,user
viewer,k6_ws_2724,pts_084f1e0d3c7264d1a2dc8c5fc57c0064ccccc9b93be4d46a0af9f697a220ccfc,user
viewer,k6_ws_2725,pts_4459f78cc28b43889135f208929e1c2c1a78f13eaf97ffc81fdcf643d4e6e95d,user
viewer,k6_ws_2726,pts_f9bd6caf736ea39750bac90be4ee0e67b0358160d16f241b69681ccf8cb0dea2,user
viewer,k6_ws_2727,pts_d219e3d5074dbcace3d5437f9d00ce73395e3d9133015abb8e4c2ba8ff550d8c,user
viewer,k6_ws_2728,pts_8c86cc46844c2e2674496e6faaaf84d69a5aba1f81505390395bc780ebcfaa78,user
viewer,k6_ws_2729,pts_bd3052a8a43dc8179090c4d58533dd1d1c33258cdcb494d7db9ebe932e6ab74a,user
viewer,k6_ws_273,pts_35bcaee8fd44a529aefb63e91d24f95cc811b464be41693f46b1603dba3e2897,user
viewer,k6_ws_2730,pts_a9fd7bfe03bb82d33c85fdc5dc132a42a52617ceb2fa14bae74277d273d49fad,user
viewer,k6_ws_2731,pts_d796921d3e9bc998b73eb6fb425f13bca89c5a85b9f2b8edb04fdd27445bd3da,user
viewer,k6_ws_2732,pts_13bd3a1be6567aa06ea28175c31cb6223c1126b86525aaa9f08cb2b9f5c1133e,user
viewer,k6_ws_2733,pts_5ad33dab0f34893a23bf19cdecc6e136707ef70b8e04f4fa445db84e87b7930a,user
viewer,k6_ws_2734,pts_40c88cdfc441e5ea6dd99e4f0efcbddc350a6003d814f6aedd85fb4c28c0354d,user
viewer,k6_ws_2735,pts_ebf2e753bc26a2d7d26c68f18b51538ad5c412ff4b08571110d36d5309e47630,user
viewer,k6_ws_2736,pts_46829e84fc0cb738dd21c42d9754dce2136a0872a3a7f1149b6453f4fa39c08b,user
viewer,k6_ws_2737,pts_9ad8a3606d7b89c3706ec52a5f313f1e1920476aa290d3be72ed3d4821e411d8,user
viewer,k6_ws_2738,pts_3bd56680cedcafa964686e2102672f76067859d39037c78366da695c01abaa58,user
viewer,k6_ws_2739,pts_e6fb717934c95c1e6b642b0832d67672648969a073633a948c1412fc69531916,user
viewer,k6_ws_274,pts_d5b89d4ac81864d4c8440c7d98d6e697ecd37ad62e0d53468027366b8c269512,user
viewer,k6_ws_2740,pts_2cb407a8be7ee8a8f121cdae6911a8c3040472442d496b7be78682f82bc1970f,user
viewer,k6_ws_2741,pts_46ed254fa627476a298b7fe6344d89857145c9e1413d595e3cbd93cf11baecfb,user
viewer,k6_ws_2742,pts_1da1444489b48e2738a3e921eef3f55110fd2ee156bc320e2ce3f933f354fe5a,user
viewer,k6_ws_2743,pts_e6f9f072d479c33a1ac932337a7a401d206fd00506d355f15e16f745025c432e,user
viewer,k6_ws_2744,pts_2e84ab1fdc00812e11d07c38c8921d57d9da9ad503988f1c2dffae5d672bef0b,user
viewer,k6_ws_2745,pts_4923b302dc0de937d5270ff782cd1383a1803b67ca2f616fc648766480316be4,user
viewer,k6_ws_2746,pts_16a4aaf060e9cd870112760ac3b25f7633b059d8f2b27c3064e02dced145022a,user
viewer,k6_ws_2747,pts_0cc43779fa9323f2b6d0290ef100b653e1477c97554422d10b663d7d40103306,user
viewer,k6_ws_2748,pts_cada4cff6c8b20b0e2e880582b7df9e85e0821fe14005174f31a98f98ee46e11,user
viewer,k6_ws_2749,pts_97c7e0230b92dad1eeefda9af8528ec06a8a72cb184494f14967a79a1a8ab067,user
viewer,k6_ws_275,pts_658e3b7c77d0b66629c5cc4d8271369c8c337f4da8ad3265e23b918151c1676c,user
viewer,k6_ws_2750,pts_2e482634b035d721e5a91efcb2d0b7f66c117fc14d36bf7f4e79344dfc47ae3b,user
viewer,k6_ws_2751,pts_282919b50c4ba5683516a9dff586a779a51c07e052dc2eac441f6b81743bd19b,user
viewer,k6_ws_2752,pts_ced86a4065a25dc54f4d70d5ee7728e01a8291c2d3d95db47a5e78e1cf772030,user
viewer,k6_ws_2753,pts_0f6ba24c64670a7cbf338d3dbf03d5a425acb70870f0f7abbe14bb02f7c9c118,user
viewer,k6_ws_2754,pts_fb104ea37abc3f2e0374680fdca4a1c9a6ac5a0be44a56619c0610b70271995e,user
viewer,k6_ws_2755,pts_de13083af21b7e1f7c57ce6c5b1f079074e22b779b592fdc107b20d399bfa513,user
viewer,k6_ws_2756,pts_c19bbc15aea6d1a1b65569133bfa1db861cbaae78412815f7a5bed1162f8eb3f,user
viewer,k6_ws_2757,pts_32381e4de7131ece87afec4b806001a8c7e38adec6f46b9825b9eafa91f75ca7,user
viewer,k6_ws_2758,pts_89c163943b426ea354c8122cd842f87d4279a13d940cf6a7e303922f9a1fdb59,user
viewer,k6_ws_2759,pts_93d07c45fc37547109ad236326360dc3897d0e3946786e7ae285924df91922c2,user
viewer,k6_ws_276,pts_e099a7de2c014ef40f055535c2611d36512ce29774c1a6a13865e981340a9f1d,user
viewer,k6_ws_2760,pts_18c3a7972bcdd0166c8acc1170822ef4c70a2c2153363f36b2c9e1f5332677b7,user
viewer,k6_ws_2761,pts_80203ce32a03e5c50e423ec9dc8bbf73a6ce51f630a29954e7f4ac24ac40eb01,user
viewer,k6_ws_2762,pts_2a091fb3f5cd5e9202cf85f0b51a5037d371ea5079d19250a7aa7004ad1f00a5,user
viewer,k6_ws_2763,pts_472cb4a4666dffb9f53977e0f49c43b50de0684b63b7bddafb56176cbac0c15e,user
viewer,k6_ws_2764,pts_30037b368fda2054745657e61d9f8fcea768b6cb5ccca1a6e72e3b30799221df,user
viewer,k6_ws_2765,pts_72088b33e6b8ba3f1a3112b756b20fa5be41a8655fd12dfd149717034c407150,user
viewer,k6_ws_2766,pts_61a0dfce6df5e3afa7d98bda9180f7d11d684e9b88ff474a9544b550488fc287,user
viewer,k6_ws_2767,pts_9b7f1149f32062866133bd3db012dde85dacefc1e3258ca2f7e21bf2d2a3e740,user
viewer,k6_ws_2768,pts_11a10c28e84517b3cff265178f7b6661260e1500d8d0c9a33d2cf03b73f648a4,user
viewer,k6_ws_2769,pts_2a53ed4aa9437ef00c65a64db7adb5a70963a136a567dddea6f1c0d5a6e0bc73,user
viewer,k6_ws_277,pts_f85778555be415949bc8e52e72adf1f102e119ecd050b864b801172e76f352cf,user
viewer,k6_ws_2770,pts_22811d6f2f83c2c6c5f4955763e7d62d3fe4e4aa9d6d06e687c12596fb0c24ca,user
viewer,k6_ws_2771,pts_91a40d8ca0b0d2464590b11524ea2e4fa77af0f3544466b642481c9aace602d0,user
viewer,k6_ws_2772,pts_107fe09e24d4db9316b90e4d571d22bcfc43c4bb7bc39b2af1d817157a321741,user
viewer,k6_ws_2773,pts_be500705c9dac4097e52957283cf7b1f3708b6360dad4e03edfb889c0fb284b5,user
viewer,k6_ws_2774,pts_0d192cf7a5efd9bbf9aded3192560809ed5ffb0d6587e8eab3962603631444fa,user
viewer,k6_ws_2775,pts_859dc55e35aeccda904df8214457f2a8283b4305545815556ee33e91d8dee593,user
viewer,k6_ws_2776,pts_812a877cb9a55c72107218f78f70fedb88d1b96343eafbdcbb0180741f180457,user
viewer,k6_ws_2777,pts_17b2db1775f722ab5b1a9eca8f018098cc8ae89fba4aba7db14f62d52d030bf7,user
viewer,k6_ws_2778,pts_94ca66e38ac523de591dc48a43207cc7178b2ff223f85bdcffd42d15ef64ff35,user
viewer,k6_ws_2779,pts_84139c4346d3ddf8897398dac9870eb9f666e68f71cf2bd425ba01e518e89845,user
viewer,k6_ws_278,pts_e5de4b7ac4326c40d9928b691501051d01ec036ec03b7f60c75b47dfeb6e9849,user
viewer,k6_ws_2780,pts_18ee2f46152db049e7de3aa46a009651752a0cd8dc7bd74f55dc68b6025fb8e9,user
viewer,k6_ws_2781,pts_79e959b668a648ba06aa825139758b490cfa7501ba1b762be8ff01ef7d36e989,user
viewer,k6_ws_2782,pts_1b0732987ca8525810cb7b9ebaacfe579aa154c7c821aa29b54e3f7b019d7118,user
viewer,k6_ws_2783,pts_67fb884576b7661070fe50afb01971f585cd3b05d4390b8d64cc9be760950806,user
viewer,k6_ws_2784,pts_f57741881b04b06fc5607720e77d23a0151f63fcf6c396bca60a97b311057c70,user
viewer,k6_ws_2785,pts_0a8a5b9f63debbacdee308ccd8a47dcdf06b8f861d0c502cc4772ba53c7e6bdd,user
viewer,k6_ws_2786,pts_692bf52ef0c227aae0ed27e0b6c86f3b89e52f7d948605249842994714d00183,user
viewer,k6_ws_2787,pts_4fdd77449e047fdf2b6404480db1bb4a01ca173666ea53832fe574be69f6f66d,user
viewer,k6_ws_2788,pts_9c87c851ebe6ff0df2a85613cf3548be76c297d33eaa7703e2696d243e4918d1,user
viewer,k6_ws_2789,pts_8f3330cfb44bd8f65599f0db0f7b404dac3652833991903f0beb25cb56ae74e1,user
viewer,k6_ws_279,pts_d7262473f9e26de7d9b33121fd33372b8d3dad48faa866889cb28459f7c56ea9,user
viewer,k6_ws_2790,pts_97481e231cfd723731cd60690c4bb85893074342c579003ab4fbff56f4549257,user
viewer,k6_ws_2791,pts_8317fa1a7c8a6300e309a07d75b305ceb1936544e5bfa7da3f5e6667d70b01fd,user
viewer,k6_ws_2792,pts_4245d77b440d217441eec0f22a7dd3a0b8a61f784538ba043bc9a869c4cb2b25,user
viewer,k6_ws_2793,pts_2e5d8821a8e74346621ce2aade379bec6a7922731561a591cc197d0d57adc874,user
viewer,k6_ws_2794,pts_cdc5f4ca23d062310748f3697112576b221108b48da23b9c972fdeb4545c5cb8,user
viewer,k6_ws_2795,pts_7188ac6fefbbc7ddedf3f45c4df27527c085b2add70c301220d7fa9c16e27b06,user
viewer,k6_ws_2796,pts_a09f92ffe5f13fd4be7f20ae48878db744cfff3a0201506ceb54c837c2dbbe7b,user
viewer,k6_ws_2797,pts_fac4fe0e608c65589aa3373c657e8a22cb61958d909f4b1edfc9ec242e67abaf,user
viewer,k6_ws_2798,pts_1b8ca56aefd80eccfd3118399a069821b9215b8a2ff21e9dcfe88d8648fbdf28,user
viewer,k6_ws_2799,pts_8a56e81a828c0c66290da8d0f732c0a188c516e26628529b8d2f31328dd46d42,user
viewer,k6_ws_28,pts_fbaed171e85080861755d9334ee7ff7064a748a95e73d69647122acdf28590ed,user
viewer,k6_ws_280,pts_0b9912e9d75d11b12b8289c5cc973e83923f9bbb9b79948ac6bb9e7c8873e3f9,user
viewer,k6_ws_2800,pts_ab8ac9dd7208bb2485491ec06b3295b5858cafd72e72fab8a2b8ceed3d4eb069,user
viewer,k6_ws_2801,pts_a891b93cd771dc877f40420c34fd1cf60df6a15a02136bd8ed110c2f89015c9e,user
viewer,k6_ws_2802,pts_d1b32306ba23bb5d19ae1e59dfe459da5777852a23469f05afe45eb1f2ffd4d1,user
viewer,k6_ws_2803,pts_5d75af554c7b5b9e08811fdec36468bc6e3735a5b5ece183f71a1318b6ea7c95,user
viewer,k6_ws_2804,pts_0125644d958311a6808605f2345a719809f007e651c628dfa2609f39b9e657d1,user
viewer,k6_ws_2805,pts_b62af245b023900b9f86af2c6ebf95a0225eb04e57568ad8c7a621432ee52e14,user
viewer,k6_ws_2806,pts_591aff79bd72c97312ca79dcc3380d6b452d2eeadb7cd2d7c118f839c4633da9,user
viewer,k6_ws_2807,pts_8cc3a7adbe3b76e464e0b436f55a2d0c77521a9b4723ef498c244fbb42282fcf,user
viewer,k6_ws_2808,pts_c59cbf246e1d6f63180ba0a31df40a3335df2d38cbf8d622d1ce832bcd93458d,user
viewer,k6_ws_2809,pts_7590e6281654cad7094c5d9c3215758769408020367719c8703e96952b97426f,user
viewer,k6_ws_281,pts_d3c622b5d23a21e5cc86c14474fd3bbba791e9ab29fe13f7f0528fb4ac76d0ad,user
viewer,k6_ws_2810,pts_b3ff5bf873adfe309b7fefda1d296e4d36f6e6112b36f17e2e20fa9faab9c501,user
viewer,k6_ws_2811,pts_754c70cf230b27721ea18b665b20a26d0a1af038a31aff344308c279e19a2383,user
viewer,k6_ws_2812,pts_5618fe468c75b450ce5ef8de95388e94ec2f461e06af2d89b10881b88c2b79d4,user
viewer,k6_ws_2813,pts_4cae768a28c1390813496060cea6ed544b9d7c7684ba568c78c87534e3b389c8,user
viewer,k6_ws_2814,pts_085777c4c3803d041590391d9ace01235f11630a460d12272caf2cb2b12cfcf2,user
viewer,k6_ws_2815,pts_24cf83007dab7690290522cd40b9fa0658d43049bb7bf6d95f28743bf70300d5,user
viewer,k6_ws_2816,pts_9342588bee035996ec9cfe617e2156a7dc16d4bb14052c8b4f7cb9345fc5f615,user
viewer,k6_ws_2817,pts_2ed11e32006e5168377b891f2a838e145ceabc8d1a8e9ccb32b821a89392bb29,user
viewer,k6_ws_2818,pts_a34f2a630672d3cd69fe8f838e8d729d80b5f12e9d2e8bca60044ef8e3f073f0,user
viewer,k6_ws_2819,pts_ebfcd3f62e6f4537665abdd8f3fa7ad6475dbba0a2af3f0f99bb2c5d9bb05d52,user
viewer,k6_ws_282,pts_90cec167128e20ccad2e50bbcaee975401fc4d3d30c4a6556d1288308d8edd4e,user
viewer,k6_ws_2820,pts_1cc1479b9f2f342f24f2362d27cf601487c10b8eb38b5328a314ca4dddd8f078,user
viewer,k6_ws_2821,pts_202b9fc122cb87ee9d1cd6828150b77ebf019fe50a6cb2ad414401abf295e265,user
viewer,k6_ws_2822,pts_9f0110d2f8819e85a920c9c51e39b52e4a07bf199be83274da8ad1d672ae81db,user
viewer,k6_ws_2823,pts_a022183291b4edef592745637e98528eea61c944b199c8533485ea636e12b3da,user
viewer,k6_ws_2824,pts_4ba275aee120fe134d5e4f3cd9ee99cd618de73dbb124521aea1e5864da0d836,user
viewer,k6_ws_2825,pts_012b0c73ca90fea888ec964b456a47505cbdab1d896471d24665c2f5aba03f18,user
viewer,k6_ws_2826,pts_ef44a401e2c054323916d59c3a87679a8ce172e33e39eeba4295f48c34d7a74a,user
viewer,k6_ws_2827,pts_e4b9e1be46341a80acd760deeb0d7b68ccbf2dc4bf3e4ee4e1eebc39c235b5bd,user
viewer,k6_ws_2828,pts_a04d3fb66b23f0c8ec16e8a195a10b5dc1d8a7deb23c51d96bca655a31bebe6c,user
viewer,k6_ws_2829,pts_ef96ddb054737cd4298ca831d20fcf5096da2f7d9663ab0edad9b9e955c6e7a8,user
viewer,k6_ws_283,pts_b9e5021b657453a1ae7058ded78eff60086ede49772a5fd61991ac4ef807e0fd,user
viewer,k6_ws_2830,pts_ec44b60d226189539305dd3701605fc092f05b0836e2d327e6c9d87f00b1f908,user
viewer,k6_ws_2831,pts_eaedc9bbc2f4bfe6e8e718ab9c83a0479c2850c0495a17ed24ca625bcc51e1e8,user
viewer,k6_ws_2832,pts_afe3798a976736e199c7cfa4014108c9651481c551e1afd61b1a8d2b5991ff3f,user
viewer,k6_ws_2833,pts_509a56519bc1b9f727288dce5ed6507da6d03817220b95f92b255cac102f96ad,user
viewer,k6_ws_2834,pts_2ba1ebd35e99b768a4be85457babf16c9d6474c2eb053d0443f1d4cd6293914d,user
viewer,k6_ws_2835,pts_ffee826716464c2dbf72f6d667e427e5a1a9bece95ee9448127c13663b848035,user
viewer,k6_ws_2836,pts_e23c2a846329ea4b1943910302184e43ec4d771b44dbb13c1cdbbd70c24618a2,user
viewer,k6_ws_2837,pts_e18040792a4f41b6f5c26268afc575e333fa36396237b88e6d78def283816134,user
viewer,k6_ws_2838,pts_b0978e7f744ef0c07b55fbc56c60abbaee927183b770276a9c39e3ae7f9c9ba0,user
viewer,k6_ws_2839,pts_91887e409045c978837938b42dbc0c4268ad05d217e2c7446f77ce587bdd6690,user
viewer,k6_ws_284,pts_10284ccf67d98b611cbe3e986a1cc3d37357ce8a88f0c66ae84cff11617cd4d9,user
viewer,k6_ws_2840,pts_6532aca43ac91f915aefe588082f1aa7da1ce442282a1a698e6ce73e61168a95,user
viewer,k6_ws_2841,pts_0da0a87a7c06fbac32ebb1dd64464322a9cf4dd4c8824a62a0e5cd0834124a60,user
viewer,k6_ws_2842,pts_7cf22b7540b3678ed580fdc66dc3dac92217dce7c8a30274e532cea13f833f0f,user
viewer,k6_ws_2843,pts_d0b048d4d83a2d2f111bfac2092de23ed3448035d530e6bbd4002cb8ac84f48c,user
viewer,k6_ws_2844,pts_a4d2ee1329aa230f4a9a8cf3e1abc8ef5021cb5f8e778359dd02968c19eb3e5c,user
viewer,k6_ws_2845,pts_1108923e442d6dad71f11b9a28f9acc01047d5532cda73f976674e27e97ddc1e,user
viewer,k6_ws_2846,pts_62b1de6163d5a39e05e4e024d658864bb747ad6a64ca35b38175df92d7cb79c3,user
viewer,k6_ws_2847,pts_eeb8d2f8eca0ea89d3544ca3d011e27fe9a0ed4441434d4af85dcb1552480ec1,user
viewer,k6_ws_2848,pts_f96ee74a2124464ff9004553b0c115118199fd671007c7c6c677f6e45ef64bdd,user
viewer,k6_ws_2849,pts_f40fb4df83cf04656222a75040e799f70d60fad4244ac5f013b78dd6ffea907c,user
viewer,k6_ws_285,pts_f5f112b69c4f90f1312bcc0b1632558f74c2f2b55df4981373a570cf7970d896,user
viewer,k6_ws_2850,pts_a58ba50bda98dd5e53fc2bb40aa9cc17f7b282bbb7b300a63e648d4cf469f44e,user
viewer,k6_ws_2851,pts_f585dc5b556d41777ecc1e6f3efa991cee12c75aed903103f49220dbb6ccdc3f,user
viewer,k6_ws_2852,pts_6f25b3373053d733d188b0a5e36a312ac62b4f6b09d9d35f5a6261c42fafcb69,user
viewer,k6_ws_2853,pts_1ae115491341403a4f40ef53341982e2eb97e5bf617e12d8178788f00726a370,user
viewer,k6_ws_2854,pts_9fbfcd5af39e0623eab7f25a2e5c74e3c8de7c272993c68a6667e8129dd83b3a,user
viewer,k6_ws_2855,pts_f3ca80cac0a8a68ff9d900e4f9e0c78bf7662b293e9d948925d8e9d84ff12233,user
viewer,k6_ws_2856,pts_c44f5b68aba3ab80dc304ab32b85e091133c671ea0421d78d48aa0e16dc155a6,user
viewer,k6_ws_2857,pts_9c1e3470dee6089011644b1667216e3afdb22809ba146d69512e7865e4faf525,user
viewer,k6_ws_2858,pts_5b5bab9222630273fcb653c1fa7cd00a4b48e13510a1104a504c4aabc666c3cc,user
viewer,k6_ws_2859,pts_7bf9d6ee231ba9a50d42a0d8b676708550dbc555a84108e2f4e35fef167eefc0,user
viewer,k6_ws_286,pts_bd550ffde03ffffc78f50fa78c1214776e9183d30d1b07877649138efa3c20b7,user
viewer,k6_ws_2860,pts_f1252d47b14d20a9b706601dcd5e6f97b205c6f20889c53767a8443ea2d9ea3c,user
viewer,k6_ws_2861,pts_f08e15854cd8b1db1c5e74d04245ffb9d16c05f7c6e8583f338b509ac7d6ac23,user
viewer,k6_ws_2862,pts_545a03d2f5c0e9abe7bd9b5ff5c9ac3a75cfd089c42b34ab668f39905eed5724,user
viewer,k6_ws_2863,pts_a90a111ec9c5fdef19ca9d0b7149e7e4dd33a9fbf3bb85ab5b320a72cee4f868,user
viewer,k6_ws_2864,pts_37a0650ff23b58ed1e89e57fdfa181ab8f58bb997d0d529a514a5f993416d832,user
viewer,k6_ws_2865,pts_cd6a2150efb870758b19586f219b0913f58f34969c7f72d558c3b41ebf39376f,user
viewer,k6_ws_2866,pts_31a240ff40fcfedfe4b780d80a0c76a21a26ed46bc4bdfd290e390ed7cc9e990,user
viewer,k6_ws_2867,pts_79f6cf61512f6a4b76d59c0218e2544b912a2818338bcc9877669b792f6afb81,user
viewer,k6_ws_2868,pts_5a55e0d29d985546ea6fac4d643ad934eff0aa098bdc5a7666e6c4fe2788338b,user
viewer,k6_ws_2869,pts_aeea3b37fd2ac3495baaf1e2bdd2abf1ab9d4ace11c7398e99498816c3b927df,user
viewer,k6_ws_287,pts_a7f88867aed66b33b4fa24169317b8de5301d7111eaad7df834f85c434b6027e,user
viewer,k6_ws_2870,pts_6592577dbc0648063e35758eae30fac17fbad108ba8e2c745161cefb7668f2cc,user
viewer,k6_ws_2871,pts_b558fd004f9e97b53d838b84b8e070c5aa4e6ba8dbd8bd06eabaa5d5f0591758,user
viewer,k6_ws_2872,pts_3c089515e1b2fd43fbc5472a5ba3bc5845d546c2ffe69b7fc418fa777f98879b,user
viewer,k6_ws_2873,pts_71db63f06ec9ba351a74279d6ec5d51426e20a7cc2d90d3e06f9f1694c87b713,user
viewer,k6_ws_2874,pts_1a60846cf30d0d70c3d45107a2bfd4c38d23a17b36676c79893501151a3a0906,user
viewer,k6_ws_2875,pts_0de4cc0456b4a6292e78708db9e48466e9bb7dbb416fdf6e250b77819c28d486,user
viewer,k6_ws_2876,pts_11e936fe9c5685333c3fa815a1bcef4911488a623ad1746c2c2e24322f4ab70e,user
viewer,k6_ws_2877,pts_4f5e3added4af706a6e752924470bdec9b2f2580050ca10ba50fda26c0d71d95,user
viewer,k6_ws_2878,pts_072acf3fc7169ced421c71dc35b92d2253e0d5d4dc5b759ecc96e2ff48701ce1,user
viewer,k6_ws_2879,pts_c50a26ce4c2c1f27740e6b39839194af3166a1cb48a81629648ba70b6f3a416d,user
viewer,k6_ws_288,pts_504ff24f883d1c1ef316ca6da03b9fbee202738af45763717b537b8a0c7e841c,user
viewer,k6_ws_2880,pts_5b4ed0e422b50c0009c14118abcd99152debb42bcb40a4e11aa68bf62a741956,user
viewer,k6_ws_2881,pts_10dde46b0a526845a423dc03c91c31446a1baea00905d96a5e03501f4a47bb8d,user
viewer,k6_ws_2882,pts_9976d96403ac6685ac188bc5d63483d901f9c3b2d5366270825239dce7539d5f,user
viewer,k6_ws_2883,pts_5ee086a16199340beda1154020087013c0aa2588e633629db1c0a6bc8708e4ea,user
viewer,k6_ws_2884,pts_fc09b4bbfa3b071e26b1da31715a6b4868051a24fc8521ed0eceb9b858425067,user
viewer,k6_ws_2885,pts_ae0351923830e53062db8eb49c8f826c8ade5e5e75aec302f06d024b72ef36a5,user
viewer,k6_ws_2886,pts_3eb514995f476b90808e4baadcd2f705e2d931d3ed1e8e89edc3562180e7021c,user
viewer,k6_ws_2887,pts_4157fb82be4efc5c0a5e39f4f67d72ce80fb142aaf8c8c82b4e9816407ef84d1,user
viewer,k6_ws_2888,pts_3c756cb96e848902872f9b86f3dcd1573673fa1c2c6139e194486df7d54cf77e,user
viewer,k6_ws_2889,pts_9405d99a08d408ad6eed465975ed3a1e6cd27b62f0e7fecf3dd3b1ac7e3a2c8a,user
viewer,k6_ws_289,pts_86ef59bb6c8e33054580abe21c2406291a9bd50b7f302b5b37d978ad72082042,user
viewer,k6_ws_2890,pts_87ed877ceba947ae8733bd437049f36399ca21e34cc5723549c73c29b57043a6,user
viewer,k6_ws_2891,pts_6382498aec040c6f75a409c1996d501d0ba789b6d302cbb7320b3c7a5f9793eb,user
viewer,k6_ws_2892,pts_6d49058cac6c040adc7d3b79813697cc5023d269a88502924ae46f8004cfaa73,user
viewer,k6_ws_2893,pts_5b7d38c0db7fa019833c8ad0bef213ab04d6aba2901555eab8b598cae8c5136e,user
viewer,k6_ws_2894,pts_51173c82be73ef52d7b59f9a2c088fb778b0e202cf9c4530083cbe4b45659f9a,user
viewer,k6_ws_2895,pts_f0a9ce1a1579fd0d5a992c459c23ae087d47f6a7d5988353c0a77f33753155e3,user
viewer,k6_ws_2896,pts_08f9f06de0fecaf62e57bda8e9c8917e8c1cf03e2546e0668dad77b3a0f23934,user
viewer,k6_ws_2897,pts_e466ce1e4001a2f93ecf67ec1d9e28f7233032892144064744a929ee3aa66a68,user
viewer,k6_ws_2898,pts_a8d3e086164dc737bf4c9e1fe8b7eb040a145b68af6b595a27bbafcad69ac1c5,user
viewer,k6_ws_2899,pts_b61b0fb1e4dbc8ad6ca1e68bd6a3b01ffdfe5d5b1f62bc4e5933b1fd7c243343,user
viewer,k6_ws_29,pts_d9bbade316a3cbecd3a0d1bae4326e4c6790cc52794f82e50a5f7fb5b74de7fc,user
viewer,k6_ws_290,pts_1757c2fac31ab98e016ae5ec55bce56877f370e690f29adbbe34e6cdf516209f,user
viewer,k6_ws_2900,pts_e3497626500457a842ad2ccc425c14807259d9230b85eb2d12aa719a77a5e336,user
viewer,k6_ws_2901,pts_3b94f21e1834dd2094ee0c884c3409bb7e640867b176a274a80cf6121a2567f2,user
viewer,k6_ws_2902,pts_3526678658cb825c2af61d5dcd20cbce38317c55de4fa7208e7886c8d7499196,user
viewer,k6_ws_2903,pts_ec47e90765dcfdc1804eac3f99451a8ec809a85c4890c180debd980beb16863f,user
viewer,k6_ws_2904,pts_7f6124fbed08bb15fa6c3e13879bc8355cdf11815e037c7b200539a6e5494460,user
viewer,k6_ws_2905,pts_2fb1b79dc80fdc85a568d2711593076666153972f4fb330fc564b7a5a4e0a4b1,user
viewer,k6_ws_2906,pts_2887e1839482b4bf91e07b64d4e7ba5fe1c294a13d873cb85ae2e7abf7d6af5f,user
viewer,k6_ws_2907,pts_77ff8f279e92f390f9dac4e6955a1f35c27792644c947a5446c002a0cc901a2a,user
viewer,k6_ws_2908,pts_403efc09db55be3f88acb7c34565e7d8d3274c501ddc9d365391e928964ba981,user
viewer,k6_ws_2909,pts_2df344ccaef2ec020b8e97abd0f31843fad34188db3f2a5626bc32f4f3e60ed7,user
viewer,k6_ws_291,pts_1fd0810c2f3a0c5effdf84f91462c3b75d0573f05a9163173d1f590cd7b5550e,user
viewer,k6_ws_2910,pts_3f9a8b30b8539ae599d3d08af4a83c4606a8602e187550cb06c8a61b142d0289,user
viewer,k6_ws_2911,pts_5e72ee2d1c06f28b06a455baad3d43b961f5f00a87ed6495c694d0b415e008c9,user
viewer,k6_ws_2912,pts_e4ec87f04cbe074dae1654f99fb0ccd03fb46c5d56bd74334f4ec137d763f11d,user
viewer,k6_ws_2913,pts_6b0e76b1b50b55c817a810589ce18868c82808457d6064a2441e1cf73e568a21,user
viewer,k6_ws_2914,pts_ca14e9f7a32f2b0956384a5950f10c85baab061aedb92d325d1231408e6fe88c,user
viewer,k6_ws_2915,pts_f2ed49c2f47cf6208178ba25011bd6bb27e8e72ac22fb9d9289b990d7b84fca1,user
viewer,k6_ws_2916,pts_5e57e6e2886f3cded7c247658629b0aa5caa67a394e9d82987f653020fb0ff77,user
viewer,k6_ws_2917,pts_92602b2c7f987a7f05d59f8275594fc070544f67a30845951697e4b64e62de64,user
viewer,k6_ws_2918,pts_440db5785b79b5ff49577a3df44c57d9d70069b423d98fa96d5b62dac60cde78,user
viewer,k6_ws_2919,pts_fbcbec44a8855b0f03cc53f4dc4c64cd58b363cb138822c126a0f6c7082bc4a8,user
viewer,k6_ws_292,pts_2cfd74bb0a5875ac1abaea0f4a84f0119a6dc819e6bc691e33003d2260c9ee6c,user
viewer,k6_ws_2920,pts_f8cf739b30802492081262026bbeaee457a90f0d7d67e261b8df263922658b24,user
viewer,k6_ws_2921,pts_fd7a776aa99455ad19f23e073b0f7914b6f40997d18ed5ddcf213ca6cb234439,user
viewer,k6_ws_2922,pts_dff95fb15d55ae7d7c57a8cbee7652f7485e05e8a277336095aa2f76e56a8395,user
viewer,k6_ws_2923,pts_544b9c1ae88760648777d3ddeb2cb089d89ccf448fde36ddce3a65644a218868,user
viewer,k6_ws_2924,pts_57490941a94b5bfdb9cd124bbe555e9f6e651446d98f8c40002344ec9bd3be16,user
viewer,k6_ws_2925,pts_e5f9d932f2e9189cde526b2c05b9b7baf4f4da05a25109e9435ae7e08c1ccce5,user
viewer,k6_ws_2926,pts_58433d4d46fcb20469a8332ff7d66b0924b696468d831615df1f4e569d2894d8,user
viewer,k6_ws_2927,pts_93f9d72afc6d42e089ba2fa1fd6e1dc190324434eb9c0e93a54c6cc085443df8,user
viewer,k6_ws_2928,pts_3060df0597da1fbfec9a8927aeb8a3f1b1881a1215900bf3d91c5af18ab2b2a8,user
viewer,k6_ws_2929,pts_2ac95b2a4f6869ad8afd40ba62cef724fe4d511d728277f6abdd32bbe70823d8,user
viewer,k6_ws_293,pts_708ddbe480ea4a89008c72563d7e40b17c31e59e931eab788327ebaa3d09d2e9,user
viewer,k6_ws_2930,pts_1377653ac2caebd1fec3d2c216a163e0292a4e7ed2e83669c5e757312f2b5224,user
viewer,k6_ws_2931,pts_682036b94dd858de4a11d7ff1a58d4306136508a4750fe16b4bc0b1b1ecc309c,user
viewer,k6_ws_2932,pts_7b9fec58ad5b2caeb3846b8d33300705f7c615b189d5ced4077126ee52bd54d9,user
viewer,k6_ws_2933,pts_b3955ae3adff01ad82390a9487734aac94fdf1e022edc2fd6fa75a79ac5174a9,user
viewer,k6_ws_2934,pts_def7be619008e6dd9594c4177592ae56506099603370cbab1ec82ee7212832be,user
viewer,k6_ws_2935,pts_36f1ec43fee019edd1d03c9902e4cbb28d140abd67d0ddcde9660a7d824a0454,user
viewer,k6_ws_2936,pts_ef8e173640d7bd33e6afe684cc5a232659d6f087315817a3eaa23a26adf6d74e,user
viewer,k6_ws_2937,pts_325668232a3c345d0d17ffb7b8f398ddefae0d54cc016c4284cf1302a1b24c31,user
viewer,k6_ws_2938,pts_bc492ce769a9398e065a25ec2a5a8f069aecc8e4bcc75928cbeea8fa09420884,user
viewer,k6_ws_2939,pts_a16430754191c4b2b5ffeaaa2186f7edf5b0b9ea1a6e18b7ce96fd7f03c4eda2,user
viewer,k6_ws_294,pts_32523c20cd39bc317b55b2f762d76cbaa2c15ccc5854bd3fbcf6de059ed00d7b,user
viewer,k6_ws_2940,pts_8369a5a02d127af81c6a9e896ab8c81d7f9b8ae7409fea11780c6bdb8c91207b,user
viewer,k6_ws_2941,pts_535f9fc12108693cd5d6aa0143bb25fdd40bdf52c4c3ca97e0d21138cbc5ce2b,user
viewer,k6_ws_2942,pts_8e85d3b2fb7019337d117368817cf877b989cd60ae7ea05e0ffbb8b91d08389a,user
viewer,k6_ws_2943,pts_0f0c329283d3f6b10eabf66af20298327a760b68be548cb111d9a01d8e3e5a70,user
viewer,k6_ws_2944,pts_0c23aa4d855dde008fae22b2bec0d240191e70f0e69b54584797eecc26545897,user
viewer,k6_ws_2945,pts_533cde72dc1dc28869e46b143fe61d0fc89c8a53d2a2d8e3f6451c4f13478842,user
viewer,k6_ws_2946,pts_c197baf0f4af518d9bdb277448e67e2f3939e34854091e3178154688219fd6a9,user
viewer,k6_ws_2947,pts_79ab5f7d07754aec5bb28aefa16c5255aca875b01f97dae952896b2a7e460526,user
viewer,k6_ws_2948,pts_7493728cd6ad4f05272a5a5b2d325ece4bffce575cf4707adc64899fabbfbc0a,user
viewer,k6_ws_2949,pts_2a45f6e8dfb25959c8e4fa2d092e18c28f4403e66f88ef58e113a629de37aeda,user
viewer,k6_ws_295,pts_8cb52cd3dc0b5ad8d6dcc92ad3160376db5cb15945aa28af72807f2bf898c857,user
viewer,k6_ws_2950,pts_44ed88913fc2f10a22061d0692d4cd045953465b35d93e0adff0a989e651d92b,user
viewer,k6_ws_2951,pts_59ddfece44d67220b7b1482cde6c6b3349fa5dc5c371d30d763cf65be82e9c55,user
viewer,k6_ws_2952,pts_ac8e0578af68ae135961251484d3f601f12910b13cead5075019941e24299165,user
viewer,k6_ws_2953,pts_8fb3f536aa0a47a763258539497711ad2dfcb36c723f6738bfe97343649d4cc8,user
viewer,k6_ws_2954,pts_105211cd3ac68185e73e1e158185cf57d0fadb0a76ba905fab04089650b5fbb8,user
viewer,k6_ws_2955,pts_066b89a1a192e6d4c50369d20f65ecb23030f8d7bd8ed5748b4ce28cb0538d80,user
viewer,k6_ws_2956,pts_0ffb4c938a208b029e13d23dd21b29ef7291b98c58637586797ab57d60ff2e5d,user
viewer,k6_ws_2957,pts_80dfaed0fdd1720c3402bbff14b754a339fe22ae0e424a11fa37d0f0e23bb11f,user
viewer,k6_ws_2958,pts_25041ff86cdad3bc18e7f5dd586f157b5c9763343cc621e7664eab0bd2dd3d54,user
viewer,k6_ws_2959,pts_8fc75f8fac60de683cc1a2bde85b4a128be6526b0b3365076330908a17745257,user
viewer,k6_ws_296,pts_250ffccf214493b8babe94a3464a94d2100c49506537be60173cca0351694497,user
viewer,k6_ws_2960,pts_18f4630d8564ac33f77d1267a21720079efee53537c26e1329091d994aff1a4e,user
viewer,k6_ws_2961,pts_5bec0c63828d17318235dd0bc79a30809ddd02b63a9ef02343559877f41e882c,user
viewer,k6_ws_2962,pts_e8db6688505340018b60c4031760b6a6731dba9029dc4bf4b82185cb9c61a68b,user
viewer,k6_ws_2963,pts_019698408fcf8f47c4183b10d26128f787fbcb9ab1444ef5a47a543a0901dda1,user
viewer,k6_ws_2964,pts_ad693ec59c6ab3dc7337ca78659e7ec3b47460c9bca61eb605fb4c7a0c0694a3,user
viewer,k6_ws_2965,pts_0d7646db0f3715a16c01b8e54ac58c2ed53105e51cfe91e9bd6eef4300f8bc5a,user
viewer,k6_ws_2966,pts_e5b2797cd1f255218535f66716d0e52c780ea4d55945fb1d11b105b87648c426,user
viewer,k6_ws_2967,pts_425c103d54e7f495f684ea48f426c991d2038669f80dc598d1dcf5f3581e8e8d,user
viewer,k6_ws_2968,pts_a9f78668782fe60903303ad8b075ecfddef34f75e39274fe8d2cf524288147c5,user
viewer,k6_ws_2969,pts_f6463b0d2466f5a553e21ca59f9b47aa90fbe25a50bd9d5ce8a13bbe39023994,user
viewer,k6_ws_297,pts_aae5cc654012912654eeb53f7085f550e9f41ee45f428f518f87729a2b28c272,user
viewer,k6_ws_2970,pts_2a45038641c801e2ad4acbb01132b39389f986992021f89139223b9d47279357,user
viewer,k6_ws_2971,pts_381ae649b392f4ade6ac9d9604f8102caaf71661e4b6f91e15b15c115659308d,user
viewer,k6_ws_2972,pts_f20ef56bb90e32b5e20f85407666b61debb44e81428be93d146f31c4c0fb646d,user
viewer,k6_ws_2973,pts_06d72718c9b4d54eaa99983ea7346a6c5f442ed42b3d098957f4355442a3ea5d,user
viewer,k6_ws_2974,pts_c42a023ae80f639dc4fbc4ebd0f5ea0ccc88bbab8e762d991a5b607f6db4a8f4,user
viewer,k6_ws_2975,pts_38ecb8d7cff15c6fb5580b25095b795f3247635575811d41a0881adc1b8911dd,user
viewer,k6_ws_2976,pts_4e3ae922cb88bbcae18ebcbdcd5b51625ede4824588e37ee67da407c62f515ae,user
viewer,k6_ws_2977,pts_2ed8f94a1964b0b349ef9f535deb3238b0fc5185ba1c25c8f63c70b234a98bde,user
viewer,k6_ws_2978,pts_b9b2a0309da2d96bc15d06c2bfb868d27225b8949a39c80dc0f8cbfb97608c53,user
viewer,k6_ws_2979,pts_43309c4821ab99bbd68071eb5af59ef87096b5cd9563bfd691b2f9f1070c69dd,user
viewer,k6_ws_298,pts_4633e77a22e288912ccfd739e93c86c3504e52b591100c7f75f56c194947b081,user
viewer,k6_ws_2980,pts_8294e1fd3eadffc0583aee4e8fbb8452ccf0b7ead5a68fc5db66c6c585566b6c,user
viewer,k6_ws_2981,pts_e0020ae45df7852e4a28ea69c759021e6aefa2c8fe343ce9ae25a1a4854d1129,user
viewer,k6_ws_2982,pts_1b464911a277886a44e4e3a00ed6bf9f2ade000b2353bd91d9ed67c0198f7586,user
viewer,k6_ws_2983,pts_fad995f895e2dcd4b31b8cd98cd56f8fd0f01c098c6cbd4e46fce4f51a6874e1,user
viewer,k6_ws_2984,pts_fb6a601d47a29438601ca98315053bd2a821a0d598f5644c86dbf5c477a8f15b,user
viewer,k6_ws_2985,pts_1fbe2290f37bf623d2872d229be1f5d3fdfaa7ca4dc47e0ba1ffc6bcb89854b1,user
viewer,k6_ws_2986,pts_bdcc3cc9fda70a80e4ddb015dd8898792ef85f02213895e352b4bd29498ba302,user
viewer,k6_ws_2987,pts_bbd0052ada96828d170ea2618c954faf12ea7ca07adcd34be7ebbf4df5ef8c75,user
viewer,k6_ws_2988,pts_b8a2294f526a5f1b15c866caecb06eef0f8b5c627e16b54467a787dd3eb3b986,user
viewer,k6_ws_2989,pts_40518351e13c223203b997f578530256720f535fae71ee47e67b608d179fbdb0,user
viewer,k6_ws_299,pts_45070b480899a22f58253d96d436386ee11c5571dd1e539ee6f9a151dfbd31ee,user
viewer,k6_ws_2990,pts_1a072a544231e6c138abbc82794ac6b7de6abdb0dbcd61ae1a720846603b0537,user
viewer,k6_ws_2991,pts_7369eaa624702569c7a98bfa87a2c5c7d34737ae6db0971548a67ce639167dfe,user
viewer,k6_ws_2992,pts_4c3ca04e827524bb916ae9b343479e84d0ab1baac094d5fa6164361c0b9f3a2c,user
viewer,k6_ws_2993,pts_434082840abda3b9a1326863ddf64dcf24529add9214076789d609451f2feb29,user
viewer,k6_ws_2994,pts_013a5c6c3c2450a904eceb863bd9a6b284c9eb2aace5584762d7c81d61475a0b,user
viewer,k6_ws_2995,pts_042badfbf9f09bff5e7c3aae6f137ed58838668ccee3af589d28fc33eaca32ed,user
viewer,k6_ws_2996,pts_2ff21cde1e84e198ab5820c68d0f2d990d5443fd500f9fedc3e9d7b0bffd3a6c,user
viewer,k6_ws_2997,pts_847c43f1269ba8062c7ca4759211627e677d4fc87196eb5a01685c7cdc5958a5,user
viewer,k6_ws_2998,pts_1d0d695300cb9e76d4641ec8b8891ee630af349bafd5553f060e395ff010715a,user
viewer,k6_ws_2999,pts_fc0fde6940be7cb5dc40775d7e416f99131ff480331b944b3177ee3de8186b88,user
viewer,k6_ws_3,pts_9a39f12113ed80ec258b0c6c54ae7963fef9e367c556db2556dd15592919570d,user
viewer,k6_ws_30,pts_6e2a4fb7d06a9fa4d4fbce7b0a6a74d05361b7664c87c2ec8f2da1f099f3030c,user
viewer,k6_ws_300,pts_0bd5ada4b3dc581c2c595a7d1856ffd1efc2445ced08a9089083dd29448a0a3f,user
viewer,k6_ws_3000,pts_3f02b8f62cb9362364292dccb0805bdeddff69479edde6588d2a2e5b4e293508,user
viewer,k6_ws_3001,pts_8c0deecc638abc0920366a4a86a2669fae51a8cf36db99d4f207696292f0e8f3,user
viewer,k6_ws_3002,pts_454bfcb37ef2baadaff0ab625fb6fc0107cd43d90b00b51ddff711b21a328cdf,user
viewer,k6_ws_3003,pts_644816c32a8314720f0b10fcc53447c70e04f55c2833f3ad9bc217bf0703d119,user
viewer,k6_ws_3004,pts_9aedf5755a97583a1455e18ee5e25e007cefcf5235d02fc04260102e7d4497c6,user
viewer,k6_ws_3005,pts_24bdea46bf8d81c12e7d2df012e51db4cc18f1ad037aae6f134e029b1464ec0d,user
viewer,k6_ws_3006,pts_05157f6016fdb6fb2da644cc29a2dbbe2beab74ba1a211cf2a6682f24af5a648,user
viewer,k6_ws_3007,pts_2bd65c0cf79befea8eac14b132131d4e7c276f0a35ff59c49e91949d5f410b7e,user
viewer,k6_ws_3008,pts_6ce31b0a4c6c6232380049521fce866afc0189ae86f9973c0506b4e897c628cd,user
viewer,k6_ws_3009,pts_1e15e9f42eb59f19cceec15d32ec8fb8694ea6f430e99cfe04e831f125f37dde,user
viewer,k6_ws_301,pts_1b74d0aeec64b32dccd79cc2222b3e737533197470a7847e9c3dbc2491e9c190,user
viewer,k6_ws_3010,pts_156f2f38700a9f417431d3a7de966617c4948298fa450c301dcf86fe50a5b8da,user
viewer,k6_ws_3011,pts_995af37d10d316b88e8190f49c4132a350b270ddfacc6d4fde172101fbf75f79,user
viewer,k6_ws_3012,pts_65f9a68e944fac6c36d2f620f4520fa3d3c8919c74e01aa31d29f59d4ab87d72,user
viewer,k6_ws_3013,pts_34527fa04cdb78a1705f47e569c3bd12734eccb81a3ceb5b14fbee7a50b9168a,user
viewer,k6_ws_3014,pts_3e3b1fbd198b55a9a743d33fdbeda3a9027b30f1ad7fd8b3edd4ff0b083d41fc,user
viewer,k6_ws_3015,pts_2bb6ae9b0bf6e14c2f06392c1754641639fa3550d5f153c235f0826652f8a528,user
viewer,k6_ws_3016,pts_7c6e452baee2fb8acdd145ff9637278530aeea923398c449cfb1e6b3f0e3eda1,user
viewer,k6_ws_3017,pts_e01d8b13eec040bdd8c2e88d7b34696b1c8dd750db3c29c83739e0646003e093,user
viewer,k6_ws_3018,pts_196a91bdc87937395544cbb103ec810bbb6e63213f38d29eb36342dc21e4d078,user
viewer,k6_ws_3019,pts_f4698e8b9f0f4c3583d889b1fc207ecc0449127b0de0ca7ab2626ff15b39d8ed,user
viewer,k6_ws_302,pts_159f2432e34a3ae98d68e5b16afdf3e665cd3b46a5207e50185970c0a2d4508d,user
viewer,k6_ws_3020,pts_36694627fcaf00f7c9f67f8e7ce5cb6eeeba09abc35ad5b2a3729968f8ab8ef2,user
viewer,k6_ws_3021,pts_b96f3b30ccb9a59de720020a1b70cb823b4fd6a6f01545a542df8a9c5c23f01a,user
viewer,k6_ws_3022,pts_3ec6dc8d7b1dafe8618ac3b606e3b0beba5059f7987487bcf91f1b442354a61f,user
viewer,k6_ws_3023,pts_7e40d8859b9e3a62ff2d1d6ac4273410fb0a61971bdb964e2ed3415e00ef0d2e,user
viewer,k6_ws_3024,pts_c5a8511f803ab077570c25a7b02b9ad22c6b172309cbb7ec79de43992ec93612,user
viewer,k6_ws_3025,pts_d9e02badc5a055447b9c1a5dd2c3e985d91e46ec5bac137317260b309f471b7d,user
viewer,k6_ws_3026,pts_dc297ac4259e4f0910bdfa55c60cdca72d7d25501e5d8360c8ff291d7d42a2d8,user
viewer,k6_ws_3027,pts_9ea1f7f96dd37037d9628f67d224acf4fb1ac8a073552a76be0ea4d3c6d110b2,user
viewer,k6_ws_3028,pts_33a5091156945b5732016b4269a8b134942703a40745a19eaf7da72242d1ebef,user
viewer,k6_ws_3029,pts_f67650b001ea2a1cbd48613dd1f58e3d74cbb35aa237528499cc88a5dc9cf5e6,user
viewer,k6_ws_303,pts_59018dad2ad6fb3b15b905090c7ae4c0403b9005755562ce9360e76a2bec2b4e,user
viewer,k6_ws_3030,pts_8eae3dbba3da9cd2f2d02b11c3e508d63b70e8d9e38fc4ad28b029789aed3f10,user
viewer,k6_ws_3031,pts_2e191afba9e409aa007f5974a3f00f91f745577e218d610f82320e1227551d17,user
viewer,k6_ws_3032,pts_0399957ec6798854181d0242093419b178c99ad476b353b373c8082d1f73fee2,user
viewer,k6_ws_3033,pts_72c2e9a0f7125cb5de33e9e932cd496f8d70439f56c89b57be6849896c0e4546,user
viewer,k6_ws_3034,pts_798187cca608999dbeb7f4cd2e684e57cf7ad66ce88069f9a1450a349218b41d,user
viewer,k6_ws_3035,pts_679465ac24a74da0d66ec1d92326cef23b9dd9e2dbcc5dd0d0654dc8ed5cc780,user
viewer,k6_ws_3036,pts_40e3bb73d1a330f39b8caa4d6f14fd5e79c24cf96cd8faf09a3d3fea712f3233,user
viewer,k6_ws_3037,pts_962fc565a786817acfc41e1e57ae0ec3fb6bead0a2db2f9b089bf66b263735aa,user
viewer,k6_ws_3038,pts_27f9b618741ed9964836f651324f9bfbb17f8f064cc3c68dd453563a1a99e09f,user
viewer,k6_ws_3039,pts_d80389bb9a82b43a11aec3f0de85cdf73a2776732d7db5d9ea08fde179c9f806,user
viewer,k6_ws_304,pts_ee75785788a938d4809a360e4ae90f03eb25727080654146a8e02e8309ee6be7,user
viewer,k6_ws_3040,pts_3f7b0e218b8302a4bda8f9cfd9bf523ae088fef94d6521930587e54b1e5d61ce,user
viewer,k6_ws_3041,pts_d1735e4a598bfc0520db95b4c11d7fb31cb16d3addb0d8983ee3c96bda4d63b4,user
viewer,k6_ws_3042,pts_a7e35ec94e6619e115b846f06b229ea0f66644821785d0c39c7ec44fd04babd9,user
viewer,k6_ws_3043,pts_9aa5f9e707e0934de6a81d3d8a0e623684e1fc90b64228fe711f8d7b1c770829,user
viewer,k6_ws_3044,pts_7b67d4417f9272d6e3f9a804628e0bdb442e756d38ef158fd73c2665fdea303f,user
viewer,k6_ws_3045,pts_4ed5107e3ee9f0cab17a153850a56580be59ab46ff6016285c8c415c6058a1ab,user
viewer,k6_ws_3046,pts_c34330f5fd5d7561a71e95cb0f51058b53df05cd960aa700fab6da34d4d89619,user
viewer,k6_ws_3047,pts_a6081a5065bc6ac83aef920dd502a783f655262a1bf06cb6ff90d6b2b7d53079,user
viewer,k6_ws_3048,pts_39902ce3fc33078fe04cd46208b3ec636a67ef6cdf24458a4747b7681010e281,user
viewer,k6_ws_3049,pts_da6f7ad50341a77c3211e3a012b6248fcd1cf350f5699769425ba14f8fc16a9b,user
viewer,k6_ws_305,pts_65d6d4dafba346c1b2531cf3f382191c1a91f4afefb4e17f43d461862d340815,user
viewer,k6_ws_3050,pts_b8d0eea789195fa53924614a2f79abee0dc5b2b5bf0c8066af0aec03b17db03a,user
viewer,k6_ws_3051,pts_01aa20db6e6e575d0f74eda4256443a54f10a0308cae327fe1f2a708f6a5aeef,user
viewer,k6_ws_3052,pts_c1bfdac772e46b216f17bde082e364dea19216adeb48592ea4de51440e65b8d2,user
viewer,k6_ws_3053,pts_c8f8600ac4c5e7f6f1a1323022a08ff3dd7ea4f8b2c5c249cab72345f68be5d6,user
viewer,k6_ws_3054,pts_1f855ca8ae9af4ecea85bec0843b130a15c7a944eaacc537866dc70dacc5e3fe,user
viewer,k6_ws_3055,pts_5884f501c2e9225cc8b3f81a9d9aadb22c5dddb7f2b1cec7be2a9d9e23b1c3c5,user
viewer,k6_ws_3056,pts_22c9fe39cda7393a61f031d5f8e820988ad5c92098c1f478e47771d050f6fa1d,user
viewer,k6_ws_3057,pts_dc6955d14918c94c0fee477f1e6607f874e15d4b77158b9e2b4d2a77a4aafce9,user
viewer,k6_ws_3058,pts_9382bb723a9bdd0a05197539b9f0d7f786b5ea8707bf4f7a12d5dd2623aee50f,user
viewer,k6_ws_3059,pts_d8fa4a2a09fd21c516fd88cb3e71c6ba873b54370d99692f0bed02478a9b3cf3,user
viewer,k6_ws_306,pts_2bfec9054b056b8a63cb93b85c320c22dc5686da899c0a80d315f7e2858c4adf,user
viewer,k6_ws_3060,pts_2ed31232c91de227a9a079696f555ca4905de94ba05ce24b943a9a599afb8347,user
viewer,k6_ws_3061,pts_6b6b2c4672a283338520e075bb06bc2042b87116c01291126311bc129beae95a,user
viewer,k6_ws_3062,pts_d09b6ff06ab6b098313eb32b3110f0bcf72d5bf712b38ec2f177425c4bc27740,user
viewer,k6_ws_3063,pts_cfe049a67fd36af0a6805ea01889c0b1176f9919d35da3924f12cfa14ea9e9f6,user
viewer,k6_ws_3064,pts_940f95d65d89db4d41f279c790722392b56528b96f133248e209fc0909df284f,user
viewer,k6_ws_3065,pts_ff55144c06ff5dc6491c12bfc056e508fd7c8ab05b3e23cdd0ba0b8bf86788ba,user
viewer,k6_ws_3066,pts_5e360b1da5800d06f0a9d1a62f22ee2a9816325158fb699746acbab2f5933064,user
viewer,k6_ws_3067,pts_47a6e5b7e1e82c2c895c0c6de09ee0302742c6dfa5cd6c49a8d5b58dfa608b31,user
viewer,k6_ws_3068,pts_73b7f8e0f0417e81a3aa45125853533549c2f4cbaf3e702367ef36754e72b395,user
viewer,k6_ws_3069,pts_2dc5f69c7876539caa68855af8359230a34ff0b1766cb9222085e1b85ead6e49,user
viewer,k6_ws_307,pts_a4fc187704ed49d3966d162d4ac9e4f5c433634154d3515c6a42bee85ec4f1a2,user
viewer,k6_ws_3070,pts_e75fc08360a31b0c2d4bcc30fc81d69785e8dfba545c5bc0b950fd71f0436428,user
viewer,k6_ws_3071,pts_08a422b97b59a79e36431393534b3483d2ab294c80c35cf6b182eb5b1d757fdd,user
viewer,k6_ws_3072,pts_46a0140457be46dce34efb22a2f0451765436ee8d8600ed2334023b2ba57d2e7,user
viewer,k6_ws_3073,pts_7d5253f53e8df93c3ee93bd12a9ff6a01b5fcb19e4b2742a2827650c06cb050f,user
viewer,k6_ws_3074,pts_5ec181ae6e1372d7eabd005e4f1869fcb4a67dc7bc80d1867222b2cc44996efe,user
viewer,k6_ws_3075,pts_c3f81d403cf3799eceda663bbe1d48f8621ba496f96ceb581f3623200352ebfa,user
viewer,k6_ws_3076,pts_2d02caaaa9e280c9d283fc96a232dbb5c5e1d268ceb83818894f0782d028e31e,user
viewer,k6_ws_3077,pts_f0a53495c12227e94ed96199920198599df052d75c72c7d04a9e4f34690ed969,user
viewer,k6_ws_3078,pts_18cd2a8eceb09d871a9f7a31b850907c8dbc0338a8fe180a5e579443282a565d,user
viewer,k6_ws_3079,pts_0336ce5a01c2d539fabd0cbc8f9d12f53be20291fef9865dd26d56519cb8c1a7,user
viewer,k6_ws_308,pts_63cabd5884a8237f8d49300a3ca7e671570cfd30f3f088c18eb6a896359b55cc,user
viewer,k6_ws_3080,pts_7460323642af33bc4fe715062b888fab7f9cc57e0cbc591cc83dda8fe3ebaa32,user
viewer,k6_ws_3081,pts_017eafb5f5f296718b874975d0784cbb02bdcb911b5bb994322bcfe8f461b7e8,user
viewer,k6_ws_3082,pts_0e08e01239a900db043f34d9c27925d742249f1439dbf0c343010abfe6570b5c,user
viewer,k6_ws_3083,pts_1bf07b8aee4bbcaaed86d3b5611c5b6ae2609056a6fa3ce96f3c870a0cf89514,user
viewer,k6_ws_3084,pts_3c93109639ede151870a4e265f8a31277547cb7adf0e515d86e3d72e68229318,user
viewer,k6_ws_3085,pts_6632e5a4e7943ae6ac7fe6877fbfc15c5b7557d00cefa7d55b8890dfd79b3282,user
viewer,k6_ws_3086,pts_fd2bfbd002b544672ba03eb9d257522904f9e4600c934c26fa072d9e71f2e0e6,user
viewer,k6_ws_3087,pts_5a7930d9e5f430a4debc0bf7fd513799798af8ce4f0a62bc600aa364c22a58d6,user
viewer,k6_ws_3088,pts_44864c96078b5d2f625e9acb4d8f76db01db380266aa30222b9ad33d1d32c78f,user
viewer,k6_ws_3089,pts_8880cb9cfbcf423006a1328abe2d04904acdb413ed191d965bc1f68d776b242b,user
viewer,k6_ws_309,pts_ec73614904c91e91d2b15ea8698be8fe9ac3ec1c1d505f904ba8ce3209e23dd3,user
viewer,k6_ws_3090,pts_d337442ed3dcfae15fd4777f9be04022be107308055ae1a1546102fe089dc63a,user
viewer,k6_ws_3091,pts_5c30034635f0fc437f1d851916e311006ffde1afcd508b5f6dedf02d6549bdf9,user
viewer,k6_ws_3092,pts_0bf21dca8353602cff1a99719dbe287c71f926ffef53c171225f400549c6bef9,user
viewer,k6_ws_3093,pts_e1b48b52cea44473fb18b23a06e7050385e37c967835f1ba071bd8c4b464a622,user
viewer,k6_ws_3094,pts_79659acf5d5b033c11347951cce09155d59fab38fc28dac860707ed9044af6cb,user
viewer,k6_ws_3095,pts_0419332e86e0ef2a279610850546293648c2a1a00aaa3958d5dd1c52eb11ddcb,user
viewer,k6_ws_3096,pts_6b190146838e4ebd3e9417a3f7eccb5e1e5e92c589fda6f3f6d23e679144b0ab,user
viewer,k6_ws_3097,pts_bf615364fe85e1235c4546fd6b1acfcf2c1276cc0a53c65051d1cd24694a6c3b,user
viewer,k6_ws_3098,pts_69fcbe433a7c15193dfcb08ed78648569a1d8d005acf6d48ed26209b4a52de58,user
viewer,k6_ws_3099,pts_19f9691f984250c66f35a94268334a91f2d362bf236f5dd8a5c2d41244c609c2,user
viewer,k6_ws_31,pts_a012b7b7a724393551f501384cd3f8023b7e467b6655989423c7121de241c2b4,user
viewer,k6_ws_310,pts_d504aac0d30ae9c03a5f689738dcd266d1c7d7a591a136e01ea7ea58d1dc35ce,user
viewer,k6_ws_3100,pts_21e3ccc78a6246ed44f0c4b8a2eb5af136ee2ae5330ed680766270592eac267a,user
viewer,k6_ws_3101,pts_db967073d856977531d39b47db3bdd8979699543ee17c980eda5d33fc31e886e,user
viewer,k6_ws_3102,pts_b9a841b506374ab90ded98f36d5aa159e127148518bb0d36a52f7af070cbda64,user
viewer,k6_ws_3103,pts_55b47f6b9a89ff271d99a328abf60516e06a989517ab7a16aff551691d677507,user
viewer,k6_ws_3104,pts_54c245cdc573dd4426307ddba603a5e7eca1f1aa3195f87727576df4e24f6845,user
viewer,k6_ws_3105,pts_2a1524d903304bf7baf2457907975625659a9e772be9f29e31b8b743b72e8ea5,user
viewer,k6_ws_3106,pts_ab9fac53f069dbc985fd79e24f3a9fc6670ef4ff60b72f988b08ea5158add553,user
viewer,k6_ws_3107,pts_58f8c578b723fac9b581f849e5b68bdfc3658437a001644c1198d7b4819226b2,user
viewer,k6_ws_3108,pts_049ac85b9a3e506dc184b8f6a9c418b9b8c2b9b74ed060130a7dd023e419040b,user
viewer,k6_ws_3109,pts_69d929d3678405200750c76558c5ed5e1be3e0ebf6251b50cf8a73a567162b08,user
viewer,k6_ws_311,pts_c56bb9139e47366ef2574234cd554f599f5dce1a168fc4c430a9eeea6eaea80e,user
viewer,k6_ws_3110,pts_4d8ace99be2acb991e8dd54a0ffd5645d34a2384a877612513f5d53dea27c9c0,user
viewer,k6_ws_3111,pts_55ddcbcf932ea76a2d73175a8a6c14a7c1bb053997c53869513d18dcc1b1abf1,user
viewer,k6_ws_3112,pts_d052faf37f5ac88415bab812892a6c54867638a93d05be101030e150ebd39410,user
viewer,k6_ws_3113,pts_aeefcd89332677b38c38dee9a4963a6482ab80218dcf0a4bd966989bcec73d09,user
viewer,k6_ws_3114,pts_a778da293eb48ceeeaa2c543f0aa8199078a8d5aa6d0ea5bb37d0648b2f3c44c,user
viewer,k6_ws_3115,pts_720803600005b94475451b07b0b5af267ec991cae93e7a82ec3ddff2e3a16854,user
viewer,k6_ws_3116,pts_6ff4cdf5d7cbe8075ace3017713f163ff59704e4e877893b403950e0cd9d3f38,user
viewer,k6_ws_3117,pts_3b76018314c2a7b3bff188f25067e69e2a1ddd05246b85adb8de776089e3c8a9,user
viewer,k6_ws_3118,pts_d553e97162c6e3912d6356aea0dbdcebd1a317c54cf281b8746c9a44d9ada60a,user
viewer,k6_ws_3119,pts_efd052d03e284c4a2e01bc1657774c6a74500bf6f10806adeec4dfd10fcada96,user
viewer,k6_ws_312,pts_ca94c24a52aff43f9bbae6303b294716b87d6441864231f2616ed04d7ce1f166,user
viewer,k6_ws_3120,pts_ccc14847c89146b9786ee6489939b52360707033b4674efb46d66cd9b80d78e3,user
viewer,k6_ws_3121,pts_554c6bd6d5e2d75544f342153d1c0a71b7d4f762a0c1306155661313e21b6fd6,user
viewer,k6_ws_3122,pts_7af45edc0cf142b4185f5511d055801819e3ec3aa04c9ccef86955d6558ea500,user
viewer,k6_ws_3123,pts_d65675fb6e2a6477bab7abdc7c15d605728dd753766f1e4e7beafba98865f94b,user
viewer,k6_ws_3124,pts_db79e61f0ec629bafdc897cfdb173002b73d3f5697008d14778e7056e5f594eb,user
viewer,k6_ws_3125,pts_be03cf9570da9fd1086bef752ab25b6606736ef35d3e7bb45f8f2e1e9ce43fa9,user
viewer,k6_ws_3126,pts_a38e9a0ead180ce9fc45a5eccf2d03030cef980ef2209c711e768dfedbfe4120,user
viewer,k6_ws_3127,pts_7eba3f07bc1b18d0207ffa929b754050a2f6352d82381f763ede0256997ecf2e,user
viewer,k6_ws_3128,pts_d336fd8601f0f106298ad2684948a80cbfd1814be66486527a0681422bef5bff,user
viewer,k6_ws_3129,pts_5b7bb350bbf95417fbbf8c38b99780caac2cb1954c7edb502952e55be254f8d2,user
viewer,k6_ws_313,pts_7852246a96ba14abe472beb387b0c0beab9bc79300412b9ba129b5bbfd669945,user
viewer,k6_ws_3130,pts_bbee5892dd098310042fdcfead8ecd0b31b435052e1846c01ecd73ba714e90e7,user
viewer,k6_ws_3131,pts_fad8d37d106415c0ff051cd3a4a53498e152d4e0f2004b31363f2b0832c0d2e5,user
viewer,k6_ws_3132,pts_b3309361d56af433f8d201d756b2b6da83236981a59949ed4b3df2c3651d8963,user
viewer,k6_ws_3133,pts_21167e170b114c51ed07ec576b961d7906663749b33dda26fa7dab4116a70c77,user
viewer,k6_ws_3134,pts_62b6c6d306a592441a9f50969a85e9c6033b4a79bbbab5dcd9685fc28ab01791,user
viewer,k6_ws_3135,pts_35f631dc13e5be694c27a18767b9e6eeabf8f61e9ff59fee6637183961141f65,user
viewer,k6_ws_3136,pts_06f043ce7f041f5bdaae209ea740b1e47a0a633033ab2deda59813bbf5d74026,user
viewer,k6_ws_3137,pts_da2ddb9fafb178ea90c092eafd17165db0c4e3e94e3b3fd5e5090755df4d7a2a,user
viewer,k6_ws_3138,pts_b7c87957f950a79daae7153ba3a90e68909fa5bc98d7025d754f92ab22940fed,user
viewer,k6_ws_3139,pts_90f6676d58f676f66bff7b6be9c0c19b8e62fa2cc7f355d51a9f07cdced2af62,user
viewer,k6_ws_314,pts_d4fdb584293cf2cf1f0db24838d07c2af58dbdd92e3decb28c485f9bcf8119bd,user
viewer,k6_ws_3140,pts_e42a12decfdb8ecc957b330969a137a1b51c70c3920ff30363c15779d9d61327,user
viewer,k6_ws_3141,pts_01958e6c32d7ac774ee78ae5ca88525d5604f9d2016ae96c9a0809f4f6b35cb9,user
viewer,k6_ws_3142,pts_dc19f695d5c4f076b80f9045e149df6e64ea4c5ff8a68940d5719884bda040cd,user
viewer,k6_ws_3143,pts_166ae125b97f6ce28307709346d7b28bb9b1e96190f97515b09855c467c115db,user
viewer,k6_ws_3144,pts_ea61c98fd7be7a11366ced1e0f533adffbb50e5fe2061f9020828ace0442a111,user
viewer,k6_ws_3145,pts_d6856808ba04f99f6ae1920b810d32a03a303186bc17dc2505ad4441f30ad644,user
viewer,k6_ws_3146,pts_48d9b689ea69318966f566289cb61ebffd4ce265b9b7d417dd8ef19ab0aec8e5,user
viewer,k6_ws_3147,pts_4b506827eced3e0146d6dea3e46abb116faa28aa27844067cafd03241cd2c261,user
viewer,k6_ws_3148,pts_d789e8ca314badf235b3aa46d30b74898010fde8afc9ff802178f7851ed462a7,user
viewer,k6_ws_3149,pts_3a576a24f7826d74536d3c3f7828f36e7be89a496035f9ce714a2e092aa062b1,user
viewer,k6_ws_315,pts_f7efc81f7cc3e64557b59813e97415197555d47c3f615a89ff16603abac2497a,user
viewer,k6_ws_3150,pts_5792f98dc6741cdc38315033dbf32066d0f68f3bb171dbb7b18dc4f462ee162b,user
viewer,k6_ws_3151,pts_fcd4504a3d9a6e8dabf01be880a89f85c9244f44d8b87d4d7272b571d05145cd,user
viewer,k6_ws_3152,pts_a7309cc0432f6dd5c71c3f7a65784480ccc587b8b809329ab9776c5ab79815b4,user
viewer,k6_ws_3153,pts_9b6721f00d59fd57bd4c388064b66049fe5e64a839d08c08f92e132e824f85cb,user
viewer,k6_ws_3154,pts_b2a930ba18d52b15c99ca06d9ed773f65ca317c0827d1893f0c21408f2c11c11,user
viewer,k6_ws_3155,pts_e1a929e8c303e7d6880c7c8aeab276b1b7f13db78bf1b4ffadf84ed7f119876a,user
viewer,k6_ws_3156,pts_9afa53099ab727a613a37cd6e4ac5aa4d1136546a3e506fef65169ca67bbeaa5,user
viewer,k6_ws_3157,pts_c0873b5879304961df0daa004d82058a30f43d5b9947a58d8e4769c54ab0de64,user
viewer,k6_ws_3158,pts_f8a9594b1f66389f604cb5445806e2eedf8fe13aa38f5d4a97fb16c03c39ae7e,user
viewer,k6_ws_3159,pts_d1e1b3d14f9d85da9c5a57e36d69ce1e99becf0b61f5e50b842b1ea04c367066,user
viewer,k6_ws_316,pts_62c5e41c4e8ade387076db8fcf6f42b3c9f4d1a556fbbeb7068d8606fdc72b95,user
viewer,k6_ws_3160,pts_f93f06496980456866cb3156aed76e3bdf9c13494fae262d45dd25f807a6aa18,user
viewer,k6_ws_3161,pts_350068f9d0d217da4aaea20b0cf81222a3f7e5543749aeb138a9cc1ee5741dd6,user
viewer,k6_ws_3162,pts_ca4563404b7dc3303b987cc4b4a950f9022b4cde38c6acd8e65b82a9b1d31516,user
viewer,k6_ws_3163,pts_4e75043e0d513fc010f3c7c202018a72f43b94e610ccc6a42ab146579932f8c1,user
viewer,k6_ws_3164,pts_c0a9aa62e99cabe0f4ced2b752559b76865729f10b0e89a87213f07e356494c4,user
viewer,k6_ws_3165,pts_5083a86ddd59cc18e5d9b64a541ebb56a72cc9464a509f0e8ec81bd4dc777105,user
viewer,k6_ws_3166,pts_083d81106a7528beaae042f09090fc701bfa4d3a4a482e368d5e6d046b713cb6,user
viewer,k6_ws_3167,pts_a22f6f90624433daa9749689cf5a6f9bcc83edf2dd54b50d53fb2bd8edcce0d1,user
viewer,k6_ws_3168,pts_07dc77a3d2c9a3c60031977655c547478b25fe4b0cf2257fe4662ef344246c3c,user
viewer,k6_ws_3169,pts_3d7d020de71501ea559f568ebc08cdcfe7fb00fcf0029453c90d36ca2f0a3165,user
viewer,k6_ws_317,pts_9347c3d4727bad46df39a4e7ee5138411e82fe156010471c3bb4643d5bfe4024,user
viewer,k6_ws_3170,pts_f0456a8013b26c69ef8593b0177528b052fcab983b97654b0327da68ebaa270d,user
viewer,k6_ws_3171,pts_b7f1582f7dcf8de8f7cf5c9c272e1027924f845f35237545e4f02ac11503a608,user
viewer,k6_ws_3172,pts_5857c093af472b5418de12e5cf603c736f012ff2394cf8910cd61e854e931e7a,user
viewer,k6_ws_3173,pts_0ef2e04394c8a06a852450898a9bf599aa6154fd7e0813daedda2b386975cab8,user
viewer,k6_ws_3174,pts_b9e79f1e92ed2b5e05c5db557c94e89c027318a4222322554ac143e7ea9bcd84,user
viewer,k6_ws_3175,pts_d089a9edec5ba1a2c67cea66fad992b2bfea76d112a758ab7bd07360b6c295b5,user
viewer,k6_ws_3176,pts_23796bbd170e42ca3cf69045c203b1afaa9e7234660b61ce9f147321901000ac,user
viewer,k6_ws_3177,pts_c7aec5ea2f12c18fae6d48bbb83755b5e82356bb1135c89b7cb5a67702f0130a,user
viewer,k6_ws_3178,pts_29b060e2b7c41da8a9b169daff88b865c43fccd5cb1deb59e5bdc7865eb03f2e,user
viewer,k6_ws_3179,pts_c8ff38431d541aa715982e459a1f2533d58cfc8cd2911836177d414a257356a4,user
viewer,k6_ws_318,pts_8cd74335281e945d32fe358e77a59f913138b8445964de0828f4c6b4cfa3a799,user
viewer,k6_ws_3180,pts_b388e199920f1a1d03a9e0dad9dc4067052f6fbe23e990b7f9e88fc325c55d40,user
viewer,k6_ws_3181,pts_dd5bddd341338cbe791eaf206b39a71076e391d8ee332a4e1f848a6ccc7220de,user
viewer,k6_ws_3182,pts_55049ee3633557b9122e597588530237222b337a1850e1353dedf583cabdcf3d,user
viewer,k6_ws_3183,pts_ec06a21ad882f964e6bcb6ffa7eb40852d53c28a385793320ebeac999422e0f2,user
viewer,k6_ws_3184,pts_fa025258eeae0e526510ca63e9ff75804170de5a796001db4c6eccfad262fa63,user
viewer,k6_ws_3185,pts_1ce1d353132e7a036744a627f97da1ac87e6675d66297f4cffaed1a3f1acb9fe,user
viewer,k6_ws_3186,pts_4ed3e34a78fa858bf3cd1789038c05a927dcb3c150d7e7887ea954bb9f8c884c,user
viewer,k6_ws_3187,pts_4057f2ac2867032999524661af6d3c3cc34ba9efa4e0c98d977aa92749f8f529,user
viewer,k6_ws_3188,pts_bc9aed92ae8b8867f84a378f0ee1a19be3e4ef2e9c0c6351a79a8abe27b1dda7,user
viewer,k6_ws_3189,pts_21b9e0d09dc1efcf765a02a69d60fe5e7e99676c5981d3ae101b91fa8ecc4521,user
viewer,k6_ws_319,pts_23870e37a17fbb6509f5a616cf04c6922d41e402e0833f35e838643db6512688,user
viewer,k6_ws_3190,pts_dae9e150ce36ee1a3523dafe0a11d7220010c78289289f837c822ce50bef411b,user
viewer,k6_ws_3191,pts_0f8d2ed74d23e4a100f52d476af08629a0263b2628f8ca388ac52d770cab213d,user
viewer,k6_ws_3192,pts_3f2005d5f767014db51a42ec9f8a46e2b62b7c2b232dc77dcaddba38dfc351bc,user
viewer,k6_ws_3193,pts_3d8d4b8f8fa057fb7031eb9919ffe9b61734ba432f0af11c0f926722bc5a4ed1,user
viewer,k6_ws_3194,pts_7ca16ea2eb95f3e27b2c8a64c55ea564d9a51cc493a985dd45a8d0e1844bd393,user
viewer,k6_ws_3195,pts_e0779a27b81ba7db719f70ea1050cc68ee97b10b4f2c43ac4f835a17f03ada89,user
viewer,k6_ws_3196,pts_aad359367451d6d37270a686e83a210a352f1b21e376c0921b6e55d41a296847,user
viewer,k6_ws_3197,pts_063317802635c861d74cf345b3bd5a2f3bfef525fb4ad347d6496c58499ad26e,user
viewer,k6_ws_3198,pts_13b6159f906dff2f826f688b88b0d18db4d316c7d59e5470e5c431381cbc0766,user
viewer,k6_ws_3199,pts_7e3afda125c64d302a0462c8bab83867147386085d7519e1be171e8309c7332e,user
viewer,k6_ws_32,pts_3ed2a8774e0b50ad251f73401b93fb4adbb3f94fac300731618b6fc9b438b09f,user
viewer,k6_ws_320,pts_50dadcc90e66385b1565ea3aa078f5938053e65cb0b6e843842eb5113bfddff2,user
viewer,k6_ws_3200,pts_ccaa2c41b9e245243f91522c33b50745d6cfcb45a84d18619cf129de3a16f61f,user
viewer,k6_ws_3201,pts_e33f0059ff329d6d89f6f3f11dc5f1bc688307724b287b2bb3ed37111a5078a0,user
viewer,k6_ws_3202,pts_a26dcce24243cff165aab26a0b80bc9f8cc64c4b33b0d169dfa3a9ae275a9f59,user
viewer,k6_ws_3203,pts_b90a4a8470845f66038ba6af6ae8f3de65022ce28b392e8fce188fc8a7d9e7bd,user
viewer,k6_ws_3204,pts_3da91ab3c459c90d91a3e4b0af203d495b8f2a24af4cd26f8d9ec18d5b610c4f,user
viewer,k6_ws_3205,pts_b3767808f978b4681f7503670118fb58b8e887b0fa0e0090bdbb1fa1cb68d8bd,user
viewer,k6_ws_3206,pts_232d9134e60769d943b37861d3e59bcacbe9d47dd43f2b063959aed362897df2,user
viewer,k6_ws_3207,pts_719aebd9f0a2eca76cf6a0b3a354a9f71210eeb8314458d1ee98367bbd189950,user
viewer,k6_ws_3208,pts_c940c6f5c4eddad977455a8800b124396119ce108081d8d62a99d0dd8c80818c,user
viewer,k6_ws_3209,pts_fa2040b0c8e2bb496f92788344c483605796dbbad16abd53ec8ea50681f1ca51,user
viewer,k6_ws_321,pts_e08fb4df447f20988e52d68b5f9a2113a5b27ab032d3ad62ff600d043f7a6a28,user
viewer,k6_ws_3210,pts_a6f0e8a56cbd3e30f5df299e4b157e309f7e324ef8e5965b35415c1180dc96fd,user
viewer,k6_ws_3211,pts_56f36f6532de068079c814c6b98810a0eb8bc074de285769a22bae4c2c6be3f0,user
viewer,k6_ws_3212,pts_db7a6475fc21b4d2094e49ec30c10ace30165c506f6672d3547f6529c840854e,user
viewer,k6_ws_3213,pts_58a79ce9a1205b0c6d06770270d31f1376e1400df70f50e42b3370abf3ce3b44,user
viewer,k6_ws_3214,pts_9a187811742447bf4ad0fea5a5f5bcab2769b21e79c5368af13573ccc7fce7a0,user
viewer,k6_ws_3215,pts_2eab4cc78cdc84e61d0c49e95c015fbeea7870050eb08b20a648582bc0e8f5e6,user
viewer,k6_ws_3216,pts_336e471131bc41fdae6703c30da035bb62725318d37a58879c23ddba3025bca6,user
viewer,k6_ws_3217,pts_188f3128201d46b09331e0a20d446e0110123d1d9360a3a8f131a1912aa1720e,user
viewer,k6_ws_3218,pts_ffbaf59ba110d06b33d7b9ce6094a017805efa7f791a6b350765cda450a98c9b,user
viewer,k6_ws_3219,pts_d106682f1178009648d107e111bbf77ec757dc5263f5ab7c297ba21835c9ce11,user
viewer,k6_ws_322,pts_6a63e3a3e433a3a0702607dd38f09b3e9b22ca9364e8ded8cab213ffff80c101,user
viewer,k6_ws_3220,pts_397657574b398c14bdbac6332f16e752fd17933c9c97a985ee0841800cf354a5,user
viewer,k6_ws_3221,pts_c4ddcdf7ac7a28ddaab5381ae40a00ed777911544cc3f603595ba1be5d5de614,user
viewer,k6_ws_3222,pts_2fc9e1ae50cf91b037b4d541e6587226004f87163b33b504cb5ac4b9b7a3ab79,user
viewer,k6_ws_3223,pts_3496e2c7203778141b266ddd4af28857c232063791ca21a318ffd9f84e1b4eda,user
viewer,k6_ws_3224,pts_84e0f7de96b12211b66c6500752c935ac7c0cb83f62109e174025e1419901335,user
viewer,k6_ws_3225,pts_f2d8b60a9cfc900df653e84cd7802aa85bc3cedeb5a2c5eb95ee831ede67802e,user
viewer,k6_ws_3226,pts_14051bb8ff5cf8a4ab12a45e7cb0762b7939cf01b8f6f79702870e9ca26f6106,user
viewer,k6_ws_3227,pts_bb67743f9b9552c5a5d17c9c5b25aa5e85d08a9dee4511bb7938960c9eb37522,user
viewer,k6_ws_3228,pts_a33b0fde654766ff876965ed2a139426b6c331a3b3327e15c3a79c2371cb41d9,user
viewer,k6_ws_3229,pts_0e19f081ea4fd9118d60103deb6baa79efb8186bd480e928321e02ea981ce0e2,user
viewer,k6_ws_323,pts_c10a79e7cb6bdabcf8fe1d7efbeb99d39ba4698a70276c3326343d0021214ab1,user
viewer,k6_ws_3230,pts_dc17c27da31d72843f4cf171b25f687dc0a2efa48e77db749c004be14904a256,user
viewer,k6_ws_3231,pts_d0ae2ad6c7fc27b293add1e2b494ac1d08ce250227009d6023f13fa1736c1fe4,user
viewer,k6_ws_3232,pts_4a7fdadbf15b4353901475e3d5232142d120a0f29a86d206c5b2760da2ee1982,user
viewer,k6_ws_3233,pts_c7c3e1d130a0d7aa69fa57fbd7964da8b6f389a9a6a60052c5c6ff776d1f3209,user
viewer,k6_ws_3234,pts_78dc21b50b59dad99d788eca982fbc3a241e0c25181a4b03332ea9eec1e1ea29,user
viewer,k6_ws_3235,pts_44abc276b2107f4b8f243cd74ec18f9a17f7c08cbf136bc2fec3b3995199ab9f,user
viewer,k6_ws_3236,pts_899c4705e28695746d93894980d4ae10d43387c100af7e9120ef63536532fc17,user
viewer,k6_ws_3237,pts_8611084e4fd72ffeb9280e452a962af3e3375d1b05a653a4f323fa8699636a5d,user
viewer,k6_ws_3238,pts_85ae781e6a494e985d3d64f3ac8ec700ce2e65c787aaeafa3e3f58233747f2f1,user
viewer,k6_ws_3239,pts_75e686fbc197c3154261cac8ba4d35421317f297f7cbaeb5b029b0ddfd440f9c,user
viewer,k6_ws_324,pts_138761fe09ae00d8ad4a27a817e9ad0ca02c455828b6e722b23445334ea4198f,user
viewer,k6_ws_3240,pts_d205f448b25edb05e56eb7de9082c8911df16a856fe5e1268986f35914ce0671,user
viewer,k6_ws_3241,pts_ab0e7913b55acdad8c8c75bba15280489954642bdc20851dd35e5378c0edba0a,user
viewer,k6_ws_3242,pts_5fd94142d0da3042e76be273512341384e1a094204dddb68fad1d020b10a2727,user
viewer,k6_ws_3243,pts_603e505b6463de1daa16fb547b95704ee6deb650712416572823456a76502f8c,user
viewer,k6_ws_3244,pts_2042f2f6c8694483e6f12fcaaa0fb0c2a63b709a056c8433913666276daa4550,user
viewer,k6_ws_3245,pts_5b35bac0aaafbfd7efca8596475fefe2152b679ca42fba9a20cbf31097306929,user
viewer,k6_ws_3246,pts_af547f24b3f8f1607ce8697774e3fa011f8ec698bf173b97616dfbc3daf30260,user
viewer,k6_ws_3247,pts_b07b9fd2ccd79ecbe07f6d22037ded05770b60a3cc80c47ce5c57cb203dde71e,user
viewer,k6_ws_3248,pts_7b8ff766ff6d16c7bef5e6a0a10990934cf562438461090ef180b94bbab44939,user
viewer,k6_ws_3249,pts_732df694fc428edeb2a90357c511f0a06772c7530c3e6d552a1d7045753c4428,user
viewer,k6_ws_325,pts_112d9ce9345e2a43516172a08d1f869b40d1a29adc88aad8d0cbc5d3f888691e,user
viewer,k6_ws_3250,pts_833e2113347216b7573c6bd81de4f6e96df1153ff8c8699def16d3688ea24ac2,user
viewer,k6_ws_3251,pts_ac1d15f379cf43c500c9d49d31c78921cb22a2fb434906122828d8bcda833aec,user
viewer,k6_ws_3252,pts_725ffd1b046262111c1c7c1ed4126dbc39e755e9f0cd0e32d9b14ef5517ea905,user
viewer,k6_ws_3253,pts_7d5397c308177a889c87b152e8778f9babc9c7b77d5dc5008f4fbc6b37fc8796,user
viewer,k6_ws_3254,pts_ca9d2152cb65eee52c4ab1c714a715bfa2ce281040602a078f2b12e61ea71fa2,user
viewer,k6_ws_3255,pts_eedc380ef4b0ee97c5821fb509657863ae1a49c1b4157174c9ccf6923efbfa4a,user
viewer,k6_ws_3256,pts_858b244046c6440982a1fe0a20e94cb0c9e52bfb76dac6a813c8d8b3f59d20ee,user
viewer,k6_ws_3257,pts_0650b424c6976caa897f99502aa8b6ba4803379114bd2b62f7bc75b97238df2a,user
viewer,k6_ws_3258,pts_122a505d0cfdf067a213cff09282e783555198ccf0055e5b9315ed989a9abbb7,user
viewer,k6_ws_3259,pts_fd152c6c3627cffe488e091f05bcc0ac5e28485997bcd7591b1bae58e75777bc,user
viewer,k6_ws_326,pts_d6a6cf3542fb2732520df09c4b5df2a0efd50b871bbf8e9c6157e5d914c5389e,user
viewer,k6_ws_3260,pts_4c1f76e671a499c7ed328226ef8253f0552e51219ff17f25a197cba0ba631941,user
viewer,k6_ws_3261,pts_a9494619cba4dcf5231bab2f136b3abb14bc7865b0746f057080ad7b94104230,user
viewer,k6_ws_3262,pts_c9c8dbb35734aa1e9703a9eb2fe3a217154d7a70c766de799d6bf501c5a1ded4,user
viewer,k6_ws_3263,pts_fe2360e8f4f397b7099e1f99cae16ba7b3013adb8066cf063d5e3dcc9b6de93a,user
viewer,k6_ws_3264,pts_5525a7d2d513d3f83ed5fcd96fa624602843ccfa63a5661c02666966833160aa,user
viewer,k6_ws_3265,pts_a24c7712f1c31aaed5652a277937b96807ae28872d00cd303ce98e303bf3aee8,user
viewer,k6_ws_3266,pts_9a9a35ea12c9a2ddfa4148afbb36f2273e7b53cd388246fdd4f9387ac9b47b62,user
viewer,k6_ws_3267,pts_f471ac7038aa68aa1dce93eed0e7e964b0c3252406e9d6b1731b4b248a475330,user
viewer,k6_ws_3268,pts_71eb51298562845cd4c01ca14431e6f46409290e9d5d995e3f5ed6ac347a2ab0,user
viewer,k6_ws_3269,pts_2edbb58944850bb6a8e0527b6ee1322aa34747c4a319d4903efa459018baaaa8,user
viewer,k6_ws_327,pts_3bca6c0c68c996f6e0b9199bbdb3968410bb0ecc4ecbf05fef3c8b255cff5fa6,user
viewer,k6_ws_3270,pts_40de7ed6ce04672ba0151263146f9aa920ff3921336c54b655044602815c53cc,user
viewer,k6_ws_3271,pts_0046d07914c8282362f420a3e14c800a51fe1b235107a195532c675ac0819a62,user
viewer,k6_ws_3272,pts_44a8615a828d5ed45f527bf931a7516fb930f8cb39d6f1a4c7c84bf9d894443f,user
viewer,k6_ws_3273,pts_1dd53da3650fc269fb863ab7cd55fa83a65f5c79b0c6c2aec317083bc5a1dba2,user
viewer,k6_ws_3274,pts_171270bd088212f343414a0a9c598083ed81680e5efccc77b29e66ad95e44656,user
viewer,k6_ws_3275,pts_10ff399dee35a2be413c5f896a3bb2a3b395ac77a994356caf3748b20f472475,user
viewer,k6_ws_3276,pts_8292c0e4ac2fe107ccbbaf68f807ff112400881956eba054e92bf09edca95a4c,user
viewer,k6_ws_3277,pts_79bc08bb9d9f90f71c092eeaea9a492060eafa8fabb9abb23b83091a26b91f45,user
viewer,k6_ws_3278,pts_44d8ac2c7f604fd9e43eea2834f186704ba87250ef0e0f9ed55d804eb2421f75,user
viewer,k6_ws_3279,pts_0c4dca83493b4ac2f361bbb240943be442b36a6612220ce2819ad7a5d743967a,user
viewer,k6_ws_328,pts_82ba299753e010ac523c694339f0fc5ba8eabad2ea6665d33e8c5ddb3f9e85cd,user
viewer,k6_ws_3280,pts_58f35fd92e6b0df64ae7d51b44f13e137a43e708a35113672f9d038198ae7289,user
viewer,k6_ws_3281,pts_d5f1fa6f32c2bc0c9edcca6980b9727c06a569331fc090931f3123cb61c7cadb,user
viewer,k6_ws_3282,pts_72e4f6995c31d8d10e47d5b44a3227fe001a74b4dcf028fd8238879b8ad2379e,user
viewer,k6_ws_3283,pts_ac3a93966d7a3894839fefe40ce57e09d148189584e8397cfacc13a255d97355,user
viewer,k6_ws_3284,pts_c62cd92065a4a6e1a179b3d3d1c023cf9844143da2d0311a094fa865336f4511,user
viewer,k6_ws_3285,pts_693d5fe8b0e9bc8a4c3ddf59171802487d9c1ac1efdfbf76aa926140ae656c6b,user
viewer,k6_ws_3286,pts_ba14d876afdde4f6f0bcd6ca101e998d8464efd95897349b746a7a27d6570d95,user
viewer,k6_ws_3287,pts_236a4cd9fdc755eec0d3155fd00b6a05d9db41be094f482610f0354772714a09,user
viewer,k6_ws_3288,pts_57ce0ac3fd98fa654fd8c97b165971ba9f9521df52e91a9be08d09fc539c3182,user
viewer,k6_ws_3289,pts_5d218fac11ff0e902b441560a01e5dcc55b81b1dbfb07d893c86f0e856941fae,user
viewer,k6_ws_329,pts_e94d677941bbbe3f01dd3132944f9b7cb791b878d9a2a41415a9c86f43840a28,user
viewer,k6_ws_3290,pts_01e4341e4a74fc404fe3eb4de4be3f25ea291d9c0da7affa353492c8d1b39f59,user
viewer,k6_ws_3291,pts_e8960ad18d992f1df102a52f99868b851abcf3b0187281df3f0a54fbbc0bea0c,user
viewer,k6_ws_3292,pts_adb38878b5a42e165ae699c55a0429b4d80266ffcc470450da30ec06070d2db7,user
viewer,k6_ws_3293,pts_349fad1bcf313945af57e2a8c353b7799e4fca76b30c43825864cc7fcbfcefbb,user
viewer,k6_ws_3294,pts_3f013df63c7b0b9d5bf38c2320b8c0e6bdfcd8a26c5a0a1de062a3d8387ccf4e,user
viewer,k6_ws_3295,pts_5937d622bfed257171f70ac9f41362fb7611aa167309405d708ef1249e0ee896,user
viewer,k6_ws_3296,pts_d8d155ce1afbf74c1308aa3ed4b3952f20e39124e7217fc05c5d016a3e7274da,user
viewer,k6_ws_3297,pts_419dd356a6dc08dcf973a3d711dfc321cdfface01df5f2200e15f7a86e6130c5,user
viewer,k6_ws_3298,pts_058b19759fdd1de86060c15ed038170b52a1f53d6ecb3acc8973c86d0ce0ff41,user
viewer,k6_ws_3299,pts_de499d85daaf9d266b346c6eebc7d681855d5d97c98f39da036ce825e665d21a,user
viewer,k6_ws_33,pts_60e0c94de740e81f703b906642422ed47445ff0a47898e4c79f5c2a615318791,user
viewer,k6_ws_330,pts_b4fb93e3f6e6c58a6991f13fd9185bc59b76b63ef237549a79f6329302f711af,user
viewer,k6_ws_3300,pts_3fcfde479c16a428bbf68f12c3e0d9eb58e7db61836fe053513e95b66048187a,user
viewer,k6_ws_3301,pts_ca570c0deb4bd4e3f82493799e1f9ca1599cc8966a7d586f0b64b4ec40d7d64d,user
viewer,k6_ws_3302,pts_ab231a7b7b46bb739374a2b44b48e1be515f3d603dfd98e9e7ca48eb0b35c61e,user
viewer,k6_ws_3303,pts_84caeefe907833282ce48d3a4b431485f9be8fb6616a43de545e03049dab3cee,user
viewer,k6_ws_3304,pts_8be01456515db2adc9a9750dab64da911d9f99cf357375782f6971e012c81da0,user
viewer,k6_ws_3305,pts_ee92d0e7a971708df831caefc1503a7df2354e79f972b76b74815a1279cf679d,user
viewer,k6_ws_3306,pts_041932e8495f293c54ec92a0bf97011f0ba52f97547de198d2035ac5fa7fb7f8,user
viewer,k6_ws_3307,pts_c2be0f582da741c8cf1415d953069c6b0bc8ec7f1afc14e0b976b184fb916d66,user
viewer,k6_ws_3308,pts_ed540b8f09d899cf60c0135eb19c74dbb6a953637e46d836277b177e78afd3e7,user
viewer,k6_ws_3309,pts_297f4b7dfd1a80272d17ffe2c215386f0b57f06836cfd5ce3302be65684847c8,user
viewer,k6_ws_331,pts_1fdd2711546220dbf3dc0cfc2aa3a0a0a20f0657996d4a1356f60d3ba150ed5e,user
viewer,k6_ws_3310,pts_1b4fa6787c12530cf98641732aea97353863cba1383446aa162be375529ff324,user
viewer,k6_ws_3311,pts_2e3952cee52e20b5d3824d5643b9e13d89439389216504b076abfb3416776aef,user
viewer,k6_ws_3312,pts_c95651a0846540695d68e27a07e0a5cf6d739e2d9bb0c78b0f1f8387dbc4987d,user
viewer,k6_ws_3313,pts_f786a388a61b3a8a5e2046207f4966b478cca015dac3d21cfaa339414f2a87fe,user
viewer,k6_ws_3314,pts_e00b7b6e1e9a14b6f2c498ab934c504630fd848f64d45de4ffe4f713e09a8c3f,user
viewer,k6_ws_3315,pts_bcd5d6a8e11b400086cc1faa1cd8351810625da0fa81cb84498f3221fa0863db,user
viewer,k6_ws_3316,pts_fb68b9ec0fe427ee2f364875ab1685ee08d3d174d672139c7c22cc11301488ea,user
viewer,k6_ws_3317,pts_16519e8c067934525065d6bd17f546f8aeb4dd705f0bdbfeace7879d6c5568bd,user
viewer,k6_ws_3318,pts_bde63932b1f6509ddf208c9de7813136f5e9c6d8cc3fc31774849165f5244e9a,user
viewer,k6_ws_3319,pts_9ddfc5287cec9768b17e733d1a77416038e3cd81f5b2c233c87e00c7fd61ffd0,user
viewer,k6_ws_332,pts_6ddeb7412f207a470d241dbb955f65ed917daed50288fc25f13486f3c15fe8cd,user
viewer,k6_ws_3320,pts_775ae900f1c611cfe4e0c73c4b4ae440a44eb7842503113fe6ffa63dee19ee76,user
viewer,k6_ws_3321,pts_53762d341c2eac201aae6ee1f99564b311daf2e13c7a6fc552ad57cfcb4e7ccf,user
viewer,k6_ws_3322,pts_7d87f2b053e6ca47b529037efebb36612ee82cda161e57e20a263c0a45e898e1,user
viewer,k6_ws_3323,pts_74104557abde16340645575bcf66f0b6bad01eec74c9090363d03c78d032aa22,user
viewer,k6_ws_3324,pts_45ab84319f0cecc513b0fe8ba980a49e7c9f2fbcd87a2fdb3bdfed7be932527d,user
viewer,k6_ws_3325,pts_69efde2ec6e73a22fa4d8ad6b76f0d3d6332518fa3f6dd4416681f9dac710c35,user
viewer,k6_ws_3326,pts_87b2c6fe424ddabb10d15f35e95c693ee425d110e8368883d47328cf76514af1,user
viewer,k6_ws_3327,pts_368dc9fd67a35474167aaf00f04b2e3b6f7a015863acf09f20bc456c1109d0b7,user
viewer,k6_ws_3328,pts_5d65d28fbdb405bc0d561ecaaf91546497b2ae034538b4000109c774032f447c,user
viewer,k6_ws_3329,pts_02da0d2d801f09e0e07461d34adaa62a3b83761cfe8f189df6e031271e1b3630,user
viewer,k6_ws_333,pts_baab99052677340b730c88700674d52ae2652d4ffafdb11e36b1a80392e417cc,user
viewer,k6_ws_3330,pts_5098842af126369bccfc6d2bc19fed88859cef7c8ccfb22d4e46b0433492209f,user
viewer,k6_ws_3331,pts_35ff920cd10c4297c5145480e294b1d8a45b6d41405a5164d39af7883e729b7c,user
viewer,k6_ws_3332,pts_68e4c80693b22dab5851531b421a4b95f34ec58886d58c6df1925c5fd28b580a,user
viewer,k6_ws_3333,pts_2dd9789d271edec91f8cbf6f21f99fecf3dd6ca0fd3456ab23b29a54ec32aef8,user
viewer,k6_ws_3334,pts_0ae54070b18acb04e067e2eb7a14473439899a04f750cd762c9e3b3e0b550f76,user
viewer,k6_ws_3335,pts_ebf2c9368b6736f2798ee1bc776f91987fa049c647cd6da55875cfa6b4093929,user
viewer,k6_ws_3336,pts_2426e29ea8c32e0bfd48b585014e857c7af5db31605965635e33b87ea6b7c36b,user
viewer,k6_ws_3337,pts_fd330877270ca927f765bb70114f1552accae7816965988166b2b46aceb9ea04,user
viewer,k6_ws_3338,pts_dcd7bd6581eaf9c380a3e6e8f2cbc1610c0bc4ff412721b1351d056f91da4404,user
viewer,k6_ws_3339,pts_23e24de134110880cad19b54b15861611fb2231c7cf3baa24bf64234203ada99,user
viewer,k6_ws_334,pts_494764e7b8717c7d436aaf09a6c5564688032d0bdc79c6602e72e87276950042,user
viewer,k6_ws_3340,pts_1f8e1947f12f1fdae2b7687af911754723bd34266bdc6efb789752c40872a1d4,user
viewer,k6_ws_3341,pts_622ed3d1164671796693a2122b6182e07c4d409d595f037700a38c7072699536,user
viewer,k6_ws_3342,pts_2f615100182ff700153371f7b06089efdd68ad04a4bff54d7346155de8e8497d,user
viewer,k6_ws_3343,pts_f2b5f618508915622f8b689a65a091ab030b7e47415246d6938037e6a24e639c,user
viewer,k6_ws_3344,pts_edd5309ac0432cedd7cf35a4186a027074ce56853589a282332a94939aaba9ae,user
viewer,k6_ws_3345,pts_9842840ece2a549c7b61d001acdcdb62489dc689f2c6edf0ff3c3af56eb8297a,user
viewer,k6_ws_3346,pts_003245c4bf5acb5bb7beb666e669f90b1e4c66263716c5f9bb2eea3550d5014c,user
viewer,k6_ws_3347,pts_391ae12e5bcf6ed24746782c92a78ab2f45256486ff04fb17d2db22d37523693,user
viewer,k6_ws_3348,pts_c68632fbeda911f0a77f7a4d48f7eff94f887a4c8ddcbe6101bef4a88c17f2c7,user
viewer,k6_ws_3349,pts_4b926fc0d72988674178762ef0fbd6af0fe90cd3916537bf2e0b59c8bc018cdf,user
viewer,k6_ws_335,pts_978ee5f741e11f10a45941b1a49ae04b308dc75611228b77d1c08036a3be7cac,user
viewer,k6_ws_3350,pts_a0443dd08382b8ffa5efa0c802ce3082b6a660e91bb5b08286bff11f8526bd90,user
viewer,k6_ws_3351,pts_daa91ed03204fff6bae97b8f3b2c9ec81519654d6edf5807429809c15f8cdc02,user
viewer,k6_ws_3352,pts_48051777358c69be5af42146564d7a812481c98d9fe7c56bd8089036c9f7f710,user
viewer,k6_ws_3353,pts_f1f5583cdfff207cab4a46962f438605e66c6378c684dbf3ce3f2387d2ece1ed,user
viewer,k6_ws_3354,pts_30fe3525e257018f98ab2b7d50afdc9097597a4304748ff57fda42a09ef2dfd0,user
viewer,k6_ws_3355,pts_d3d727b6871929046577d3378b272fe080b5d641310525ce1c01c84de859f800,user
viewer,k6_ws_3356,pts_d0d949828fb444f75d6c651e0521be514457cc599ce0a08eb4837caea401c900,user
viewer,k6_ws_3357,pts_e523b70ad48ab86475350ceed5815749f178e735c2a79c41b56e356ba3fd4a56,user
viewer,k6_ws_3358,pts_6512f47c8a50b78e1451048cffc7a6e5b8e30a1b6429ec05c1866d195dcdeba0,user
viewer,k6_ws_3359,pts_c81f0dd17638984a49fbb632eb40c11d9c347c109a3213ad18810312276f9d73,user
viewer,k6_ws_336,pts_5f1e5c3661488cec6a9d1698d7f1c07faedbf38c991e2b3fee58563558d50849,user
viewer,k6_ws_3360,pts_15a7c69ecdf4203916f2c455a9fd76e72fa7f9fb38f1d8b3c99d700b0b9a5b33,user
viewer,k6_ws_3361,pts_932553170f776af764426b10e291e1fd3092b6f0a20f7aa2dc23c2d10809758e,user
viewer,k6_ws_3362,pts_f00066dd5051eab2c6d475b03d5a7967a0197789539a8dfa9b362c93c69a341a,user
viewer,k6_ws_3363,pts_86b873b20df3e5faaa9719141e1352209973424167788ec5a0c2b8717c36a664,user
viewer,k6_ws_3364,pts_23f4129993ac27cf1a7c4e6fec6511e311d9004cf1e6dcdae73a0e78cbbd4bb5,user
viewer,k6_ws_3365,pts_b69c986fa132e49597ff8fa87f5097744f86c03a02f7e0f62c36b96cf6ff79f6,user
viewer,k6_ws_3366,pts_a643b2624b18791e45318467e669c9bdbd046e30c7cf35c641fb4e5976fff353,user
viewer,k6_ws_3367,pts_7a7836818abfe374d8eb6b1952e33ec8e43906843c53d61a6431c3ef77a97c0f,user
viewer,k6_ws_3368,pts_97b88d2ffe5fa7a77017a4f32cd00e718474c44d7490f3934868c0c4c6ad9fc8,user
viewer,k6_ws_3369,pts_254deebcbf9dcbba68283c865d2829a895d377250bf50f494c61dd270cf11ea7,user
viewer,k6_ws_337,pts_25bdb4b22883bf228c2521211e51108da5e7b7da0f078da447f03d67a021fdbd,user
viewer,k6_ws_3370,pts_5466717c3dd9ca84a2e58cf663d8afa820f9fc678da89c0f6c72fa6d35c5344a,user
viewer,k6_ws_3371,pts_16a21be54b13025f51484131781c41af8d9568a418e602e45ae7042359f9b866,user
viewer,k6_ws_3372,pts_cc5a504bb45c196860959c37e8aae8c95959ef20c96095d0baac1d77a0148a00,user
viewer,k6_ws_3373,pts_4e04cd33ea6fd0bf9e44e5fc3c5e88e79cb7e40f9f2866d857fc62fc44fa5080,user
viewer,k6_ws_3374,pts_62c08eed6d66e7decc21f81e6531820039571a45a71234150cee408cf5803e5c,user
viewer,k6_ws_3375,pts_efb6235e3b9093107eafb5cbef2ecde3e74afe6c60f42ca7fcf0cb70b8967c24,user
viewer,k6_ws_3376,pts_0e68d4c1497daf3014551c89acbcb6f28a460f28c856496d4e00c461f2577970,user
viewer,k6_ws_3377,pts_afe510fe2b98bb0a4c9113dc288d7cf188db901293620bde519e697b610e6cbc,user
viewer,k6_ws_3378,pts_f82f7d4c526061b54ada69c392d26ac09c25cdbeb266c52b319e806b85d36cd3,user
viewer,k6_ws_3379,pts_ec111aa869c8a33803dadbd043cf4a964044f03b0026918d2408c81973317dbf,user
viewer,k6_ws_338,pts_278992e8659f4d9e44bcbcdeacb5d5c71bbca8f59a893c30c9f29d6c330b5093,user
viewer,k6_ws_3380,pts_6bb031419efbae8b54cb4bde2375079d3114465ef536370e98c432713f4085df,user
viewer,k6_ws_3381,pts_02b144bc2446928440a99ffc372fcd261c14f37bec0044373be24c812b458ff4,user
viewer,k6_ws_3382,pts_0dcad9a0293dca3a596cf4f1f83f1d88782a42dd7ec366978d8cc0fa67433aa4,user
viewer,k6_ws_3383,pts_e51921d702065e6f5f414c19a3efbd89a0e93aa3696fd7efc107c3cec4ac8e2d,user
viewer,k6_ws_3384,pts_f66dab2513dacf44fb00fa5c56b312941c7d7ababe658778d777ea6a64524235,user
viewer,k6_ws_3385,pts_d69e0e544f2b189569e39b678445816d26763550113ef70fe39aed346911f218,user
viewer,k6_ws_3386,pts_87f16e557cc48651ff3e7e570ef98bf4d405e229f866ae4ec06e9df232eca11f,user
viewer,k6_ws_3387,pts_781ab248279426307b5c230442bbccf523362a45d3071d149ab37f5617360e2a,user
viewer,k6_ws_3388,pts_efa992e9a6c11c7dd075204e4765cd45bf86e3106c0516e3b3dcc7d93d04291d,user
viewer,k6_ws_3389,pts_b13f3ead7b5b55e69f4c8c9ec7b8344064b6d0646feaf60312eadbf9cd90941d,user
viewer,k6_ws_339,pts_406c9b4a0ac4dad5ed6527e2cd4906017557b9007767e37ce9cf34cdcea8438b,user
viewer,k6_ws_3390,pts_b919499914eda6cdc7b10d6ad226412758a693868bd7ee7174a6cc4a59e81f01,user
viewer,k6_ws_3391,pts_fa3682acb15b86cc806c3857e9bf887723ea5172e44f8e7db0a44adb59c7d6c5,user
viewer,k6_ws_3392,pts_569319106f953aae870318505dba40d26d39cf0eaf0ce679f29c6c1b57362e71,user
viewer,k6_ws_3393,pts_8f6ce6aa5a57f3bcebfa333b320186cd7ad78ac6ff7f0e934cbdd5e6b8785e99,user
viewer,k6_ws_3394,pts_e0dcf1e5c03d815916b990d3bc20c57d39104ed5dce279f6eeec1639bf34b91f,user
viewer,k6_ws_3395,pts_a65b619d8ed1197fd3e27f77cc227cd19ff86828feffa844a8c8e6d154daa0fe,user
viewer,k6_ws_3396,pts_78eaf4b46360b42d685b1644ac616ce594c665441bdb15d37cc4977ba648c5c9,user
viewer,k6_ws_3397,pts_a9e8d8aef222a3ba8da7f952a58d3a68f4efaa04be8e11a1262d2fa105573dda,user
viewer,k6_ws_3398,pts_a7b541023fef51760881ba37aac4be8e0546e2263f7cd0bb5179a2f9497b153e,user
viewer,k6_ws_3399,pts_d4869401605ecfa4c3443e1affc436ae6b5258ace9d5e54322046108495825ae,user
viewer,k6_ws_34,pts_30627b17702df3b15e1a55e69042a3278a2be58e8a1d785314c017bbfd505050,user
viewer,k6_ws_340,pts_9f1b4a88d09453ab4b336cf6c0b90fee99253c8eb6e91606596c3bde49a071da,user
viewer,k6_ws_3400,pts_6958fecdd32a0cde9794e343b91fe358ccc197e8370f4c5aaa010c9fe7c00fc5,user
viewer,k6_ws_3401,pts_f0efa8a10cfd49ecc9fad2c97a55a3e56c217954686b9272d4edabb7488f33fc,user
viewer,k6_ws_3402,pts_6578400c55f02992c84e34c636a702f8a094540137be09e68ae1a94db306405b,user
viewer,k6_ws_3403,pts_64a43a95caa4f318e9f5a7588b272a2a0b0822e51b3acf62b63d09b68e10d887,user
viewer,k6_ws_3404,pts_7161d4c0147d99d2b457a2b159fc04312c7fa6ed44492f06085fe57d7786799d,user
viewer,k6_ws_3405,pts_56e2aed394c45be94398091875d2e15605512eed5a952cd5f7324aed79cfb29d,user
viewer,k6_ws_3406,pts_74f9e921bf3c00b4bfa3b1996f9d935e89b02be77754c35c0f94fc6639450c45,user
viewer,k6_ws_3407,pts_c978bfb8b70d6b794df06126edf23f499379d587054e2fce848f951bd469ff27,user
viewer,k6_ws_3408,pts_4bcbea54a98a7981073ea4d1ce211ff481527caf87e2c72a7f22cfd48a290be5,user
viewer,k6_ws_3409,pts_337a3047db6aa97f4c30a799ab53f007a9b8f92e3cfff1f188fed3f63c05447c,user
viewer,k6_ws_341,pts_5f38474396a6c615b7729524d2fbb30a6d50202877da12ec25d017ce03e7576c,user
viewer,k6_ws_3410,pts_b2da7063127f1f3023faff9bf2e924f7745c507a96b54cdf3682ea74c46e84b4,user
viewer,k6_ws_3411,pts_05196341e979f572b6d3dd7f5c47dcb256109a61a478e652790a88ec99ab49d4,user
viewer,k6_ws_3412,pts_c2a6ee90991c21f571e38bd64f5977e5adaf919abe19facc27cae9daa8b83594,user
viewer,k6_ws_3413,pts_8a111ef4471b14a9fa35b3a0b51d6320c249efdfd7e25c7ec34cd6731725f3d9,user
viewer,k6_ws_3414,pts_bcdbb6b21028608a57dc349112ef1e3692e465dc2f233202801280229a218b50,user
viewer,k6_ws_3415,pts_129f4298115677b523e928c18df705a741e2a7642c5000d714c2ba21f5feebb4,user
viewer,k6_ws_3416,pts_f9b89ad52fc77abada416a87a9e238b683c7782a2c07e2a4bf29095c48fd8ced,user
viewer,k6_ws_3417,pts_18f7f46cf3783948da35a889635393fdf7dfa3e858135f912ffadb95313c3d7a,user
viewer,k6_ws_3418,pts_5efafa57eaf2eb4d602d41455a364746f465c12cb9b0cdfbbcf81683516bd3df,user
viewer,k6_ws_3419,pts_451b9333e73b61b61d9f15728092850e476f8c7b0a91718f5d21013d6a9fdad4,user
viewer,k6_ws_342,pts_d4103fa7f456d465a2d7b69da76bac9c7184c87d045d4abcd1ea4c9149ff3441,user
viewer,k6_ws_3420,pts_5ab8000eb8223e02a275b79f1f9baa09978ed9f5544ccc8615d864d2eee58f21,user
viewer,k6_ws_3421,pts_2549660b6aaadc6884825213ba0fac9fbdc4a56afaa45c0181ed77aaa1136305,user
viewer,k6_ws_3422,pts_e261db253a30910d57f7124d54b1e10b544b6c97b5be2f11ea9b3ab2d8431591,user
viewer,k6_ws_3423,pts_8f87190307535246c310f853d6bd621da7f593c0451e3d26c2175eddccd0f7cb,user
viewer,k6_ws_3424,pts_414e6df714d42612bc5cc96d871daa21c94c8002c6d84df25c672dbc3e4cecfd,user
viewer,k6_ws_3425,pts_9155d53ee4866e033d82d84471f2d97f1c1bfc4e9d9b02b6af2e892e4b34b072,user
viewer,k6_ws_3426,pts_2f11a62e05e4bf10f4709231cc8df02ab449d70ff514dcb6a460e2efeababe13,user
viewer,k6_ws_3427,pts_6698a5024d0fcd6c6ed7d8080b44a8ec45b0b7cc6345d9bb2811371af37e0f92,user
viewer,k6_ws_3428,pts_47a86a1cb5e010bfc5b3aa4ece7db4a07fb7f86ca687af85bfb63164f2df2b3b,user
viewer,k6_ws_3429,pts_ac78f6a600cfceed1500eb4534fd5f826c7034986ebf96551766a300def63d66,user
viewer,k6_ws_343,pts_53bf9568583427d853d912f6e89f473d9ca507ec9599701254b86be490da0a48,user
viewer,k6_ws_3430,pts_b49e3b8b6934f1182efc48c3c7285af12a59bfcc2b417d58a9d34be0d22f3c84,user
viewer,k6_ws_3431,pts_e1d804e217af4162ac2934bd7ea581fd2e9d5d5bc181e57aa78fd72673f71264,user
viewer,k6_ws_3432,pts_72b23b07b7646c2a74ff10088920564cd2501e26498aacccbbb4674354fa2bbd,user
viewer,k6_ws_3433,pts_c1fbbb69a4ce2ed85533432697104005928f02a69ca70bccab68374caae3319c,user
viewer,k6_ws_3434,pts_0f1899e9efabe5040025e70da3530953ff5ed4ad475da92d9470fc32207b5783,user
viewer,k6_ws_3435,pts_74611b65a15a7438ff449ed5b0a0346613362cc7c7f145f2d7d2f50dfe654a18,user
viewer,k6_ws_3436,pts_df6a6942adfca6be8215d846bab574e8a87944186257ae6b15ca874690e1f990,user
viewer,k6_ws_3437,pts_b2288678376c8c35d3ae774d51046bf5d7989092f8632852270c4b989ce55267,user
viewer,k6_ws_3438,pts_762de546d9c97d3f6146be84f2891b16820221c980f667451e382f53aae6d409,user
viewer,k6_ws_3439,pts_460342f00123251d09ef5090a23a4a00900c38a4a733f70b542fe498679b4ea6,user
viewer,k6_ws_344,pts_c06a6b12231c15e312ed07a733bfd31b8c9ff66d23e5ac9bf97d9cb35776a97e,user
viewer,k6_ws_3440,pts_f0b967cef48e9836f017692f1856c9436bf1c42a339296dde80373bc3fd9e2ab,user
viewer,k6_ws_3441,pts_da0eda2f3d24c7d6fe79664d491e9355711e435d50cb7c9f994ffdf6ed894d57,user
viewer,k6_ws_3442,pts_503cd03b72680cf35395d1d249fd6cb375f940d5dd33ab2ffb91b3180267b1a2,user
viewer,k6_ws_3443,pts_31f685073cbb4331f0b675d9e41a02628a1e56c7eabe021436a6be0ba9275be3,user
viewer,k6_ws_3444,pts_b9c4e8e6ccf1fa135496469e03d36e31b0012fe230cdefe396535e7317dd3785,user
viewer,k6_ws_3445,pts_060dfe39646c01dd75b9a568e0a413167e8eb60d4eeaa1a9a0d3e1c363eb24f9,user
viewer,k6_ws_3446,pts_6bf227259d91f17c6106c1058d06e0253040b68163ed70926619268daa04837f,user
viewer,k6_ws_3447,pts_d2e214c0789304a014d3f43da331f1c2ed0fa9ecccec7e6cfe0edd7bd4b36840,user
viewer,k6_ws_3448,pts_c207117066ade18e99b37abe7b8a3cb0f423aa1e8150f5c4cbaef8af4cf062b0,user
viewer,k6_ws_3449,pts_be6bf7c2d2fe11b911efc5edc5ec44b78124d220417c33e94b18cfa2d38091ea,user
viewer,k6_ws_345,pts_2459552c75182f9a3b06ca23f47895b2a7d22ba56e5622f2adc80d91bb302fb9,user
viewer,k6_ws_3450,pts_737225878fd3854e9f9fa1306d9a5c113031c477d68366b7f8f5768a5e20f563,user
viewer,k6_ws_3451,pts_1d4e429b73608981622ceef16a8a4d0a8e67479e228f198f39a5dfd276566d8e,user
viewer,k6_ws_3452,pts_ad096e9123fbf9f26603210709dbfa6716dc7b442fa4fde0b788026159a324a2,user
viewer,k6_ws_3453,pts_e2dde8296d5d8f45d6e8f3a776ed1213ffaf4f0d3b528630697ec9e56ce86872,user
viewer,k6_ws_3454,pts_3d9b2c844929b52cda3a9b824ced079c4cef2727d4e35d09d7af641c03c59c27,user
viewer,k6_ws_3455,pts_ecb3d24c5acff83460b9f5742cdfc7f7aeb151d1db36d190f23a305954338717,user
viewer,k6_ws_3456,pts_b001241eb7a7944e3f581626e7730a5b9eefa52ada1d290ae728c14aa281be01,user
viewer,k6_ws_3457,pts_cb4400a1bdc9fb9b64677944463bf537fc1d3b2f1ce85316b9b7549dc75e61d6,user
viewer,k6_ws_3458,pts_70252ea7fff02560bf94070e36c383186b0cadaccf38c7121aa5b3bda81dbde7,user
viewer,k6_ws_3459,pts_f02add86b3e0b9d2e3a735c869fb3a05946df2e0705e17143ea20f28eb631d5d,user
viewer,k6_ws_346,pts_d526b5a3e9b748517b37f603a4c774f7e8b8095b9871ba021afce2f4ea8a3e97,user
viewer,k6_ws_3460,pts_8aece54eb2800a560930a500191fe00a3281a08d42287a618764dd63233f7895,user
viewer,k6_ws_3461,pts_1ae8759f7618120c55202a3835b0d5cbe71ce319c1a06eb38ce34d8641613d1f,user
viewer,k6_ws_3462,pts_0dd3f91074f1827d0c5530d5bf6ef5b22c4540418cafcc99717ad655ef154121,user
viewer,k6_ws_3463,pts_336a97c00cb5ca91023c930ea1f899171c41588c6cf28642d3026f18f2457509,user
viewer,k6_ws_3464,pts_86cbee4df5a8781388547197305f8eb97c605a4132b6c34d50f578ef6633b6ef,user
viewer,k6_ws_3465,pts_8d2eab23cd5e78e1aa7c5eca69d07ea2f0aa1a50ffe7a109926210bdd4b7aa73,user
viewer,k6_ws_3466,pts_4f7e904b7e406b07f75624acaef640a9e35f257c924bd5b23e2095b108c2626e,user
viewer,k6_ws_3467,pts_a154804109398bb7ce9ec3fc7d846fe71b92e172257e8a4d029263b201a9596d,user
viewer,k6_ws_3468,pts_77e6434ca4749a7347d343f6919efd2485f9937283585f800f46f360e220d02c,user
viewer,k6_ws_3469,pts_c9b128f32b19e0ee9dca1bf8b1d763c61840b479cf3c1f18721a70d3d515357e,user
viewer,k6_ws_347,pts_5bba9271974c1298b14d06aa4139a3e811669b86bd47646d518d6c776401d345,user
viewer,k6_ws_3470,pts_749051df2babd22c85ed8364580e1bc60894d2019b890eb483ae2c2aff4692c5,user
viewer,k6_ws_3471,pts_7ab2e86a418e16850117c32b51fbc5e542e24080275f6452683448dbe85e9ce7,user
viewer,k6_ws_3472,pts_8e64cee139ccf720629721b25c7f15dd84d897c6ca73037bf736fef4eb47fda2,user
viewer,k6_ws_3473,pts_2acbba954b868887a6fbb03a592090b30fa0e975f9dace5a9c25a4006773eb1d,user
viewer,k6_ws_3474,pts_53ba8f4e02da39cab174b5eb2ac6d2c0974ceb964f1d6af670011fce1290bc76,user
viewer,k6_ws_3475,pts_b6d9822f16dbec3066a241e59595e6a62bd97dd19f46ef712e3a54172afae13f,user
viewer,k6_ws_3476,pts_20dc19b12d16b97113921c42d5adcbe31f6b169b39ec108b7f24da3ab254cc86,user
viewer,k6_ws_3477,pts_778274a6d18fa3156422f70b14ad1877a1bc506d2377fef08443117f373785ef,user
viewer,k6_ws_3478,pts_42f1088bed9e9de3743a58f63f6e550a095aad8933815851a04b85a7e046901a,user
viewer,k6_ws_3479,pts_c161b642b1a95fb43c1a309fc9ea144482e4769538160359331525a963ee3155,user
viewer,k6_ws_348,pts_6c1d446a8661824d6496ee5801c6e72eea999ca46569950b9b23ac338dee4f7e,user
viewer,k6_ws_3480,pts_2798aff12c079f8b8532bdc7492c775d280279f9c1238d6863829d49413d8e8c,user
viewer,k6_ws_3481,pts_6b8d32082c59ac050b2f6e8c3c7ce5993402a335864b8b63bcfa84b162591643,user
viewer,k6_ws_3482,pts_331db1ca1ca8d5fef3ab9bd7e0e3e1619bfdf30a4ca48df0f2c0e6f8435a59a5,user
viewer,k6_ws_3483,pts_a2f3cc70f787e3fe30627c2a860fa82dbc8b5215c7a9c889545f49c300e0fd9c,user
viewer,k6_ws_3484,pts_bc832b7e8903956027f67d18dd19cb2fae22e2fb77ece4e143539673f393b87e,user
viewer,k6_ws_3485,pts_edf8f6ac507c9a734cf750f34dd7ddb9c8c6171a495a0f39c38ef8d400c6e3b2,user
viewer,k6_ws_3486,pts_5ec10d11f124f418ae1a574f7f7fd7368ceabf31321efcd33185b8947118805b,user
viewer,k6_ws_3487,pts_424883e2654f3b9f13d474fe84031cd3dbb802958ec6821b88b2898cd0f4eacc,user
viewer,k6_ws_3488,pts_ec3e6a3a651d45fd121202bf6f6a883852577f6d97c209760fb27d662b46566a,user
viewer,k6_ws_3489,pts_47062047f387ad9b774aee9211f627759d9c9d5be6ccefcc5b9e8d865d393c9d,user
viewer,k6_ws_349,pts_2025073be3bfc9d65daa71de3df2fd626eecbb530ce693ac480510f7bbd764e3,user
viewer,k6_ws_3490,pts_e1f7b23121769ae5735481568b8b59e40ce1536a6a0c76cf30524fdf628c6591,user
viewer,k6_ws_3491,pts_a22157d23c4e7a853bbeb44747ee84f55fc39afc33bb134e8c9207920788337e,user
viewer,k6_ws_3492,pts_fc77df8d927c3c40b42da985cedb4436bf1985a3cae6240ef28f647edae0a632,user
viewer,k6_ws_3493,pts_d7cc234c1caca7b34e951533a001a024497c3a9376eb88d09d3b2e0c60bb043f,user
viewer,k6_ws_3494,pts_1c457346b673aa077755dda99aab53b67e04a684f54ab3d8ff68e4e4239a4928,user
viewer,k6_ws_3495,pts_1e557d2cb6814d43f58e48ca85cf6d319027098fcc85db86002c02e2f4c1094f,user
viewer,k6_ws_3496,pts_a6117f02d99a6a7549a63e1df6f0061cd12226dcee326bb82a2d8582c79fe46d,user
viewer,k6_ws_3497,pts_06a6b6548e31aa74515d4ae48cfe7efa4a95430aa96d7e25241634cbce8fd76a,user
viewer,k6_ws_3498,pts_81512513362909c9557bebbbafcdcc99cb4015dbc3e8c261ad123eaf0f970d0a,user
viewer,k6_ws_3499,pts_9624de3dd13791dd70757c936a7406a92162ef01f61f876231a7649bb66c3c01,user
viewer,k6_ws_35,pts_cc8e788c40a37f14df1d0ecc91aa0f6c98c004ee9e99eb061771dbd4c2861e88,user
viewer,k6_ws_350,pts_2daa8384e67fe087d23ab0399f3bb68a8b21ac0f5201eaa365863e64eeb1d714,user
viewer,k6_ws_3500,pts_220efb1c7522b232e7be3939be13c8a9dde0e02fc4fbc9d2cae6598439d93d28,user
viewer,k6_ws_3501,pts_92a026d690053c077aaad3e3dad4f72a88273d74e2a87d9013836b7ed464844c,user
viewer,k6_ws_3502,pts_ef3c3d3051a655cca170d680cec139f3809219c765c6ef3e9852484b3cc232fe,user
viewer,k6_ws_3503,pts_5728b3e37a498169c2add8dc35fabf123499ff4904d8e9db60cfee93a88782d1,user
viewer,k6_ws_3504,pts_03d8c8cb60b11c97c96620b9c137b3f9f587b521416257472c23d7f998834dc6,user
viewer,k6_ws_3505,pts_f7c6263da9cd4e7f4ea52dc8168ff74f5540328707d3e3711eb35b0ad95f9f0d,user
viewer,k6_ws_3506,pts_e138adc1a140e8b86081f015b2dcbd5e76d9b9cc6de79bd4d7255693c9b136be,user
viewer,k6_ws_3507,pts_17011820ded31279ae54f966bde75f794837b1226355eb70e096f097d12568cd,user
viewer,k6_ws_3508,pts_1614f09a253d3f673bf4762d927c5bb3cc2ae356e364afb264cb31b6dcc91578,user
viewer,k6_ws_3509,pts_83bb69a6eaf6633384555ab0a3b49df0b1abd6e5823bd30c4cea1094e6cc2868,user
viewer,k6_ws_351,pts_31378602b1b5eafe1cafd892229d0713a8c84f745ea2719e0a0a9b325e55c4b0,user
viewer,k6_ws_3510,pts_86484766d5f9c72cf3bc3e45aec7a40d3f79eaa53217db30e1ac798e392f9a38,user
viewer,k6_ws_3511,pts_3b29d0dd484a065191cd697b8a9d2d4ed1d4bc354d575a010e1dc7c8b17c49c7,user
viewer,k6_ws_3512,pts_da0781147b1e41a4193c5306371c084ecd9a9efc0babfcc1e82f3802eb42277d,user
viewer,k6_ws_3513,pts_2114ac953072f685c2d3d0846536194b896c11a070fe0f3769e94ad0a9456131,user
viewer,k6_ws_3514,pts_3a23b51824ca6ce7d8456291215eda56d21778537e931953b86f862134b9af77,user
viewer,k6_ws_3515,pts_fd6be2e1c9b00018edf5be04de0a80952d7b65069eae7f89b5b91dbbcddf3fce,user
viewer,k6_ws_3516,pts_db608fea7511e7a9c701d1f0ab3795466819504533fabc2be68e5e59dc1f36a5,user
viewer,k6_ws_3517,pts_353a098eb702b835a7a0ec0df661633ac414e9bee176ad16f0d89b613dd001dd,user
viewer,k6_ws_3518,pts_eb60d061cb5878db0f36b8826cb32437ba79a644f8c38c85e956a6f07ce147e7,user
viewer,k6_ws_3519,pts_d00a0da2ad1f058fb3dd9facac02d113a56f0655432ef8ef699bd01a048a09d3,user
viewer,k6_ws_352,pts_12e262bc30c22b5512cb0d180f79ab772c304a06896dd2a4fa6848b6a173472a,user
viewer,k6_ws_3520,pts_8ed1256b0adbae1cff44702c3ccdbab38b2b125adc642564a8daa4c8fc5f2e12,user
viewer,k6_ws_3521,pts_5764404c789067397b73b8472f625054bcce3541d883a071815154830c94b684,user
viewer,k6_ws_3522,pts_0c4666cf07ba16152b8b18e2cd2f5d8963f0f210e97673a7e7f09b071612d122,user
viewer,k6_ws_3523,pts_fff57caed61ca6eeafbc8a47ca1d8e57ada4ee646daa18a4d2fe50ca27f5edc9,user
viewer,k6_ws_3524,pts_4be61d6f2aea192c2505adae93b6937c2028985fb0e0ac87ba0e2ed02a5e8c2b,user
viewer,k6_ws_3525,pts_2fc4f72566769fcf075ba74b5d21213b93bdee8bc4849449a7748bd08e7e94ee,user
viewer,k6_ws_3526,pts_c17e0871cec3292423f63657045612b41813a80bee7a83f5d9a765d0744f3c62,user
viewer,k6_ws_3527,pts_184c37f2c19417730cefc25f3c798b45812b116f9f8c115c8fd0a8a6a35c6d02,user
viewer,k6_ws_3528,pts_0742119ab712bd1a0794196072d194c3c0ba50bb84dace6b8e6acd9da902ab71,user
viewer,k6_ws_3529,pts_4e53c13cf7a1ff6a2f427f78940eba299c5fa4f6db9af43b3f0749dec5bfc7e3,user
viewer,k6_ws_353,pts_50de676b427dbb2ee005cf4ea9b4b6acd459b396a446fd288d56915c8f9bf23d,user
viewer,k6_ws_3530,pts_8e1bba4845a27c9c5f652b3e6762a9fc04c739bc0fb4190f922dfebf66077fc1,user
viewer,k6_ws_3531,pts_828e6e5d04b40c4924e7c518b28cb7fb7902f0d8310a67eda1ff7235094d84c2,user
viewer,k6_ws_3532,pts_4e86f64998c3c4ecd4eccfdb6be74d9cbe09e8378942fe6ab1eca9ae7c039601,user
viewer,k6_ws_3533,pts_2ad96befcdcee1db7c952dc85a3c0d58604f005d799fcafd49fc63634cdc056b,user
viewer,k6_ws_3534,pts_e0847e9f92d02aaca5aac1de0cdfc3a67289005fe78f29d29ead2b5e855d508b,user
viewer,k6_ws_3535,pts_5bf0474ed835bca7bd61bcbab3b84dcf106710fef76c07a25ab3793d90b2c4c1,user
viewer,k6_ws_3536,pts_0a8ff175e737ea8521eed88316b5bb0372760875f9024f8eb390e26c2db81a34,user
viewer,k6_ws_3537,pts_2b96b6ecfb7fa76c42f0d902e81dd10f881441b093c6af89c6e446a2a10ea499,user
viewer,k6_ws_3538,pts_b2cb996451bf78e5b325ab4807c0f87516c8dbed28da465df8a1275d70e3a97e,user
viewer,k6_ws_3539,pts_0a618da97413efca47c82887bd110e1444a7ca73afb45f0936329f6ffb14fd43,user
viewer,k6_ws_354,pts_312e14de7f6820acb1289d6fd154a8222ebcd3491630628641069f019cfeee6a,user
viewer,k6_ws_3540,pts_983d7a25c768a1963a01879f30eca57507f457fd857046b763724f6c6e910d4f,user
viewer,k6_ws_3541,pts_6e6dff8ab400b17c2ec809b867d81c644695d99e55292c3ace4174697faa0bf1,user
viewer,k6_ws_3542,pts_0573492f8f27524a25990ab2d09c514616513c90d3770d99e802fa97c158a94d,user
viewer,k6_ws_3543,pts_de6ec550f9a59f00a045abb2f031140ef981c19a944044f060a56f5e0499968b,user
viewer,k6_ws_3544,pts_0d9b3a470fc4d4d21d26ca390db2ff3e49905a01cf0cc407ef3d454cf513863e,user
viewer,k6_ws_3545,pts_03900ea80f7c91dde09bd9cb61dc43ecae86f7d9ba9ad0773e71fd27e456b93f,user
viewer,k6_ws_3546,pts_02471e0cfbb7d00c6399a22daaf238f3ce46a876305b6982de0b25a0b6c69cbf,user
viewer,k6_ws_3547,pts_a92569dcb31b3bbc660a29103583f09edf954652a565b036a9cf35e6413934b0,user
viewer,k6_ws_3548,pts_0f329935deb81e4907685c771bd5d398097571581d3c2a2dbffc1df5d901fc51,user
viewer,k6_ws_3549,pts_02383030aa13f913174dad2a6b02db5b50612d16d01c20b17ab6bfd90398aed0,user
viewer,k6_ws_355,pts_3062901601fcdea8a305f2c581daf56411d10e63cce100d8a27be3a8a41f3fc7,user
viewer,k6_ws_3550,pts_c459ff7dc0b46f294091d76cd4661c9eab1f089d01af8501ff651e00a78e34a2,user
viewer,k6_ws_3551,pts_5e89186e0cf3a3766c6408c245245484e3205091d2b70b8ed085b0244ad402d0,user
viewer,k6_ws_3552,pts_acb6ba27d3c7aea36299b465268c017edf2732989ff408cbc85c668e0564f7da,user
viewer,k6_ws_3553,pts_6d05f2824be88fa9b51e81d824aa79acf3557aa46fbe5ee7af24f4a226498734,user
viewer,k6_ws_3554,pts_16971989d6729ce314d57c76d914cc0a949affd1581afb031be78a3ffaa5de1e,user
viewer,k6_ws_3555,pts_fef405ea2883c08974157ed7179f6cbf6ddc7a5d6eea11ef3cc83108be38e9d8,user
viewer,k6_ws_3556,pts_a72cee42cc45d1e1f8c86cce477df4a557ff9d3a884df802ece840ef785e846b,user
viewer,k6_ws_3557,pts_9f1d90713a523218b1bee272250ea2e3a88e3888ace3edcb0e3936fda7051ace,user
viewer,k6_ws_3558,pts_f87b71dfd9b0c4ad2680d49fe8c86bf3b0f69b2c2cf580a402fa32c32fdd0251,user
viewer,k6_ws_3559,pts_9e517b2de48e62b176c40f1e2690933623fbfb6b3292d778b0933f31d80b13b9,user
viewer,k6_ws_356,pts_eafb008a185dda49779ed80fb9e9cc5db412cb8a2bf09b2006f3f218f9445d6b,user
viewer,k6_ws_3560,pts_9b938d4a635103dbcd63988a441a0dac46ce0cf08f473265d938bd585500d322,user
viewer,k6_ws_3561,pts_b0105b549972d3d283958eca428dbc64e19cf03e24c1707f9755596296db21ac,user
viewer,k6_ws_3562,pts_6d93b006ce7aa929ab36deb975d6c7200a7aae949bfc7dafb6b43acc3aaacb7b,user
viewer,k6_ws_3563,pts_0ef33021df38cdcb97cb9ee6d417a040a7e408c75c52567a792c502a9ae21463,user
viewer,k6_ws_3564,pts_071ae64b88b9c3d9fc432d9a6e4020dab391f3ba4a9fb9e00886fbedecea1da5,user
viewer,k6_ws_3565,pts_6cae31c7b4b616d935219cc260d3b632f3e2cd3e5794d968f2c9636cb0a7ed93,user
viewer,k6_ws_3566,pts_c02f8876a73560e24f63addf2366939e208f75e21e5e6225af9a1f401821000e,user
viewer,k6_ws_3567,pts_6d738e097b5b45f6c46c6a82e9f64fdba48bad392b71acae0c2f95eaabfa3491,user
viewer,k6_ws_3568,pts_875b777df101bbfb3de98386222734d961ec95de52e9b0e16818f8759a20d0d3,user
viewer,k6_ws_3569,pts_8cf9290e16e8967fe547f13132d4443553c4dc84e197c7cfd03eaf5650555b83,user
viewer,k6_ws_357,pts_4564178f941976bd8cc1836d16083a5fc35d094663848447ddeae32c294da4b3,user
viewer,k6_ws_3570,pts_5725e466f6a225c6c1b75197f8ead3265f51b2bfe6e5cbeb34684e48e20357d0,user
viewer,k6_ws_3571,pts_44cc96aeb6f5bb97355421356ea979a54283edc4a7c581ad9d3aef5b536f1ba1,user
viewer,k6_ws_3572,pts_78435f074def82c22afd15030cf45a91b62378f1de2ca06df483be24120240d8,user
viewer,k6_ws_3573,pts_f2516f4ae3088bc41c7ec57c96cd312a3c2e1ed07fa93984d7bea883e78591ba,user
viewer,k6_ws_3574,pts_bf0a00f7b9f962ce27e4caae37c1311df1eab291f24f87bd60364b8baf3ccc00,user
viewer,k6_ws_3575,pts_9c78f6d1fe6777c064faeb459216901ef7c5e30c653ce1685d06caf5bbdb1add,user
viewer,k6_ws_3576,pts_75b861bcb0c6cc855aeb19aaa770d5a8a5cc6453228ae1a235fa5a948833f5aa,user
viewer,k6_ws_3577,pts_e2182bf5e529e59030ab57f8fdc56c12c39f1abb667f0910bab5e16c88f443d1,user
viewer,k6_ws_3578,pts_e45c95fa3adb31234f35dace28964968813a4e5220e06bd02e72ce5fec1a4b57,user
viewer,k6_ws_3579,pts_57725c9b48b25d964e158cea7f619cdd7466e536f949a7349456e949ead82c57,user
viewer,k6_ws_358,pts_0358d30b0aba36e4f47dbb6bf01c02726444e1b4fdf670804be0e5970074b721,user
viewer,k6_ws_3580,pts_8f7be2c19942e7b2e422709172fe8ec835c78a54796c7e9280bb0713d0776e79,user
viewer,k6_ws_3581,pts_5800f8092c5927e13d10ba10d3ec95a641debf6f4e6128719a83580c0b2634dd,user
viewer,k6_ws_3582,pts_e51255561a7c5aaa8b1179b90dab42094d4710340bc830002e984cdb5fa8d44d,user
viewer,k6_ws_3583,pts_e2bf86341118e3a00a28dc16c3dc3e491c8b8e068a1b41aaa6738485fd20a8c5,user
viewer,k6_ws_3584,pts_88e8c485e26f00e3f6e3c505d9eb74805aaecc74e7f6755ad9be0dda2512efd2,user
viewer,k6_ws_3585,pts_b951a5b7f942b8f8b778be51a36eda123ba958e59db54be976537804e01b54de,user
viewer,k6_ws_3586,pts_a01714fbf260c0d180550defad7d4e8158ab8455236f461ff7b61f3df79e7d35,user
viewer,k6_ws_3587,pts_040931d6bc7e633ceb7c25587480d830e41f93aea5fb3359cadc02e88a86a90a,user
viewer,k6_ws_3588,pts_d980bffb69357beffd82b4dc34615c288bbc7419e5f4cd6c1dc8c8743b645e7e,user
viewer,k6_ws_3589,pts_e0fe0672c056f164be75554f64f32a373f4c8fd66d72c4d6fd5a9bc51569aa44,user
viewer,k6_ws_359,pts_eb0360a8fbc5b06350b90c480bce2fc0e8d4b2bff784efa6ee1e5b3e96ac8a69,user
viewer,k6_ws_3590,pts_2e4dcf4ebd6ad83eb3d7bf90f090c211b30492bd3e65883833db320c4ff12c56,user
viewer,k6_ws_3591,pts_48bfb03ddecece2c18de2e5afc25f104172112ee2be354b0f56669c21f27e3b5,user
viewer,k6_ws_3592,pts_b74e247575ad6d4165d17b890b00822526cc8ab1513e2cac8194ab90f131f246,user
viewer,k6_ws_3593,pts_03773b85406836e8b2f6295fb41d8620117eb8ecd1f932066ba1ec64ea0f0477,user
viewer,k6_ws_3594,pts_ffcc8c8615ceb735dc1089bd9055604d343b21c7e02a0602fe49dca1f74e3a94,user
viewer,k6_ws_3595,pts_1032595def917f5d1cb2ec3632408b715a11c7436cfcbb4c68209440e089c45c,user
viewer,k6_ws_3596,pts_17edf0859967197266a5a00259fd564e4c50770ab56d787d914779b297147892,user
viewer,k6_ws_3597,pts_07138f6d9ea4147c8f18ed535846033295576c063c2a2ce8e5496da6277f4383,user
viewer,k6_ws_3598,pts_a2275667c33fc0e4037f47f93c47d14f23439be7fa5fd042798aa9256e420162,user
viewer,k6_ws_3599,pts_357c3cf2190ddf26a384673225de4e0576c96432ee05f1e0181fca1b71f23261,user
viewer,k6_ws_36,pts_0721bcf0d2e232eb92d05664cf00f5f5b294a5652265bcd2e7ab072da416dcba,user
viewer,k6_ws_360,pts_547e3666e2cd706f0a57377c85ff201f460ddbcc5247f00be461989a453f1776,user
viewer,k6_ws_3600,pts_8c167f43dde223cb68d96d529b213363ddd62465b1bf9089f18d04d90e0c6b67,user
viewer,k6_ws_3601,pts_25232d2d0be5edfc17a63621d98a1f45ed7ab005eeca493bc7f52ed08967d314,user
viewer,k6_ws_3602,pts_cccf14d5eac64f18b839e92b9fc2f7e91e1d7521c7b96509c7155b8e530c05e6,user
viewer,k6_ws_3603,pts_4bef5e9d3e38626fb7799f8ae2a2ebf7a71200478b9ce3cc86ce2acedbf0b5a3,user
viewer,k6_ws_3604,pts_34578e041217eb76290f4fca158511fdf02749dea02b80708be7c97c591aacde,user
viewer,k6_ws_3605,pts_ec09cb905a452158fb1c22000dbcbf5041fa2ab1a88b809d0352424b2d6b9524,user
viewer,k6_ws_3606,pts_42c39d4d794123db4942e4cf008b6411fbb3c43a08b65ee4f062f7da7f0ee471,user
viewer,k6_ws_3607,pts_af7830d95ec5d3b731aa6432f6c7b7334905459de52a45f741d85b94560bbb17,user
viewer,k6_ws_3608,pts_5458ef114c174c9e79b5ca356b7ed4d4c5454000b9575568ecba8749ce0bd546,user
viewer,k6_ws_3609,pts_cd551f0021dddc3ae2bad13c68c1915317d7db2899acffd19df7e73c71cb857b,user
viewer,k6_ws_361,pts_d91ad85dd34fdb234e6eab30df88bc49cfc56795a2bc369c21dcd72f309aa818,user
viewer,k6_ws_3610,pts_1458f268b1332851ffa320f6944f9c525131099f3ed4b47101120cf4fcb87028,user
viewer,k6_ws_3611,pts_3306c88a730d5779560d8bdeb0353c27936219e87e30bae140c043b8ebf1be28,user
viewer,k6_ws_3612,pts_acad56086363b7cdc27e3d901f75cdd186f3b061ae13e85f245a55f7e6b1a200,user
viewer,k6_ws_3613,pts_2a0e8f8d68be43aad2203db38b0146d5c460e9308f191ef73aca3972e72c7662,user
viewer,k6_ws_3614,pts_16b005a180b6ca747dabecedee46e61477254ccd4c87794d672d6cfdd48af022,user
viewer,k6_ws_3615,pts_7b319486149fc8283cab4fc157ec37f1ac109c8db1f146b73425f1263e30a10c,user
viewer,k6_ws_3616,pts_f3f8b87e8aed5a4bc1ce2e519b84361e926b22ba2023aba5113bbf36bdc7ccbe,user
viewer,k6_ws_3617,pts_b62df163ede2d09ae13c7c177105a1fea6733fb1155a60a75e73bca0a88c8325,user
viewer,k6_ws_3618,pts_6d105ff3503d343a1ba9603925e38d7a2e7b7ae0c210800e4d1ac262852cc838,user
viewer,k6_ws_3619,pts_5c8a0538249cb95acf0e926b9788041de7c1cc70c6dd059c3d431cbbe2d5fd61,user
viewer,k6_ws_362,pts_df845d4cd25a5f067a1c19c486b8f3f0e0f9ff35b74b52676b2f074dc2403c32,user
viewer,k6_ws_3620,pts_a14cd12357d8926514bbff837c880639c5871a8ca6232c3f65d974ab29ec6908,user
viewer,k6_ws_3621,pts_dcff2652206ee580fff90b3e8d5b5e9389c3b8f500d9acbcfb44ad57e6061bd1,user
viewer,k6_ws_3622,pts_4f53c31d34b15b9eed2f05d48383c0801bfefb6ad98a9146ba4ea7cfa754046f,user
viewer,k6_ws_3623,pts_c0d96617304ac1d28b4f7275241ecce54fe301709e5ffa2028c99c0ad2c26a16,user
viewer,k6_ws_3624,pts_4be9bc315b09a218d0dbfc85e9befc2ea6fb93cb6f8cec146e1aa67c2a05741e,user
viewer,k6_ws_3625,pts_8f276d2c92650349ce87497fdae74ccac07ee2be4f778e2ccf52a38bc92d49a9,user
viewer,k6_ws_3626,pts_b60e2a62113a52679bd83c7dbe4044f3f60749922a77537889d6aca6bdb1d116,user
viewer,k6_ws_3627,pts_3ce50d87c39d569571d2cc0de56c2244365bf02f9191bf07f186a8befe84e832,user
viewer,k6_ws_3628,pts_31d6d38479885eb91d763312e50a22d83668e4f8043a3a5b50069bcf45878ea2,user
viewer,k6_ws_3629,pts_cba2ecff5d653991c96dd00d4969703ac1b112e1d2a45b75ecbb18a7b186f493,user
viewer,k6_ws_363,pts_cfbe4bd5bcfab311756a877aad14cee6df76836ac64c8870c8b80c99c7614f09,user
viewer,k6_ws_3630,pts_a177e9b4607f771d4b2fb68559db462291d2b7fb0fa4e3296b5275d53b215c89,user
viewer,k6_ws_3631,pts_164601f510a95d4dcf062f9fe2da7900aad1bb3c08cdf7d64d26cefd03f71d37,user
viewer,k6_ws_3632,pts_dccccf29689f8813d61d0c56975e4bd40c915c939665a204e2b1fcc86ccef706,user
viewer,k6_ws_3633,pts_ce21564b1a71d98085f9c7866b3109f951c268e07cf5cd02057adeb515423ed0,user
viewer,k6_ws_3634,pts_152339ac83f2414c1fdf79c4a38c313326ef6e2fa288c6de6639485c54e2c164,user
viewer,k6_ws_3635,pts_18730866936e04a9ca8a7bf10cdb95042396fd40806bc26fceea0adfd24d6b82,user
viewer,k6_ws_3636,pts_cd0bc221e6be6d86e8fda3220f5b6b2e4e6d4f62c81faac2a004aa91e50b8fd3,user
viewer,k6_ws_3637,pts_c6850c75eac29217f9efae83301f2e7b33a6cb4f784635bbfeac0ef6f94bbcaa,user
viewer,k6_ws_3638,pts_5bce237a88f94d7934ea1e235bd8310bcb1692aca557895ffa2c7a4d5aade0e6,user
viewer,k6_ws_3639,pts_a5a58e206da9e7e6e6de07155ebd984d5a60a557da2bac811585cefda5d3adc9,user
viewer,k6_ws_364,pts_fe11b855855a58d9335155e9d760b60f820f165a288e05e2489bbe4b95d5ecf1,user
viewer,k6_ws_3640,pts_2c4b1c9152d217cd58c42389419d6e373c308dd9023321ecefbcb49a07f44b9c,user
viewer,k6_ws_3641,pts_0c6f9c94ec319dce864600c7e3b2ad50d9756a4bb942a7ee4f2fc72ae85eb359,user
viewer,k6_ws_3642,pts_1663b37920df14cc1292d473fdea0b3c0c65c0f811f8c91cfb599207461e7e07,user
viewer,k6_ws_3643,pts_5f8fa6af34c661421c2a880c794ba76527b989a5fb3e0bdbe90860de0f0c3206,user
viewer,k6_ws_3644,pts_3b3eade05e7d3606419b9d29b23b607866951e7814cfeab2c302eaeb82e7e955,user
viewer,k6_ws_3645,pts_d47b97958448996efd73a051132a62e6170205e5956e94cdc9f89394635287ab,user
viewer,k6_ws_3646,pts_e21f5535fd029d886d276730e9588d07da3081cc499ab61cce7dfc07b687141f,user
viewer,k6_ws_3647,pts_dead0e147b559c96f25eed82d43ba0e745a30bd7ff8b0aabf0065ef34c1c0f05,user
viewer,k6_ws_3648,pts_c993116f5c7a51cf287d005ab834c4d6c05112b97dba074a6cf7e20252bd0ee1,user
viewer,k6_ws_3649,pts_9c1497cfcd74362e44a426b946bdcf2c6c91766204ecf87f4924dfde79ebb3b7,user
viewer,k6_ws_365,pts_0a744d495c7a5b7492385c24734cbdd6c112adccc45a4f733d23a62f5196c365,user
viewer,k6_ws_3650,pts_f56333eb341dc66ea43bf372b922aed31f28d16a862844141a5024aa91ed713c,user
viewer,k6_ws_3651,pts_373d289cacfd8188a0ed2abcb86d4d3d83af45b338a758db3f1dc2558f574478,user
viewer,k6_ws_3652,pts_d2a328288f6f56a2e0de3dddf9c8b89b8c8d8b10e52485d4611056ce4d210bd7,user
viewer,k6_ws_3653,pts_1425671150fc25dccb61e9ea282e99d98027cdb6f3a0fb77431bc9f0cb56b123,user
viewer,k6_ws_3654,pts_80416582ae10615f9a159a55fb7e20d6cfade3aec4669ffaf6809284817540d6,user
viewer,k6_ws_3655,pts_74ea678d05aebe89987ed0a203528f7cde0d61c3015d3f29fa8c465093cd9be1,user
viewer,k6_ws_3656,pts_b418bbf6e904a4da4ef7171300a7c24ac3a88d838cde90480362243a7fb9ab57,user
viewer,k6_ws_3657,pts_a47b4a465ae95c6ed3089ace6d0e8014eb9c4ef8bc3afda9d026fa18aca2a7aa,user
viewer,k6_ws_3658,pts_11a1b0e4fd86aee364a6ca4aaa4a9c1152d9e5704ba8b9c5859c7a936f767454,user
viewer,k6_ws_3659,pts_d7e95a24bb4f05dcb5d952f8384ef34cba546f0461d3e2f881e9e2eca8ac766c,user
viewer,k6_ws_366,pts_3e28e3309cdb786e37dad759e099ddfd3d04bd1f2ffbf66f85d64c5b9e874681,user
viewer,k6_ws_3660,pts_094f18e52987a34f733317e1a2b120654b928bc1518fe9d0891eb4e31a935b32,user
viewer,k6_ws_3661,pts_8895eb97bbe68f9f6123bd36ee3fe3010f2c19f19e5a363b290e0af0ea5543a3,user
viewer,k6_ws_3662,pts_996f1281311eeda830dca339515845df62b51f9a9982171a289fb66d91912926,user
viewer,k6_ws_3663,pts_055fc3a2e52c93807904c48b8489445db6a942ce903fcf43a4384a3e49c1a4bf,user
viewer,k6_ws_3664,pts_aa132c6271ba8d31d7c51d143e9c5125381241df708bbcf90174f629f4b38727,user
viewer,k6_ws_3665,pts_996c2fcbaf3eafdfaea0ac7e29bea1e5b974b220706cb1de4c754f1f9cedfb79,user
viewer,k6_ws_3666,pts_225ce368bb4b4e9ef11a99cb58f3bd45853862f766f7b0dce5edacedd29107cc,user
viewer,k6_ws_3667,pts_ecf94640c0bdc2dd4e6911f9a0898ed46b71a5fe2405cc52ea9f9822fb0278b7,user
viewer,k6_ws_3668,pts_f56742473f21314d8806435f3406f41dad6244f566713529d9875397c29162c9,user
viewer,k6_ws_3669,pts_f4c0a4a41945288c9c30edef0defd55ff20846c79fd0bbe4ad7655921920ea64,user
viewer,k6_ws_367,pts_1ade7238016ebe5d3f82265314bd3dde9d0d5d6e91000174f470cac0d727c6b7,user
viewer,k6_ws_3670,pts_f84d41227ec51cb02c2dbdad59e2a0f729787d300c11022c2cfa1a30d5793a35,user
viewer,k6_ws_3671,pts_f706c8ed7b15a3fe810ebf127417a0ab434fc494ea81e25f43bf1a8c0bebac47,user
viewer,k6_ws_3672,pts_92db6dd5ca23a6e007c0a02d771828209ce860bfa18ce58ba801fa3fe9880566,user
viewer,k6_ws_3673,pts_46f4b25abca06f3356d626ca0b101fc03e4bb7d97a01345aee009e9a8cb0e300,user
viewer,k6_ws_3674,pts_9790339b0acd2cb8c141a9593a6d836f7b4afdc7e0a3bb5e989be906e8a64c14,user
viewer,k6_ws_3675,pts_3b217007166dae2bcd8ba635554159c65c2e418f8289872aca0d86b060e84e30,user
viewer,k6_ws_3676,pts_4d3e7d00bc4aa84de552e2ea32a20df2060dd9c5045fdae2826629dc8ab8476d,user
viewer,k6_ws_3677,pts_13d1c2c74b5f302dd5f108696ee642bd1c4af9919d8f588b25fd3d8d5adb9cff,user
viewer,k6_ws_3678,pts_1e4d473ae68d7192fea5b80211722d1c9a941872cb365056d317219fb1151bf8,user
viewer,k6_ws_3679,pts_b0260ae8ad8e390591274898df0e920b6410976a10d67edf6b51108d100d1004,user
viewer,k6_ws_368,pts_f13e782a4dd640138a21d38f71e9dde660905de0e300a85a202997bff98d3623,user
viewer,k6_ws_3680,pts_ffea819a4db38723661231403d9aa18132561095505001ee32c0c47bfa47b11e,user
viewer,k6_ws_3681,pts_4fe1065178e4b7026486dc94c47389642437b4488e941a4acd6090dd56b6b360,user
viewer,k6_ws_3682,pts_67761a288c62e9fd2889adbbebdd766cc88320b5180499debc2b33008cdb0aec,user
viewer,k6_ws_3683,pts_0a04acea2a5d933d2371e23543b987dca4ec7e71dd59431b4c347e348d33d79e,user
viewer,k6_ws_3684,pts_46171be3ade5ec72b47151d0f7a5071492f6622985bf49a5fe3d8b4bf2b245d0,user
viewer,k6_ws_3685,pts_903e09293aa89f5d976db89c2ecc8548e1675a930e32e8d3f89b230e0e837439,user
viewer,k6_ws_3686,pts_f57fa28f1726df2b2d44d5134000cefd932f057ad90878ddb1b8946aeb9885c4,user
viewer,k6_ws_3687,pts_e52dfce0d27d6510a3104c33f7a19bc1b407672a5bc8197b0f9451d415cbc5a4,user
viewer,k6_ws_3688,pts_03b70933d89bfbd6fa34946fd4bc660284c8d50c6e8b19a0519bbf1de7f96f72,user
viewer,k6_ws_3689,pts_3d7fa2a38bcde4242437b968e846f69a8c4d46771604529f95c73047f13fdbbd,user
viewer,k6_ws_369,pts_6a1bc0f014fae0802b644d6c45c3746265f339247c15f932d0ed442c6b8570fa,user
viewer,k6_ws_3690,pts_14c196859095aa1a9a440f86298ffeebc10ffd239d7d698851356673f1def900,user
viewer,k6_ws_3691,pts_8520385bd8a19909a390f2b31e24dee49765051cc67c89192d151b7e2a6ccb96,user
viewer,k6_ws_3692,pts_7b423a45db5676c51b91e0f2b813d322043de1af176f695b6f200ab8679926dd,user
viewer,k6_ws_3693,pts_e45240d9823870dcd266467cf99faaeaee27d6568bb30223ba735b878f2335e0,user
viewer,k6_ws_3694,pts_0e9094a574aad767ede2ac7054c9a7f95e54530ed53413cc22d120303861f298,user
viewer,k6_ws_3695,pts_bd29594642f0af7ba89301f5e438c6f349cfd0cff5f9dd01077889d32fa7b14d,user
viewer,k6_ws_3696,pts_641c90c43783aa529b618d2f3e2aaefe468316a36dd43efecb691c3d76f8f026,user
viewer,k6_ws_3697,pts_d4bd64b20fa0626640a9f29a7b1a6733c992bb58fa42d41f0871f038d5a580b0,user
viewer,k6_ws_3698,pts_8d269f839adf56012fc26150c438cd1f9363146f6b3bc041ad2bbe0b556db6b0,user
viewer,k6_ws_3699,pts_1adcd77b875e003fe782cac0a958bf4d9c213cfbdd33ae156d7cece6660d5974,user
reader,k6_user_1,pts_7f2ca009222ea225007301b9021f75bc42547ef897b9e4d5da86b7996852a5ad,user
reader,k6_user_10,pts_968e5dd2170d6cffc8e2cdace919a48390c306bf444a1c5412e459d6c3400e57,user
reader,k6_user_100,pts_73597673df7f8bfb750cad28522e3ae51a522c594c1a63a781d5a335fac779d9,user
reader,k6_user_101,pts_5035d8a664a396f714b111b7076eebe4b3d994b2bc4864b35f290726bbce019e,user
reader,k6_user_102,pts_085f05b6bb0083cd2626440f6d1f3a37ccbacad280845e2dfb82fd6fc36c8d0d,user
reader,k6_user_103,pts_0b91d1837fa39e2aa58db91209711e43ae4b4146ade5079c2fdcd31df6a41d97,user
reader,k6_user_104,pts_090543fff4e288e84ec60876730458f15a0f8330cccd1d61b7bf9b248abb4908,user
reader,k6_user_105,pts_bf920e8b81608528215d81a3419e33285f7bcb2d9ce01899a5649caf2f0772ca,user
reader,k6_user_106,pts_e62eef1b1b222f3bd63b2de5611d133d0a81bfe68bd74d000aed3295cdf01ccd,user
reader,k6_user_107,pts_17d15eb5c23d6b62910973affe6f8d54d08fd4b7361e9eceedefea398cb4f2a4,user
reader,k6_user_108,pts_dfeb014a13f71240a86a02702d7c7e88bfad61e07ab2b687ef40c55bfd4a6294,user
reader,k6_user_109,pts_7663987c79b0b7abe67cdaa208c85f32469de15176e5baedd09cef6c80025306,user
reader,k6_user_11,pts_3cb95de6bc556036fd90437640a12398c82cac6f650215b20c7546e4547d855b,user
reader,k6_user_110,pts_9388306327af1c3cacc06e9751471d96c32bc8ff04ae68be3daf78cf8f555898,user
reader,k6_user_111,pts_52da45aa8407cba86d4e5b7111c1e39fec57a28459eaa450011cfb9d5405ca39,user
reader,k6_user_112,pts_f38000b201ca3cd308b77d0d7ab2255abf150f24d51004f77400903b2eeca34f,user
reader,k6_user_113,pts_19ff36183111ddf78ee5761bc4d282ec04218418bba1376817a5faff749878f7,user
reader,k6_user_114,pts_afc640beec96581ba0a37ece31f72493be9f75386c695666c72a83690efddc8f,user
reader,k6_user_115,pts_3ea16c1ab40275ee0d9905a20807ff26ad8bcd29c79ee2a533034f4e565ee1ce,user
reader,k6_user_116,pts_54d57f7e187e30e8fcad086d34b290e8ae792500bf678f24ef9613f605697a02,user
reader,k6_user_117,pts_a533c2c38f90f71cf2413a57f5636ce63383ace871bef230c9c7ad093f44fe63,user
reader,k6_user_118,pts_fea1cd583890aad699996ee0f43187d022a915dc8e9b77c4b2b3d74f3f471961,user
reader,k6_user_119,pts_eb62ccf5030e03cb0e96f0c688198a28706a6fa66b0cfacf13ad69f4228cd327,user
reader,k6_user_12,pts_46ebb6ce906626c98133e9db5a8d246e33b8975c77d57cdf155623cba8e6e91b,user
reader,k6_user_120,pts_807a0d2614372a073ab83b3129eba36087d44276b160a785b9ebfa306ef0f7ec,user
reader,k6_user_121,pts_05c72c0e31409edbe293f026d428c6bead1e91175b6afd136d67fff27041e720,user
reader,k6_user_122,pts_a2bad0aff2e19acc2c1bad32eca460f7e96fb61b4443385e6529631bcbb6434f,user
reader,k6_user_123,pts_dc2a209c0c33f8ad651bd304b4c888b299e6395d647106aeb1062f534a5711b0,user
reader,k6_user_124,pts_3a01877266f1c05940179d9c98c084fffee0186a06dc83d95a4afc64139796c5,user
reader,k6_user_125,pts_e1923504d118e4f36cda42dcded0755cf0440b1f3a4974b884812cadcfca3f48,user
reader,k6_user_126,pts_9a4988603e9a385d686e7744a3071e4e38782eacdeceaeee73723ec3b3487f42,user
reader,k6_user_127,pts_1220cd6c7ed447500bf2158a390b78fb533a3bb358e652433a59210111bec335,user
reader,k6_user_128,pts_f8ec3e439c88b53c5a29b3a1ada71fb2373fcceec26731f0f14cbfd3b32fb568,user
reader,k6_user_129,pts_54e9a877a65d1693035b5b3d5888c35194067e5c770fdc8881eae75b3ca4d4cf,user
reader,k6_user_13,pts_3a41376d5614e864c16e2633f49462b6ccbedddb19bf9508c427bed49bc1b0d6,user
reader,k6_user_130,pts_9f5ac7775750659f8339dcba48986d585fa33b332e386ef4e606e33d83e90248,user
reader,k6_user_131,pts_644aea3381f2317eb217e4f8ef9179895e47c9af86067b94f5e7ba03615edf07,user
reader,k6_user_132,pts_17bd8f885cb8f0e3037bb458347272aafc8ffd0e84ba46af9b81cbd739b42891,user
reader,k6_user_133,pts_ca694971ff0883f9e740e9f153fa71f1ec06ca701243c9ab17d4e2ec08e6f2f6,user
reader,k6_user_134,pts_93566fb7a324ab05607661269e12461fec7385eeab136f7688095771bd77f2a6,user
reader,k6_user_135,pts_a43e41cdd233de34406039be9eb32092763e3944bf023cc185fbbc822289522c,user
reader,k6_user_136,pts_d6666bc6529d722bcfea97322da5e5835b9f96442800633e09a503690aa6c6f7,user
reader,k6_user_137,pts_991ac6be66755ece02b97b06e34b53cc603f5bfa6f690e17061ca06220ecc217,user
reader,k6_user_138,pts_17d916fa1c3735f737c50e01ddbafe30cd523e80127d9ae08c041c0733ce0f49,user
reader,k6_user_139,pts_d8b84c1695ca117147fdee6765efc12df78c0d7375ef8b9006e1493cf1903870,user
reader,k6_user_14,pts_03241ab188136800b40dc7c8858ac2a64866264eee6e0ef14a227fe7679f8727,user
reader,k6_user_140,pts_91a3695ce510db1c9b83b7082e7fd06e8bff74c12bcf0de55ef5987b3044885f,user
reader,k6_user_141,pts_d7ea1d0824a402b472246cba56833ebf06815b3ef6d060832dd3c68fbd4fe953,user
reader,k6_user_142,pts_b2fbb87c9ae4d0bd92af93ef2efd85bb2c11f6c2a0bcb08830316d4bd5179e3f,user
reader,k6_user_143,pts_c8ca8daaff21d4baaaed00caf9fc3f0bbc54c94f4e1ec0cc39be92830b0232a4,user
reader,k6_user_144,pts_f500a785802cd3b861c9893cc195cc0439e6a975cec0cad1490252e041b897b7,user
reader,k6_user_145,pts_d8e23f530f8f09092a697537233f15a15e41a319e931f965386d77e7781f85e0,user
reader,k6_user_146,pts_f04c9b7fb2ee2da8de5b1423c50456a358418cc6a0790229c58f6f413feaec00,user
reader,k6_user_147,pts_d28a9178730e3b4a021052a5f9d1fa566c98713a7d244b432797b8e44a05e600,user
reader,k6_user_148,pts_748fa2e09cd09d73e3f214a3b6b63b6ed7aa157b1315d3a8ba83fe9881f69cb4,user
reader,k6_user_149,pts_585593198a21c4f805c66eec9d0a93bb0ef0018707ff33155565fcc5269e10de,user
reader,k6_user_15,pts_0ba6e9ec31fc07e17b9c7dd69cfe55c0932d5953850e7afa0a89445e497a3c1f,user
reader,k6_user_150,pts_10662fa4f98f7ed3d6b77417d7a44175036ca3b501adc7606a79c5dd954e1de5,user
reader,k6_user_151,pts_74adb48854f0ac24dd5d134e7090c3f336eb4d11b6ea887a5491cb25a64c471e,user
reader,k6_user_152,pts_f4ad17ed7f569184009d99d4a9731d2d6ee15cd34c833761cb67cf58be8e6ed7,user
reader,k6_user_153,pts_4c895ec95a990d6b86da2f24762f071b92907f2cdb9b90a7e52761a51c1a1cc4,user
reader,k6_user_154,pts_af5b446dfe5a06bc07d3895f8e1912993ed9aaf8163f2845ef64e611e8221640,user
reader,k6_user_155,pts_bbb2c1a250aa6ff1bfbbf9adfe4eeeacf698392d65d0b80c7e35a1304939c23a,user
reader,k6_user_156,pts_fea0dd961a1b79030c1f0833b072417403422e776e4b03c3a07b13540d0077e2,user
reader,k6_user_157,pts_0b72d015f4b21ea1dce91504c178b143bae02d3ef524af68d0d5e25a9639c2e3,user
reader,k6_user_158,pts_2dddf0fdf53d269039fa83b7357646d4479acaa030f7bfbd5c674797cfe979e4,user
reader,k6_user_159,pts_ee4878c46909a6e575b863ccb2f7bad0bfe9a2e4681db87e83ad38b8b0234502,user
reader,k6_user_16,pts_b446a898a87798ae01190703a77377599d091e8a70f3781373ff8d51c952d68c,user
reader,k6_user_160,pts_4446dab97b511ee9b41b369978712569276254f11000fa7b4bb5af28186e25ee,user
reader,k6_user_161,pts_633bbbe4263f153bca339eecfea371c7f66938a5afa47cbf79ca8fd0bdb647f0,user
reader,k6_user_162,pts_56207f7dd8e19e48c0c0b13e8f88ed349b1311e54d9615336884637964e05139,user
reader,k6_user_163,pts_0e13a106b2c05c533056853379f1fc9216e80177bc18e19f97a618c66e2fb84a,user
reader,k6_user_164,pts_cceac60487965894c83cb669b7ce3f7e8c29c0d77f3940f3a893c493023bf93b,user
reader,k6_user_165,pts_4d7bd6354b7ff4d7383c8b07da54ddfd0831576bcd7252b6fb60345c6b3af94c,user
reader,k6_user_166,pts_23f8834254e1487d6e8c6d00272f48993dbc4d98652fc9587b2e276330ebf2fd,user
reader,k6_user_167,pts_afaba2b7249c44f24a395d0113d784def48949af502c42441962f36c80a894d5,user
reader,k6_user_168,pts_08346d9eaceb05fd474f68ab863aa6bc4e7d36e2ee6e1a38e880b3ef18f2b43a,user
reader,k6_user_169,pts_b5a08aab5f3f52be6e281c1fb3fabac18ea0a43351366cace0be8d2e16a54dd4,user
reader,k6_user_17,pts_45789d2c65834aaded709ce5256498c5b80cd5d698875802638880be27970740,user
reader,k6_user_170,pts_76df186b3e3e6f57c79f91d75d4df239ede2efb4bb0bdec96f795208de811f37,user
reader,k6_user_171,pts_3c710e511f2e4f4b9a17ad0eb2ce38a86dc893889c50759874e7fb9c669bf237,user
reader,k6_user_172,pts_a16e3eec07da0032cc271ffa652e7b8d436ab17bcfd035a001f67f21f59aaf96,user
reader,k6_user_173,pts_90ef8cd8518b633bdcc5e1f4455daefa2cade55992e5870f05c16630a4cca21c,user
reader,k6_user_174,pts_e86fd2c41a20c093784adbed9a80a9712fd2915430c533594cd596407d408236,user
reader,k6_user_175,pts_873ef0a88151cd5f88a674f385d13024564a7c77136207b3ecc0625b454fb5d5,user
reader,k6_user_176,pts_f8706974dd5dccc962b654c3177e0b33a375ad3e28a33334fca67e2236ad7ff8,user
reader,k6_user_177,pts_cac6e3c78c8a54ad826c511f4e95c5be323255108aca75e4d519dc0b4aa02b09,user
reader,k6_user_178,pts_406e00b9b269caedd90fb02be1afd8a46010374141cc9758c91820395bc494a2,user
reader,k6_user_179,pts_9943de0109ec381505bc475b5d84e839caef4f631872c6fa567c4838c63ba166,user
reader,k6_user_18,pts_0a87b2834eda08e53bc60dfd5ab55ae2239ba2b6095be3c2fa87df524fff69c5,user
reader,k6_user_180,pts_a07ae6cc2190477cf277c53378b0ee471b97948efd9225858bd597cc7d0181cf,user
reader,k6_user_181,pts_9b7d8a002f8b7b717efc5372668f7da729995a668d4205b5f34b930b25ffc2ac,user
reader,k6_user_182,pts_bfc76ae23f5b32d3e84f92412859fa4be28e023c41427443693ab9d551eb16df,user
reader,k6_user_183,pts_2107ed498fcf006ec4f4464bafc8b71c4daf6e7ee64420d5fdbcbda9398630a1,user
reader,k6_user_184,pts_94e7b7f830db1af2d3ce10f0eae44240fd6c5d77037835436ac9123e149e580c,user
reader,k6_user_185,pts_f842f403f33dc596a267b971f9e85eb4d63c10883b278aa50f1622bc8bfa37d9,user
reader,k6_user_186,pts_0d9c96dce0cabc6540095f659278a3bbc0d1614df4ce5598609e666870b91273,user
reader,k6_user_187,pts_9229587cdbbe546ea7b38e7b6a0de326e9e96f051368e742c8ef4760065039df,user
reader,k6_user_188,pts_2524280ec79a2e18d69dab98274e3ae6f781905a2ba8445e752691af816cc0b5,user
reader,k6_user_189,pts_ec805b0d42beb3d314f09b76f175386a91abe9b1738ec624ff2910d67842a7c8,user
reader,k6_user_19,pts_c24af4f1675c9b0c874d7707e1a413329383de00053623ee73408dab9b8106be,user
reader,k6_user_190,pts_3490694ca952b300fd33219281b69acdb1ae0ec97f79dfe183ac2afd9322aff5,user
reader,k6_user_191,pts_f8a0591f927b5d3350259d823ac28760c2e28a3f21e844f0c56341d8dd527838,user
reader,k6_user_192,pts_6599e60e9b49e6061285c61cfcdf89505537ae905cb8b0aaa11947e2c2906b32,user
reader,k6_user_193,pts_c63a64d7c17906621fea2ad1fd9c17784785f0ca63798711dc37d70ecd2ff120,user
reader,k6_user_194,pts_31230f7c06396c80969be2b852bebe549fef6dfa6b1cf23a2ba96736cd54d687,user
reader,k6_user_195,pts_222f38c0096710f2a9427ccca7e5e27a86c57d00345d1853b20d4e595159bd01,user
reader,k6_user_196,pts_1b60dcea37f0e7dc83b76c9072182849efecaa627075f2a6d365d80e909355a4,user
reader,k6_user_197,pts_d4c229204d079aef9ba0dfb453f57d98529cbf5c59229cfbe22b8340ceef3b0d,user
reader,k6_user_198,pts_c0680b48ff3b0b5a12934bc803fad2311c57f47a08398fa411a358b13a002408,user
reader,k6_user_199,pts_e770b31c19aca7bd7385c698d1a3c27b5084a3da3c819185bcdd3160553538b2,user
reader,k6_user_2,pts_3f5cbd8ea25488ea459116efb6b59a35e42d14c23b0ff7b59c692a02d0fcb606,user
reader,k6_user_20,pts_d25826358ae150f2d76d600f618309207a903063cc34a78211c625648a0d6fdb,user
reader,k6_user_200,pts_09bab55ebe7c4567e9aca8dcaefa8efb0e55fb81d2ccf9aa92cab3f88f62e5a8,user
reader,k6_user_201,pts_e8a2cb482d99766341d047ed92b5807292ae973fd6f3a1b2b49161cbd7895b18,user
reader,k6_user_202,pts_8868efc917e7f0eff98e6b61448620e684335246820cd106c5f032c61876bac6,user
reader,k6_user_203,pts_681e0b17ee25f6b8c9353d67115b168539f21a942ba6aa41db6bc6d641549949,user
reader,k6_user_204,pts_6dc32e176a0a602dd910ec30ed8c27acd1d78ba76a5cbfdd4138158e02b40d53,user
reader,k6_user_205,pts_b0ebe7024e157c004f0c7faa5e2ceda0848c81da91b0087640c66d7754c2830f,user
reader,k6_user_206,pts_2932011986ca7738937de1478681d9def30ee1a011569c9bfed85355a6708059,user
reader,k6_user_207,pts_6fbd44ac5d1e3dcc69bd12f7ebb6f94deffd91904ba4d992dfa27ea63a0143e4,user
reader,k6_user_208,pts_c98cbd1de2a57864118fcb53f5a526a463c74882ae9b8fb199ed70df88312010,user
reader,k6_user_209,pts_505e4bf17439d82218d1c12aaf6f123c9cdcaf9d906146aaab6e213b2e5f8899,user
reader,k6_user_21,pts_d1602feec407221a5e8f640c5ba27e3c0513e5047fc87c1670518d3adccddac2,user
reader,k6_user_210,pts_809b4a00e1ecdf5dd1a56b1cb1a75d0e99d1efa99bd0408ebc15a7d436f4270b,user
reader,k6_user_211,pts_1a6338c87f982d98aba52e960215df38b94c4d594aa039555afd2e77f38d026f,user
reader,k6_user_212,pts_66e9e7d2b86e802d297648200806b2f1a38f2f337d8f57b3bfb78a508d212d8a,user
reader,k6_user_213,pts_692e2db9919cd95ec8c7d3405e563d8c1feed0d2b4b58a5718b9b7d542f83c9e,user
reader,k6_user_214,pts_3289d6f5f6aeb900ec3f6f64194c91434e55566840c77384bb32f5e920917a92,user
reader,k6_user_215,pts_746177fd9a6bb73bea43542c3e0cddaf3100e2e175dcd2c7787199cf88688eb1,user
reader,k6_user_216,pts_e13ebfdf63560078694fa0f95382999a8677afe62b2d2670144e78804a8d7ca4,user
reader,k6_user_217,pts_f5fcbe63c97dcc4b12eaf76809ee43375f1e43a87cc14d6dcb8deaa7eb3c0a6d,user
reader,k6_user_218,pts_859779db0f6cfc2e7e82aa3c0dcd534b84570ad589005982fb225c03713b8318,user
reader,k6_user_219,pts_dd9be9219b2fdccb98acc328ab880b7dae321cc2ac9251f65f9bebab86c396a0,user
reader,k6_user_22,pts_46a1958b3532b7ed0338b429ca563c345225b2f0a8a21c699f01d13f71eda9e7,user
reader,k6_user_220,pts_108dfbdd5b078c90caf384fe35139eaa97b1c08cb68514f4cf7cf0dbccc429db,user
reader,k6_user_221,pts_59089555d99338a77b6a43afc3f7dde8ae4535f6b9a5732ec2cfa1364214cd4f,user
reader,k6_user_222,pts_907b54c64ee7d3335f4eea7ca0a0fbd48f3d6cded55a2642164ad7c01751839f,user
reader,k6_user_223,pts_ea94a9bae0a329922f47e397b3bd849c476c8ee3671a3619a66ab21e6485e4a7,user
reader,k6_user_224,pts_9ee0486921bc3a8aedf88a59729afd7dd295cd97a393f19f297909a5d7cf2a13,user
reader,k6_user_225,pts_0e6ba5abcc644deeea2e840a8e1f9fb3db0320a064ac819e0d74523d98355a70,user
reader,k6_user_226,pts_798399e297716bc290c7dec2b14948d4f2533cb7e3c7a3d80df16874b4a56c8f,user
reader,k6_user_227,pts_3f912e89cc343abb4c067b56aebd071862c135230186d6369af366f8e0b6264b,user
reader,k6_user_228,pts_8b2c573b0f68858bbeba0a571e0b7f95668e2dc5fff370cdcdfe028805877988,user
reader,k6_user_229,pts_3a8f4ef80d9debae8d28a5e2a600e9f8a1ca18afe2b281e1b0db5993b0bd9ef9,user
reader,k6_user_23,pts_09326aa59d62ad720dd15eea656d7a0bfe0204ee40b1ce4bc03142e0b2d67e3c,user
reader,k6_user_230,pts_3fa0bd9bbc109a95dab76c7d5e420dabea7d8c360b4d1a64572fba257429754c,user
reader,k6_user_231,pts_700b8ef71c77d6ac721d0cc4cdf282ae85fc5aa546cea307f356a7763750c35d,user
reader,k6_user_232,pts_7e46a10ac2162848728d5a22a6dc64feca28f067e5295e8753173f9a87e5fcb5,user
reader,k6_user_233,pts_0d3591a36acd2d362e1ffde4faa1f4b90b3af0b81edaf9197f30c0d05357c8c2,user
reader,k6_user_234,pts_b54b82bd4b9a7dbd4328d8d9de0853b8d39f412d61a8d9c43a24003cfaab6494,user
reader,k6_user_235,pts_d82434b3ea1c0efd0e4fdd6768f36c8c56f775dbcf3cbd413d0cf9140b145267,user
reader,k6_user_236,pts_d3d47ff16c94b0b517f137584a3ed8ec25fe0f1e85f12841561b9a47975a7216,user
reader,k6_user_237,pts_0e89750faeeea2f625121e49af8a236901d7a850534dc04dd59ba008896df173,user
reader,k6_user_238,pts_206a82c90b5f57d98ec526883cc78c7a16d5ad16cdbf641999342792aa3f092b,user
reader,k6_user_239,pts_43bf5c3f1945e099cc0f7d69b3b775f9be58f0547141f1fe4e20681bf787f8ec,user
reader,k6_user_24,pts_059294d74f5b835d7696eda575fe0702ad1ee804b3bef56f1a31813e02adba2e,user
reader,k6_user_240,pts_72c07be7d09ee0f3e8820137c15ac0530d540b522e3b424995c28a2dcadea435,user
reader,k6_user_241,pts_37ef72fa5dc53edea4dd7e54b3b9ad5edfb8e5a523d0017986c49385d94f0919,user
reader,k6_user_242,pts_21d8a26a5a019bafdef148a574ca13c2663f8cabb550cccc2fd67e96fd6c124a,user
reader,k6_user_243,pts_1a1d4da8ae876d8c1fb0c5cfd6b1e2b7645f25aaef7560597ee565d8e38d28b9,user
reader,k6_user_244,pts_3b2fd7d640acfbf45e7a5fc5e367722beefdaffcc0cb7cf1536d5c8fc866e927,user
reader,k6_user_245,pts_9ff4552fdeb864059e659283872bad998355c0090c9d6907b4ef3853c1b9f499,user
reader,k6_user_246,pts_858cfd55c443b10468c2461c7769c625a6fabb4bb3b1ffaf35d5050275ba5c0e,user
reader,k6_user_247,pts_d06f7374d17d7886cb692f6f9ae8f06439b5cb32c3824955930bf49c6038630f,user
reader,k6_user_248,pts_febe7e46a41c47721fda6756bd969173ee055f8789e4f02551b0bddb5bf4c7ce,user
reader,k6_user_249,pts_33487522590cdd39004607be00f3cac0c3bf8010ca1e4a3466a27e6f4507c915,user
reader,k6_user_25,pts_c9d7ffd59d114a378217d30febf423d94063a8696ec5949b7eebfa085b1dc43a,user
reader,k6_user_250,pts_f16e7ad14c51a91bc238c0fc69ba0a44b79586257ed7b0806dc880f815d419ea,user
reader,k6_user_251,pts_618acac1f2b2300e8dda8f9eaf756493b62b540c4de9450306beb31196f26f03,user
reader,k6_user_252,pts_49ca36f1d4e822820b282a1f09589fe2a4476b05de68851650de3e9315f037cd,user
reader,k6_user_253,pts_cbc72a7bd3b6ce900176ebbd15b675ae02c4acc31ef98700041e3e621ddc4f38,user
reader,k6_user_254,pts_9d796f1972cc49b766433efa01d31094cc767becd3a1f15bc32e08d1fe2bb53b,user
reader,k6_user_255,pts_375ba6a87f5d1f8f3f4a1fd9bd2687bcb771f6976f55887241ca01b8ce800a1f,user
reader,k6_user_256,pts_dee88215a0ae62d3e8bdbeb1f5bb16775094487eb1712a856e56a825b281c221,user
reader,k6_user_257,pts_be51eddf9a42ba6e89a1f3b3adcb1862833580474a054e8268dc90a901ad62fe,user
reader,k6_user_258,pts_1b14fea61bf8cf5b4eebe63542b927a8f65a4a900c9af0e57aae7cf9dd2c2015,user
reader,k6_user_259,pts_e0b8dd90e848bf878eaa49f5215fff6f47479924ef62ef836b2adf9650bb1f42,user
reader,k6_user_26,pts_abfd4c47a7bafa7b4e84d012bf875b196435937a8a06cf0c92049afb3d3f7e1f,user
reader,k6_user_260,pts_68241492308ce4ecac8b4d1686ededca69ea0881962e753d2207b0d22e14ed2e,user
reader,k6_user_261,pts_664a4c56b3d38e855f48e2e5dc84f6e7853cbfcd55f74e4057b46fbd96a900b8,user
reader,k6_user_262,pts_825fe265dcaa7ab37dfbba0ff88fd5668a4f189f870ec0ea9eb96fd47b94c978,user
reader,k6_user_263,pts_389b1428e1baaacef931b0c9bb457899d6d3e5407c1160df9b0bc1b4cc027c01,user
reader,k6_user_264,pts_d2566f246f16f14bc9994a3066b21a0505f277629b5a7900cdc8b3786076f460,user
reader,k6_user_265,pts_0cbb651dc75f52b804429ea66d7d24640b0d8f233a66fb65ea74dedd1990a9a2,user
reader,k6_user_266,pts_a8c02aa1497efed162d751f4a4eacd6bbc2df9844f01eba535a0b2b308561ec7,user
reader,k6_user_267,pts_703a9195cf0ccbad8cb35519d91419da651b6d6b3d7a9ec7ad3714f21da9c562,user
reader,k6_user_268,pts_64d75693a4fd5ff1e44caa340efe576066c9e3cb3a4f5c8b5f76ef62feded413,user
reader,k6_user_269,pts_ceba20e977db90ad4d8a4a68e28f27a4df6d7f3c424753dfb419be2f3cb6dc40,user
reader,k6_user_27,pts_9dba84c1a3b33bf8ead6fe92f43061832fb9a07383267ee45e3bc0419bd79c3a,user
reader,k6_user_270,pts_749db10260bdbe97c611331c377920fd6574110538d1b77a91e379ec02bef8cb,user
reader,k6_user_271,pts_49502d8803c91405c61901ea38e184f3b85d6f0990dbc59c2f4f9c3b03d72616,user
reader,k6_user_272,pts_856d7ab16baff9f6c63c535204a61e52d89f42522f33eed4d6c3f1dd96ff4685,user
reader,k6_user_273,pts_d6b94549b05275a8105bc0c56711dc9e4be2c445127ac1dcd69b3666fe2ce1eb,user
reader,k6_user_274,pts_0447094818547308e1e28d688175931d22d9b498e213db2fde704cccaae3625c,user
reader,k6_user_275,pts_9dece52145f56959602229d48dec44f2ccb0cd012f69e87d61c9e67607fcf1ac,user
reader,k6_user_276,pts_11ec20c7543b5829a1f4a338ad1654fd72ef305b189c8eba2c875166bde8e476,user
reader,k6_user_277,pts_fb59e5b04ce18959eab75004d66c26fba4bccb44a34e37a24855d8b1111f248c,user
reader,k6_user_278,pts_0620684b2ce4b6cf4ca7bcc1a6bb102ba88e36aaaf59ea89b76355de722db874,user
reader,k6_user_279,pts_f58a169881a916940a6fd04985440f0fd56461a0cf9b5dbb72aa19477bd21700,user
reader,k6_user_28,pts_3aca7294c926a98cf92eee4c8fb4024faa74a0e4cdda469fb9587e62440d69ee,user
reader,k6_user_280,pts_ebc94a6e2f0206880ccf4cc900437bafad144e3eb08ac63d2808b4cb3fd822de,user
reader,k6_user_281,pts_3f93f51d6146b6fce1a31081d540c53c6124326f3da5457d7fe235939390a096,user
reader,k6_user_282,pts_2329cf3036e0771c376d66333faeb96669e635e6a8f0d4caef4130e1581cb7d3,user
reader,k6_user_283,pts_d0db4164e450c192b55233b568983ec3fa67e859dd7f7a5fe0771a66038c76be,user
reader,k6_user_284,pts_d24dc3597090ee6ccc7af001f2900ba32809076a5a1d406638a0be7dfdbd190c,user
reader,k6_user_285,pts_066bfcac75e5e66ddb0381fcca3fa39c08838ab383cd3e5bf19b902e3b32d25b,user
reader,k6_user_286,pts_cf45e81181968f5276ee15bbd9a1758763884d0e853199d680a9e30fdc57a297,user
reader,k6_user_287,pts_659cd3a4ae916e7ae30fa3ded2d99e8fa5499422f2dafb6d9a9b41953b1b28cf,user
reader,k6_user_288,pts_df76995da56cc2c8f5553cee859f244abbbc6d806b554290be427758ace1ab12,user
reader,k6_user_289,pts_0d8268248e720e7fa7a9f7bb8647528958f1af9549944f71c813759e1768f2e9,user
reader,k6_user_29,pts_478d01874dc988e98a83f3cb6575e763456e3deadf4a5dd1c79ee2cf36f29058,user
reader,k6_user_290,pts_cfc631b728807d2614df46da9a08ba18c817c3aa5f9da35a686d76a1b995f2de,user
reader,k6_user_291,pts_e2881203cf79d4effa2a92671ada503db276381a0008bc849d83a5e9d2a45f99,user
reader,k6_user_292,pts_226d719cbc105dae88d6b72a2ddeaf635785ea1971c8ca2c59913b867cbf6fdb,user
reader,k6_user_293,pts_47498bc2879e3529e1f1427289b0b1a772cde4949f3c0e6c4590b04e4fec19e2,user
reader,k6_user_294,pts_0d69f12a6fe9aef7734b993a70ed72ccfa03d34644061297b6ce07cf515001e0,user
reader,k6_user_295,pts_a3cf2833d55a422b3a4c625843cdad1e95d00837220bcccb3046e81d5b62e8c2,user
reader,k6_user_296,pts_cf68f1a3d74a87e19d68566823c723f1f27c710825d836cad3add17289b66f64,user
reader,k6_user_297,pts_c9efdd8af6a762061886faa3b9eab42ede49658a653dd173cbe782f8b6944e3b,user
reader,k6_user_298,pts_6c80d036860ba23ae533806656d878103280d81f7172e6bc6cb1c592f38937fa,user
reader,k6_user_299,pts_6c501f23075746e6cefc5bf2206542bc38d99fb8574613dcc62fd5dbbb37a02e,user
reader,k6_user_3,pts_def142045170b69ad7a224e2a3c2791ee2207778b99e0192ded52c64d186d41d,user
reader,k6_user_30,pts_2805bfd033d31c66bbc1b1943e2f3e1d0133216f972b6994d9efee6b6be775d0,user
reader,k6_user_300,pts_8a6fdb9b8727cd5b32049ec3576fb6e05c8d29a5523b7747daeaafc21279cd2b,user
reader,k6_user_301,pts_ef631709a88e3b14f4720f5065d5ce31750ca0815d8c517ea234871722a48133,user
reader,k6_user_302,pts_85570f3a1f4307777eab206c1550732ec691e10281856febbfb41f46dfd017fa,user
reader,k6_user_303,pts_71a790829212774ef112b93b9924998eee7c65faf1c27d05e16b9bb912d9d9c0,user
reader,k6_user_304,pts_3a947bbcb520196374fc93416313526d38499a2619073eb3f4b2e28ad0f7aa7e,user
reader,k6_user_305,pts_0892e4ad6fde2a2e3ceedd300b777ae4b4cf2797578a3472302071698229e967,user
reader,k6_user_306,pts_00c3b97018e1f2f048c9b6e94d24257ef9b425769e395aa88b327a271603b965,user
reader,k6_user_307,pts_e7b99583a25f9a4ab508cb82fc8943c57510f4ea249a677f7b344acca12cb9a9,user
reader,k6_user_308,pts_7a36eadab2b3faded196fccaee1c76fcad26d0a0b7356f8cd65d00014317357e,user
reader,k6_user_309,pts_e0e8455565721ace58e90e16f5399551de52f2bdcc456090913b1a7d81c9571d,user
reader,k6_user_31,pts_f1aabc233f0bbca42a80fba4bd3863b55e2f4bb0394af03953898b92deb1c865,user
reader,k6_user_310,pts_ce7704bd660209e2a25db890fd5fdfb2e57370bc1ae6f17fd577a1d71936cff7,user
reader,k6_user_311,pts_85e5a8732751db3957d228a9cdec2feecd5b9e18a5ddcc45e28edb179f7d0ff3,user
reader,k6_user_312,pts_ad9aace7694f30e04f54f91293e10b67c06ba0d32982400a573eef94608d5921,user
reader,k6_user_313,pts_bd02def5d6f19402070db253aaf9d9a7bf783ce47984050ea09e08d3f9826576,user
reader,k6_user_314,pts_45fd151f6320af5726f6eca31fae42dbca7f1ce0324e6ae679b7b79b18b5adbf,user
reader,k6_user_315,pts_4400d1d6648f39c576962d8aeb01fae6eb2fbdfdeedef677be32d089e67bd0ce,user
reader,k6_user_316,pts_37bb260af9cd0e1e4d37072316351029c68f2ded5763fe1d235015dc3307f441,user
reader,k6_user_317,pts_7f9f2820a617e52de4691697c35a725a2bf3d4a5211e0fff3392ae900f58105f,user
reader,k6_user_318,pts_8629115324f60b041efe02296272f338224113741c861c9abe956c82003f262b,user
reader,k6_user_319,pts_31d44f38689a822312faa2fc41314d5be6c583da820657343d1587259b0a7a25,user
reader,k6_user_32,pts_6037d81bbcdb46a745995e63bd7d8889ac9f23765fc184d0bf70c6bca6d770bc,user
reader,k6_user_320,pts_069c578e66ed304c706a4844c79f28e1a13bc0b7eda58617f13c9eaaf4e3ba45,user
reader,k6_user_321,pts_5fc099adddea86b918949a8cc1b002677bb00b201b532ebbd9b6d52de72080dd,user
reader,k6_user_322,pts_f8c7fac1f2458a917f0aefb10bccca3d3937939bb028317d41da03498c499e53,user
reader,k6_user_323,pts_795a60c71a7ebdbfd67c2f2c2032ebba44cdd356575257de7f2f67e02c29abaf,user
reader,k6_user_324,pts_55b2c76954786b41d15b198f6c41a4f5cc25b5f4c4b8d4e1863a88f1b28ccc05,user
reader,k6_user_325,pts_f7d980aa6080ee752bf493f2fbc896a5391bdaa1eb1155a18005a6972ab2c9eb,user
reader,k6_user_326,pts_caafc1016b74ae4604bace36dee44b0a8146357f0254c9018632fdf5da65cf84,user
reader,k6_user_327,pts_4505a203cccfa1149357ec733f64b0cbdf6184132647d30e0cf0aa2e2d2d6f17,user
reader,k6_user_328,pts_21720a477850865f795bd26613860eaf56ced5a08b63764f70978b640748104e,user
reader,k6_user_329,pts_4938fa72801a9233ff194bc1fa776f8b34305e2e218d91b637a7183b7ff56d69,user
reader,k6_user_33,pts_1f40927c0bd575427e8f2f13ecdf492b6095b2fef1ac158191b48d8f37c4e6fa,user
reader,k6_user_330,pts_22e5cea72e4c4f0c784a19e1cbf3a0c2a7f0f065f59380e097585fd1273916cd,user
reader,k6_user_331,pts_896d5f5567e876212a2c364335b48b1be72c52f3fb5a00a47fb0a6ad75556bb7,user
reader,k6_user_332,pts_680c35450edf2a35e8edc8959125de05334695e2b29d86cd414b8c7ec07eecf0,user
reader,k6_user_333,pts_27f4d0d0735843c28adba100148fd6e7cbdfc2e8e494b4aee32dae7635b3ca76,user
reader,k6_user_334,pts_690cd87f85ad6a4802a7919eb4b429b465a0aca4b9e0387cbc3c3f46646db90c,user
reader,k6_user_335,pts_91456311b69a958841588ea7cbb797e82767be73b75ed06cbec10ffb1ea18bc4,user
reader,k6_user_336,pts_1ad3d5f2129460ae322ab0dd28a698e78a02d4c63400bd82337bab084c9dbef6,user
reader,k6_user_337,pts_3f3becad1737b9e4efe468736475d4f9e7b34ab5c23e93014a7340ea7d5d46e1,user
reader,k6_user_338,pts_ca8efc2e72136508831fa9fc340b1fb654c8507192b7d36bc203fd6ad52f28f8,user
reader,k6_user_339,pts_fb41c99f313197a75bb29a1f39cb51ad7150cc8e4e02350718305edca0340924,user
reader,k6_user_34,pts_a2724b6dc675b545a93308bb23fd9695150279872562ea3f29cb6d6ed7cff124,user
reader,k6_user_340,pts_2b3b07a9654352436c77269e18ece64a87929cd7af4e90ff6f565811e430c3a7,user
reader,k6_user_341,pts_6252ad87c48db7af78e97d19565c922dc513b7963c41ba00215fe6b9735371ec,user
reader,k6_user_342,pts_23262daa353eed9a2cccffb68d813f9e8865b582147e8985a82bc017870fac78,user
reader,k6_user_343,pts_83ce9d2aa7a64f776277ecbe6d56b91d7d9c89c460195a3cab0d1fa841787f69,user
reader,k6_user_344,pts_2f39bac34a9d11130c84277e6b1d7c1fef5b87188560e4fc58c590a5c825fe4e,user
reader,k6_user_345,pts_dd6885555720c205970c0f15e3762a54bc5c5861a06d8896e2a5fb8e007d8fb4,user
reader,k6_user_346,pts_6ae97dc5fa2676e83b760a3e9e068d562c053249d361dbccb7cfc02e3b248f7b,user
reader,k6_user_347,pts_31f785f197a93c6af947a719959fdbfe5a8c45c538228b6885a55d106dbced51,user
reader,k6_user_348,pts_fc08c15da2c0d33b8d5d49840d16ce1f4fe90d121bd502f8cd407b67f4c7baba,user
reader,k6_user_349,pts_62a71624ee3348f9dc6b260196257aabc9195490c07faf5cd95ba119b01e640f,user
reader,k6_user_35,pts_15b3f17b147024123835558b0e8e8aae21d1a007209e2a7280d8be4d53c5d3b1,user
reader,k6_user_350,pts_19ea2683ec0b4d66c172ee0efda9db11678ad0b5b097d05dce9b9dc5c2acf331,user
reader,k6_user_351,pts_a33ffec883af1043c2e795391c85ab4d67846215c6f8771a0b4185a8ab53ba49,user
reader,k6_user_352,pts_c66f415399940d23dea8933e3b5a2eb4228e4552573cb91dec3e3ecde39540d2,user
reader,k6_user_353,pts_c6d1723cce8bec0f669e95b4ae6e70dd42ca2857f31151031b4ff5e4a69bda70,user
reader,k6_user_354,pts_ca88951edc8f3dacaee41a525a6b233b922406e79352c8e499eb0c6197a6ad82,user
reader,k6_user_355,pts_25b5e86ad07fdfaa2d441906448789d2ef6dbb4dc43ea4acd9e87796dc2a7c01,user
reader,k6_user_356,pts_fef76e9a45b233125813ae719e777d869fbc2012dc88fdbfe8922af86cd2f114,user
reader,k6_user_357,pts_840eb39ad87160c689a3b531a98ff96dcefc0cfca869c5fd6442ee00fcdfea45,user
reader,k6_user_358,pts_474ab3c2e372960465c7e6e8f378c7f1ddf0860ad3bd610ac7f987479ad5fff0,user
reader,k6_user_359,pts_6c8cc84344bd306ddffb01d9ef1da9b7f194af38b1d1a2aa7d690405d2223ae7,user
reader,k6_user_36,pts_d72edba03399d830b4c08a69cfac0a7ea6495f19b02c570565517a2ca52d8dd1,user
reader,k6_user_360,pts_1828d2d0ee1d26052ab1fed75febbd37256bc49b987a4eea4169e01b72d8c913,user
reader,k6_user_361,pts_14784a61475cec97ef06e4d759da9628e4c4b10195aef695e57af0407f4ccc08,user
reader,k6_user_362,pts_01ef255dbd82ccbe0b845baeedef835bea13ca4d3af58e1fc4253760b9930e67,user
reader,k6_user_363,pts_cd884c93f5b2631e2ffd35d5ca6f5958c8082d0324bc76f3700c1157ce0d1317,user
reader,k6_user_364,pts_25154f5dace2a5bc11b1bfc8b5d73edcbcb770d2cae54309933bc8b6aa0f1a65,user
reader,k6_user_365,pts_9ae21a6381ae7e0669d2f42a18e583068e4748d9f7a18853d3856dbbbcfc6983,user
reader,k6_user_366,pts_dc6bb71c5c6f92ae0f02caa1b18f338285e4dd237c0e13c54e0dae5af4fb9ae3,user
reader,k6_user_367,pts_98a7acefa0ead769dfb40c3ca4def717c758eb70157055ff731b22f3d51dbdc7,user
reader,k6_user_368,pts_ab86d95b553364397066dbce865c63e10ed32edc593b8849f6a35eb72c3fcccf,user
reader,k6_user_369,pts_3afb1fb388eea40089530d5373746036036aace3eef3998ae63571854917c2c1,user
reader,k6_user_37,pts_b463b016ea1890c263fe53abe18149724e32240b8fd60d5b46a3342876912e70,user
reader,k6_user_370,pts_27c3e73a6c9df7d8f14fc0ab4bf78008fb1364bf43bc62344ecfd6315b448649,user
reader,k6_user_371,pts_66c2a4255da994d10554e2db5535e82136ea3592cc78657ad6fff06d4c0d4c1b,user
reader,k6_user_372,pts_02e9c8c9a6cab6c72b5f8b04da7a986711d522207b2096a20620eef930ed6da9,user
reader,k6_user_373,pts_3179aaf1ded9a1ea89c1f25757359f48d29b43e28b3a4be79c46ecb45b50696c,user
reader,k6_user_374,pts_29c0e6724ac4d4dcddde955a60e7d3b36c3cb2853adf03cb104baf90af65bd7b,user
reader,k6_user_375,pts_b9cc7942380d36e6c8bc99f5c1d737867f3fd9550ee96dfbdb22f0ea2827e026,user
reader,k6_user_376,pts_19497c4b384d4d58f1f1d968969cdc6d170e4f916ccf5a92ff529fafb82e3da2,user
reader,k6_user_377,pts_962cc24d17fd489a32cd9dda67fb13c7b96ad0de7d27bdb113a908dceefa4a53,user
reader,k6_user_378,pts_7a061463cd21097d2eda0ade002fc88e828afcd1a78f92df4d97b8491df282fc,user
reader,k6_user_379,pts_54e66c8474a3e8cad4a666946802fa0e2408569fe6c5646e98e2034131e6ea30,user
reader,k6_user_38,pts_f769524defa979433cebe1953df1aa01b52278824317ac9bc2dab5ca85bf9634,user
reader,k6_user_380,pts_ecb46263fd3e7e5ab14e3e800e6df630bfecf3b75c587f772445d335dc149607,user
reader,k6_user_381,pts_13f882e128f50dd3030931151106113375e15a60a44c9a122ef00d08140e789e,user
reader,k6_user_382,pts_93701af7a3ef4b4743a7a86b04a54e1619908935e72f33ecae3addb2b92ea087,user
reader,k6_user_383,pts_f7701f4ce31bbfceef4d2f7fb856e1b1bda1b78c4291343d00068c67a0110136,user
reader,k6_user_384,pts_8103b1faae703f3000e6b2e80d02694de234bdc07fef6831d5c8848d9e42e02a,user
reader,k6_user_385,pts_3f2778a5c27c4a44d51d605629e21c24c4e8d97d54c5120986b9b4bd71d89876,user
reader,k6_user_386,pts_fc34b9374764ded772d1625376085d5ab7a730ca7f691b9911404039243d4e54,user
reader,k6_user_387,pts_02153d3d8911e69367294df471e4451c2b841be8a75710ec26579a67a552f8d7,user
reader,k6_user_388,pts_d3d0d4505298c1a3bccbe9c0537565df6a10031c8e3ee296115230988d2dd8bf,user
reader,k6_user_389,pts_d9fcb7ee4364f3d1a1943a3871e0ccda0ea644e415e449c127a84f124ce69469,user
reader,k6_user_39,pts_173785c457d552f7bacb66e01d1e7e36541138af7660a6307df653c1e7569c70,user
reader,k6_user_390,pts_c22a93419dba268362a491f32f12519d891afe4c083ac126d723deec0c07bf69,user
reader,k6_user_391,pts_2e596906b24086706f11792d05b0ddf6ce0d918c58f62e160327a815b6af3cab,user
reader,k6_user_392,pts_83810b12207b2d7e7c5b6295b3e83dad8d04f20c2900079a3b041a967bada052,user
reader,k6_user_393,pts_2c0112bdc9177beef2fd464d077af6843187c01697d10f44ba3f8aab7fdb4fb8,user
reader,k6_user_394,pts_3ce0a6d60f0546a2eaa4c50e0f55fe7cb07236b8b1d5dc3f9d3e123986e1e03b,user
reader,k6_user_395,pts_ff79096d1451eb766ecedce41f379e026ffdc7caf638b27cef912b75fa918a1c,user
reader,k6_user_396,pts_8226b6eecba2d95123eb5273aea161d8c24456a8259bb4b748868e1ef300f6d8,user
reader,k6_user_397,pts_61c06022caa826e0f4a5d7df39b1f1de89efd3618481050f9935075d17a8a545,user
reader,k6_user_398,pts_672cec7dbd41cf57b4ee2944cb52df29d31b2b3614542171c4710c81bce65afa,user
reader,k6_user_399,pts_278b46dfb6201d950c01671b5b8643b32536b42c3ae892f479e139d572c69c13,user
reader,k6_user_4,pts_374007afb5ebb6637b78d2fe68d560ed7e93b17903e28572dbdbfc93682c558e,user
reader,k6_user_40,pts_ce85b7eab0ff8eb922b8e727309a41f0ccd64d4a1b5cc2db2b7ce93d4eef77f5,user
reader,k6_user_400,pts_71ee2b1eba5fd1bd7a04503015d32b2f0d11045bcf4bb560b467cd5ebcacfb88,user
reader,k6_user_401,pts_1a745629e743487e88d1d779a1780bfd20d91ec810bc77c77082fdd457a0d779,user
reader,k6_user_402,pts_9b5b651ee3db4108890111d5dfc8dacf7af2bf07810b0608ddaaf51528e07087,user
reader,k6_user_403,pts_a147a7fcadee9f886908133befcf7a135c2e8fb5293328260fb8f83899a737ea,user
reader,k6_user_404,pts_4012c164aea19e9532728c89c392d4cf718ed64c95a598876f3a3b0496c54b37,user
reader,k6_user_405,pts_b74384db4a8ce5b5815fbd0e911a686204046aea70f1bfab3eb3857e846e1851,user
reader,k6_user_406,pts_5f7f83425bf78d29c1cee8682ffd159089cc2e2f703052d5aece5a3e95fdbcf1,user
reader,k6_user_407,pts_d4319066d8add07083da389a12eeb5792d46508c0a8142a0e8e7cae77a9dd31e,user
reader,k6_user_408,pts_ad2d14918c1ba97560312db627355059832c95da82460b0f07be1d878eb311bb,user
reader,k6_user_409,pts_067c8b247d1e317ba529ce35645d85228d1b3db45057800bfc3c84bf3ab0ffc5,user
reader,k6_user_41,pts_fb6ad3fdc30017f25719568b2fba24852834df5b5501e875ac8421657e1d80c0,user
reader,k6_user_410,pts_c3554dd07c581c7992741ca98a2581ee4afb1813bceead45c41269c6dc50d6da,user
reader,k6_user_411,pts_743fa5d052d826e243ae725b099dfb99435260614e3fe3a6d1d48642fbcf6359,user
reader,k6_user_412,pts_9394c73a2c5d4b508b8f07f3d35225051aaabf62099ce38e74a323b255de0994,user
reader,k6_user_413,pts_63d5de0239769653a173607b439c1318077d853398937a90c9c858226d92edc7,user
reader,k6_user_414,pts_1e0c1e706f03fd1196d179c5f1bd5bfefb823e9dd3045a976c175c0ab6532930,user
reader,k6_user_415,pts_3da72581e2e94ad37218e6992cb1ad6002c9c0899959e97aa9a79e66d7127d15,user
reader,k6_user_416,pts_ae3a1563182a416dbe7ad1616a6a627820ba833a84439cd88e5f3fd459a172bb,user
reader,k6_user_417,pts_df91fa38067a7ddaf438ae52e16cfa4a59ed73988fd599ebd65d525d8f025f82,user
reader,k6_user_418,pts_a9923e410bb628c02ddb26dc93a029b00e526171f3d47fcdc489567408476edf,user
reader,k6_user_419,pts_ad595d07ef174030cff1d0dc2c1572376cce8ff5b2eae07a71acc76522433d98,user
reader,k6_user_42,pts_f49094ad5cc79f85b71f8b822a890523a4867cc0c872b100a301d9cd41f039fc,user
reader,k6_user_420,pts_bbb83eb058c2810c6d718b2aacae7d4b42ac773ea1940b685e1b1db6a938fd68,user
reader,k6_user_421,pts_48ef585ddab3a7be7e4c91c348c02d20e8422614bd45aa41a4c49100349205e8,user
reader,k6_user_422,pts_7183cbd80b26bd67ac061e58d56d3d976d729e2d588076723357c3349b962e94,user
reader,k6_user_423,pts_a95fd5785788f1767718efceeb4d99cea4a1e0ab1a7d3888924b24110a0b4c40,user
reader,k6_user_424,pts_ce74c8b319b836f936fdc20d89870bddcd4ea1a012155a2950ea2aa835b4ff05,user
reader,k6_user_425,pts_3e7bbb80131ba5ad756ff62380ffa2e7a0e7d847658161234a710e1e8c69d41d,user
reader,k6_user_426,pts_0dfe10b6ea9863e0a21cc57c3ce3fc29215bf84c8141802ff22347ee630f2df3,user
reader,k6_user_427,pts_78be0d11b1584cf44fc2b48009edd4065a11e4a5ef87ab372c9ffe0be96e872d,user
reader,k6_user_428,pts_ac658e490ec2edbea935967dc08c33b46edd1e54c5c0069857e8f79c71a90556,user
reader,k6_user_429,pts_f38c22ad9ce03a5cce487fb13777fb0ddff300d97848bea0897e50fd88026998,user
reader,k6_user_43,pts_728eca8b81c0b1185b932fc88e16688f5f15b3bb8dafd7f75839a4b8f01bd4d9,user
reader,k6_user_430,pts_4f1ec58cfa9fa97fd7c8ba98f6742994c269fb00f0080831208cbac033e5c8cf,user
reader,k6_user_431,pts_7c8657b2e53bc7782551b45d3ed31914056a2c65be9ee57d3337d2dd05ac0328,user
reader,k6_user_432,pts_e37904983d1de3f1eb3bcc170841b3a07b4703ea88b9060497a1581b613114f5,user
reader,k6_user_433,pts_b31eb4de8dd3a26274a758cd5a834e9c6d795bda58abe4a06c052848c932d10c,user
reader,k6_user_434,pts_50e4ad7c241e8a5974bcdf345caa3c892e110878386f8ea3a8684d57379954fd,user
reader,k6_user_435,pts_7b9ca81764b607c50db899a69e5955d114a9dc2a426a622d95f7cd33569a32ce,user
reader,k6_user_436,pts_ff54a70ae315c9028d5ed206c2506ea2c033f6b95255f28a8d73068d15819c68,user
reader,k6_user_437,pts_05d46dadb15f29f042721bb0935c4b40eb5abfa503c1139dad5f11223b4d1bf5,user
reader,k6_user_438,pts_6d12534008e6ecffa461ce4da9825415c2ab244fdd9607e9d86f60ee430b15cc,user
reader,k6_user_439,pts_1f5738fbd97414f6638cedb07bf01d795c48b5deeab66e46a52fe534098ef4e5,user
reader,k6_user_44,pts_33b5aee3f6336db27befef1018afdef4fae6937c6b5266ee2c9dc2d2c0723ac4,user
reader,k6_user_440,pts_27ad4f8b696a73309569eec15274fe3d3cb1c5dad44a4ac75f68105a608e18dc,user
reader,k6_user_441,pts_d2bb65e8f1dcdb4c9f0635a148779eb97849a7b16cb15e1bcc1b04d8151ae2bc,user
reader,k6_user_442,pts_c480aa2d6eeaf9868378018281a030f38f525fdf4631b086ef80c13707d5cb2b,user
reader,k6_user_443,pts_216990fa54ccf6d4e794ab6593363d4f408ff3d506670593c4bb551d9f1ffaae,user
reader,k6_user_444,pts_4c62ae6532db52a1711460829a2c750f7a1b4e5b0f3f98a9538d9dc9ecae836e,user
reader,k6_user_445,pts_26be675a9ee3b82cab9f814f7d998d17c030b7c1c49f129e52efdbdcd9ea1a59,user
reader,k6_user_446,pts_84a9a98d0ffd925cdc472c7221d8ff1ec96a408574501d6432f22e8a26eb5baa,user
reader,k6_user_447,pts_65b500724cf5bd36c70a030a0cb5161509d5f43bd9a3d3c1b18a1f269f0d8dde,user
reader,k6_user_448,pts_c8a974799106d3afe815250f22c47164b42b11a3a02b4c91b450ddf93f25b8b9,user
reader,k6_user_449,pts_58087f62ddbfe3018ff5a6714d2af24324595a70054266846ee3a99442e02002,user
reader,k6_user_45,pts_f3e369024d923992fe520d7840bf576b0a4eba40ad211862027a4afccec55ac3,user
reader,k6_user_450,pts_a278b549231d1d44784a8afd20424728bdb2adabb1cf3877c956501486207231,user
reader,k6_user_451,pts_8c7d1a4542607fa7eaafc4775f93c2ced3bd635d1c8fd298dc8df4302f9eb770,user
reader,k6_user_452,pts_7afd534d337d0f86bfd5425bef775eb9d5c752022a9fa6dd23f80539c3ffe16a,user
reader,k6_user_453,pts_e7fb88249048eb57f29dbf3c9f94700fdc414f361b1d0033bf781f57548dff46,user
reader,k6_user_454,pts_e04c3b4d697b61dd7e87c064c7ce73c4bbc9c5911073f1f06418a8ae35420924,user
reader,k6_user_455,pts_074b4e7d39b89d272515c6010bc129b231aba4ffe0a575aaa4e23bd329f72f4c,user
reader,k6_user_456,pts_c3c4c122632a9949a7d0778f09f537634fd598b4335a795466fce6739d07f1b0,user
reader,k6_user_457,pts_ff2891da2321b32dddeb31ed31a357d4f4e3dda3688ec9e1cc1a31f4ce84e092,user
reader,k6_user_458,pts_902f7954cdb8d056f78166c7f8e7e93ef5fbc8913db8625234f17ec1adf8d087,user
reader,k6_user_459,pts_f29da3236acf3191edfd9e624d30399814b551d404474f0d1b7f685b2b197767,user
reader,k6_user_46,pts_d2ee896f30d0eca6da02cbc2cc7a4b64ef318606b1300109b44960b87a1b8a21,user
reader,k6_user_460,pts_2e105209b6c44faa1fc4cc81609860ed9337b85fe70dd6b045db1b82f03750da,user
reader,k6_user_461,pts_473b611b2cf75acd11b307f3f21c0eba221124457d5a4e1719ea16065daf3cf2,user
reader,k6_user_462,pts_d99857033ea4bf845b2a2ac0c24f3a1ddee2431585ea1ff4206141a8f269ce55,user
reader,k6_user_463,pts_66e32e0a7f90bbb88bf530784382f4af9bc4ae6d06a5ca372fd43ea0de5a2da5,user
reader,k6_user_464,pts_b933aa7e654b21e34e53fa660ce4171c776eb5f0e83dbcc4e281864799e79bcc,user
reader,k6_user_465,pts_f45ecd1d05c0aea56cce50e6e2e2aff7c6f69b764b5c321e5acf36c93dbb4a8a,user
reader,k6_user_466,pts_75381788824507f7f0c4a0d633814587cb96c93f09c00da4b8c85f8e9cf6bd02,user
reader,k6_user_467,pts_23bdec370b7019cb71f165f8c826cf7a310140d20579ffc75075856470bb7527,user
reader,k6_user_468,pts_cd27cf3c1e535e1a2fd9ba37ee6208311bed6bf442fbaaee184f423bdb2442ff,user
reader,k6_user_469,pts_78415b02ca323e5d2c9f7d55657f456d4cba44eda0517cb95f95db39144b1e9f,user
reader,k6_user_47,pts_75e89c9e4fe2c7172a8498c10fc286a1e4620cdc90869786617e3f8aade41154,user
reader,k6_user_470,pts_95c2a171a9672e488c9c66e91f4a4fe7cbb7a5a4bdebf3112fde9fcc548c5749,user
reader,k6_user_471,pts_7a5eacbe269876ca83691936a6443b3e69abe80aeff1917bba273820cdf5533c,user
reader,k6_user_472,pts_434ffc7cde2ceec868722ad709023c12ae0eca70219ee2b39d1fa59ca1e3e3e3,user
reader,k6_user_473,pts_1c25c8d3167d4b75a7de4b120e187f1a88889990285f38933527197327a79142,user
reader,k6_user_474,pts_b62296c748e82cc80468c38f2a5b1d1ff7f671ac8c3dca4748903f11e7a07534,user
reader,k6_user_475,pts_99f0cd078b8adec8235761ca3d59fd13535fe19e73216da2e20f736cc69c83c7,user
reader,k6_user_476,pts_97e35bd4339e25c42b549cc5468524f072d3725d3610f6bda361bb1e8c286ccf,user
reader,k6_user_477,pts_934745fa18fb3d0f043de681611fd5d14f525c3dd252941718cf0cac30b93ae8,user
reader,k6_user_478,pts_b732668a55fc479845322caaedd329f5ec9c24bf9a9bab85280d971db8570075,user
reader,k6_user_479,pts_0cc33571da8bfd0fcde951748b9da9e5b953e0c1971f92e9492f86c765112d21,user
reader,k6_user_48,pts_8b21c31e212078e0f17ab5ef43ca4911e07d6e3765ac680c827cdb12ee47abe8,user
reader,k6_user_480,pts_de2351f27d0ba3db93b8b6c5051a00906648b187f1b7a47ab89451fe24215a55,user
reader,k6_user_481,pts_c1f41a7fb63ee7e8f18f11ca8a3d3aa5e835e9151a76570b47c8c4d9ab70e1c2,user
reader,k6_user_482,pts_cebe5469c7e004739b1f5e3f35d5cf584b7d4af1a25c1a89638049cb3bbca97e,user
reader,k6_user_483,pts_2d90c8395a3a4df97c9f8d2c644bd6ed983a085f327c74ae56b0314ab50a601f,user
reader,k6_user_484,pts_a5d0c59c542835a5fb457ed8618ec8973a7dc677aea8ee1eae81d1ebbe06a99e,user
reader,k6_user_485,pts_60ab3587b9627aa14bfd3d09e1c3c73997ca8801952ae59d0d183cd49e947ddd,user
reader,k6_user_486,pts_40d2f27eda22f5cde2ddc108b6d6ed81be1d5ff8497929d29760a9a214deee8a,user
reader,k6_user_487,pts_435aea7e1fbbd6578546250b9aec5a4528bbca9016b68e94e2a4c9a4ae70f904,user
reader,k6_user_488,pts_1ae3f8da8952097f5eac6e6257badc75af1001ee2ecb82cf8fa3ffb7546a96e0,user
reader,k6_user_489,pts_5e9b78d9db9683bc3cdb8b1f1ff0ebd7301a1bbd3e73b9cdaa65dd5051608784,user
reader,k6_user_49,pts_828fb69558cf5b48c7b2ba5e937dfd9242550e5c26552a9baa75959d9f232327,user
reader,k6_user_490,pts_82a0f954bee9d44a4b0f417bf2bcdaa816df4f17bd55c41fa63b0104bf820849,user
reader,k6_user_491,pts_8c6bb23f9978f6a913fb14078b7adf5ebcee449d4609a77c06db52f60db1d786,user
reader,k6_user_492,pts_6c86e2d9530e6e2dd34448b36418cae795bb21a9cb3761d262f482beb8d42058,user
reader,k6_user_493,pts_bf48ea073b0ca38680476db298deac128cd2683a188d8ee829b819e77cc704e3,user
reader,k6_user_494,pts_3ca3d6914bd0938e8110c3d2f51d9b63f07fef73f6c99dacd160b0b7c469d8de,user
reader,k6_user_495,pts_1dbd3a4dfbec2f337ce43111de910d1a663db9393dc5a4d24ee347c30a65cca1,user
reader,k6_user_496,pts_c7278c53f463ede61191abdf04066ccbc5f0f7221f1874de37ccabf054b16c39,user
reader,k6_user_497,pts_e2e772beac7720e37205f9ee4f848c846e2bbc14caa769915e20cd3f45bfd2b6,user
reader,k6_user_498,pts_60ff772ec96d0d2ebd3bed90eae4d706337570ce44adfe3bc5b0b510317148e5,user
reader,k6_user_499,pts_9b4fb8d5b2ca383d60f91e116f26e746a8cb41a162469df69ef80fd33e7a27be,user
reader,k6_user_5,pts_f11ff26a188f5a8b7b09503a0e3e5faa6cacf9e743b2631b9ff5b87ede0bb825,user
reader,k6_user_50,pts_a609e58e5d32267c9bcfec6a7278891c0cb28eae67805a8db263f08f7eaaa5a0,user
reader,k6_user_500,pts_f209f30f137032f3760f4a4ed222fa4a76ef3421d1934e0bab4c6e2c408f063a,user
reader,k6_user_501,pts_d5992e0f794f5be905f2d3ad544657bf6fa6f476c3ecf09af2faeac1e211206b,user
reader,k6_user_502,pts_c1ef730e98e62c9552269f8df12db5069206363fe33a47741e06a00abdac1402,user
reader,k6_user_503,pts_af10f78fd6f268a1ec17ffebace9b3ce85ca0941297d2bd3f32966b286f56848,user
reader,k6_user_504,pts_49ae9d3c6af2d1664132ce941c9b1db376ab67bd0ff3eb58bf841eecf13d5716,user
reader,k6_user_505,pts_32bb57ad19eba34fbddc4cbdb64de6b41e4b613f44b704d572476456027ad659,user
reader,k6_user_506,pts_721c377ed19bcb035ceb6d20879038f758462a6273b1540ef5925fbebe5e58cb,user
reader,k6_user_507,pts_4191e9f758c0c2e3b6e1b28b41153d5b5fb2ef142f5723df8cc4bf7c5f6e8dc6,user
reader,k6_user_508,pts_a2e1c48ebbcf1681cc17dad41a80cdbea94b98bec73293fa809709c89d6f42d1,user
reader,k6_user_509,pts_7a683d768eb86a431920694347e286dd755bdac457315ae0ba1b98ca62c9ed5a,user
reader,k6_user_51,pts_f0d6fd5cae1c2744ae54bbf6146ee513f02a51be758acc3f17e3353ef8b43512,user
reader,k6_user_510,pts_a8d8613eb926fc6201a4e347fc28c674b6d2c1f3ae9af3211e40985214d475a3,user
reader,k6_user_511,pts_b7db242940da8ad22976a0466854feb5d6312c20cd15e6ae81ce286e1fa4629b,user
reader,k6_user_512,pts_3b3dcb8b7668f71ae4bb5376abdddc9329d2dca86d51ec11182283dc6193d4df,user
reader,k6_user_513,pts_339fe3123cd8548591190388bd67b3b2b8255bc3a4fca0498e1c4d97d6370376,user
reader,k6_user_514,pts_e81159d6870e1ef948a7bea47d103fe98015a238e3da57fe9641b66480f1e2c5,user
reader,k6_user_515,pts_7da6a26b9479a256888ec431782ee950e5a6a04cae97343c7b602b811bab46ce,user
reader,k6_user_516,pts_f74a8a6bff46532a2bf0f48672d99f7ffec538c82003f3e1fa3fd6f1e58bf67f,user
reader,k6_user_517,pts_e962627572ef3f83fc2407a226e5a1d101569c16ece22e06ada599d0437b3cc8,user
reader,k6_user_518,pts_48f62bc9513d8d2f6ad4028fac7cc695d1aab811f0c13ac2c00ff20121693116,user
reader,k6_user_519,pts_60daaa92a9c5a7731ba4c142c017a296340b4144e2c72c276b55c05309e819ed,user
reader,k6_user_52,pts_4a4e2214f959576098e81eaceb78cfb6912b4d9cbb1dea01334a020e3cc8be51,user
reader,k6_user_520,pts_5d70e62a80498ca98f5f8d46e4cfda422999f5f796c77cc9f6aaea1f70505ee9,user
reader,k6_user_521,pts_79b9a38dc50d0d783a53cbb7d1ad03620c9ea0da644557beeb6ddb3f1dc0cd8f,user
reader,k6_user_522,pts_3bedd0f56ef1e91b09e99c2a50d1952cca3a0f96706cc5de44715d80e7a8db37,user
reader,k6_user_523,pts_3eaccedd89bc7f659d95924c4e73c10804945e930c7857431d14b847342e3d26,user
reader,k6_user_524,pts_b0f08e94c20958c301d714024a53e85a91594b0e7eaa2d928fa3c9a42bb4fcf4,user
reader,k6_user_525,pts_504567f1d763e97ab66a68b7913f9364f87ec62c2cb3a7ce3ac8788d5533450b,user
reader,k6_user_526,pts_1ccff060d305428236d7f16a8240fce2faec52de509f097747c11c29b0099fd3,user
reader,k6_user_527,pts_55101cb307fe0d0a472d53d366b7173a6c3b9aed47b81b915bf16a5e007851aa,user
reader,k6_user_528,pts_ad8cea873c2b9ec7188f412970feac725e56a6901676c63cd8d83e3dfee0cdb7,user
reader,k6_user_529,pts_c8a17498ce6aad9f8281c811f9febef5604632589543842c53ec5170d6c22ebf,user
reader,k6_user_53,pts_db547612c4e0182f20fc85f0968d6bd00475f69fc5fb71864a95acb260c00bd3,user
reader,k6_user_530,pts_676a0ab2ecac8d277cef3fdc359ef4b2679700fd29a44089e8b069fc8a33923e,user
reader,k6_user_531,pts_e81cb42646e7e8fdff577b001b366b0d6cc389010c352bfb7d8d94157f4c7436,user
reader,k6_user_532,pts_6184ef1a382e28d34e5b0855afe7ea86f0b7cbab0837f4491d16b826c65dd974,user
reader,k6_user_533,pts_bd5008312ae9f2101bd90ce5fc58433aed3ec0cdab06b033194ce7a8a062a2a5,user
reader,k6_user_534,pts_b213441cad65ba4cec097eef7857a2669fb76da5ab3b5f565820a97754e58ba4,user
reader,k6_user_535,pts_8930e7263a2b8211d3b09691152e6c5f680edaac38946ae132518301dd292de3,user
reader,k6_user_536,pts_930af64d5a7a4eeeab8104974daeb584a84aa5c185cd08c150f3bf4a2599810f,user
reader,k6_user_537,pts_93d413cddbbd0d37f35d1040ba3aff524dbd9ec3ab49d7f7028f4267133f47c2,user
reader,k6_user_538,pts_5964ac5b654c8601e2add477f40c10ddcca5a1dc995cf16b02825476b06c5cfb,user
reader,k6_user_539,pts_4cc13c47cd38d5b423735dad29c1244627abff582d6b4ee227b82a7901a3dab6,user
reader,k6_user_54,pts_af610639c23cc3ee14ece27e62a175e02e7d5bf9b46e99cbc8400471be7ddddb,user
reader,k6_user_540,pts_014f1a563ed6d6a9ecf7fb64dd29aa2c78f5b530b9001865504ffb45d14088cb,user
reader,k6_user_541,pts_a00b789298b4fd6bf6b98af7bf65d750003b2b21df309bee40e472c52ddd1edf,user
reader,k6_user_542,pts_6a12f1bf548432c3952625b34acc433c0abcc7dd00f2971bcc31363d8d2f3c32,user
reader,k6_user_543,pts_e848c6510ef6212216fec13c1fad7aa9a035f3085bcbb693648716da64d0f9b5,user
reader,k6_user_544,pts_1942e537152b9f2775cb7b67101cd5dead39075371c112f7fdfe797998efd20a,user
reader,k6_user_545,pts_928904741ea4235a1a0a5293a6f015e284f3e1a56f10707686d59472ca221219,user
reader,k6_user_546,pts_dd85350125f1d2c84289f4a0730a3bd5d4e2d654f4fb79b6496cc51f8bd81fe1,user
reader,k6_user_547,pts_bade6db0ce6a4b231bfa1630957bb4de4a6e57b4d99778a9333a20f0f38f7bc4,user
reader,k6_user_548,pts_ab1e1a339911ef033ec1f015edaa2c51022fbb9c08f99c7613ddc67798a09625,user
reader,k6_user_549,pts_4961687d2607e0020f05627a817e1c322a9cee7922f557a21738156722afa603,user
bidder,k6_bidder_1,pts_0fdb162a26e446bbd289568658630822fc97a0cd41386e90ee315ad3b1aa6067,user
bidder,k6_bidder_10,pts_798ec782d35ba76f283aa2919246ba0f5c7437b2e42503b6623e3adfcc4b342e,user
bidder,k6_bidder_100,pts_af71c9e02ea3a8484961c6cec85822c7186d762044a70378fa7e2108aa719e99,user
bidder,k6_bidder_100_0,pts_ae481f6c46e3eaa0a9b35997e46155c98fe3e4882a2f38f28dff553348d63ce6,user
bidder,k6_bidder_100_1,pts_fbf3e0f15547f12f83e0e85306b474079cefc977c301fe90509712d2b5e4ce71,user
bidder,k6_bidder_100_2,pts_611be77a9add7c27a747fef09b96defac6f634ddd20df64c203a344897cde670,user
bidder,k6_bidder_100_3,pts_731bee628cb5bb147342b672284c9d3b6787aff50a0f78876909026b2d59a2dc,user
bidder,k6_bidder_100_4,pts_fe38aae16300813c9eafa559c93e6e1343f3b8fefe299e2638584caef8a8fb2d,user
bidder,k6_bidder_100_5,pts_605bebf51d5c88e6ea9d1541ea158128f2f80ccc85094d4627bcb7ada8582e34,user
bidder,k6_bidder_100_6,pts_68c2f7c62e3362e0c6d19fee93eff83dbc91bb2b96a5a4baf9f5fff2af58b134,user
bidder,k6_bidder_101,pts_61be90fd8a8155fc53c6ecc902eaf27a1025f035560a72daebf2bacc004ad8eb,user
bidder,k6_bidder_101_0,pts_eb01a353656bc38b9b7c6c10a5cf63c8f3c624b83c2df1cf31fc8b2bd7648622,user
bidder,k6_bidder_101_1,pts_8277ed6edc63563e92efc039af07da620bc77285640dafb2dc016f48fe0b1f1c,user
bidder,k6_bidder_101_2,pts_2911e13b4b83e632d4071493224e14ec0637b958cf7f7d5a253136841ac3af77,user
bidder,k6_bidder_101_3,pts_88c5e99cb1bc22dcf27fbb9477e64c1509bcb8e6e43847cb89d3acf6ae542ea3,user
bidder,k6_bidder_101_4,pts_5b60c4a65357a288a8815ed88382d6179a0e6baa291dfcf816a02c5ca1f33756,user
bidder,k6_bidder_101_5,pts_cdfc851d21d9adce38e588ea7a6f0bb552a9b894583111e299db4f233b74c562,user
bidder,k6_bidder_101_6,pts_67359c76660c341d60990c70ff4ce23f4c532ef3a935a53c875c806cf59a5c5c,user
bidder,k6_bidder_102,pts_ccbaff3263134a765e6bc44d14d65ec612897bebd1e1154cb612c14f991d7286,user
bidder,k6_bidder_102_0,pts_2fa0e2f3eac07c8a788be009b9b56508f1d5c87f942954fff51f97e0146ec791,user
bidder,k6_bidder_102_1,pts_0d1224feb903dec0d102f1b7faf0d62915310a46993203b81a89c316125a53f4,user
bidder,k6_bidder_102_2,pts_a7a707811be877773781de80a527f7e3e3b0929ea7c929ee5e2611a2f99d3a09,user
bidder,k6_bidder_102_3,pts_7e94ac8da8ac6ff34a7a3421899867424433fcfc32b58655cdba4811901a0947,user
bidder,k6_bidder_102_4,pts_2f9b7a494c0e5143617cda46fac42e4a54fcd2dae76573129ffa7452664b1e26,user
bidder,k6_bidder_102_5,pts_a76f797d413638fdc177b64fd461fa40fa5bad406802ad99be0ae996b547715c,user
bidder,k6_bidder_102_6,pts_3aed21b495d166b9120a0f61949087cb195450f6b325e91ee00663e5b231a211,user
bidder,k6_bidder_103,pts_740d040668635de6944945286c087269b441d2eaee65807bc1ebe87143bb8a17,user
bidder,k6_bidder_103_0,pts_b35dfa254abac4efe206401df2dcd0269f6d327ba808d16d7abe47896f540538,user
bidder,k6_bidder_103_1,pts_a248c768bd4ddb2bb7658e01eec1a5940d46e400a6027cb005de185627380a2f,user
bidder,k6_bidder_103_2,pts_2f51a426f9bbbbe08c6d80392731c0b56b3bd7574207ef89f90f09be14779eb1,user
bidder,k6_bidder_103_3,pts_ffaee770ab69bd40e8bd763e21a3e475c7104e676748578fa12941e537bd3f29,user
bidder,k6_bidder_103_4,pts_0891cf511ef31059feeb75609a0e68c7ca061880d45329e4d82ef0fc3e3f132d,user
bidder,k6_bidder_103_5,pts_1d98003478191efe2d23fa14022916e293b8a1040bdbbc05f494e9e59315148a,user
bidder,k6_bidder_103_6,pts_0fef45cf7b591b1481a16e691f978e449b4840f683c5f33f573cfd80d5412c06,user
bidder,k6_bidder_104,pts_3deaa3e39698c1aaad9979d12b2f1245a936b4a22a014e53907e5dad08ef1f52,user
bidder,k6_bidder_104_0,pts_6ebd36fb2ba5a7456ebdc99f3f29f987a521b4cdcd05ecfebcc20ccc7368cfda,user
bidder,k6_bidder_104_1,pts_1a2240a21fee2f859fd5a43a71d9fedaaec303c4168d8ffbc31048a6f7cde362,user
bidder,k6_bidder_104_2,pts_cc5249e041d0e58ed096fd341fc19aeab28bb37038d68c5e65936a0d79cbecf1,user
bidder,k6_bidder_104_3,pts_2228f8e772decfe0dfedc9d83bc2eb28cd12d5502f06224224fc9e356c254cc6,user
bidder,k6_bidder_104_4,pts_178c5fa23311b25bc318a0de57458b2440bf3626775da6ecfc34becd63c5847e,user
bidder,k6_bidder_104_5,pts_2b1d4e7ed6ba08f56183091e639fc34631541e89bff7d0d061131e1d249a6fec,user
bidder,k6_bidder_104_6,pts_d8cb313ad47e83508571394ebc8bb08c2b6acab0a72ecc160c3ce20b8db6c024,user
bidder,k6_bidder_105,pts_7a5765f6e9fac4f7585aa1d141a1805a1ae768cff41aadb5991cc136fcc339e0,user
bidder,k6_bidder_105_0,pts_6ebe9a42ecea6301bab1e9fc9ec664f65a1d5afec66d6fbdccfe4b0bab99b4a1,user
bidder,k6_bidder_105_1,pts_ad3de3dad69de127ed4568961e13ea006077a3687d2f5a1e1ac8fc4f76ac9513,user
bidder,k6_bidder_105_2,pts_0f37d60eb98a0afc791161d05a6ab4dd8f2c0c51f8d9789844f4efcd2b5f6152,user
bidder,k6_bidder_105_3,pts_cf80b59825dca17d1bf728c06f99d2e085fac58ca003ba803ef043e271ff22bf,user
bidder,k6_bidder_105_4,pts_c117c5c50a1a4a2304bd2ee6438aca4680261d62c66b427ff0f9f7b179757fe7,user
bidder,k6_bidder_105_5,pts_1675ea275660773c5675bf83036f7ef13a6fbe8011e3858482b511ad7277fe22,user
bidder,k6_bidder_105_6,pts_0556ef6effcbf88fa90ce6cd2da54664e50e6e5c7fa4d568143475468ce3f1a3,user
bidder,k6_bidder_106,pts_ebb59e4124e83b06eff3c7b0afc0c12ac8313903319fcba2608e99fe7491cb30,user
bidder,k6_bidder_106_0,pts_f6bc4aa59e6e607965f73c4dc23d9398e88b00b6799567dc79fae6fc145b4fa8,user
bidder,k6_bidder_106_1,pts_70cb227b84aa78a9f0c154aab2290c54cac482ff0319261c41796d17f4abc4ba,user
bidder,k6_bidder_106_2,pts_8325d822414e968b5663efc2b89c573f651284fd1398d8281574e9226ae0bb79,user
bidder,k6_bidder_106_3,pts_8baae19f2f47ac172f8bbb7ce0ce56fd832019b46b1daa9be6d7004190f5dc74,user
bidder,k6_bidder_106_4,pts_3d0fa30b671d42b56c4138d5466ee8b34486d29fd2cbff4d43ee2354aa569bd3,user
bidder,k6_bidder_106_5,pts_fb75d00eaf5f5a0366ab47cdf51750f2c93a6cd609b02fa65242ae7d1c08ffc7,user
bidder,k6_bidder_106_6,pts_f68ac461eee331b81776c276bd2990482067999033895dec3ecf6437c7f7bf45,user
bidder,k6_bidder_107,pts_d05649f1b48cea59df1c891381569897e769a59776321bb5aeab94c5ef33a3a7,user
bidder,k6_bidder_107_0,pts_91f2ad58fa27b93d3b97be33d521eead8c157ea72ac4427a58e1799671b58031,user
bidder,k6_bidder_107_1,pts_bf8a65c4590305ba25a8f9e5cf73e5400085eda767aa1cb07b00cae91f62f7d5,user
bidder,k6_bidder_107_2,pts_64c565e6acf084690384d7bb917e0dbf4ea53a8a65869359f609681d450a02ef,user
bidder,k6_bidder_107_3,pts_c0168d34953ad88c0586bdb9540ce89eee13b2f2cf22ab61a700d9845c4ad995,user
bidder,k6_bidder_107_4,pts_1e092afb2931c9e68d61eb9a3c254ea412279d2fc54f35807cae576a80243e53,user
bidder,k6_bidder_107_5,pts_f148a2950dfce1d22812401e63a463578544e69a5be99753d52834bd9b591896,user
bidder,k6_bidder_107_6,pts_6dea8ab13840d30e89719fe1874de45c88a6ecc6c1bc958d28bdb031b02c0d9c,user
bidder,k6_bidder_108,pts_6c5663457c7a3b67cfb86484337ac4812531efacaccd1dcf97f63cafc036ec61,user
bidder,k6_bidder_108_0,pts_03eda7b4c0ccf07efb4ed8089834577b3d36322a9bd69ea20aafdecfc64c87b0,user
bidder,k6_bidder_108_1,pts_d8dc4598021a037d6b1ec6aa975702cc699c0e3457bf1d0bf8465b67d13bf61a,user
bidder,k6_bidder_108_2,pts_fa474bf427f538dfd81e873f8b68e75d5c0b6f011d8d023515c6e63ff9673aeb,user
bidder,k6_bidder_108_3,pts_811581760bea67b77c325d2b734a97a9ff5d677b3079a2ef8fec8262eaee986d,user
bidder,k6_bidder_108_4,pts_a0591a6f6f48a51888b4f6d864f93ddccde226461bcc1f4d42114e157e3b6d13,user
bidder,k6_bidder_108_5,pts_d57cade476cc9afe1f10b243f6474daab15223f20a80f19efb9edc665a48cb2c,user
bidder,k6_bidder_108_6,pts_780e4afa952e6def9e4821bac29acc4048438c2098153aa246101ae9d32bc1df,user
bidder,k6_bidder_109,pts_37ace504c76e6a039d2182b9fd1834885037a4ec6911c09fb9fe938dc931d294,user
bidder,k6_bidder_109_0,pts_4d4f737f482c575969c7520d557c1d4c87e440d304b7e271bc24e21b548648fa,user
bidder,k6_bidder_109_1,pts_cd31fa62b1290f8a918b59b25bc6d6b499916038e1045dd688e9e4e2c002ccb3,user
bidder,k6_bidder_109_2,pts_f228bbd9ae40450fefccc7ba6200367ac456df4c8a258954e1079b38663b1b90,user
bidder,k6_bidder_109_3,pts_2f04dc4d52c4df644474047464afbdca0c3013be08f0d88ffdddd0528c4e9570,user
bidder,k6_bidder_109_4,pts_cbb3a49d8eb0a27034c63cc254a375f7f3c9328c138e1ecddc34d8efb06b673a,user
bidder,k6_bidder_109_5,pts_69d64a610d2d9d9a2b55e1ec2bdc3f992fd8354d04aace5f7842f7af10af9371,user
bidder,k6_bidder_109_6,pts_29e9de73f52d28ca0028f192283172c5e0d6a4b7cac4debe581d5af9277c13f0,user
bidder,k6_bidder_10_0,pts_471436e9fe21395e52e094c5631cfd04b16eff8ed8df86ebd2a6b65f29589ae1,user
bidder,k6_bidder_10_1,pts_58648a3e8b879a904cc32b6739174d607ff7aa2f4c07522dab221f12d28cd68f,user
bidder,k6_bidder_10_2,pts_be0abe11d2ec93302f3e3a1e160a7fba140e8ac6b1232bebecedb6e62908c6f5,user
bidder,k6_bidder_10_3,pts_a8df12c5caaad187d754db170580ba3e3409af95406c0544d48bd313e13f33cf,user
bidder,k6_bidder_10_4,pts_97009c7b4dbaa8c76a7dbe1d3d06e4e95ad36137179e26f7ea1c5c94e74ca3cb,user
bidder,k6_bidder_10_5,pts_09c21607f1f15c5af6056be871e56ff4d06f4dd3918c3b033f55ff959af4d05b,user
bidder,k6_bidder_10_6,pts_d1dc297afaa22ea58c445440cf1b90944cdc1e1dfb471e5bd6f1ba16e1a0be0b,user
bidder,k6_bidder_11,pts_2b161880ae29844c56eb03bcc217da8053095c59105a0a6d88a433f3f2816a08,user
bidder,k6_bidder_110,pts_d10306d280b28aee08c2c0326eb92a949b4155f3b698ba54ea661182ab5949e5,user
bidder,k6_bidder_110_0,pts_b911dbe8882405d43059ef38fca3c5581694d5b91bf8f612464a3c74c8181bb2,user
bidder,k6_bidder_110_1,pts_e3b04511fb85b7ddb287dddea05fe1d71704a8564fe6703c5ee4f3e313b9de90,user
bidder,k6_bidder_110_2,pts_55e0e62ef491392290a286db8a05ccd25a466970e1861d73d11ff2ba5e57ab3d,user
bidder,k6_bidder_110_3,pts_39ac6ba611377bae225f834bb894c3f75a7e31a590c0ee4e91a75a30270d812d,user
bidder,k6_bidder_110_4,pts_8e7ff4407612353af826ef0574f0f839d0411a41c15f2a723b391cbb5baa48e9,user
bidder,k6_bidder_110_5,pts_e8726e2a8fb5b3f85502e532be1bb069bdbf8f9c9972926ec824f4c9a147e82a,user
bidder,k6_bidder_110_6,pts_d58ed7c646e1abea77bf92bf59e6d2af491dbc6e1394820e8adbb34fdc4975a5,user
bidder,k6_bidder_111,pts_a51b698ac68ee7b0421b852088e16f890a2ad15ee82f1ab59d4f59ed3aad1579,user
bidder,k6_bidder_111_0,pts_deb946fb20e460816777ea3737190405c310c8a6742d1068c65ee22dca6fecf8,user
bidder,k6_bidder_111_1,pts_52366c33a324fbf3f2dde2b281475c58cc6386f40647fc2fb33520cc4fd61d3d,user
bidder,k6_bidder_111_2,pts_48524e2a3d9c84f1ecf2ff151a6b0992b1b571eb234160c647d51d1765de55a5,user
bidder,k6_bidder_111_3,pts_87d003d0c452e9f07cd84292e69bdcf7a5ad88d20f16931fb0bd301abd046c1a,user
bidder,k6_bidder_111_4,pts_1a552763bd74f7e72e44a9056a085bff55007fcf268733b525a9d7ce66bafced,user
bidder,k6_bidder_111_5,pts_d5395ecda21e342840215c6e6b5d80d6339a9289f990ab17552c196632e7d989,user
bidder,k6_bidder_111_6,pts_6ae9b8671530e5ace22488501bbfb7ec67b95e1ebace86ac4f64c68f59678a14,user
bidder,k6_bidder_112,pts_b7e36f69e8846f757fb1ebb13cd4118619a36a65eeb2203e9c3ab3e227122fab,user
bidder,k6_bidder_112_0,pts_ed7e0c6d3f6b3aee37795250471065c034ef7ee97d65f6abc0fc8c91be45d7b9,user
bidder,k6_bidder_112_1,pts_64d59f65b2af6749a20fa1abcd4c48f808c07b65dcb843c70bd92cc087aff9b7,user
bidder,k6_bidder_112_2,pts_cc8afdc27d4c9a542e50df9c3b05d667fe67c765536b9aedfd189b3158c3a980,user
bidder,k6_bidder_112_3,pts_3e3b3ac8ab0580bbe029e6d6740d2abcb23a00d54082d1a6aac71887ec9a6399,user
bidder,k6_bidder_112_4,pts_95c5ebb7b2f6d2c5ab460f483017eaabc66d0c52986e168b6cc23a5f21e53250,user
bidder,k6_bidder_112_5,pts_e84f544747c15f102b3763f7d984cb01014b1a62beaf3a2f19d5ac568bb792da,user
bidder,k6_bidder_112_6,pts_d135405dc5cced3fa5e9966623591e807aea33f9f82ae07dc6e00ef847cdd4cf,user
bidder,k6_bidder_113,pts_b3fc08153afb1db73aee42fbe0c18bdb81fe837b399080084d6edf19e50decdd,user
bidder,k6_bidder_113_0,pts_890a723ea8c883ef86cc92b9d72c56bb76039abf38ec16eca2bb4b33672ddd13,user
bidder,k6_bidder_113_1,pts_d4067ae8676ac0114bd5c4967c4cd0092055107f84309dd5f81c24749f461f96,user
bidder,k6_bidder_113_2,pts_8baca179fdb92cfd1eaf1aac275ad298ed0b2a06e1473f903663bee97c042cd5,user
bidder,k6_bidder_113_3,pts_ffa29154f496330798a2d10f419f127f1aeeb26762c6c1c34b5e95e05ec2d28e,user
bidder,k6_bidder_113_4,pts_c9a3701d2b2b6d7f62b616bbd49ecdea20fb82d1296666c047539c78986c7a44,user
bidder,k6_bidder_113_5,pts_89cbdbce2d23e6016bff6e23a3549c55cfa3b5cbadc3d10858a3c5b34727e00d,user
bidder,k6_bidder_113_6,pts_65e4cb40162d9debac57a9b1885f18a023eafe891296d37e177263b4e45e5fc5,user
bidder,k6_bidder_114,pts_f540831b145671886e19f5fac5dc17252f6157b7f68e0cd6ea075abcdc09a9f1,user
bidder,k6_bidder_114_0,pts_cdc253c44518faed742a64bb92e4c21e310060fadde9d744f4ca45899accc8ac,user
bidder,k6_bidder_114_1,pts_93a316c0e604f1c07fb6140bc702786a731864eee02ae17ae97a414563b086f1,user
bidder,k6_bidder_114_2,pts_c3a6827463a23bdf52dd695f68cbd64fb72080989633baa896d2a7ac92d5d7ad,user
bidder,k6_bidder_114_3,pts_fe52df5edd22226c982c2e511029857f4a4aa0baaa826b8326b906c67101bba0,user
bidder,k6_bidder_114_4,pts_9718e5175f190f86f06251370cc1d7657d09b42ec79a77297dc004bc05f7de25,user
bidder,k6_bidder_114_5,pts_00b06390d636b0a046a7290442803903365dd6dad38138dbcdefc20616b311a9,user
bidder,k6_bidder_114_6,pts_4e2f8872f24419a3d5994e0be5690612610a1f16326c2903d335ba12d951d64c,user
bidder,k6_bidder_115,pts_9fd83fad81aca97fdca6dc36ae844676e9438a680cfd8234acc21fc9c1ebc47c,user
bidder,k6_bidder_115_0,pts_b302fcf9459989c390a021cf6106c7b8bd351bdb0fa03acee1647a6e5a5f4881,user
bidder,k6_bidder_115_1,pts_4535bb5a313a27891858a31f1ef69831f705387b2d80c66e4107d2c721b59e24,user
bidder,k6_bidder_115_2,pts_5976158c1c3821f5ab23ae44a9a07f3b612e1ff7b99374665ec109f6d4da3673,user
bidder,k6_bidder_115_3,pts_e0bd3807c0a4f5d3fb1992ffbf7ec163fa4e6d495bf8cbdcf5f37a7eef477178,user
bidder,k6_bidder_115_4,pts_ba6daefed63fc04ddcb055985399a29e81458f26cb04c454141c95d9d400707a,user
bidder,k6_bidder_115_5,pts_4ef1a4a5fe17277f2420134d525a2326de2fe98a0aaf80aad6ab8566bc5ed196,user
bidder,k6_bidder_115_6,pts_9d8f4cb603eb6453fb9e4d2d7d80bfccc96b67fddbac95ec450244acd86d96d2,user
bidder,k6_bidder_116,pts_2df8ecd02f3009ae9ee2b7d29b9c6738e281dd0e5b83b395d69b85dd288cdabd,user
bidder,k6_bidder_116_0,pts_9a016d1a8914856fcea7b3f77e1e273f9b58ac4ef9ca1ad6f8edae78acd343cc,user
bidder,k6_bidder_116_1,pts_9dc47f24c69d015aa1c645edc22a6fe84f3bff25df345164215e109e89a2ea5b,user
bidder,k6_bidder_116_2,pts_9ed949318c66a01a08c027e66a02e8def37ff2c900214807ba229634d0454e53,user
bidder,k6_bidder_116_3,pts_7bba54dfb6dc73a86c6b672fd4a7a3c62eb1b5e54f8a7b035e52d84460c2cef5,user
bidder,k6_bidder_116_4,pts_a23dd9d5992b2f5f6328cba2824db673b42c189506ccbbd3744f65de7492cb53,user
bidder,k6_bidder_116_5,pts_c3d062d32f7b06e9d2c9a4426514cd4b41c009490d14a3672c1a36489fd48c72,user
bidder,k6_bidder_116_6,pts_779b1502e877f69863dce59e6fc58a462e40ec4c05c31595184356266a162c06,user
bidder,k6_bidder_117,pts_4afd86be9586c55b23fe304f8722e33f12cdc322c23d861ca48b44de24458ac7,user
bidder,k6_bidder_117_0,pts_6b0c0d2904c1e20a9476e1674086ef79706ee431230e6cdc9434220d832d6fab,user
bidder,k6_bidder_117_1,pts_73a5c9b464924d0d5a87cd99e796a4cfac8d44b1b63ca2a33a6bec0090f7f756,user
bidder,k6_bidder_117_2,pts_e24a61375476c08f93a1221342705ed1bdc83ee81eb2a4701e0387e6e2c96149,user
bidder,k6_bidder_117_3,pts_f860cee8499b9788aa85bfb53a8d54e50cff0e5261c0c2e4a4a033da8479bcfd,user
bidder,k6_bidder_117_4,pts_84f116eddfbcff4e00da155459a7e7c5550f7fbdc65cc0feafd7b82004c311d5,user
bidder,k6_bidder_117_5,pts_139c1abc7d3c5831cacc7206fcf3f776f439243ccf6e890daa402fbfe39933a5,user
bidder,k6_bidder_117_6,pts_d5a72fe99e9b9d2d6c191b2435e45862fed4824df3360bd70e92a21632ccdeee,user
bidder,k6_bidder_118,pts_9c10f4d286266a5c1c50a01ca96ae1b44af6e52511d3d60b986025165f54bf61,user
bidder,k6_bidder_118_0,pts_2e6d604c7451fca080f86ca51f80fde4feb634d0d2e7d57feb01ed9c1d9d978c,user
bidder,k6_bidder_118_1,pts_79edc381b274a86dd4097b301e504b10a1cd45be859d9e30e4c8c674307e034c,user
bidder,k6_bidder_118_2,pts_8587180a42b61da737dff6b8a6c167e6195ac9305bbe3869b46a92b103465068,user
bidder,k6_bidder_118_3,pts_60f0cf77d09fa9ba7bd6f82e4f52c76d0e0dafe1fd04c003872181120ba1188f,user
bidder,k6_bidder_118_4,pts_ef140782ffce5905b94a21612d849a17fa8e6fc0d5a84fb8eb4596aa70b8f7db,user
bidder,k6_bidder_118_5,pts_1e4957112f1649021e287ecba91a989d2aaa73723b1e393463afc0ed8f22da5b,user
bidder,k6_bidder_118_6,pts_ae28c443fec0618deea2340fbc740c4c988fd361e8bb7b5fa64a56778f91c0bc,user
bidder,k6_bidder_119,pts_fc7fe00a746afbcc8d20d83da1c84842ceacdecd145003873ec70301d2a5906d,user
bidder,k6_bidder_119_0,pts_bb462ba3aa5ff2f47e51c3787215fbe5b486d6b7a6f3fc5fa4b08da768191f21,user
bidder,k6_bidder_119_1,pts_9d7fb0d8c10ce846165a7768daa9000b023827789857011d8e0fd25a7599c47c,user
bidder,k6_bidder_119_2,pts_a0cb81ebb668d2f861d793e41f8ea3e160eeaf048676795e298c47c7b560c0b8,user
bidder,k6_bidder_119_3,pts_abd309e303afc138593dc0b689e94547df3b06930de82acf37153630ab04f94a,user
bidder,k6_bidder_119_4,pts_3e3b649761129b04b823160688e9157da56830048858d7d9cae148fdc67778f5,user
bidder,k6_bidder_119_5,pts_3af4bfb7b6769e61061ceb051797fcf2e957533215db6a5eb446d2798f376350,user
bidder,k6_bidder_119_6,pts_6e9021e53e01c659849b3326eb04afb674bd4241001f2d41c3de939b1311a9cc,user
bidder,k6_bidder_11_0,pts_cc28b6da1f6a233b70092dc606500896d9a6af662cbb84a72e1e56fdaa7e6506,user
bidder,k6_bidder_11_1,pts_653510fcb7b2cfbf9f8dc300ff5dbf506ef81ffe3e2c3aec861ea37fa7add37d,user
bidder,k6_bidder_11_2,pts_afb0af689df7691fcf6491479032f4c09b0be14fac4143bfafb4d682f6806f37,user
bidder,k6_bidder_11_3,pts_c4c7a0843981f928bbf4eb7b62538c67fd001a0dd23ec0323320f84e5b9193f5,user
bidder,k6_bidder_11_4,pts_98d07d90d8ac49bb06f3a15a8aff1dfdd23ec0a2998e80ee5077cffd2a6b9033,user
bidder,k6_bidder_11_5,pts_42d0054b0f7853e981dcc0690a20addd5d01514b1fa9e80c2d75ee4a0c064bfe,user
bidder,k6_bidder_11_6,pts_4ddd6c0e2a878c277e73fe818ca4d6f6de3b1668d18331558476c5b2732fb949,user
bidder,k6_bidder_12,pts_509cbe1c2c0c8cd836508655956821a184ace84207c6f8772eca8d71c696cb06,user
bidder,k6_bidder_120,pts_388dc215deb9eab31ff250f6edd005fe574b83d8cc7cab30c02892735d02b329,user
bidder,k6_bidder_120_0,pts_64149bb117d9602acf30903318bdb2814026c6ffab0350fea68f6d1032a663a9,user
bidder,k6_bidder_120_1,pts_058ef939ee8e5cdeb52c39501db01953742d5d2ed24e27517cb1fc5fa79e85bd,user
bidder,k6_bidder_120_2,pts_2f8e40dc33ecc894b3683047d93c94b33a1d3e692a05c30585abbfd982799938,user
bidder,k6_bidder_120_3,pts_017b61115eb4ec14db8196b6f0c3f08e81e31fa4e86b4d1b4cabf452853c96d4,user
bidder,k6_bidder_120_4,pts_2a7c6f35488e4ba7a8a9ad738af2d76aedc7b772db19128165e946554abcd6bd,user
bidder,k6_bidder_120_5,pts_dc9be1be77a490b3223b2a5fcab492840305012ecb23602e80caa8b0f04d03e8,user
bidder,k6_bidder_120_6,pts_a988a78b612a0d50c90dae0923b3acb4721da665c9525e09bf18e097f049c265,user
bidder,k6_bidder_121,pts_d77c1f2286f35712f1b2d2c156a4744f0244285fd237f7371fa68b1d9e1f120c,user
bidder,k6_bidder_121_0,pts_923345aa29e41875a5c0c001453adacbc21b15e5d5c59b5fe621cf3af45227de,user
bidder,k6_bidder_121_1,pts_d78fa2b93f7b496ed195937f05c8e849e4a7deff0d908a94ba7dbb30f6caeff2,user
bidder,k6_bidder_121_2,pts_750b64cc7081b49b4e8584143ff88d4cb0582cf75be7f26e32e4e8e17388d6c7,user
bidder,k6_bidder_121_3,pts_1a9681d2657e178f8177a4cf806923c9b558952b9a952518d39c44db93360b2a,user
bidder,k6_bidder_121_4,pts_5e711d47aafb07a3057146ce83f68f93329583cae037ee32c8eec82b93f70ee8,user
bidder,k6_bidder_121_5,pts_3f022388b96650b6684886f12ac11c9fbefb412e1d6d19f9863c031d51a5816d,user
bidder,k6_bidder_121_6,pts_dfae80d4bd075f4bde217d38a7a177b0cd823eeb420949ad7b94ba8ad73afbc5,user
bidder,k6_bidder_122,pts_9fff847892fb8123b0f78b3a58ff7da49fd5062528922e3696133972ef04943b,user
bidder,k6_bidder_122_0,pts_e246b36bce2720e25c6057456e3fe8e86b29a6dad04bf22485284b86f7433fb7,user
bidder,k6_bidder_122_1,pts_dc9cc4a62e122147fece36cf99c5cec2100eab7283b7ddfeadb6c25f583d8806,user
bidder,k6_bidder_122_2,pts_8989a9fc05a0feafc0014260515033f6d7469c15413a8c284e2d4f9cf7ccee45,user
bidder,k6_bidder_122_3,pts_b7f68665bed6177fbdd6ab909ea85606c28037ad091072019872bdc0730b35c6,user
bidder,k6_bidder_122_4,pts_7633bf0da07799f883371643e688cb23d812adcf42af5da83989ae4a716c6487,user
bidder,k6_bidder_122_5,pts_30c56c9f4bd78713518eb175f46f3ae161209e80382ef4606178aa61c496e6a8,user
bidder,k6_bidder_122_6,pts_9d780d03f2bec0c6ec367ee38463ebf1a5c06fe61556ba7aa3228090d831fd2d,user
bidder,k6_bidder_123,pts_3a689c6732a931370df838a02eb94f29f8125767a7f68906fcdb7afee32d0f40,user
bidder,k6_bidder_123_0,pts_2beb1e49a90421bebf678697e0333598e1af77b88ffbb87d189f310cc810ee08,user
bidder,k6_bidder_123_1,pts_043d9ad411981fa10bfaeb0943a24a3e2ae92b219615d331ecb5beee58c1ee8d,user
bidder,k6_bidder_123_2,pts_bb0fc6c7d41dda9709e4da13f3bbeda42a73cd62bfb77ead0382275cfb4415bf,user
bidder,k6_bidder_123_3,pts_4565e26456a36d33cd2c499d657e2626266f4047a4f55d5565c125be78974871,user
bidder,k6_bidder_123_4,pts_1770fb53d573b0a71798b6d93f77d0ddcd99c6bce1d0117ca7cba0ce7fa8bdba,user
bidder,k6_bidder_123_5,pts_c937a01836ab6b9a88517ca16dbd70875b76e0f53161aaca186d47e7c92bbe26,user
bidder,k6_bidder_123_6,pts_d3af0ec8417f0d2605bf7d8fdfe9486ed88990a902bf708cc7cc59565e50f13a,user
bidder,k6_bidder_124,pts_44ded5ca628cb5eaec1a18818ad1b1d0a97eeea07d2a09e39f787749be7b1421,user
bidder,k6_bidder_124_0,pts_946bd7d977d77cea15b30465025366f7c3baed0241015c0ae6e4d7a4e7b710a5,user
bidder,k6_bidder_124_1,pts_f485da302b9a61dae0138455dc7e459ac6ef9d384feeff1130557f3c0fab6b87,user
bidder,k6_bidder_124_2,pts_032f74e8126f921698ebaff70cd4627c70cd07fe203daf48674c539f2c7d5504,user
bidder,k6_bidder_124_3,pts_67f0d20c40c07fb7f3a55548a9f98cd29d6f90184dd21aaffa54855b12662ef2,user
bidder,k6_bidder_124_4,pts_051892aa78c0263a4185c844a939dccf6ba2719944a0a58ef0e2a9a41ddc1da4,user
bidder,k6_bidder_124_5,pts_2a5b947bd0295f32e2afa92ad4171107030d65ff29d37fc16b86715b81644436,user
bidder,k6_bidder_124_6,pts_8e55ebd43a358e8a813c75117793004fbdf02b95478271ea80d91da00a0ce832,user
bidder,k6_bidder_125,pts_875e4844b3fa121d02539f4fbd2db24e780999a075d689fd084295493e465261,user
bidder,k6_bidder_125_0,pts_3d24777e954494f351209f6e6bf528d265c2281b6d48db7f0372a2ead8eb0afe,user
bidder,k6_bidder_125_1,pts_c8d82e48f76f448f6fa81672088d18ab4e7ad148efd4133f1a63d37f179841e8,user
bidder,k6_bidder_125_2,pts_4fa1d166b23351d4f476b72a1363314c69bb405fbe5ca05db01fff1198dd3c5b,user
bidder,k6_bidder_125_3,pts_9e0b95e0560f92c39ffef30af0ec4961a35a2abd9418ef07597470e0c27b8e8b,user
bidder,k6_bidder_125_4,pts_1d14b21959611f9a2325e4768bbb2c35992bcf7e1aeb32c785e60c49fdc50545,user
bidder,k6_bidder_125_5,pts_d742c55b70b5013103241de1e5ac1e685950ac53143702ad1370bc7e7a1da218,user
bidder,k6_bidder_125_6,pts_3220f5a98631576dc42f275a6c4a758a3539de435635bdcb4db5add025635fce,user
bidder,k6_bidder_126,pts_ce996523b326dc5c440ab088eeea5c7824794a94cbd83b3c8f943459bc8f03f8,user
bidder,k6_bidder_126_0,pts_ba91e28f11ee0b7321ce8497563c44efa8c545bb0471b673470197aa87936875,user
bidder,k6_bidder_126_1,pts_e0a708fa224d29ef719e1ef9d0f1f7cf4982923f33f8bf758acf53a81a1ae3d2,user
bidder,k6_bidder_126_2,pts_01399811bf1741af061b4c2f31b2b20dda14a4a4e17af1e4f67daf7bcef7bfa4,user
bidder,k6_bidder_126_3,pts_a17504a1fce1984a6d5b6afc24ace158969a2a8f6c0e7a8a9bea0f72a546bf58,user
bidder,k6_bidder_126_4,pts_e3965b39133d570f8ea40ae3ed20c9971a1611a874c8dcf10db027ef13d4fffd,user
bidder,k6_bidder_126_5,pts_ceb2c70d50620845e512655b54a26b079582e7c6a765ef44efac310dffeca417,user
bidder,k6_bidder_126_6,pts_b8b3bcdd2f7ce3030b066ec450243f05b7026a2218f7670f81e7452caa937b89,user
bidder,k6_bidder_12_0,pts_63cf906f1c9237cd2c5858a26518772ceb9bbf0c9a5cac20d791bfd4e35e210e,user
bidder,k6_bidder_12_1,pts_6aada0327d47453ce144de84d65234164fdadf031aed3b440cac63a1524c1b22,user
bidder,k6_bidder_12_2,pts_0e47a391ab6c8c902c8cc147df36f243f25edd264a3022fe8169fd3c1665b924,user
bidder,k6_bidder_12_3,pts_eff00bd77738776edc1cc162ea16d4ed1aa3cfe2cf55881fc0230c63695cddbc,user
bidder,k6_bidder_12_4,pts_80e2075b9d8b51eb16fdee3fc0fd8be306832a306231156bbc100c883ed3e7c6,user
bidder,k6_bidder_12_5,pts_2fe2e0af265d3c8066e721ef2777ddd376a40f224ce73dfc7eeafbd688c10159,user
bidder,k6_bidder_12_6,pts_ff17e46f29a1e55263fc4483cd09c2fd016dc7615a9660657b37ea81bf142b72,user
bidder,k6_bidder_13,pts_0cd9dc038b4b19cdc3d91b110f0e7d6ae11c73dcc1f1cfb11dfff4fab0714d8a,user
bidder,k6_bidder_13_0,pts_8db05f6762fb9bd0532000fc1c28101e020c48a92afd63c4d45cae39d24c4a96,user
bidder,k6_bidder_13_1,pts_0260b50c7ce36b01cec7f0cf923c9aa2a0bf7ac4a60d1e5cbb0db2f5988df133,user
bidder,k6_bidder_13_2,pts_ce5835797c0ffb68eee26c86609a242e3dca4daaa1e1207e2b6d6ab00611dd92,user
bidder,k6_bidder_13_3,pts_ab4550ae8be5d3916afedb01e62be75a3312d2e91faad6ced512212294a9cabc,user
bidder,k6_bidder_13_4,pts_fadf47466895142f97ec6beeb8ad6fe7413d32802fc0f0e0d705befaa0ba238f,user
bidder,k6_bidder_13_5,pts_764d94f3801d132c8f83b82d3eb9ed8d9c3596dcad5d84c6fb7e4ccd90946e3d,user
bidder,k6_bidder_13_6,pts_c0a2031c375b3c6c31c1e0d197ddacddf0cc50ad71db3f175e1a5db956437f17,user
bidder,k6_bidder_14,pts_15aa68e09c5c06449f9193d26779c56a1d6efec28d3939d563546ee0632d5a27,user
bidder,k6_bidder_14_0,pts_c46dc9b52c651894cb3833ecc9083724be832b32062e672368b0d8817d0ce490,user
bidder,k6_bidder_14_1,pts_0389e1cc5b5444240c25a56933f561b0f53898bc83124da1309548617c010c77,user
bidder,k6_bidder_14_2,pts_ded769ec29888186a729e693f2af8cfa9b5672cea7c87fe957cb1edef1e453cc,user
bidder,k6_bidder_14_3,pts_f828040eff08630e1873fb5f0b09c137788debef9cec018f6db10664b09d62e9,user
bidder,k6_bidder_14_4,pts_3ff9d3b7a0dd834af90a297d2f0b2eaa0673a0ea0727afe0916d3c164b379531,user
bidder,k6_bidder_14_5,pts_01d2c3f023b0b436041da4a8f9fbe7ecc9af1a83f54d216b1fbc24cbd3bf5797,user
bidder,k6_bidder_14_6,pts_21c63a860d0af2a9ad8b19a34c0b1b108a27d3a828017bde9af394e4a4c2bb72,user
bidder,k6_bidder_15,pts_18f5d2dbcc174544058f860c4f989ee21aabfac2d1aabd9500ac42839aaa1212,user
bidder,k6_bidder_15_0,pts_c3dc6d4f73e1bf39cabe7bd907c7195828c6d931d56fa7c4c564a472a0e505f6,user
bidder,k6_bidder_15_1,pts_9a83a2d81571966fc98c92ec5a77f46d913e7b7dbf7ae8af86fe96d1166ae9a1,user
bidder,k6_bidder_15_2,pts_9f70f8c847689727c1ffbde93172446a6cacd4b388fed488146f1a5d8febc6ae,user
bidder,k6_bidder_15_3,pts_a2b3cf8e229fdca3e9f76e85dff8c31e1ae7c71d49b6c733dd359dfa9da61201,user
bidder,k6_bidder_15_4,pts_70860e70a877a9aa1fbe6606ce8c26e6474e17b03dd1c332bb12ab6aeeb07370,user
bidder,k6_bidder_15_5,pts_147826e795325f739a9ecad9552eb9e8b9c60f7fc8fee4e06ace781f8d81ec6b,user
bidder,k6_bidder_15_6,pts_b610f42da0386acf3e24fae517431b74634ed3f7a4c8955ff7fbd42c634b50a6,user
bidder,k6_bidder_16,pts_da9ea16920d628d45899301126beda182399e9705c18264fd0908e1400ab4896,user
bidder,k6_bidder_16_0,pts_b907ec39d9c67308ccc0668dee48de4f8ce681386d71e22e5273d61beeb6a59f,user
bidder,k6_bidder_16_1,pts_97a60bd60fd8f8dbad9bd3c8924fa688d6825fa3b2ad8df25145148390c80f7d,user
bidder,k6_bidder_16_2,pts_5fbf4a16a4813842b419e4b98350e8277f0710e7adf5a14fae1e930e015ddffe,user
bidder,k6_bidder_16_3,pts_6ad39cb0529cdf9b10bb6f947eea380d8b04e59e9e7456ab1847d978e8a471ed,user
bidder,k6_bidder_16_4,pts_aec4940c56d4629c3e609a860669ac2ae9af6646774a58d5409bf9b403e9780b,user
bidder,k6_bidder_16_5,pts_1fbfa5bd2b98b6b0d92dac4da630e44f3086bdb75685bcefe3c649377da52002,user
bidder,k6_bidder_16_6,pts_833fee6c4c1fcbcc295b1ba16cbee63c8e756cf123884cd3e7eeff9403ba6387,user
bidder,k6_bidder_17,pts_60d82f099ad96019b2378f976c6002d4d9994004c83d4fb0986927158c503832,user
bidder,k6_bidder_17_0,pts_893c9fcbbf4b56ec355ef3a0975a3489f0bf8e7012be0aeae9f102d486167398,user
bidder,k6_bidder_17_1,pts_65257d529624f0b3c62e3b3d13a5bef92f30146f7042518027c64aa03cc18506,user
bidder,k6_bidder_17_2,pts_5c1aa2aff97a24c7eefb74bbb0b0753dab5789f5fe32b2bd42bd706cd0f1dd06,user
bidder,k6_bidder_17_3,pts_836bef5a6b52bdcf50008b6c3d9a39d9657fc04ced2bb63e9dcd79595936704d,user
bidder,k6_bidder_17_4,pts_d01920be92399aabd78b6f910f5a53fec61bfa131dea9ef158e5691aa99c46b9,user
bidder,k6_bidder_17_5,pts_c861ef35f855a6ef679c97042e5499759d60397aa0af1eb3398125f9cb589e58,user
bidder,k6_bidder_17_6,pts_89ff5d31046a8d3e2c397aa95528e954d591a2db1cd4be76533ca2d1a4db009a,user
bidder,k6_bidder_18,pts_dd1e1a7a48a0aa274ec19016872b701f4443574f6bbe80e75825bc9e93dd8337,user
bidder,k6_bidder_18_0,pts_c703021a4ecc16badbc237ec242b7bbcf96649b62bb5857aa6cb1d0784140123,user
bidder,k6_bidder_18_1,pts_98e170e7201e00f912c7a9d5ba5045f89148232a13da87e5f744501f214a1149,user
bidder,k6_bidder_18_2,pts_f62b8660727ad1c47f4b15a3a8582431b340961a8f2117698a94b7f924e43737,user
bidder,k6_bidder_18_3,pts_7170fd90f16e51bd4f0813a010415d3feb0f3aeda5f9830b75916249be7cf414,user
bidder,k6_bidder_18_4,pts_c9e47618b88938caa48f22b68e1d08d83c55c2f2752462f733df8c405ae81286,user
bidder,k6_bidder_18_5,pts_cbe5b99053e85bfefe3f636a9cb299b7bc4f299b9247d8356b47730410f1eee6,user
bidder,k6_bidder_18_6,pts_7577c28895d57f31dd6d9813be9bb51a0fde9b5f56173eb009e72a246816d886,user
bidder,k6_bidder_19,pts_f34d5910eccac1e67f1dd36e9977daf5f87556f7caf0274b8c054601e7d60e11,user
bidder,k6_bidder_19_0,pts_97375611e89ca81311c52cc6d51abb9920d48ed5bfec78f201aa5563f09623d0,user
bidder,k6_bidder_19_1,pts_c76f318b8d723338373cf77f2916f676be95a8aa52a4ff08c8811242a1769c51,user
bidder,k6_bidder_19_2,pts_581e638a5d36bc318657e9df394d8f1f558a91f0ce98f1c8359ec6bdf59f1979,user
bidder,k6_bidder_19_3,pts_22dab8f23ec4e3a8aa41553c572546a4243b3bc55cdcb671ab1a21c0d26a3082,user
bidder,k6_bidder_19_4,pts_1d35902f6665c873cb31ca2a537004c143ce4cff63503a383d94f774a03bf7b9,user
bidder,k6_bidder_19_5,pts_f481113cf09f95c991b2f87aa359c6eb0ac754db31d981feb4be87797093f145,user
bidder,k6_bidder_19_6,pts_af83c2b1f9eb464ed4a5e0804fcd2c2b59921b13884add48edad5c8b0092d2d4,user
bidder,k6_bidder_1_0,pts_f0daf5a2206b63c9150f63071f6953ee87d44e86d904353aa33bcd55aaa1e2c9,user
bidder,k6_bidder_1_1,pts_bf64997413e6ad40f6ec6352de923ff02fd58a4d427f3a72afc4fdea32e8892e,user
bidder,k6_bidder_1_2,pts_6c1cde56dd986a5593da3fe0667a3e0c3de42719e0ca8d91ec231e0d35ee4948,user
bidder,k6_bidder_1_3,pts_b4e5fe570202cd9e87263671cd77fee794cba757c41a1216cf9d3571063a1870,user
bidder,k6_bidder_1_4,pts_01cba99f18220c945e44f2a6ce1d3ac3c1dda6058d3b7d458f43cd6b5ba11492,user
bidder,k6_bidder_1_5,pts_a7b46980e8a25520e037ee166942911d36e511c918a80762bc8f840b87dd5e9b,user
bidder,k6_bidder_1_6,pts_ac4fde9b4a6c3ad1c2e413d6df7fbbb18cf483f1b28ec58283db4bedd7ccad05,user
bidder,k6_bidder_2,pts_44bd2fba6d74a962ef87d02d94ec9c345d1fb30e7cf1a76958006376307371c0,user
bidder,k6_bidder_20,pts_89be4204ab38e7047f8464a62560f701efc245c606d6690c0dabddd57399181f,user
bidder,k6_bidder_20_0,pts_6b6c00def1403ee70a2df7f5134d76bb7fa6d28232110bdff240da79dbaa00ee,user
bidder,k6_bidder_20_1,pts_9c23b3506778987b2b1c9267ce7dd3ef5da9087abcd1b932d7e892f151b63890,user
bidder,k6_bidder_20_2,pts_62473e3b52c0ac3fe90d95b14c2f32f6af74e53b7b03a15a2b410945bed932e3,user
bidder,k6_bidder_20_3,pts_2419fb1d04fcd83615c6f4a83aeb8586d988e4a4f171fe0216bfc816827178f8,user
bidder,k6_bidder_20_4,pts_e9c44c02ab8faef5291095e78b5a4c2f7a791441de9685ea9cd551fdb457354f,user
bidder,k6_bidder_20_5,pts_4db27b4d9e38a3708eae7ccacdc297b564ce88e537d6b02144e591d59dd6079d,user
bidder,k6_bidder_20_6,pts_1b705393af2e7206959fba4e044a600c5d16d6df68416011b42209f6da7f7aed,user
bidder,k6_bidder_21,pts_d029af090aad4bd18208512bf1eee56e7755ab16bab7cde8dd750176dc2773a8,user
bidder,k6_bidder_21_0,pts_8f06c90321c907c28680e247868ec28821136b2064dc2bfa6841f3ec819c333d,user
bidder,k6_bidder_21_1,pts_2856dd56e5d6a025625e2845564c38ec629790ae31bc6bc5d32057c247f6fe87,user
bidder,k6_bidder_21_2,pts_0ef9002ed14acefd48564db6d530db09f52a959d23ec0c735e778903ebbf365d,user
bidder,k6_bidder_21_3,pts_e6f21d15628644a1a2d2a5673af504e02b5053287e265ea4bad40ec903f070a9,user
bidder,k6_bidder_21_4,pts_f1297d43c206fc66ed746c8d3637da705c60105782da38b3cd5082921fde4e9f,user
bidder,k6_bidder_21_5,pts_2ddb277179a0787cb155566aab8d58d64b7db42467e4e8c6f04d092a81bbc1f3,user
bidder,k6_bidder_21_6,pts_18d37e0aaf633f17ac337c913c6e68f07a47a2e510e3b87c213f7fd106bf25dc,user
bidder,k6_bidder_22,pts_f318d1cff3905d24ebe059631762e3b1124004fb0a5323d3d488405f02c27d4b,user
bidder,k6_bidder_22_0,pts_148bb3793e6e2d8e027f49195fd6507c587dab4a701026214740129bfee1ede0,user
bidder,k6_bidder_22_1,pts_e09c853724df825ef2ad9f9489e53b96eeb546258428139949dd4511a8205a4d,user
bidder,k6_bidder_22_2,pts_b7e47ffb831c194f5553342a707ca37139152a2197e147c7f6f80d964f29c844,user
bidder,k6_bidder_22_3,pts_a5a2c5b848d27de25721abe5ca690eae7196f8572ea45d25034fee3d83d1adaf,user
bidder,k6_bidder_22_4,pts_019c32c0eae88cd677528b85f49fa682226f5d3fbc0b2a3e4da32d2e142a48bc,user
bidder,k6_bidder_22_5,pts_0448d698d8228c16bff87aecae05a09d535bcc0128eee279ed793856621c369d,user
bidder,k6_bidder_22_6,pts_5f0358cf462a352111e27ed7e28eeb582a1c1666ffc74fc5948a3cc286f79764,user
bidder,k6_bidder_23,pts_3f636b770cb63cfd88d590493b2f506aa3e0e425fa05f6fa6ecd4ba6e996f255,user
bidder,k6_bidder_23_0,pts_c4ff2d353c8ee09f2336a6418dd1b64cb834466c539aaa7658892bebd3a0e9f3,user
bidder,k6_bidder_23_1,pts_214e5fba5d67077d457e1e2980b94f2f728bb8c8fa2dee80cf782aa70a3baa77,user
bidder,k6_bidder_23_2,pts_c5dc373081e804b1832b9e6f3fc2bb4dddd9f487593de96dacdc933b4b5942e2,user
bidder,k6_bidder_23_3,pts_7399c627b8bdafd755f879eda843fde89834c289dda6b3bc43ae07cf8656e25b,user
bidder,k6_bidder_23_4,pts_18a346927edf1b441b2a8da4a9f32df813dd7fb6ec45ca8f4e6ed8843e18919f,user
bidder,k6_bidder_23_5,pts_3d9294ec670e49a1099f1e7002924f769ccada65730e315c1e0250f86a9b58ff,user
bidder,k6_bidder_23_6,pts_7041e40f641415c94c92985618c6a49c20e632e1c79bd5265ccb3e253e641390,user
bidder,k6_bidder_24,pts_4d6f9efc016750a1596f17928d3953a1d11d9576dfe456816703c326776b8aa4,user
bidder,k6_bidder_24_0,pts_72d255aceb9d0e75fc71de83c43f2c90244fb29c5000c766b1e7520f9db2e32e,user
bidder,k6_bidder_24_1,pts_443ec82e6d0231c52d74cd11e05715683687f8f4cb7510a691b754334beab941,user
bidder,k6_bidder_24_2,pts_9eff51b5a2dd7b9e4e924c75b920eb9b12635989a8c9ac5cbb521a5bcc8c2f01,user
bidder,k6_bidder_24_3,pts_d5076ef4ec130a289ca8dd9c1c6f84b6e780f701070dbb3967c559306f317930,user
bidder,k6_bidder_24_4,pts_d9e0d485447f7d9792bd964e95942856cc33de9c10e4dd6ab6feae9a19817018,user
bidder,k6_bidder_24_5,pts_329eb62db0d4da84697f2b610943556782601c764f3ebac5d012e492fd1957a8,user
bidder,k6_bidder_24_6,pts_0ee28deec8c8b3189f5e25e5d21632e05441c8e3d93f681dce9fdaa1f4c4af8d,user
bidder,k6_bidder_25,pts_943bc9750a71116ab9d232a05a9333ddc71bf3f197cda2c2d89d9554eea71b72,user
bidder,k6_bidder_25_0,pts_b4ceef37ea96f83e93495bf3cc9fb16936a1a165687a1571707fcdbb5e1ecc9f,user
bidder,k6_bidder_25_1,pts_2571af40063facf2409fdee9d2a0f0088f1d3e4e60c91c190afcaad181aa0e03,user
bidder,k6_bidder_25_2,pts_002ac6a3261ef6e4a55beac25f3bab2b97fc40897df2150eff2fbd38272ddcc4,user
bidder,k6_bidder_25_3,pts_ce810f364aadc1f9ac33e35320f40f184a8f67caff5069397286247b1e0c96bb,user
bidder,k6_bidder_25_4,pts_1163e6cf52f6df9b8ad565dffcb0274e057d7c16799ed8cb38112ee0add38e1e,user
bidder,k6_bidder_25_5,pts_9e9e591e525fe61f08a1b80ad4db647f0fe8272d74229d6148eaf0fcdbf85ccf,user
bidder,k6_bidder_25_6,pts_868179d997a675d7587978646f05a08aec09767e5f52e0f964d83f0348eee5d8,user
bidder,k6_bidder_26,pts_d81be99e8ec84b27320dbb0616acc125d0f927c813dd9b5a6fc547c51f5bc9f8,user
bidder,k6_bidder_26_0,pts_83b82b5382138adb24efbb3c7910cbd6e23f11c57c3c0bd02ccaba32ee2225ea,user
bidder,k6_bidder_26_1,pts_1e8e79c21f055eda31d12cecc11fe307d314a0634a61664baab63e2377baa71a,user
bidder,k6_bidder_26_2,pts_94906b5edf70a91f11591112a56c8edc648f4bd57ed1ae9422e3dd87e489d13e,user
bidder,k6_bidder_26_3,pts_7885888f2d9525e9aaf1454fa1277f84e0d4a6180cd58f8eef5d960d7aed5d63,user
bidder,k6_bidder_26_4,pts_6a18f8c9a15d7cdf94d814e22afde018187223c6b9a25f74c665d2420bb39064,user
bidder,k6_bidder_26_5,pts_fada1e3adcb778620a11074626db0668900c7fd050820b2b44dbc5260fdc141c,user
bidder,k6_bidder_26_6,pts_ba498178819c8582d52fa2d30fa8dcb8aacc551ea0412e2bd46cc0e48a1e132a,user
bidder,k6_bidder_27,pts_5cae77b635eafe3a15fc8ce6f9f4f59043f64599c74318688c225898456d32b4,user
bidder,k6_bidder_27_0,pts_53609388904cc4f2ccd2afb05fe458678040f6283229d68f07d3dfa158bacc6e,user
bidder,k6_bidder_27_1,pts_c860c6a05e955ec66b5a724fd41050904fa61da2dc66695fc839a180b8900d7e,user
bidder,k6_bidder_27_2,pts_2760bc682334025b0f6f3c6a61ee8a39db2b7f71e3b1b9bba06e7f08f9609b1c,user
bidder,k6_bidder_27_3,pts_a87c1fe8b820db128af45a6119028ef29c489b85c16896b9ae0c05bc4f1b325a,user
bidder,k6_bidder_27_4,pts_ca50865615512c50ccf3d466945d4c4f872555e2d9178b57d28c12a6f09d00ad,user
bidder,k6_bidder_27_5,pts_cf43bea46304eb34dea860e270b94929c2dc21aedbe3f64360ef329c78ee4d3c,user
bidder,k6_bidder_27_6,pts_12027f288983b1aa088fe211ff3996d44db19a4d8568d34288dba154b805bbfe,user
bidder,k6_bidder_28,pts_323c423303be51c5381657b2dea17f7fd097be6f2176faa19f16b660b0a2419a,user
bidder,k6_bidder_28_0,pts_92e071254136b5c9e4a92f6df540cf2965aaee2e019d8b2ff66d8f088d9080e8,user
bidder,k6_bidder_28_1,pts_baa9d8b1886806177b1628661f451982889db0357470e395c5b2ee681a320e8a,user
bidder,k6_bidder_28_2,pts_03d3c0624e720025bef3d0852bdfe1116308efa4cea863e69a2a41bba33e7037,user
bidder,k6_bidder_28_3,pts_9dcd14b3e53beab93cfd08f495d89d0dab27486a6ff4f96baaae296d56e68e0b,user
bidder,k6_bidder_28_4,pts_a9cc939d79957dc6f59bffbb3f24594c36b5baf7d3c57a9d8f9bf6d37ffc899e,user
bidder,k6_bidder_28_5,pts_40b1fcccf664f2cc2e79e22e53404b7ae382be591539dcc45c02b264643ed495,user
bidder,k6_bidder_28_6,pts_458d51111733d7896c05776ecaed9e36ebb03df0a0910570728f2cb59292d4d5,user
bidder,k6_bidder_29,pts_4dfae546d3cef80afa9baa4973588016a9667829660291ea880a4a921c5ae94a,user
bidder,k6_bidder_29_0,pts_e706aa99b0a99e3dc180d25897c8ecbce3d3e179adf13215bfd87a542d05f2bf,user
bidder,k6_bidder_29_1,pts_c781ddd650a8f01bb76c18a68f385b5d3c43e26b95a2ba5bd4f6a8f4d20fb6a8,user
bidder,k6_bidder_29_2,pts_8c3f890038fe73473ca10daf0f08db404bf1dd80817455d144e834011c4fabba,user
bidder,k6_bidder_29_3,pts_6796158484db63d323c274f45e20a21d74d76b9c402397b0c01b897f87b7f297,user
bidder,k6_bidder_29_4,pts_761112d62efd8d3ada8f4d8a7c40a7afa3d82cf7745bae677ea82c7cfc47dfd8,user
bidder,k6_bidder_29_5,pts_30f6756f12675c8c62339e31d9094b604c348cd9da97006b8fd48d039bf9143b,user
bidder,k6_bidder_29_6,pts_36b763fce1b0e00ccde47cc418e2b1f82cecaf1a17bf14aaa5a48e5e69003ae6,user
bidder,k6_bidder_2_0,pts_7434d9de546118fe8e302a3a27611056e0bce91e87f6de1df8fbe85c4ac7ddc7,user
bidder,k6_bidder_2_1,pts_20538de1f04a1d9e772736d9e841041cbe4eba24377a2c9fd5efa23b33d41fce,user
bidder,k6_bidder_2_2,pts_9dee68e8df21d9bb3b65dc56c05f0cc57980825234332fe94510775b18641fd8,user
bidder,k6_bidder_2_3,pts_c8bde740586f74cb74311059688edd85b9ae8197b2f844ee5d8644671fd8373f,user
bidder,k6_bidder_2_4,pts_124cacd4c44dbb2cdd732abb94fa95c9a32c19f93fde2fea5d784c189cac6cf4,user
bidder,k6_bidder_2_5,pts_38569a48ef3e8ebf5bb73e2b6cce6fe1d8f4e307bbdf7415b55665e55fc99b3e,user
bidder,k6_bidder_2_6,pts_bb93da2f9f6af3e0c7054d296156c10db77e35a06fa95dbdb869858416471fe1,user
bidder,k6_bidder_3,pts_055a2fd39368e6f67e7ea8eb7b1bb75605b7bda95a9489010026ad37dbab6251,user
bidder,k6_bidder_30,pts_56efc376cfbe3a55ce707394ea340e835bab42453a2121ae2e21aaaa661851b9,user
bidder,k6_bidder_30_0,pts_528a26cfd9326bfb1bf1a0625311f2a46355bb11a18438c7b5d9615a7b043f85,user
bidder,k6_bidder_30_1,pts_da265c1653dd68bec5022376aac6f05505133c54137fddb01b707ec1e6e452c1,user
bidder,k6_bidder_30_2,pts_346f4b5f4d8d70536ebb89e77c43dd38ca4c0de25899db9e4830a4f2a483fc7b,user
bidder,k6_bidder_30_3,pts_5900267b90aa3ae7e5bf1ec8f6ea37d8d75c3dd0462012b623a6d9551a51f2e7,user
bidder,k6_bidder_30_4,pts_fe0461661888f8fb276a00ea793cc55046054ba8150772049d9f4832ec7db9c4,user
bidder,k6_bidder_30_5,pts_05cadc091c4259fe385764c69cf2fd619ad3182c2e2def4e14a8b8c7d2202179,user
bidder,k6_bidder_30_6,pts_265e6a1d30ae346107402641696d5c8a05c01dd94bfd7238f51195cd8b278484,user
bidder,k6_bidder_31,pts_6f3888a8ad8ec43f6359e274298f19ab06d7c46469b412e50f78644e4a140074,user
bidder,k6_bidder_31_0,pts_6712ea67bf06c07b569aee3baffd1e8731578262950b3704631fa751750c3bf5,user
bidder,k6_bidder_31_1,pts_fdcd2a373637813997da47e9b3a1ea0b423e960832274f90f3f64e9043fe322c,user
bidder,k6_bidder_31_2,pts_e962c9c52e3ac9dba3a6cd21e80a06fd7fa21f27bcb1114cbac81e93cdb1adf2,user
bidder,k6_bidder_31_3,pts_3f836aff7220ab1071138dd8960c5bc75c683740e9c568610609e7ac32f5f40e,user
bidder,k6_bidder_31_4,pts_5baca1ed64a1b6180b8e4c11740ceea18dd6d85d13f1f183edc45a3cf4500575,user
bidder,k6_bidder_31_5,pts_03a795816e4bc7fbbbc63d8f605d4e132f24ea06563a6e4c771b7c03f43bb187,user
bidder,k6_bidder_31_6,pts_9ca888f04c0244d1aa92d1280231305fd93e2a0ae2f3850c129310d1a2a10a5a,user
bidder,k6_bidder_32,pts_1ee87b58f2e7f6fffb74a4006a4c864c5a0adea30409cdf22f78a574759bffc1,user
bidder,k6_bidder_32_0,pts_59cd88bb7b08b49942257c0eeec45fcd828fb413181f55c72ededd551bf3df25,user
bidder,k6_bidder_32_1,pts_588549fab6c1c25ad6e4bda09a98a2a9c65a9008998551b75e25f4740856ca57,user
bidder,k6_bidder_32_2,pts_a334c089b62e2c399134efaaa64b34287b00a8c92c81d7b746234cc785f2692c,user
bidder,k6_bidder_32_3,pts_4d927a0653467caa3fe2a5a2f86cd6e788ff9a614a96ce18c08e5d44feb9b492,user
bidder,k6_bidder_32_4,pts_980ac1d480d4dff01357b66547a156758bb194d97c3aef14719c78a9b3c08daf,user
bidder,k6_bidder_32_5,pts_4b1d829c8610825ebfa225e5d30a3d96acd2772ebee7d74248da068d6d4ab20b,user
bidder,k6_bidder_32_6,pts_54d0c5b9fe4b001668f14afd2ba7483ba17b72c3c6850f96f26ccfcc4eef2be3,user
bidder,k6_bidder_33,pts_720d0bb82b4ecde71210b9052beeb4159d11c653d7f3d247de90545595b1830b,user
bidder,k6_bidder_33_0,pts_8719f2cc12c793cc97950b794afe92871dd1f0f45b55ab67c07ec67c49a6a91a,user
bidder,k6_bidder_33_1,pts_d4116172c8e5cbfcf35ddcc3c6eedc5e499c59a45953aa8a08e3207853d3d6b8,user
bidder,k6_bidder_33_2,pts_2366101766fac39cdf2022b8e7c96611854b04228291db47ab979fab96905edf,user
bidder,k6_bidder_33_3,pts_cd0f003857e2a7426a84dfff49bbb91f3e9f5fb8865bebc623e553df07b3bb8a,user
bidder,k6_bidder_33_4,pts_8ae63b315429844d593cbf0fa24684411af28e68e18c14976f9e84fa21764bc7,user
bidder,k6_bidder_33_5,pts_dffb55041c95cde00711fe48833e68cc367d714088d55dd9d238a0d4e33c9262,user
bidder,k6_bidder_33_6,pts_8ccc104cdf18eda2f86fa95de47cf047e902132c92a63f6a6408d2ef66a3d749,user
bidder,k6_bidder_34,pts_37cda835743865bec07caf7e6b629a0f148318de57e2cf9d5824530d4870d9ca,user
bidder,k6_bidder_34_0,pts_828a6319c4bc94e948dc0eb58a583fc2f6460006db34a4ad748f007fd3541f6a,user
bidder,k6_bidder_34_1,pts_287becf91c14e659786b1dadce0b8c6472591cda8618552f58e292713de23a07,user
bidder,k6_bidder_34_2,pts_4abe529e7c8310d10823b1de1f95aeb7e4313ce68258e97841ca541354c09d7b,user
bidder,k6_bidder_34_3,pts_96078f7ed8e74ec9be92382d961f82c4af3970c7a8cb3cc6ed830afa331c316a,user
bidder,k6_bidder_34_4,pts_6cb932c227573e1ff753f8ddc24ccba98f5886cedf53f4382399f792b5cbad73,user
bidder,k6_bidder_34_5,pts_b9b0e41fb2ae0c18c660ebfdab9cb23e1bf4aa0b39b8b2d5a38cca63790359d4,user
bidder,k6_bidder_34_6,pts_ebc1c80d0692f3e525a9425f25d322d05c5e5cf3a1ae35efd48662a458c969f4,user
bidder,k6_bidder_35,pts_d9bf44f4ad61c07d263df1b7171b371d60b313be1746b35ab1ed47c6bc0f57cf,user
bidder,k6_bidder_35_0,pts_903993f7993ab91c74a4672cdc2f900435a10d29e0abdfa47177d3152eddb059,user
bidder,k6_bidder_35_1,pts_ef4912dc3a9f24f613c216bdf013e47c6329d8d35b2a0176c51746e45be244ad,user
bidder,k6_bidder_35_2,pts_57e80185a8e50c1918b8c2639212057843e34d33dd42d4139830a845aed555e6,user
bidder,k6_bidder_35_3,pts_3bf2453c63a54bbede8e3d07d26fbd67d8f79b5aa9d45e37829b83c3a053020d,user
bidder,k6_bidder_35_4,pts_f56ecdc724395d958694a99ad531d0c2b8f546ff2587b4d078a67161cf0144a0,user
bidder,k6_bidder_35_5,pts_bb6bfc8365d897ce8b97e4b4a745fbc8afb9bf6b58a9a26ec7d1c5f72efbed65,user
bidder,k6_bidder_35_6,pts_219bfa92e98e865a87a7242f5ab61eac228ecf92b027fdbb15d2cfce661166f0,user
bidder,k6_bidder_36,pts_158d70bfdf60cadebbede6c7a7e381ce8da7278318910a418f72f0a0e65cb3c6,user
bidder,k6_bidder_36_0,pts_500c375c29bf0472070b9e2cba7781eab870bd8e25ae562bec3422780ebd38c5,user
bidder,k6_bidder_36_1,pts_fcd2fcce9d8c7b09de2c4853765768a6527cd2942c1980505b8c30f3833f506e,user
bidder,k6_bidder_36_2,pts_a29a21a42f952bbdd8482abcd511e087dadd7c3c1c7d8413d6095f37a30184ad,user
bidder,k6_bidder_36_3,pts_11d6994e8d6f8511ca60d914bd61ed3a0cee75c4233ad018d016cca08a5359b7,user
bidder,k6_bidder_36_4,pts_21e2b7eb0479a2e13be4f2644ed444f766310fd6f8cdecebb194347813d1c2b0,user
bidder,k6_bidder_36_5,pts_081c9d6bf38418075b80e0ffb913c7793c270a84fedd98a24278312de3345eaa,user
bidder,k6_bidder_36_6,pts_5fa4dc244b9023a438284808af7e33874b93b6171c57e2c686f71228540f02f2,user
bidder,k6_bidder_37,pts_5b2ae23520f8c181ddcdedfa70c4795aa7175ef031fea95c34356c79bd7149a0,user
bidder,k6_bidder_37_0,pts_b0dccff29c858a7056b5ca0078aa69fe42581acf7bc270424647375efd1c7f15,user
bidder,k6_bidder_37_1,pts_a403b1c93df9c62eb273c7f704d7bcc9d67a042b8c1a425a756917bec7b1d1b0,user
bidder,k6_bidder_37_2,pts_d4d86812d2aaa3dfd5fd02e6dfa419a6e71f44dbd306dc69362b773af5d57954,user
bidder,k6_bidder_37_3,pts_701269cf6aaacbc01f678d4ca387eee023af78ebe7a8e0646760be5bbb6358ac,user
bidder,k6_bidder_37_4,pts_4cbdb99ba632d630ccbe6b61b15515cce03b775afcfaa2eab92396af198198b9,user
bidder,k6_bidder_37_5,pts_882faf91585881ed08d2d903fd2d38829afe40667635a124a22a7ccd63cc1bac,user
bidder,k6_bidder_37_6,pts_1c4a0857a106e125968dba8b9ba35b1444b7ca901fdc1caad5969f3cff88b6c2,user
bidder,k6_bidder_38,pts_897185faa97a9b64b0f13088b25c594f005311da862a409079ce61d0eecd86bd,user
bidder,k6_bidder_38_0,pts_3d713f1c3cc55e0f719eb80c38e28ffcecd5863314cbd96e079ee1896224c3fa,user
bidder,k6_bidder_38_1,pts_6f99da179414e43f27c0abe0d04c0125ad28c5cb78deb28ea548bec15f5410d8,user
bidder,k6_bidder_38_2,pts_b8eec4b7d6e658e9a6e85895448b161d0245e596940e2fcd266e2d53ad1baaa5,user
bidder,k6_bidder_38_3,pts_42df273bc9407b4e0c1574e46ca8378859cf2621a682ace3cadf9751f58adbca,user
bidder,k6_bidder_38_4,pts_44a360026174d3746b649fbdd97d099dc69514efd40fa8c498f6b7746095ad9b,user
bidder,k6_bidder_38_5,pts_280c42526e6ba5716f00b73a11b614d7a81961ef79406fed7018bf3df10b0eca,user
bidder,k6_bidder_38_6,pts_501f5e602bf0caca1326b18fe3e7ef845af4b7f236b3f7104db20ef3f872924d,user
bidder,k6_bidder_39,pts_82c79e84b3c306652ee342c4fa3e4f6ef1739f77bb730bebbfba0e372a7dd814,user
bidder,k6_bidder_39_0,pts_1583984720d3cd2829840459fb6d24229dd1b66b621e5e7af18127b2f597a68c,user
bidder,k6_bidder_39_1,pts_88366c86bf5797dbf3378477ec5bbad087b4745f2ebd5300515065d8a230caf7,user
bidder,k6_bidder_39_2,pts_2b229fba14f5cac88c3f8e4cfc8a222b05db2e2f2449314b2d4224a2cc44eea8,user
bidder,k6_bidder_39_3,pts_dbc374e4ecc2af0f061284565cf2a587ce1360c9045e374c4e3e44c83d2401c0,user
bidder,k6_bidder_39_4,pts_e88fe6c7144736b4598cb114ad50e8567aac834403729cc925b782e2152a5378,user
bidder,k6_bidder_39_5,pts_935c765b056251f0c8873959a57b54c55f440782c436847e6b8c73aaefbde83c,user
bidder,k6_bidder_39_6,pts_96807ebe3adad9c2c96e273826773c5cda00a9a82fbefc8b185d0a543921bda3,user
bidder,k6_bidder_3_0,pts_3024991af0720117679ad03658f63bbe53dbf43a1cf78b35648ac5ec1ef80ecb,user
bidder,k6_bidder_3_1,pts_fb2eeea814ae673a9b8dc3ad12e67b6b86188e8f3bf447e1408a1df8877bd136,user
bidder,k6_bidder_3_2,pts_bb67f897fdd86eb2d944381ef2a1a5da32842438dac49fbe095343d15c1800fc,user
bidder,k6_bidder_3_3,pts_7f47471ef1d4cc94b7caf3cc76f6a0c17ecd83ba9ea3cd87a91320ccfeecf409,user
bidder,k6_bidder_3_4,pts_212cb92957dca68c9c8620c6cbcdd41d903d5d2ae9a6fab0c610ebd274ba1286,user
bidder,k6_bidder_3_5,pts_3816d9af1d0de7f513f259bdd02258f9fba1c19f9a062c350d094f90e4dcf5f8,user
bidder,k6_bidder_3_6,pts_bf60f7603db60534e6e01093576e045c7e32bd729646499d7918e176f12f1644,user
bidder,k6_bidder_4,pts_2ebbc404f82f8a68fb7a8c3ddfb2a4866c725200db11e153c9b1898864fe1246,user
bidder,k6_bidder_40,pts_5307ea7662982e355018c5845eb82e463816c86454b2646db5a7a7d4ebe436e0,user
bidder,k6_bidder_40_0,pts_dcd38c154209348e02edb0b10b23f43421e11669f276f2d4fa61d5e535cbe25a,user
bidder,k6_bidder_40_1,pts_872da5eb7dfe2565d6ed6f1aab50afb83858893452fd91c2464b026a18ff65f0,user
bidder,k6_bidder_40_2,pts_0178f4335c330e2ea69e39fb2463d0cdbde19403071d2041f149cca37d876fa6,user
bidder,k6_bidder_40_3,pts_9f7ccc35ad43dfd4fccd81bf8b9cc0f7bc8cf4c82c69665185d8187b4b5de7d7,user
bidder,k6_bidder_40_4,pts_95b57bac942b2594582f50b8018748f4f3f97895be6e731bf604b7e88ccbf6e4,user
bidder,k6_bidder_40_5,pts_ec84c48cde591258ac518c936ab7110f651bb3e680d05001c266686fbe4009b0,user
bidder,k6_bidder_40_6,pts_e42cef9a09523adee757292b0f0687ac4c3dc8be168e8f66cc600c69ecba0916,user
bidder,k6_bidder_41,pts_f22bd5a48723c0d0770a397137cea9de4f4135575a1022703300cb189b45da3c,user
bidder,k6_bidder_41_0,pts_408d75b62a2926dd1a33011cf782bae0773ceabfb9b7a74e5c327ecae814797a,user
bidder,k6_bidder_41_1,pts_b4ae6c61118240f7c91cbeea93cad8d4a8d6e12ffe52619cf3ecf222a8d91c16,user
bidder,k6_bidder_41_2,pts_6683644c2276a94e3a44c083f0576a3015b36b7327a1a8b8a17675928fe2071a,user
bidder,k6_bidder_41_3,pts_33a1eddf32e529cfedbcad491168b41c0f5a9310d5c092c1ee230e6054251cca,user
bidder,k6_bidder_41_4,pts_d063cdd4c6769ce5fdbf0985b3b9046661f3e6656f85fcf348ee08f803c15f7c,user
bidder,k6_bidder_41_5,pts_95124954c6c8c38fd0d78bcf0539df8add2ecdd9f459845b3973f98d4fcbf22b,user
bidder,k6_bidder_41_6,pts_9143eea958341f45f326b58809ff40735d8f5e3e5ba15b9f4d1aa61056301c93,user
bidder,k6_bidder_42,pts_188156dfe1bd5d73eee812fa70e5d5b4dda0e3fcc45372578fe7440d306f84e5,user
bidder,k6_bidder_42_0,pts_d5d650c35da9f9dfe130403b766af0cd25d5a3c612c91cf71d232fb226986bdd,user
bidder,k6_bidder_42_1,pts_22def6de2173c0bcf0ea003532209730b0d33da93178e6e82c75407eb1e242f4,user
bidder,k6_bidder_42_2,pts_c9c71d2db92076e335bdbee4b36d9ac2136b18a9557c8fe90d94fcbdafd4ee5d,user
bidder,k6_bidder_42_3,pts_dffeaf9c53682cc579eda2c7ca6b50d9006c2d0cf018ac950930018db82474d1,user
bidder,k6_bidder_42_4,pts_7c99b5c8072cf1639f76ededf4e7f8192b7f7fff6e29c2b69be101e4856a379d,user
bidder,k6_bidder_42_5,pts_164cf43b7d680a6b8f5d24d5cc515ee1a19ae04ec79c5d43c6fa324cd68f5410,user
bidder,k6_bidder_42_6,pts_d6fb830903b9c3809869c664ad2245c2ccf42cdcff2e22c110ee3e4a813289d7,user
bidder,k6_bidder_43,pts_842284e111a3b69e1686618b18698a6b1ad2f57240041a71803488094a6d3d5c,user
bidder,k6_bidder_43_0,pts_c8e06a8cf70490f36adb82336266489638fa908b7b1a9b0a2f31e3de2e45ee2a,user
bidder,k6_bidder_43_1,pts_fe9f4c5f47f8734c8b8bc1a1249a7f91a07f717a62ea9a9157749414718f128d,user
bidder,k6_bidder_43_2,pts_027540f03d53b5aa3483273e516c485c737db55c658e5e8a7de7565ff2adc9cb,user
bidder,k6_bidder_43_3,pts_624ae376df03b83686773ad08351db0126c121ed5f7963bdd57d91aeff82a05b,user
bidder,k6_bidder_43_4,pts_b66fcc6fb68335a5b454e03d8727ceca4ca35df36e70fa0730ef1a489e915c6b,user
bidder,k6_bidder_43_5,pts_c844057d277225351689e77620a30a8140bc2150ae83db1ec8443fdce89d6d36,user
bidder,k6_bidder_43_6,pts_cf7d1ef0ec325763187fd71844b443a83c3ae617928690342ec22f8222e9b34b,user
bidder,k6_bidder_44,pts_e48e58ecbec2f8982a7ac17d939e974e7157f22507f97d899a779065addf645a,user
bidder,k6_bidder_44_0,pts_3f5cf51327a4418eeb3255e38799b2b7c3230d2ac3391653e21a8137362771c4,user
bidder,k6_bidder_44_1,pts_deffb6e4cfaf3f046305242649a7f3d1ee66ee53c26cd93548f52b89cd1c63e3,user
bidder,k6_bidder_44_2,pts_0fee38bdb18f15108b20b6c35a0db35a9be8d99b1a16bcc1fdd41e18b26e4ab5,user
bidder,k6_bidder_44_3,pts_81de539a2186e92862193b7f71298b6a11616a9288fd761c6bdba2eb24547486,user
bidder,k6_bidder_44_4,pts_0d2e3510aa7ea629ed1f828f2891b7d33cea99a4cf0be96782c162eba3b236bb,user
bidder,k6_bidder_44_5,pts_8f92c300efcde5ec6b29e2ac33a5917eed07ebb38950d4f723cefc45f2697b51,user
bidder,k6_bidder_44_6,pts_4f2d7b41e0fc996e886838cd1f1048a2da7ecaefe09c2f197f4955b820377568,user
bidder,k6_bidder_45,pts_f71e7dbf11edb09c269ff996dea038fd2c109b9aecb46db15da8c749d6cfd4e1,user
bidder,k6_bidder_45_0,pts_03ce0ced850866a4379df4bc41a3e3ad78320fb4a4a7d1b15be519f488cc031e,user
bidder,k6_bidder_45_1,pts_fc68a38f29e3d087f4ec98350e54b3883e38279dde71c03e98e67e0fd84aa783,user
bidder,k6_bidder_45_2,pts_f213b66b022b48aaf0c44931a24df9d92829c83740923f167c6606ca129f8010,user
bidder,k6_bidder_45_3,pts_aff4e2a1e7914f7e3aaba9df7b9cde15cda85d8942e9c8fc113a3ac780159139,user
bidder,k6_bidder_45_4,pts_2b3f2838a55d256ab97e494dd13e4613187386c6bd7dbfca3a893e8ac57047c7,user
bidder,k6_bidder_45_5,pts_7e9e0de1858b0ae3864cba91d653e75cc2ba441fb76774a3d1f53ff2f96245b5,user
bidder,k6_bidder_45_6,pts_d075c99b8fad07c15f66fead61d83cd7163d91c16e1a859363fc280184079669,user
bidder,k6_bidder_46,pts_a7751c066cfbc4405fbe268df7558f04dd59e912b96d85228c4b128db475100c,user
bidder,k6_bidder_46_0,pts_1af747a8693b9f6b024fb7a6bff991a087f5ea61d5a88c1e51786605787f4b1d,user
bidder,k6_bidder_46_1,pts_f8d27b98ad127959ebe33a5da659ec7b8dd2a1f5a3e53de060f2a929095b5d30,user
bidder,k6_bidder_46_2,pts_963de55e3b31f90785055226474f56dcd5c0d27255da4842f943645fcc595782,user
bidder,k6_bidder_46_3,pts_3a95d7cf5c2da89c8ae64f8b222ac8ad59855062c8c289ff5bf78159a7a493fb,user
bidder,k6_bidder_46_4,pts_255410e73b565cc1daf3a077d24fdc1b34f3d238bde2cb2f3521e7ab4213949b,user
bidder,k6_bidder_46_5,pts_a1177076e71ca67d6e820247f4d047956274f6ac2b6f18dd3305c92b6a50d585,user
bidder,k6_bidder_46_6,pts_28e797bc1282501bbe43c3e02721a26f220b5c603cd106f58875cb879dd725a5,user
bidder,k6_bidder_47,pts_c1772016f25a8e7150d72146b09f1e956559e79eb3f33b4553ade077aee0c8c8,user
bidder,k6_bidder_47_0,pts_1cfedc4e140eabec005f9019ff9df1b524e71e5601cdf378522d6329454bad63,user
bidder,k6_bidder_47_1,pts_b28a589f6eb49f61c312e4e207c69ea041d6eb9d0d93761a33a7e8c298b95d58,user
bidder,k6_bidder_47_2,pts_0a2861def17479cdc6b2b1be6401ec010ca641775879be00e840e4b220b17d73,user
bidder,k6_bidder_47_3,pts_8cb124493df6e192eea20cfd85e4facbf1ef7ae0ea32d4543290e669139e9ad6,user
bidder,k6_bidder_47_4,pts_ddbb0a7ec95778c76a121c2b132ed2dfb827629fc2803dabb19ca8420439631d,user
bidder,k6_bidder_47_5,pts_4c178e528538deedc2dde470d0c476ec94d21e6186f8e7f74262f355a1b89a30,user
bidder,k6_bidder_47_6,pts_ab9f782cc2d896683573319829b9ea9963c6b70c14029e1553a6a8a6c96c252c,user
bidder,k6_bidder_48,pts_31f038498d0988aa41166cac150b4254a2b2f0b287fe6b4358a972236dfa53bd,user
bidder,k6_bidder_48_0,pts_cdbbc1aca8e81eb1031f7bdb4da503924b3c5ce88bcb7308ca824d987548e729,user
bidder,k6_bidder_48_1,pts_ab1ccf2f17567b37eaf02992b2143947f3bd9bb6d96ee0064fc1f5d918bf90f7,user
bidder,k6_bidder_48_2,pts_59ecf79af4c3467fe9d9d123a817b4d9dba83019bb75291a1100d96c440fe419,user
bidder,k6_bidder_48_3,pts_e0900109b3c596fc2d9b8a552e9cbfda0f0c2d57d7d36c8652c0e8df7b34eefe,user
bidder,k6_bidder_48_4,pts_96311dd0cc6af2e88fc0da8b8d1396a3f09c51812c211720bfd655e78f47c0b6,user
bidder,k6_bidder_48_5,pts_7f36cb2364f7cc45407f80c63821f9d637b89d1010cba84333b075eb2750701b,user
bidder,k6_bidder_48_6,pts_ca679bf8f95258a919139ab53b323c48169fa5df038cd555d4867ea472a6e4e3,user
bidder,k6_bidder_49,pts_9c969dc3571a1317070e7e589bab2913ce9b5a9a3e63b19a64e943380693b598,user
bidder,k6_bidder_49_0,pts_99ce7124103036d246246adfb07e7f019f6b0edc8d833afbab1dab0709ee25ef,user
bidder,k6_bidder_49_1,pts_d9a099eca5a3fd99a7a9ce980df9bd11f7c4bedc83e68765b3accc41b559f6a0,user
bidder,k6_bidder_49_2,pts_2f9ecf2e32747e4082922d4c16556448d5273967a4707eb7c80b581675e4d8a3,user
bidder,k6_bidder_49_3,pts_3af55323bf64a185dae7886c66694d3bb4062d90e2e7bf42899769ab9c211794,user
bidder,k6_bidder_49_4,pts_aa56051c2550caaedab06902ba6f2b32d48f3a2dd635a2278d02c74fce1f5f94,user
bidder,k6_bidder_49_5,pts_6fb76b76002a0e36fa3c4c1ec0a1d23fd78563e3bba8b0063aceaa01f56b2003,user
bidder,k6_bidder_49_6,pts_1859950f028c9d459d8a6a217eb19d1e59ea78d234d040ecda9f19c40940e554,user
bidder,k6_bidder_4_0,pts_990d554a5230c948cd86b1e6c1ce161e43eb2ea53ef1a76c37e16f42b7ff1ad6,user
bidder,k6_bidder_4_1,pts_0e80a9c5f092e6879aca96e73602b756ce9cef4094948eb85f32d4b431a3b6e3,user
bidder,k6_bidder_4_2,pts_7c5970733b2ef9e3ce4ecac461bf8760e0c5245d60473af6f1e86288fa6d2d3e,user
bidder,k6_bidder_4_3,pts_8535b15827e78329026d3f568ad1aa1253d12f43a001c1a5a31b868101b4ce58,user
bidder,k6_bidder_4_4,pts_aaaa4e3e9a590b2851d98930a852b1993745fc99b670ce2556b5a1597e0c3d08,user
bidder,k6_bidder_4_5,pts_8b55c316dc3fdf606b911ce1b79097f046e35019a8f68083472ee8b6b4d99a70,user
bidder,k6_bidder_4_6,pts_c1cfd5b4d8a4216398d64e75fd7623c4f9bee90d3d49aa619d202bd279767f8f,user
bidder,k6_bidder_5,pts_7cf3a4431d096f02d5ecee3232f60984acfee7c130475c0d61ac8df27944dded,user
bidder,k6_bidder_50,pts_71b21f25bc6c50f5e7306b4ff3853e8828ec018588aace6f104f830f1bd880fb,user
bidder,k6_bidder_50_0,pts_a04c9860a4a0daff9831081cbf0c9d2fd2e7d83805e617bfbed6dbe66ba10d71,user
bidder,k6_bidder_50_1,pts_f3b042d61ce9fa1376be1d0f309a031ee7cbb032f49ab88dabada47126f2152e,user
bidder,k6_bidder_50_2,pts_90153af4360849501b1eb84a752bf39493f9dfd5aa8179df69ecd5a43da0d411,user
bidder,k6_bidder_50_3,pts_a8325b3a216f9b78f1961a34476282f35b5caddb283e08b2e402aab381d5ab18,user
bidder,k6_bidder_50_4,pts_f39838ba3f466793fe0b396c66c755e96519451134bcb297a9001330caed7163,user
bidder,k6_bidder_50_5,pts_f28ce6cb9045064ec1486b8c295eea0245e8cdec21a3044739ea29c05f146072,user
bidder,k6_bidder_50_6,pts_f88fb7c6670e70e4ae2b9af1d8c681b642092f80ac707a9e4097b42dd29b5b1c,user
bidder,k6_bidder_51,pts_b6cc8b781e84317116a62ba36dfdd9515ff88430c9b6630d32d1ea498aad216e,user
bidder,k6_bidder_51_0,pts_e969eb1ea30947bc1a1f5e805bc9a8eb7ce9d9811c05ad117fbf6b69669252b6,user
bidder,k6_bidder_51_1,pts_6e5bda2a23de43db1b004a7eef3bad58d7cfc0bec2599723f3734f8471841b56,user
bidder,k6_bidder_51_2,pts_14be1b9f7be1614bb58e1f7782c53f048da823197d576338d62fd9de0ddd8bdc,user
bidder,k6_bidder_51_3,pts_8ebd1faa518b10a631e174f01fdf315cb02b24137cd572b6a4c901aba4199253,user
bidder,k6_bidder_51_4,pts_13a8a7f77f1a26272b288bf9c48d61bc54f55e945401bc1539a39e48d8146840,user
bidder,k6_bidder_51_5,pts_5ffe291c72d9f8bb8f7a41da13768948b72da63108b0241e0232a014db68bd6a,user
bidder,k6_bidder_51_6,pts_d48f2d20ff538c98174329623f0d2fe541364425ea2d3e1c38a2e732ab46ed9c,user
bidder,k6_bidder_52,pts_10512a773eec81b2d3c09a834ef3afbdd367dd3f920edddcf45488a9b5f62e4c,user
bidder,k6_bidder_52_0,pts_ce23111ce586f8602e8c75d17e7de70e30c10487e2c39a5c095629c53495fff3,user
bidder,k6_bidder_52_1,pts_d2052c846294276645c0f56816d6036409ed30fe2c4b6400588d20292a05515f,user
bidder,k6_bidder_52_2,pts_c773e3ae8dc82eb8eb1c6b8a47c514997c55661c0e09e7bbba4936184151a721,user
bidder,k6_bidder_52_3,pts_b03c3deec8a9144bd2a37f5f1a0b82df0ed406d6f2c4f93dd36896d0c5b3a679,user
bidder,k6_bidder_52_4,pts_205d4309aef32b4dbdf8dacf9fd8d5d614c4c8dae4cdf3a4e4d738ccefa1a877,user
bidder,k6_bidder_52_5,pts_b244b7310d7bd12340bdf59ea9e6a29caf2678242a5c94bcc882cbde658ef672,user
bidder,k6_bidder_52_6,pts_53b62d5386e6bb0c64357d319e56759a38406c2f6403e574911be4d75d60f834,user
bidder,k6_bidder_53,pts_6eba37ddca0f7f038615500867277ab305331113a66c7d82a332069b9f1dfa3c,user
bidder,k6_bidder_53_0,pts_cd3c08b1db2665c43c6a692153b3c194ddb80a33a966b855011e57361ac0c170,user
bidder,k6_bidder_53_1,pts_fc58ab344128309e1afc4143f07ade8b0b15f9625eaefcd5c993d38ec2386336,user
bidder,k6_bidder_53_2,pts_984b8b90e60c143940e2b315556829040e1a33d2b436ed23e0a90dbf424ddb5c,user
bidder,k6_bidder_53_3,pts_74ee3ec4980872e52d83017eeb28a4f797233218d4f666c2495341ef7305fde6,user
bidder,k6_bidder_53_4,pts_f60ea6db85350e22dd96a75be8ccda3086cda1af549d19adc711aded3e4943ec,user
bidder,k6_bidder_53_5,pts_2b739ea50db38984341b13194bbdd577716ed49e1a145f865a6fc5068178280b,user
bidder,k6_bidder_53_6,pts_289b94f03e517632143ba91b6f0cc9307169a3954081acdf85836dd0b8c680af,user
bidder,k6_bidder_54,pts_f8130ec9ffac3e0b1cbcdd509b708f4f1fe10f1c53f337801f1f597ce1ab0eea,user
bidder,k6_bidder_54_0,pts_fdec3a0a796a3c90333e2f86fb84ffdb348b433c78a0c1927ffe884ca0973fbc,user
bidder,k6_bidder_54_1,pts_d76da073ff507ed4c1c140ad6751d8ee3b80dc53b6f9726729cbb99ee2448450,user
bidder,k6_bidder_54_2,pts_dc8e293a46b7d2edd0d387dabf8675a87b00eef2ccb039a62102aceae84935c5,user
bidder,k6_bidder_54_3,pts_bb0cce81c7c75e5b54cd6a9e6f2171391419cbb27f6610f8a7b60c528e1156af,user
bidder,k6_bidder_54_4,pts_2c391a54c9a2a03307e6f469f748e76023ef0515ccf9d665e3a7d2e4c7bfef7c,user
bidder,k6_bidder_54_5,pts_320a0c066cfb4756df1ac0356583e271699657886ba2c83228540a29fff79aae,user
bidder,k6_bidder_54_6,pts_7045f5cc0d169fe0297749e8ad01b44aa0386dcbd736b2dea785f753a8b6dc97,user
bidder,k6_bidder_55,pts_a5c4aaa4765c2112bc9c0708b53e59f26e4b3d9d2864210d501beec2b5e8ca20,user
bidder,k6_bidder_55_0,pts_0cd404b6d212bfbc8939a49df642528a0f1f29d4947401c257904497bf1764f3,user
bidder,k6_bidder_55_1,pts_682a7b28d32c7920adf0541c0a927b6c6639ff28ec48411cc64686cf39d08f97,user
bidder,k6_bidder_55_2,pts_5134de62730a0c90e37410259512455cdeaed1ace4328f4e32fba418ac870b52,user
bidder,k6_bidder_55_3,pts_ea79fc2a5209bd90401bb2d2d57be1bb0641068d12583e5cb222bde6f87bbab8,user
bidder,k6_bidder_55_4,pts_f165cd34d8a1fe37ad42db73a0eab7c378fb14575f3557ffaac4126463471397,user
bidder,k6_bidder_55_5,pts_39cc16b7f335f4558eee2a4d8264adc62d48b1e90cf4ec772a1b0a2f67bca49e,user
bidder,k6_bidder_55_6,pts_164557b029ba24adb9b715c4bde845b6afb8c7d1079fb4f05f3cac7bdc495388,user
bidder,k6_bidder_56,pts_16e6370d2a31f68f9ee59e719da819d9e218587bc9b45ed1d055a48d502738fd,user
bidder,k6_bidder_56_0,pts_05f8bb48b93f9f94775435bedc1de41b313a5bce991414aaa973fd1eca991327,user
bidder,k6_bidder_56_1,pts_6c59bef4fcc0549acf9b21663c19d5f0ce382f83aafa542c93e099099309a3cc,user
bidder,k6_bidder_56_2,pts_1c608cc62ce44e95d49e236ffcb41f6a8a68162a705d22394a91b3aa872cc146,user
bidder,k6_bidder_56_3,pts_f50dbd00ad234d3e08e09023e3e0d0627a8fcd184e1ee8ce7d41c0145a8a459a,user
bidder,k6_bidder_56_4,pts_a212a420d496b75ba5c568025b51fee616847c310da09a977573a10a892d2bd0,user
bidder,k6_bidder_56_5,pts_6ad706189bfad20236441edf4137911bf1f5dab5b29260702f3ce63e4d5e6a12,user
bidder,k6_bidder_56_6,pts_6e97dcc248189e5f3fecff8d5a5de51dad0dc73edade51deaf2d8f9f37b95c0e,user
bidder,k6_bidder_57,pts_bbbba451dd0c2efb767b2c1b29d18eababd73418e8dda4e7a388653a9f94cb36,user
bidder,k6_bidder_57_0,pts_f8e90eb0fe18138e7c47bc4ae8e85f2ba63d73d84f47938d784d0bfaaedb387b,user
bidder,k6_bidder_57_1,pts_f82fbe56e1f078417103a323e11bbae81b6150cd114c0828625be4087f42c8f5,user
bidder,k6_bidder_57_2,pts_933f95a49e38a4c4724980fc2278814c0d29fe32025a0381b4beb03b70267c87,user
bidder,k6_bidder_57_3,pts_18e5c4d3e272de8a87624bdb6023d45d4abe89cde63a09ae7cff307e79c10ccd,user
bidder,k6_bidder_57_4,pts_105aa3583d48a4e9fe3c9c2a047f2b711e7fe72c9c22406f779f9d0afc65c1ba,user
bidder,k6_bidder_57_5,pts_87e73dd5764030419e04f5eb161aea078deef47981d5e085d29e470bef71cdea,user
bidder,k6_bidder_57_6,pts_859ba66497efb989499111d914b4df63cf2a3c420a944f1729da9eba444fd184,user
bidder,k6_bidder_58,pts_c066d8b75b994431c66779d2451800cede730c30fec80f640d0a1e4d05db1937,user
bidder,k6_bidder_58_0,pts_bd5d646fe26f15090e59b277b536d1c981378d98e7a768401f8402b929dfa653,user
bidder,k6_bidder_58_1,pts_40924ab6ce7905b2b0ec0ce543b1b89a3c5a02b98f2ee89b55e6288c87e993d0,user
bidder,k6_bidder_58_2,pts_9ee9d0fb62eeb9c563e0b0cfae8c30d391206334c8c164b341dbcd2f984c4acc,user
bidder,k6_bidder_58_3,pts_ed8b50c434d234bc0614b3e3bb85f0f58d77ff8aaa55e1b1f87effdb0a6e0df2,user
bidder,k6_bidder_58_4,pts_88a756bbe91bdb61903abadb39b28396a601c6d5c6e7b23440047ebc010dbddc,user
bidder,k6_bidder_58_5,pts_dd0973de96793a47c52bc6749c79b0e85c79e60a8b6239e513dfa6283d73d724,user
bidder,k6_bidder_58_6,pts_390633831b6ce07b321480ba5dfbca54db9212bd6fb37b629803f81e5eb44ec2,user
bidder,k6_bidder_59,pts_d99b235942e30f7b0678c32d294efb3aee4bee661288a6c74bc38dd6442db11e,user
bidder,k6_bidder_59_0,pts_51d5e3c79a302a6e7ba77787876dfe095d2c0a5788daafa4e2a13105a147efc7,user
bidder,k6_bidder_59_1,pts_c7b905d000d67742ed4c99a6d7b1638e52bec5157bcb5d799affa2bf389d87e2,user
bidder,k6_bidder_59_2,pts_289982f303e17863441394141a8b8289266bede554ba6ca85a5372448ca1563e,user
bidder,k6_bidder_59_3,pts_99450360ac308cbe5132a4b1ceda6cb45eafab05ce403d5ecef09b18881ce50f,user
bidder,k6_bidder_59_4,pts_d00a464537e4aa2d773a3cdec44673e7b39bc0178ff156edbc462bd581925d3f,user
bidder,k6_bidder_59_5,pts_3ee76d5e1d8f6c34ddfbce6384ed751c36e5777e5c43f495a5e87ff12a6231a4,user
bidder,k6_bidder_59_6,pts_d33ab6c1bc3db8ef065eb58943a6aab537adec26e366561b84111b115da13d1b,user
bidder,k6_bidder_5_0,pts_6d06dd702e73aa43ecd28294d6c496e06c3e3df76be3cd15bf8b18a34c221776,user
bidder,k6_bidder_5_1,pts_418dd6f01c715c4ccde31de2f01a4f9f1d3be100281868c1385042c4adc2fd72,user
bidder,k6_bidder_5_2,pts_df192c3ff35a66995949190e5cf065d7871a34cb9ae22243c754d5361fe2c13f,user
bidder,k6_bidder_5_3,pts_2d8b4b9e5aa05d9fc0c10c32a97689f778a97e28eaa9e1a9324474212a51a67e,user
bidder,k6_bidder_5_4,pts_7a609ef345ef2181ecd9937293524c07269c12c5ce510a0a69ec1d5b5bbc4d98,user
bidder,k6_bidder_5_5,pts_ab97ee91acf3996a7dc35ffcefbe2281338dfe5d0fe4eaae27a2cbbc55716741,user
bidder,k6_bidder_5_6,pts_bde50dad6555c345c85333d6f8314954ed8f72369030ce459925c642f6195bb5,user
bidder,k6_bidder_6,pts_dc1f90cd8a6e4f6a4ae3ed55bed10c8a568159a0f8f44385175969bbb32ef6d1,user
bidder,k6_bidder_60,pts_c264c31d1b4430d7ac49faa5088835bb1678d4dbec9bc6b8c2830abebcdea49e,user
bidder,k6_bidder_60_0,pts_1af96b783d7bcb6997b18e22624e40dd7022a98665d52862173771f534e37965,user
bidder,k6_bidder_60_1,pts_5b92320dfec9e595b916526fc0062e9cdd5a34e568c1299e85545e31a246ce6f,user
bidder,k6_bidder_60_2,pts_c7d0c7ba5d3a19a903643e39d8ee82d799732071a57318258c3d890f1aa45a7c,user
bidder,k6_bidder_60_3,pts_bd04db4e5c164304ad083c67157c81359433c64536519d61d62d28b0cdabdc64,user
bidder,k6_bidder_60_4,pts_253242f1a17aba935a167c6d129651e160b878a05252098b5c3c2bfe5fb834ac,user
bidder,k6_bidder_60_5,pts_47df85a7c5bda2d671ab7cdbf0ee6cd934c7da6d2f03a7a5e1067333227ca957,user
bidder,k6_bidder_60_6,pts_7a4bc603934af6806abc99166ee1b44b0cfba28b9e6d79299f837993a312f98a,user
bidder,k6_bidder_61,pts_19b447e65c99ace07f64bcd18b535ed2696b329e2811fe204ba61620633dc039,user
bidder,k6_bidder_61_0,pts_774a7b24a713113bed7c98a941e8e17951759f6bb54e1ab3556083b55a7acc75,user
bidder,k6_bidder_61_1,pts_83057781c707e9e4163e8b0200f141d731f736d49d40951077ee45a8730b8f6c,user
bidder,k6_bidder_61_2,pts_3271d442049ac3bb261ff4af1ca845e54d36912cf6354f4455ae215d43e52515,user
bidder,k6_bidder_61_3,pts_39070fefe305b44358c8ebfa1dffc613e5f1a24436925860aa2890e7e7839b85,user
bidder,k6_bidder_61_4,pts_f380bce880219f7617affb4d6465db09f7a3d8386dd41d507b3e553138e32170,user
bidder,k6_bidder_61_5,pts_fa0b19c6b09424795861cbb9aefa2182539a947b370a2706459ec42f1afdee91,user
bidder,k6_bidder_61_6,pts_5962cc4b42e2ca2941744c172a9811ec4f6c7f82ca7c54ea26a798b467922a16,user
bidder,k6_bidder_62,pts_0daf787eb0b3433d42046bc0948ab4ede5a0b049cfed09276aefbaf98274c428,user
bidder,k6_bidder_62_0,pts_a4b47e9caf975cc42147975bb0be49427e996c9898e6b943f696b14a52b1c513,user
bidder,k6_bidder_62_1,pts_45f0930789df227ab9184f4b8da486b9b8e59fc514fb175728f6dad0ef66e491,user
bidder,k6_bidder_62_2,pts_d1f7898813c35b9e43472e7e8e50b48d0c88375e0e55ffb286c3db9e945cdb36,user
bidder,k6_bidder_62_3,pts_d667714710a13fec65f0bc372842132a74296fb8de0c3c16b55c84c6e7ff0bcf,user
bidder,k6_bidder_62_4,pts_14064152f6d957862dd32283ac1864d0a157289916bda4717bc8a137d722b75a,user
bidder,k6_bidder_62_5,pts_dcecc47ffb9e9668af58c8c3ef96a1b3bdaac5f840f2aa9837913d1baef3b4fc,user
bidder,k6_bidder_62_6,pts_58bf0fa5a6d9e70c4e8ee2dfb6eff53aea83a457abc67aa7f239c36caa2681d5,user
bidder,k6_bidder_63,pts_716ce8b1ffdce68f4b41f352babaa2f6de266f592d9cec41e7ac7a7960590439,user
bidder,k6_bidder_63_0,pts_7a4e839324c7d0a956a2552800548ff1c72878bf42d005508c52c221b73a1681,user
bidder,k6_bidder_63_1,pts_6275d69790d63f1d8cb35cc938c2c34bc15d483eb6efaf6d8ab588893e538128,user
bidder,k6_bidder_63_2,pts_e31fc55c3cd7acd5e1b5c6d632b683740275eb005777c4bbfecc57b7850b6aa3,user
bidder,k6_bidder_63_3,pts_a7102ed9c6808b52c2745c4b5e9b33afbb6f74b9dd9f5b61b58bc0c393f8da47,user
bidder,k6_bidder_63_4,pts_ceb1ce3d95253d02c203adc0863996fe78540e77fce780400ec158e53d56eaf0,user
bidder,k6_bidder_63_5,pts_2508418978062c71c7591a51aebd1b6f616d1571e9f809a2f2b6d76935c00170,user
bidder,k6_bidder_63_6,pts_205f7377adce208e988fcf1f7c78031ada991ac295306c0a09976b96c469faf9,user
bidder,k6_bidder_64,pts_7819dbc07659d629e5e793e183ff1855ef5600c517728fa9fc0f79034bff1096,user
bidder,k6_bidder_64_0,pts_907e6181595d1efeba50ce9cd52e1c2e5d7c4ad69964d9695925aa8e307a67bf,user
bidder,k6_bidder_64_1,pts_ba9bac796b9c0d6c01709c12312c7ee88e36571539922a9e770f946208deb2b9,user
bidder,k6_bidder_64_2,pts_4c1c39d97f4a90b6d1c8f373244fa476e2ebe887ce1302b2e93a714246af48e7,user
bidder,k6_bidder_64_3,pts_29b33f5965019b87a713316aa630e2f0eda7f001cfe84da4e6ac2618c6d7bbd8,user
bidder,k6_bidder_64_4,pts_915cbea4a1b359d04774f3632e8ad792a259b531119d284fe83a941c049f71b9,user
bidder,k6_bidder_64_5,pts_01a1da082acc86a5f5fcc21c995facaa7cdceb16d972f786469dc12e97f3fbcf,user
bidder,k6_bidder_64_6,pts_f9691640df4f63075d268f36b253fd0bcc33d1d9b9b9813e107b2d5efb7ba677,user
bidder,k6_bidder_65,pts_6130694ee6734ba49fdb9cc795dd47147082cd3e7964674b8e55758769245f5e,user
bidder,k6_bidder_65_0,pts_430dcac294b30fb71c8293f75ebd1fabb3ef698437f5e24cbcd5d5cfd3d62a87,user
bidder,k6_bidder_65_1,pts_ff4a5318c6d0da818243a788049b9266d4691a5cb3be407d244b0c53caf67554,user
bidder,k6_bidder_65_2,pts_c47233677e0a81ec38375d58ef16eda5a117929e363edaffcb777ed398dd9755,user
bidder,k6_bidder_65_3,pts_48f907df22d0aa688bc7d7f52aa9536a75e23de3b5356adca8b0fba9ef8cda5e,user
bidder,k6_bidder_65_4,pts_0afab94a5219e21e2f9df5d7cd158f7b12058aae9f79bb2365126afed34d0244,user
bidder,k6_bidder_65_5,pts_bdc4e8bd643b66f18eef0d4c56eb28f258e5247d9dab4c02076cb1fdfd771763,user
bidder,k6_bidder_65_6,pts_5a01c526beff48d6a09205669d6152a140ea00baa48b2c9a3ecbc5f6c53c31e5,user
bidder,k6_bidder_66,pts_0530a7c01af749f901bc06b32673236f65e91a17e623d0183c80c03eae2136a6,user
bidder,k6_bidder_66_0,pts_5d3bc127f4c5cb984adae3c5051046e7cdc3658686213951ab8e005fb1a6c3c3,user
bidder,k6_bidder_66_1,pts_9da047a1b656fbca0f25e2f290df96b82e7781a39ef658748e6bd6ccaec482ca,user
bidder,k6_bidder_66_2,pts_8f5ae22b86932d6ce1bdf55153e38f68765d00dd7c457fcc373ab0419fd35063,user
bidder,k6_bidder_66_3,pts_7f26b9c6bf23b170fcd68def09ac76a7ee0bcac2c19fee75d8fd10a606f65c2c,user
bidder,k6_bidder_66_4,pts_3e2a1c1bd844230999261c532887dd533c30f1341abc8a9017fdf1cf2374e0e2,user
bidder,k6_bidder_66_5,pts_50f81c5c71d2f75a780ea5d7fea0999494dc2085449e8a322b15da2bb87de7b0,user
bidder,k6_bidder_66_6,pts_5c8bf327507907084b55e94fd21a9e6cdd0cba73a2982d90fb0743dc938aa727,user
bidder,k6_bidder_67,pts_8b6a4bb29d3333a3ae6e726f72289b7a37c0f06f5fc9f1c02004f31099d283b7,user
bidder,k6_bidder_67_0,pts_d84389445e0003786a3b46e189ba8ca674e1a2ef025158976fbb016f754e7542,user
bidder,k6_bidder_67_1,pts_8b6a2fde4de14607ad513460d0bd5a1bbedf8b48456bb9b72db202b3d64d43e6,user
bidder,k6_bidder_67_2,pts_1b6b57a305c28c7a7e50523447c2c2c349bcd0508b62daa718059526e33c7edb,user
bidder,k6_bidder_67_3,pts_e69f789ff73bc3665cfeca79fdc8b332a7c8c9d11fe1708ebd8a47befd6484bc,user
bidder,k6_bidder_67_4,pts_b7bf032332095469db56182284be8a3a62c25239ac57f767ef2f88eb6113362a,user
bidder,k6_bidder_67_5,pts_7d34a3f164be23bfb165c9298ea5844b18fcda27d1e4a2009dec3a5b55eda8bb,user
bidder,k6_bidder_67_6,pts_d23e49cbbb6b44ac97088c0f72b6d3571bc83a318f02c24f12f6173073d87bcd,user
bidder,k6_bidder_68,pts_c92633fcdd77aeeba1ca98ba7ccf4f3e7715b9ddf11a0c8760b3d7fc4f4b5986,user
bidder,k6_bidder_68_0,pts_4db35687f64a7d3d5c4241a48fa409b52aa0df42e517919a51aa9819fb4c40ad,user
bidder,k6_bidder_68_1,pts_089bce07fc5c6b79047fc90cd82cd16dd41038a4674ce2d1ae1decf31302a6c8,user
bidder,k6_bidder_68_2,pts_5ab1f4aed813edb0821a5bde089fbeada18d3a23a43181f800b99e0bb735ab84,user
bidder,k6_bidder_68_3,pts_7ec3b5066b18dcfc770a9cdeeb5bd7fb12cc83f6672fbcc5a702a27398d2e3c6,user
bidder,k6_bidder_68_4,pts_03104664e13a72749102032778505d65e276a1be30009bd60924a5f4499faf40,user
bidder,k6_bidder_68_5,pts_bbf41107331a0abe03fc416eb32da8086a6c78be1fae5bd74a58db1df6ce1d86,user
bidder,k6_bidder_68_6,pts_d045eb97338f047e1438bbb11b0ea52c3cae2f656ebabe98d3278cc036d40453,user
bidder,k6_bidder_69,pts_d2ac8a34bfeb331dffb01c2f63804effe8242462bdcc60981a9d6ca3e6d3fd9d,user
bidder,k6_bidder_69_0,pts_09eb81336806cecb07de7310a45b46a19de8c2ff1d6f1afa6f176a4e319f6673,user
bidder,k6_bidder_69_1,pts_af2696c1fc80f9fe1284e268c6088b91009c73de0b5c7e0535d166c95ee4b85a,user
bidder,k6_bidder_69_2,pts_c7f240f9d48b8a23f9aa74bd386ab1d0a296053806fa12dcff789e05699e65eb,user
bidder,k6_bidder_69_3,pts_304bcc4b911639bc374f178902920f28653d917c56763576eacedde87902424a,user
bidder,k6_bidder_69_4,pts_f00fd6380f0b3ae31f38eadae12de69063a6c23d9605dabb537acabbf763e00b,user
bidder,k6_bidder_69_5,pts_58736bc0401c20a6a31dbfefb938c5f2c15e6bce92ef0a0e7006e34341e87a24,user
bidder,k6_bidder_69_6,pts_1f45752ac118a145629df1e65e838bd80c895e6e60e3529de0e30293d7832dab,user
bidder,k6_bidder_6_0,pts_78c68e3f25ed7364da3049f114ffbdcd4e5a35cc1b496742278fa653b832f66a,user
bidder,k6_bidder_6_1,pts_71592941c9c8200ad7f47f7599072be41f5ac9776dad507f3f078ad54d7f9b57,user
bidder,k6_bidder_6_2,pts_48228919df4ff88be2d1e6e04dece10a6b66de888e4622ac0b4a74d81194de70,user
bidder,k6_bidder_6_3,pts_8ef54b09553680dedca3e5f977cc15686aa42f95ec1cf54c15cd653f79807559,user
bidder,k6_bidder_6_4,pts_3b74c3ddfb5fa0df357670a2b32fdb01cf96adf32e19c7bea6665e36e05583d0,user
bidder,k6_bidder_6_5,pts_da1ece8e1fbe7a7864dbd6e32178d6d1e05277d2850b3208f28517d92815bf8b,user
bidder,k6_bidder_6_6,pts_e5788009940e560e0b72f8c6b5cacd22577830598d29b8474eaa5a958b98c133,user
bidder,k6_bidder_7,pts_089e8c4c5ec7125726d6d5299951035673a152b9cf2ee76301de451afe755e54,user
bidder,k6_bidder_70,pts_010fbefe02e071a3a799e69f8bba5f1be0924f5d742f500a00ca50fc5c7c3ab6,user
bidder,k6_bidder_70_0,pts_046963d9a6fa85328f43b3606d848f8ba0ed127f22f26cfdbb0637de6b9fb1ab,user
bidder,k6_bidder_70_1,pts_671f633e9a831050b07e294e80e5f0d64c0ced867aa4491890313f19c81ccdb7,user
bidder,k6_bidder_70_2,pts_a382ef4448c3c64fbc3e7bf8724a45b9657530102a30e2517c7b7a2d3ed2a4b3,user
bidder,k6_bidder_70_3,pts_d7034a6193656a861251b8585457efaa78308d1f3a9dbb66a7760de5bf3c7cb8,user
bidder,k6_bidder_70_4,pts_904cd269266dce0fdee6e3655bf19c99f4e91dd15876759a2bd64ad2e3e84d92,user
bidder,k6_bidder_70_5,pts_5ff67a9fd8affaf5f3a455d48e51f9c3668455a21c28fad034192b77d1bfcfdc,user
bidder,k6_bidder_70_6,pts_30b8d81db92c4a1aa4f415d2fd9565b1731065d74a8da7f53b5f1696849b4ff9,user
bidder,k6_bidder_71,pts_c6a3469ad4ccf715616dda31fe350e1e3fb4b7aa392ba39d6be778881772e768,user
bidder,k6_bidder_71_0,pts_d1e3d48adce8450c8aa2b69ec889db14207e30ba6cbea722abe887c72c4ebc94,user
bidder,k6_bidder_71_1,pts_b14d00b45419deab29c6fd3faa7a97da5692a7c16fec292036757724bf44c528,user
bidder,k6_bidder_71_2,pts_576817da5dd1a901f4f125e1d37bced746d090a29998c9e9c7b453a405c79ade,user
bidder,k6_bidder_71_3,pts_883f7909e769cf60bfe6e17499e1ae60af477a115147939dc64ea2693c7e1b07,user
bidder,k6_bidder_71_4,pts_b28e09cec33c418f263f4cfe9ca5fb158ac540735778141fcff93e4b5f7add52,user
bidder,k6_bidder_71_5,pts_9a4d1634c09861bb5c1df6fe4884fe8cfdff23cf3569f571e801b656ee19e47c,user
bidder,k6_bidder_71_6,pts_802938032dec9b83220b6c0f1834d0727c55454177c793c1422d5f4e5af4c834,user
bidder,k6_bidder_72,pts_f3321410854acfb06477df55f0507f9d1e30780e70edc0d797e4c90e799db10e,user
bidder,k6_bidder_72_0,pts_d30013d7879ca772c9f4a6a2144c680afd5bbcbe314648ebc10c681fa034f44e,user
bidder,k6_bidder_72_1,pts_dcadc3a7632ebaca53277eaa070bb70ab0171b840f389c04bb19823f4cb061fa,user
bidder,k6_bidder_72_2,pts_022c21f558f5cfdf01a800ec6934d43f95c3141fbe1cc03b7d5dd8a580d78efe,user
bidder,k6_bidder_72_3,pts_c0829f3d07ad88db2610f6db9de06c9233160073112fc4126371e04f5d3bc187,user
bidder,k6_bidder_72_4,pts_03af239f37b1cd7df3ec49b0f7a1f5a9845531c5377758e98971eadcbf9693b3,user
bidder,k6_bidder_72_5,pts_e6ef727ffb628a0fbea83159e8b86bd3ee925a239dc2e959c97648c9eec56ef5,user
bidder,k6_bidder_72_6,pts_37318ccdb28704844e848302aa125d4e9c59c3cbdb0c769babc674976eefd7fb,user
bidder,k6_bidder_73,pts_74e1741ad76b13defe09a7e5478c699df8f83f765d82adc8edc9ea841fa9632d,user
bidder,k6_bidder_73_0,pts_eb778f1723d29300bb7f75efc9810e699eb9f7a9f2add20fbf9139b6002c18ce,user
bidder,k6_bidder_73_1,pts_4849f5781cabc239a9c2a4fda5caf2949d9f78560959ae68ab9521f56f31970a,user
bidder,k6_bidder_73_2,pts_49662c7ace3228b957c899df1fe9989f1cdc4b7e07d81a53dcc1f37f4ab2896c,user
bidder,k6_bidder_73_3,pts_cf10d72cc960e435511148913ad2c5022efdd66787371be0f928c2ba63e9ec8f,user
bidder,k6_bidder_73_4,pts_fb954237a8e4a5b121f412f3de256bc59366cd36e637f83b9430d19bd157a7d5,user
bidder,k6_bidder_73_5,pts_897a2a22bc4969598520cb8eaec81b17bd0f2e742cad1eb5f742e2ea56e695a1,user
bidder,k6_bidder_73_6,pts_f4416b905477665116e46dad3c4d9e16be12fcdd367d3c055a35546e94de2cfe,user
bidder,k6_bidder_74,pts_1b9d2554a34b828c27f2aaa642e321a61197067d3653245f9d8d5891430e8928,user
bidder,k6_bidder_74_0,pts_abb85d4c948f7d8e2fe111bd1506fe26255812ab7560184b0ec41845d51a8788,user
bidder,k6_bidder_74_1,pts_a22cbbbde397d3b34fdb874d9894c0622aeac0cfa8d9a76aa275adce2cdfc06f,user
bidder,k6_bidder_74_2,pts_13e57c66206c3818d7a3d3152afbf770fe669a96ff8eae1ce8949d4ccd06285e,user
bidder,k6_bidder_74_3,pts_0987366a11fbdf4793bd2639d2f3e25ca805a5c92d257f5b80b1bfc356131a1b,user
bidder,k6_bidder_74_4,pts_fb76674864c86b278aac4527ce934010fa547f57b4723f46bf8f86bd1eb6d186,user
bidder,k6_bidder_74_5,pts_40ae090b9a9d5842cee4d3848404c5c9cc334b2d1227565686f3484213772d1d,user
bidder,k6_bidder_74_6,pts_328d48b7165b074851823920f5d4c853a6de5c1aa8a79442b2296638c71e15a4,user
bidder,k6_bidder_75,pts_5f7ea931f057fc0d3c7a56b82f20578e95d23b6323b0ea00e9abd9474e124fa6,user
bidder,k6_bidder_75_0,pts_2b92bfbcbc3934e348d044aa8a387ed0a9cd7ce8562f5141bd0e775f975a924e,user
bidder,k6_bidder_75_1,pts_c07631ae31e6a789b704f33dadc724201a795393063827b83e62b9fe4339beb2,user
bidder,k6_bidder_75_2,pts_45323c96d1de4c47a22d29c20945ae88a2d0c16ba683021eb5846158a5528185,user
bidder,k6_bidder_75_3,pts_9a1222b7c37f73005d4bfe6757bad220daa65943475178176c3bfb8d54d051ab,user
bidder,k6_bidder_75_4,pts_674fc018a14cf35acc87fb67011e9725b09287988548b259cb49eb4f88f2f511,user
bidder,k6_bidder_75_5,pts_7aa085582f52ef62717d12636384ed7d2f114e9312d51316b25158eb1496a22a,user
bidder,k6_bidder_75_6,pts_5fad0568ab177495156fb78134a09866cce2652800fc3b69d7613983d1113312,user
bidder,k6_bidder_76,pts_8660dd8691237d37d4a0c69b459eb467dfaa4b629ed8237483c90c62fe43beb2,user
bidder,k6_bidder_76_0,pts_efe392d671e920990c54f67c2a05422ca4f6ab0bf5e135a413fcc9f9d75f4e8d,user
bidder,k6_bidder_76_1,pts_6464b56653c4649c2be754f64d78bfdc17e05ea93a3da7d997770332ff380079,user
bidder,k6_bidder_76_2,pts_9ef028a535cecf06c47e0279b9d58a440b0d103aaf268842b7f2bd5b50eafe15,user
bidder,k6_bidder_76_3,pts_faaf4d7c4bfd8cf2e0972ea5629de385496fd1e515fd7a6b6e65165669e58120,user
bidder,k6_bidder_76_4,pts_b8cf6a93a97f3748fd527f0b5b29fec93bc0f3029afce252c08cc349fbb1cf77,user
bidder,k6_bidder_76_5,pts_380bc6f21cf0fa151d43b05f51c23b0d0d8c51b847ed2a96757f04d33436a7b6,user
bidder,k6_bidder_76_6,pts_540ea4b3fc68a1fc61b82e8d6d19179dbe999c66073ead8d5ca04ccd846de038,user
bidder,k6_bidder_77,pts_d05e33f4675962e458551aea75086bb44c903cd4324bde23a7c40e9a50c3d695,user
bidder,k6_bidder_77_0,pts_44c719f4f8672d07c68478ff7e4216dfa50b4ffa67144ad47ec27b384d0c35ae,user
bidder,k6_bidder_77_1,pts_75e1d6af692b5f643873aeb7f4a14fba172d4ad4ec17ed5a2f8bcf49723ab03e,user
bidder,k6_bidder_77_2,pts_e2160211b139a8160503e3dcfa4a8a0206dc311a3157eae2abd29e235cf84761,user
bidder,k6_bidder_77_3,pts_a668c38873202fd8efb7608974ccd28b183f70ac7517bec683adb80c9b614f2d,user
bidder,k6_bidder_77_4,pts_093ac0d35b7abbd8ccccab527b2f237e8c2d11344bfe497b68a2dcf3d5a894c7,user
bidder,k6_bidder_77_5,pts_52cab406221c20043f1a202581fece15ea57097308d1cb3a3501d176e11616e8,user
bidder,k6_bidder_77_6,pts_0497bfce9e93230236547d285786e750727d136ae168835b31e5a4ac9fe7a3f8,user
bidder,k6_bidder_78,pts_918cd0f3d0bf731520e0c058e82e9a8a6a34c182487eead1d5ef193ef3f03360,user
bidder,k6_bidder_78_0,pts_689109d7147d2aedffdf84401df262ad987e7e56ac2be03885af5a694b423cda,user
bidder,k6_bidder_78_1,pts_099c2f8585c21fccaa4fcc53e1f3aebb241d6e976e4d53473daf2eaf50b7e79f,user
bidder,k6_bidder_78_2,pts_482f5c003c4cdb6e5b65afe02fb2afada5acb030a82165ffee493083b20950df,user
bidder,k6_bidder_78_3,pts_619b2a94ae27558bf35b0d905fd0599b01d27e58cb29435ab0d8cad188a38c05,user
bidder,k6_bidder_78_4,pts_e6cd19da946211753a102d041d3d44ba8eb8d3d1505bb9b61370dad30f4d0a7b,user
bidder,k6_bidder_78_5,pts_be6f6123bace7855a94407f027b6c19c038706a1ded59cb18b21778124fc1597,user
bidder,k6_bidder_78_6,pts_10a103e859cda6f4bc6f7dd8c097215294f1190c751a4d19be3b0786de314d96,user
bidder,k6_bidder_79,pts_dd3b9da8557ba15b2f1f817645aa3a61390fbdec1188af18a3c48a19f716b368,user
bidder,k6_bidder_79_0,pts_80901b51ef64fed9bab0ca80ed6e10ca6468ac69808aaa036f51bc696ff38a71,user
bidder,k6_bidder_79_1,pts_00cd3976250e1e9ced888980b6a66a5d44da85fe75bac04ed7d5c398b4aed4a2,user
bidder,k6_bidder_79_2,pts_c5c8e3d21dcaf149b27dda0ef6243a5b95b3713a017e4f0e90daef2c4229de0e,user
bidder,k6_bidder_79_3,pts_1f2d33e944af53c95c42acf686137470e206572291eb0a36012d2d21d5016c14,user
bidder,k6_bidder_79_4,pts_6fc7813b1e8ceff8668d47d6ff8acad1f7a3864693f34c4f182088226e3c5f9f,user
bidder,k6_bidder_79_5,pts_6caf623e0d8b61587dc74a38450bdf31e7a98deecad1fcf4597ca4de95739aca,user
bidder,k6_bidder_79_6,pts_506df4107a2b52a42164ec125a6580eb35a38feb36f20f97c72bf915a740e6bf,user
bidder,k6_bidder_7_0,pts_4ce715973be9cad12fdfe361ba5005020b2646b6a6130920268be651f898caa8,user
bidder,k6_bidder_7_1,pts_be2e3310f4a7883bd24aebc525155e257960f410071811a8d05d82441ede13f5,user
bidder,k6_bidder_7_2,pts_89f4749e07707e7884dce5f27c0a53cd7749f3b234d560192d32e7666027c110,user
bidder,k6_bidder_7_3,pts_152baab742d85805e084671555e95d3529ea9747a794e4d0895f59845660208e,user
bidder,k6_bidder_7_4,pts_db7c173e13f550ef1ce49aae9d3b44c37a15bbb99b0987833932b79cfc832d05,user
bidder,k6_bidder_7_5,pts_15552fec0cbe5cd42b1a4fb241164fcc0d913dff3b300f944dc20d1fbf16f707,user
bidder,k6_bidder_7_6,pts_d93e5c2989531a5acf605b4c7345b1ce16de05a8664e36503aa3adaf71b8e685,user
bidder,k6_bidder_8,pts_b3ade1fb7e1fa3bc167a4589e791abd264d6afe8b58c54a748c97086f29180aa,user
bidder,k6_bidder_80,pts_152020e15cb6f1408b6bfb43b9446a8844791a1e117112635aab67a6cb1f7871,user
bidder,k6_bidder_80_0,pts_3a5ab189d65da6521e8be486c5ec3a783e68d997f10a4deefb4d0198e2e260f0,user
bidder,k6_bidder_80_1,pts_c324a4df44ac0149f56a4b80435b35837b751d851fa40be34eda7d8b51510cd6,user
bidder,k6_bidder_80_2,pts_6e91dfd331d48ebed7ee8b29985fc58d5228ae4368f51d67c635bc2ca52da28d,user
bidder,k6_bidder_80_3,pts_acc792746e9f468aeb568bf99798bc0ee5e4f2c408c7188de72c72a1e88c987b,user
bidder,k6_bidder_80_4,pts_be3e1237e56c19d8ff7d2aa0e461fb29f0b64e07fd6e9fa85ba50191d7862b82,user
bidder,k6_bidder_80_5,pts_b4beee48fb557f8ce9044e3afcf847d006d9a3bf39cf17adc353159aaa18690b,user
bidder,k6_bidder_80_6,pts_d7958751fba688c2dddf66cb5c6feaeb5f7db8fb881768714e167be218c30e68,user
bidder,k6_bidder_81,pts_b99a542905d3d13a8f8d026a5d3034ab848fa0622431d30ca34acd1b36eac5f1,user
bidder,k6_bidder_81_0,pts_c12a9016f71404e308c1c4b653f3aabdb2adeb3c0cd42d0c92ee6ab7af5b3e1d,user
bidder,k6_bidder_81_1,pts_19eb2e7b2fdd38ca1da19f5dc8812361011b85ed09e1254627a641b3eba5b79d,user
bidder,k6_bidder_81_2,pts_9de822c0904a99b28653e3417ea098353d1f68ed266602b7787c8597f128298b,user
bidder,k6_bidder_81_3,pts_b0e7d6be8857b154d7e965cdfae347ceb70a64ede1b1f6a70a7c44088452dab2,user
bidder,k6_bidder_81_4,pts_1a93a57856a3ccc3da82b8c251869b63b977119be3c8f86f1cb35fee642f707a,user
bidder,k6_bidder_81_5,pts_d5589e7ab5db2d361cbadcea2aa7b16bd5fd2f6cd67d0ea5a9f1345174c0edd6,user
bidder,k6_bidder_81_6,pts_5c39c6e591670b05c56164b5ad1040740e081eba2fc1406ca759c1e3541dfb96,user
bidder,k6_bidder_82,pts_517f10580f885bafb19649f08a7d37c3066e4b99f132356a3f6d542416c12617,user
bidder,k6_bidder_82_0,pts_ff49e5c664ad8f4a51449b703412fd7790ef2775a30f28158cbf633874754d3c,user
bidder,k6_bidder_82_1,pts_df809013b9fe6255340a77ab58285db4ab7b604868605df083b8bbbb26f2f3a0,user
bidder,k6_bidder_82_2,pts_a6a3ea62192c832b14d50fedbb223e530fb65ab6bc94c60685ba0ed5ed61754b,user
bidder,k6_bidder_82_3,pts_e9466d38bd45c3b80f8690acc65e5a29093be0e02a57d123b234493beee4c46f,user
bidder,k6_bidder_82_4,pts_698011faa47f787b89bfffbe4e91e1d343ec59de71d8a3fe30a322522bb8d0dd,user
bidder,k6_bidder_82_5,pts_1d1b3425cf0e12afcc30fdfa66b97c6949de50478e80668e002d01f47bb3236e,user
bidder,k6_bidder_82_6,pts_1d104e782a181e1ad4463d08ee55ad298882cc83789dfa4efec4f92dd44bf515,user
bidder,k6_bidder_83,pts_250df533002a59fa0d4c4c0d03635e7720ace7a35e1098b8bb4d8ae407ec59d0,user
bidder,k6_bidder_83_0,pts_585d07f46d90040ba439fee832f579f2621acfd17b080131fa99302fe6e0133b,user
bidder,k6_bidder_83_1,pts_08ff45786030b2a72348c25eba12f3cdd1cc7d3d7790ef7e8a4dcc5a1585341d,user
bidder,k6_bidder_83_2,pts_9bf91e88bef2d6dfe9149b663853f8f325ecb35707da4517a8fbb2d86cbc8852,user
bidder,k6_bidder_83_3,pts_2e1753ba37f3f07a6e0e5c29c7d80d5254e6dbe950b705e3bedf7073049b31ab,user
bidder,k6_bidder_83_4,pts_e43f5c56f58315df82b9682747236571fac4322ec64fe6388a07803ea6463596,user
bidder,k6_bidder_83_5,pts_91a3a607ea1f1cdcf5b834e3c506b7402471fdc2f704320a317887eea69f7935,user
bidder,k6_bidder_83_6,pts_8d5a2b6626f48c25c6e366e2e57984c936dc6fbb6fbf744d1629160aa22181ff,user
bidder,k6_bidder_84,pts_456b605ec4feb5e240aaac1c2ca3091afeefee0a887efc8666734c68a05da447,user
bidder,k6_bidder_84_0,pts_78b079954a22eed028d6815afb1e7a13098c35d1ef6f2e0570e77284b3b467c5,user
bidder,k6_bidder_84_1,pts_7096060d5009579b166d99458cf7f81368432c54d35d7a7a19dff55701748461,user
bidder,k6_bidder_84_2,pts_c65c0f61eef94b9799479b3f65ff916cf512cb0faea239c44815784143800f18,user
bidder,k6_bidder_84_3,pts_3279c1edf3dd3a774d1a32be35b7ece62448022a851914d13af2f3a17d56ee25,user
bidder,k6_bidder_84_4,pts_fe3f07830009871290bafbdbc8d854373975ba953f1bad646d21d916c3c5567a,user
bidder,k6_bidder_84_5,pts_ee612003708159cb5f7d13ed56e91d231672e32576b1edb7d6082775df8697e5,user
bidder,k6_bidder_84_6,pts_4443b52c9ecfbd6571f0a56b5b42eee68fab1d79e15ad461a035be77f965a5c2,user
bidder,k6_bidder_85,pts_8b27cf9a7e0594f9002874e4c34e568fb0a57d7ae66be3ab53a97b096db64fac,user
bidder,k6_bidder_85_0,pts_da391a9ae04306b780a9af89cdfa4bdae2007b19f550c11bd7d026125911ddd9,user
bidder,k6_bidder_85_1,pts_27575b3cc71d2618c52cbbce28f2d8e4775607ab3833537cd43bd0e667bfcf99,user
bidder,k6_bidder_85_2,pts_465e66f7242542deae545b59405833cdb06a329162da3f33be345fa45f72f6ec,user
bidder,k6_bidder_85_3,pts_9824e37ae4564ffb9771b3eae6df7a55f96cd923bce73922436fd220616d27ab,user
bidder,k6_bidder_85_4,pts_5fd19329c7c6a63990dba15d89f2d2514bc6528d4bb902c5e30adff321d57a0e,user
bidder,k6_bidder_85_5,pts_7ae65c8947efa798ceefcfa5f89da59c6cad67b37e8eef0b4f6b87e13d86955d,user
bidder,k6_bidder_85_6,pts_f785383187edfe55fac4e2e50eafcd830338fcd6735a7991c198d30bab7f8afc,user
bidder,k6_bidder_86,pts_f35f04e1779d45640a21470303ddc24ea0a09211d80705fc1be8e6cab7f7f179,user
bidder,k6_bidder_86_0,pts_1f4cd2d8fd9fae5b912667c6adcde08bb4cc4f26b916d9556c3415a96643d7b0,user
bidder,k6_bidder_86_1,pts_75396e918354f9d3d881f2fb336bf6ccdf42bfd6d25f0eb7c8a286259b9551f4,user
bidder,k6_bidder_86_2,pts_8342bec884ea0539524e5a8039b0abef67fce6a963e63117ae0183ee3cd5f0ab,user
bidder,k6_bidder_86_3,pts_91ee5b44430f4380f6df52b83adb6e43cfc1b0007905417b4f4f2cd654a7f414,user
bidder,k6_bidder_86_4,pts_51f4454b072354d02b429c92b58ba63c7c5d5f9af65e47e2e2c31942af42e90d,user
bidder,k6_bidder_86_5,pts_2c07cb9f2bd20895b578b6e539e96929faff6ad84b9872807bfe7a4d7ba887d5,user
bidder,k6_bidder_86_6,pts_771043950d66920e404053fd0c1f49b88a91fb7ba3ea90b07a2955dfed5aa6f4,user
bidder,k6_bidder_87,pts_b9dfbc292f47923b1634969f75655ce7cb88e8d96da476f1d6863e64e9e0117b,user
bidder,k6_bidder_87_0,pts_6c3133921865bc241533ce388edf54d84ec8dbc77c0d44e699eff1f447ac3eb1,user
bidder,k6_bidder_87_1,pts_a4b4dc095442be57a4d35e8a31b1035ad5ca6ae77c64dc4de3e891b3cd9dcd4b,user
bidder,k6_bidder_87_2,pts_47dc524eace727422e368314cce1cb2ed996e923e2e5591c722103edb18bfbc8,user
bidder,k6_bidder_87_3,pts_51e5fa324e45c62fdf9b3e55125031fe4409a835d345cdf1487f765f5c66bd8e,user
bidder,k6_bidder_87_4,pts_042782e6d36a1852dca388c6b878e2db552a2cb81a2decd9a10e2f4ab2381b4e,user
bidder,k6_bidder_87_5,pts_b151342d39b9a3337e778d03d8a56afc3f265f16087de8c6ded2c1f273dc11ff,user
bidder,k6_bidder_87_6,pts_083703375f44a8a763f73afb08ab85a70992f8c90bce40e24c5dd3162c199afd,user
bidder,k6_bidder_88,pts_fc37eeebb2b01d6a4f3dc26067e29146c35f13791abbfd91245b8018ef7acb5d,user
bidder,k6_bidder_88_0,pts_57767a83ccf6ecb970766cae243b49e565992afafa654745a54ca57d6247e0c3,user
bidder,k6_bidder_88_1,pts_2e494de38563217ac16b024535c91029f007521841b7dde2a038657c6cbf0567,user
bidder,k6_bidder_88_2,pts_aa3972ff979b3c937d91981f6e96c182f1f9630634e7388e15b0bd87da693dfa,user
bidder,k6_bidder_88_3,pts_f139ad7e9dde4e451d019d9206b60ca97a87f48f708fb96b8bebeaa7c53f797d,user
bidder,k6_bidder_88_4,pts_74dd6eda13ab1307ec2b70fbbb553511b8b256bc1d16d09c2768841f192e8de1,user
bidder,k6_bidder_88_5,pts_5c6dc53f5461153ce9c71727342f9a8bf2305256baa216a34f188d9bff0f2fed,user
bidder,k6_bidder_88_6,pts_c592827205cb17be241943a99130154cedf99a49ae8be5472b1768dc20c80b79,user
bidder,k6_bidder_89,pts_8fa5902d078e9b1f8a40281b0eeea5cae331e0ef7afb81512ad09219671c632e,user
bidder,k6_bidder_89_0,pts_1e6d4b2e47873baab8692176bd71ecce340cfb0209c8266a323ee959556e4983,user
bidder,k6_bidder_89_1,pts_efca9d3c568301714b0deb5fc5e8f69ca7101f1feb56ce212fd101ea1c00b46b,user
bidder,k6_bidder_89_2,pts_d38e1de010b2f5d495e366bd0b9707a06b21e75da3284052c9fe4ea0d03bfb84,user
bidder,k6_bidder_89_3,pts_c4c0a409367b851cf2fdef9476eb30d84c7aef66fbfb1b22252954129b02d195,user
bidder,k6_bidder_89_4,pts_3e08deb629727ac05be4f792925265395000f75ea90fffcbd81b777c0298ecb5,user
bidder,k6_bidder_89_5,pts_8bf56d085565c5aae82d926a06d7ec8fcd22f0d65084ff9c4b6355f96d255ab8,user
bidder,k6_bidder_89_6,pts_108586ded09029e894a156b2e5ba7c77bf826be6e798814a7a22fc29b74d32c6,user
bidder,k6_bidder_8_0,pts_cacbb9e9697c9f281303f689d0ec98a2ef88e70c3e49d9c6077469e5ad5edf2a,user
bidder,k6_bidder_8_1,pts_209960f1660755b9be8067a9fd38495caf285b2db1a53b8acd5affa5a303c419,user
bidder,k6_bidder_8_2,pts_e140dd74d7b04efcca251178eaab2e5549cce0fad50feaedffa65624ab133b28,user
bidder,k6_bidder_8_3,pts_a0186d8854978f3dd53333612032b2373885148e979d2c40a094b09f1dd4c0f8,user
bidder,k6_bidder_8_4,pts_8e9f86e87485ef0dae69600b1f1bdab4cefb40abb4e2ea3bb8d00ea8bea607b1,user
bidder,k6_bidder_8_5,pts_31460fab1452a46010d7f63f0a9110fef6f5411f4f4b60f907d49952e02c67a2,user
bidder,k6_bidder_8_6,pts_8a72ab1170d3da17ecb10b29d615b1bc2b6e5557dcf46611ba173857bc87b4d2,user
bidder,k6_bidder_9,pts_c11e0203863da64fbb78ab469856b4863487862968b31728160ab373200110ec,user
bidder,k6_bidder_90,pts_0ab64b881b399e8f1d44d52dcc00076e4c153cfe8e2e0514c3d3d62619523b58,user
bidder,k6_bidder_90_0,pts_ce14f668dcc592ace45c96daac56a31c526074f86a99dad4c8ef5cf2aefdd878,user
bidder,k6_bidder_90_1,pts_53807f59d85b911db527b9d29d4e9c32696eefc2a8aec243623098a713e5119d,user
bidder,k6_bidder_90_2,pts_297fea97285ac195c20aab8b59741fe89af057a1abc21738e4ea152026e045c4,user
bidder,k6_bidder_90_3,pts_b6364da0e2701db81ebce91143f7af5cfda6e0b468a70d6158fc6677aca3db46,user
bidder,k6_bidder_90_4,pts_445f1d8465ce1b02e3abdd0d39789ff858c4a04bdfdcd197f67129588998e0c1,user
bidder,k6_bidder_90_5,pts_bd15b8bb7fcdaeb64155ee6a50bed5e0c738677c40ad93611a14c6e9511915df,user
bidder,k6_bidder_90_6,pts_7e1cc49e468380f04ea2c0b07ad297f87765ebae5f3f0371a63a4c23eb009273,user
bidder,k6_bidder_91,pts_73301623dabd2926d3846dfa6b60187b8bc1bdaa4c672e3a5eb302497c089b2f,user
bidder,k6_bidder_91_0,pts_7353883098cdce565472ab1c6bf7f172abb0183b1a0b96d665b78965e174b215,user
bidder,k6_bidder_91_1,pts_5e1956e5d85b778bb2668d762f327b937354d52caf625396e24946f31883b416,user
bidder,k6_bidder_91_2,pts_d33df0f420aee650fa2c1780fc7e15e32ca65716f45313a0cd0ad5f942b2aa55,user
bidder,k6_bidder_91_3,pts_e6e844255de01564fc81ef059bc18fb412b301f7890efb212914e58b61d224e8,user
bidder,k6_bidder_91_4,pts_98ba68543715719771d447d11377167ea0b295b6ea94ac27c5c512439bdfef72,user
bidder,k6_bidder_91_5,pts_fbc35c278f581e42d8b8c9446a019f6d11a3afbaf55cb5e72689a6f9af633bda,user
bidder,k6_bidder_91_6,pts_d04654768f56be111d6141f8b2091c67a470a2e3bae7b11373d7133ce13db4d3,user
bidder,k6_bidder_92,pts_15646695715c3300da1bdad8d23c0a7648a710174db70948cfd4809a0a0c2b56,user
bidder,k6_bidder_92_0,pts_fb2cfc8b07c629259c7d778760f897ab25c99111e09e42a81ad10cad7bd239d7,user
bidder,k6_bidder_92_1,pts_f7e476308a0efd5c9d0be9ca601c5cecd8049031621237425a830823ab172653,user
bidder,k6_bidder_92_2,pts_1160b0cabc18c824da7449d791678d5a62659ec74e36084c89e03b9455342086,user
bidder,k6_bidder_92_3,pts_8c0e5693fe47ad41a8fe8fe61be3a8449b85403704679c37edaeb97eb75d54a8,user
bidder,k6_bidder_92_4,pts_70743ef83bf164d3f2448241690df30fe78b6857b6bd2f102e17c8c4870c4ead,user
bidder,k6_bidder_92_5,pts_91c30c8234dc5fa463023dc468b9158270963bb0e4ea0ac74427ced47f39b265,user
bidder,k6_bidder_92_6,pts_6c51cca11cb7324f42816a45dcdd99e8e03c562c7d84ef5bb45727bedfb908c1,user
bidder,k6_bidder_93,pts_063aa777999e4217bce76039b71d71b29d2e4d80abd32fa10e7e8eb5e9f2d355,user
bidder,k6_bidder_93_0,pts_4b0e8cc0d13aecd74d7cfb4b061d0741207fa96ea6d03fa245faae2897ce2f47,user
bidder,k6_bidder_93_1,pts_160244db00d29720e9b0483d7af8fe394c4adbdd647425f66b11508bf12f31dd,user
bidder,k6_bidder_93_2,pts_fed3ffa2a3f087794a4461316b10061c83ccd264c73c8eb8576649b5ba1c2223,user
bidder,k6_bidder_93_3,pts_7a73bffc20321c7dc1b68d23a14d516878d6379fed9210ec6ecc0bff818f5bab,user
bidder,k6_bidder_93_4,pts_c0bf466f1d0572e03f50bf2f7e587578b89fa509abe11567fe40baa4f98b66df,user
bidder,k6_bidder_93_5,pts_7a024083f6a5cb42f0eea0e92351db4d9998203c5521e995424e3c1a836a5829,user
bidder,k6_bidder_93_6,pts_00e9a18db25259c3923346de977107b52c8a425e158ba09a6221dda1b4d5e2b8,user
bidder,k6_bidder_94,pts_298df5ee9cf85429352c3ff04034d45c00c5f8ee64de0baae24939b15e1eca95,user
bidder,k6_bidder_94_0,pts_072b7559b79b927e8042e1354ea96812f73817cbe78e03f59b94a2d94f25af98,user
bidder,k6_bidder_94_1,pts_2c9de9571397d339742d32f25be6d315508796c9e8f0993a7c24c9278efdf8b5,user
bidder,k6_bidder_94_2,pts_35e732ed8634ec52756944803e3937e494a170015e4bc041f98386366313758b,user
bidder,k6_bidder_94_3,pts_b7da7eee8ec347b178c55354614dcb981d5578dd25e57303d901932f5347845f,user
bidder,k6_bidder_94_4,pts_d1ddf21e243bfb8e91b8a085b374edf04c3de636c2e24d1c26638d725f0a496a,user
bidder,k6_bidder_94_5,pts_e1605b160173ec9a2c535f26e11d449b2a680c668e4b23513e3657ed5ece7e27,user
bidder,k6_bidder_94_6,pts_1f9eb37f3d707f164b7ade6b17c49d3c03303f28014362244296cf64dde74aca,user
bidder,k6_bidder_95,pts_24667618d958582360e06edb344216421a2ec9a3c08cba92f54549f7d7faa1d6,user
bidder,k6_bidder_95_0,pts_5afad10d17870e01a5fbf7b2a561a7b14fd8ed5ab255aef6c3105cfde357d339,user
bidder,k6_bidder_95_1,pts_abd4df7c4eb26b94e9a518dba74c341f1d261bdf9b441ec6834f2f2a0a03582e,user
bidder,k6_bidder_95_2,pts_e1a2aafa9ca14e76198492ef5770d15b0d25d95479880d7da478a008a07e0ff3,user
bidder,k6_bidder_95_3,pts_6b3cdbbe3fa5efb2e08e301cf5d96663e9b07008d0bcf314ca71229e518dd034,user
bidder,k6_bidder_95_4,pts_b0ba0aad99ced2cb06eb3c375b9dde9e700fc81076ff944ee7508f019bee16c3,user
bidder,k6_bidder_95_5,pts_e654e3bea1b63c49b5fa9a326472cfa804ae9d73d4b113f134a59a9ff90165c4,user
bidder,k6_bidder_95_6,pts_02f11aec694b9d443f5123ec325f04f42646994f6b1d005d8422bae301261b25,user
bidder,k6_bidder_96,pts_39d97ad5b131c87125b81ac934ac1a38e36eda8737d7f8f0dc92055e82450353,user
bidder,k6_bidder_96_0,pts_f2c55f63f0e9650eb20a151fd7882c899f4a159aa0fdbf46f971d71b257b9d06,user
bidder,k6_bidder_96_1,pts_e81af154b4cb2369275ceee02bc062477979fe3178f59c18683f196d05c7ecd5,user
bidder,k6_bidder_96_2,pts_88447169251e7cf8cc420e71c7895643be8f837362808e1c28cc98931537489e,user
bidder,k6_bidder_96_3,pts_0b35f78350188bd9d82275789b88bce6b541afbe3c8a3ad61faf18dfb9711dea,user
bidder,k6_bidder_96_4,pts_771ce1162da133c691dbb13cc09de0866e2de511a5e394bcfa8aeca1432d311f,user
bidder,k6_bidder_96_5,pts_993c34951d008c36e6d85411dab3de1028a253643ba1d41fea5c18f6d554c76c,user
bidder,k6_bidder_96_6,pts_790e885c99d813f644eb16ad2d28c6b55c20965ea01fc84ed75769d15034b26d,user
bidder,k6_bidder_97,pts_be289f47ab5f7af579c08f8c104f362ea705e7e2a21e7408f385ba965b200a27,user
bidder,k6_bidder_97_0,pts_6af9d05b6ddbbc6c230d3f30a41d6eb5e2c3700b9584f226752607a13650f459,user
bidder,k6_bidder_97_1,pts_f3b1796e595f758aadf448adb281c5050a453f4d90f95f09f7b1ce410d68f035,user
bidder,k6_bidder_97_2,pts_a435e298146fd245a25b64ef0d848e2a5ce4522912a311a57c3bd43be899771d,user
bidder,k6_bidder_97_3,pts_98e793eb629a92f0298abbe4541a44724881a5928ebf7aa6b58bcf2daeac094b,user
bidder,k6_bidder_97_4,pts_8a95cf2b8f89fb3f56cca31766e43dddd8fb88dec4911ed69d6ac57a194524b1,user
bidder,k6_bidder_97_5,pts_5b80dbd72328fadf99a64ed1b6247c01f416106886b7b7b3651a9ef7a2d00b35,user
bidder,k6_bidder_97_6,pts_350e968421b6c5e91e6e7a861588556a59e62cf38ac4cac57d02e51966e85f9a,user
bidder,k6_bidder_98,pts_4abb8ffd77683f9ad8f2024bdd4986a70b8c7a8ed6247e02cf5e5a438b84fc59,user
bidder,k6_bidder_98_0,pts_8daa26511a5870fa694209ce674d38f4024de08d98b649187fa8c85fc953ee67,user
bidder,k6_bidder_98_1,pts_b3eb08549de7abd60156f549feeba0058eafabcc5bab70df25821fe03bbeae41,user
bidder,k6_bidder_98_2,pts_0e65aee84972f283d624e29bdde183da5529ca690fdbc96d053094f87a22a630,user
bidder,k6_bidder_98_3,pts_d7e8dbc49f572a11b8c93894693423fba71b1bf170e4c345f81b656f23458a5f,user
bidder,k6_bidder_98_4,pts_4c07967960ab0785ce9a2ecc1d972d726c131ed9f1861462a10175c9ee90c3d0,user
bidder,k6_bidder_98_5,pts_07620f0d9238e597efe426d7e03e619f545bd0c92fce6040f568da039b1ce732,user
bidder,k6_bidder_98_6,pts_dd942ae22457e0f79d656e3647c312617bb010fb857ce9520e33500627f2543d,user
bidder,k6_bidder_99,pts_ed0dfba5bc735975ac1631dad2539ddb67e6e68c1fee2607081aa9f620d2629f,user
bidder,k6_bidder_99_0,pts_2fd0272d453378196b6916cd1114ac39cd3adf1c23ba56dc294583816da54aa2,user
bidder,k6_bidder_99_1,pts_922648dbf617dbea7e6371ed2fcaba348901d733b4833d88431985c45afcbc37,user
bidder,k6_bidder_99_2,pts_d502ea2ef685483bc7c868f4d61ee88562636e6453713df3e17e667c113f5207,user
bidder,k6_bidder_99_3,pts_7d02a7f77b0b4ee5e09e104bca72a4120c19b8643207fb1d715585a066f10047,user
bidder,k6_bidder_99_4,pts_9b025f5dbc5c4b2294703fa65053069772750a54d097aed12f738ee12a25f8a2,user
bidder,k6_bidder_99_5,pts_55d76402a77ffd1a0f72901045e909d012d6ebd1c4f04957ffa72a32e3433ad6,user
