load_role,user_id,token,role
viewer,k6_ws_1,pts_9b2af05268fc783a9135b9b7f72da6ebaf1f1e73dafe50e5ef29649c00794b9b,user
viewer,k6_ws_10,pts_dae09f56fefed13288d160a25ac72b98d7e86b0578ecbfbebcfb965ef505a7cd,user
viewer,k6_ws_100,pts_a5760c0374278d0ffaa84653838b024c68ec9fa0c47a247d38c6b79b44d6d1e2,user
viewer,k6_ws_1000,pts_d2e5677cbc0bcb4a00d73c68ebbc42564dc18ea8de1f62ba5877c0794ca42e32,user
viewer,k6_ws_1001,pts_6dd54cfc1a66debeabf1861b56cfaefd70b63d072668e768444c41e2b99d543f,user
viewer,k6_ws_1002,pts_4231288b2144c3c0c56ec5674ae5a53a6dc23d6265d738cfa256ac56d15fb42b,user
viewer,k6_ws_1003,pts_1b83f9e07d6cef7b4baaeceba384805eacbfb2dc0daa21126156e65c20ec0fb9,user
viewer,k6_ws_1004,pts_360f1f215fda2feb072b016abebabc89979e04329b2b1db1e784eac4d3699c4e,user
viewer,k6_ws_1005,pts_674051ca08c2e2e98c97e66f10f82593cba46fa71cdae9fc61818722f5d82530,user
viewer,k6_ws_1006,pts_d26324657bb1795c24a6246ee32d270044643523d287283b317c8c9f2b818fb0,user
viewer,k6_ws_1007,pts_4ccee528c29cc6e790f5577ccb9679c96422cfdbf766ce8986f07d6e1a076995,user
viewer,k6_ws_1008,pts_c8c33d03bd639dddd41331255f4dda149ca7fa8aa7a33382281f1b6c345b7fe2,user
viewer,k6_ws_1009,pts_e5f4f19c8cf9c23cb8a9a0a5b9e75693d76ca7a31b66167bea7568c27f993fa8,user
viewer,k6_ws_101,pts_7c87dd6eadb325d107865b6ef3d267de76d5f0fb7f22e758ff1d74bd3df097d1,user
viewer,k6_ws_1010,pts_03056e58dc134111e34f6fa6afd650cb7b5deea0f5ec28f4728977de5b94b30b,user
viewer,k6_ws_1011,pts_6072690528e66b48bf0aa50345ed57e772ef06ba25f3af097481c57109b37b02,user
viewer,k6_ws_1012,pts_698c0980656fbd9c16a8d6b77942daffc50a35744f7b938894312fa0fc890503,user
viewer,k6_ws_1013,pts_ee1e7d9c475c3319272517e26e3d23063376bd97e471b45801ae2b80ac61d4b3,user
viewer,k6_ws_1014,pts_e61cf695ec6b3e6e48106bea58623324cbbb8230632b60479f44550c288167ab,user
viewer,k6_ws_1015,pts_d54260f13bc511b3f191e077848ed14b4bf0634568224d93dbee00dcf68e369c,user
viewer,k6_ws_1016,pts_039b854050a57076ce0f0ef75aca4fa3abc5bf75e2aefcd223a626f73799297c,user
viewer,k6_ws_1017,pts_673f7ce7bbe28ee3c53d4ff65df640f841dfca083541442c985fb331174992b8,user
viewer,k6_ws_1018,pts_34026cd6d5dec5e5ddfd8cb44c088874ae9ee864c23778e122da807144f9d81b,user
viewer,k6_ws_1019,pts_f08e1856eb07e533621a183efe2131d95780a6aa0849e94801963d8b8c505401,user
viewer,k6_ws_102,pts_dc2542a2a3f36153f6b3abc4abafdc65a79ec5eaccaf23a6eff5b59728736de3,user
viewer,k6_ws_1020,pts_528bee71d615286a8d44045d8e2c9d5625e96d50ffb420c448aac2349ad692dd,user
viewer,k6_ws_1021,pts_25fffb342f3787d6c97039f13d57e6f2d2ebd1794db5dd4a2b4fe734544389dd,user
viewer,k6_ws_1022,pts_7f6257983767fb35f8ff7878e36e736d16db961b6890428bf5c70ab8aa2c9254,user
viewer,k6_ws_1023,pts_046ab419097769e39d201bd0140bad6cd11dd855543a8a08eed2795ee55adeb8,user
viewer,k6_ws_1024,pts_67ec6bc549b2628981f0409bb1e0f62736cd052b41793cc2bd40e795b6fb775c,user
viewer,k6_ws_1025,pts_6ef2e6c1eddeb6a18e5bafabb7e120b13dc33127cb5e47c44eb80b79228a7583,user
viewer,k6_ws_1026,pts_75d1e529d59b5cafcfb3f1db171b4246b8671dc27f80e0f75b0603c50b1d528d,user
viewer,k6_ws_1027,pts_236bbf495f8a507cb7642d674befe281dcf9fea426ea81e6b2c6b80c68e99602,user
viewer,k6_ws_1028,pts_49c55fd193efbb260a949dc3d8049e1271305671bfed65836a425d869e1df883,user
viewer,k6_ws_1029,pts_fcaacdd0c310fecf18644a71e403e0608f617f8ac6e2db4ac6c7c6769a65a0ef,user
viewer,k6_ws_103,pts_b35345167959311c3ced592267eab8d6548b0d29ce503663b56c5715952686b9,user
viewer,k6_ws_1030,pts_d6fddf45e182a3966dc6231b9f07a9e666d6e5d558b0dd3c1c787560d0618cad,user
viewer,k6_ws_1031,pts_4b6fcc6be3d0be4df6809536ab34ba251337b5e49e99e8e3dce554a36a25ef09,user
viewer,k6_ws_1032,pts_0b495936be007af5e3cf573075869430ae71a040cfeca9665ff8cab2d1725d26,user
viewer,k6_ws_1033,pts_43bbbe9a553ff35b56a5f84290141bc48010e10d37d3edf071f17b4441927dad,user
viewer,k6_ws_1034,pts_0a10735bdd875991f567982a3b9c68a47932d6133aa9274c21f5eafc93e00ce9,user
viewer,k6_ws_1035,pts_536df697e61e5284c0a239abad579f9de202140bf60736976541e5de2b454a22,user
viewer,k6_ws_1036,pts_3435c4aceb8070d984c915844e1b25d0f66a8840476f31344408cc5a5a5b47c7,user
viewer,k6_ws_1037,pts_e7122464de27525f235ee0ef9ee6454f33d52160619fe52f7b2d0f38bb2e0465,user
viewer,k6_ws_1038,pts_d000d2091cebe82831afc238293563c8e1130190d50a05ab7fad5cd0794515d3,user
viewer,k6_ws_1039,pts_72924175e58ff4a992e03463f4a40d39383ed983d1ab583d2533f9fbc40b33a5,user
viewer,k6_ws_104,pts_8a7568a43a83c48501f39071b96b578e7d81303f7ed4638b73e4c43977078541,user
viewer,k6_ws_1040,pts_f1e4a4e6120f101ba37065486ec0e5e4371b4a264fed13260ca56ae729d1f8a6,user
viewer,k6_ws_1041,pts_25be44cc78a47719aca8c3e9513a0d943f8f0d1ff2e3ed9945d082bcb3ab898a,user
viewer,k6_ws_1042,pts_3a4fc92724e9399d2685e3463b481bcb7f609600c1adf9d2dbbc92be68973202,user
viewer,k6_ws_1043,pts_14c1ee2406218bb5a3923bb2fb6dd46dd3dab0683a1b1440672d058ef9e80851,user
viewer,k6_ws_1044,pts_5561fa0090582494eb7f559ec37a4f04c550d99489637d08bbbb85e5b5b8c19e,user
viewer,k6_ws_1045,pts_689f1da3f8b57da35a390972a3f8d75161b3ab8981de51778498b7256bbcb8d0,user
viewer,k6_ws_1046,pts_eaa3a90418ead5f4b1ea105be68c50cb98a04ad9063c4498625f77f2ce190a64,user
viewer,k6_ws_1047,pts_4136683f220c40cd61990ab856c08f5f38685f21c10af2bcf699baee54525f1b,user
viewer,k6_ws_1048,pts_e3aefebedc3b9cd37b23e9b0eb508cdfb8529f878a740cae26ebce7118f7e031,user
viewer,k6_ws_1049,pts_763fe1bd444d81c54108262abbab8ed0005706471e5d6273a9ad91a1cc5d8f5d,user
viewer,k6_ws_105,pts_7395ce66dab7ba9e32447de093a3b4fbb21e3da96e29c0a5a70f861bf0cead3f,user
viewer,k6_ws_1050,pts_170ee898f7c80e86fc47b0d5fd345d0cbb2963293efecf5dc9b2b66abfc366b3,user
viewer,k6_ws_1051,pts_dcfbdd61bd0bb5feb9fd891e1e1e1fe027ba39ed1c40b5b656e505e8e111fea2,user
viewer,k6_ws_1052,pts_ed92b5f877f558b20b35d8d50f65dd63d392bd7c8b830b632783e231de22a2ac,user
viewer,k6_ws_1053,pts_3256df6770a50880b86912d0d280010405e70482944ed9dc787685e50c061f04,user
viewer,k6_ws_1054,pts_ac2adee3fad6330ace0610dca613e7d09928d6f71c1099c408c4207051563e27,user
viewer,k6_ws_1055,pts_d450a2544a078819164c83c20d06fd24ca0e6035495d5bb1c213084d5a4f7f75,user
viewer,k6_ws_1056,pts_2f85e777c283334e9addf8f3ab6131abfd48946d00d26ded60218129106d1661,user
viewer,k6_ws_1057,pts_d21ea4bf5c742f8eceb2b985c160c948e6280fb418450411cffab3b39955816b,user
viewer,k6_ws_1058,pts_49f2ad382f407ad5462460ae29c4d125b2571937b683da8784a3fd0bcc4b67fe,user
viewer,k6_ws_1059,pts_84c86eb39b7853f2fca3654ddb4279b192865c0fc2bbd1d7333c496cfc7e687f,user
viewer,k6_ws_106,pts_c3a503885e61506be3aee1dc5feb6615e655c66273de202ba11899e28bceace5,user
viewer,k6_ws_1060,pts_e3b1874ed455b9b098ed47c9d56b49836dab2bd174966ad29bb64ac316e876da,user
viewer,k6_ws_1061,pts_4ea93adbc2089b82ec758403f95b7ab1714c2b71a9892e5687bf8def7dfab270,user
viewer,k6_ws_1062,pts_31478b472df8084b7c65417bfda0a8e9952e892fe788a59aa7663a8af1fce35e,user
viewer,k6_ws_1063,pts_a8ca0d7c484f1bdfc85b199866d687c5f457d0ab171a91d155648c196caec159,user
viewer,k6_ws_1064,pts_c1f4474b6b64516a129d2ba08ec913933078f685f0ca267b2f16d8ce6ac9b26d,user
viewer,k6_ws_1065,pts_2f7592f92fb35bcceb5f7985689b56e157bd0957587c7140e9fb4c415533bc61,user
viewer,k6_ws_1066,pts_300f29e53c3d3bb8dcd69b2112623d493322ea33b75b1d21d947d533890e764a,user
viewer,k6_ws_1067,pts_bf22f4d672b56b879cf513d7612fb481e3177850cdd5aa84a66f12eb171916b5,user
viewer,k6_ws_1068,pts_329836080bbf872da3338245ae544a9d32b29d15da4bc7de7c2040128793d631,user
viewer,k6_ws_1069,pts_8c4e28df134b414af82477ba997f8712189489c720c92fa6868dc1d1e766985f,user
viewer,k6_ws_107,pts_19b65b364921446aaf2ea78ce9e0582228d0288d3fd968f5e817cb07b3c1c2da,user
viewer,k6_ws_1070,pts_71c6859c88a22dc551b7a7592915ed0d0385fe2d779948d116c3b24c1aa9c342,user
viewer,k6_ws_1071,pts_c95ced5d27781bd21a57d27e50172f98c8d8dfd072a6e753e532f04b39e7f1b4,user
viewer,k6_ws_1072,pts_dc7af537bedf150808c3f2525837d3f43cadf5b5a623008b7077a4f2f0be04bd,user
viewer,k6_ws_1073,pts_90f5bc48c7ef46b2c82e18a9450d96907984c2bffeafad38c47f69a019c4f41c,user
viewer,k6_ws_1074,pts_012fc65dc2f36d5da7c59289247563a259929f52d72ac6af45c7b92c208fc074,user
viewer,k6_ws_1075,pts_391f56319c038a6f0d66c2fa85ecf3521d1564c8ba7d65120b48fa122a0a96a2,user
viewer,k6_ws_1076,pts_f545c206676db836f63b835d9d86848b897f719168f15be5e991a3581109ebb2,user
viewer,k6_ws_1077,pts_05d473597e348c086c125e361d4bd2c5c2349609384381099b417ac24bc95156,user
viewer,k6_ws_1078,pts_dbee4e23c524b176dec1d82262f2dd8a277bb3e3c25bc4afad37992e99023d6b,user
viewer,k6_ws_1079,pts_1da224f1d8e257d5670ab8aa67e0a7a5e1536dc813d455027c3b71bfb3e976c7,user
viewer,k6_ws_108,pts_7aca39702439a6161931b19f123e3ab4935caacaae3f42be53468c0611a171a7,user
viewer,k6_ws_1080,pts_e78c2bbe7c79158d530d2552e5a7d0c3930e95506bbdc301598b3180cfce8f42,user
viewer,k6_ws_1081,pts_35a9b8c89d88f4f3d57eacbe1cd3e70a9833357a7c95a0e7aaa95ea47d3999f3,user
viewer,k6_ws_1082,pts_79a46e9b905b6eeba8c745d45c7fc4e7176f46c5b947e5684e0ea49c55247477,user
viewer,k6_ws_1083,pts_03932e23209883dc2567f27b792a9206b1bb52a3a973194ffbacb3bc1400b6c3,user
viewer,k6_ws_1084,pts_07e4b150b7f073bcd69642a2cf871bbfcdf0271883742c285c5c81b13275475c,user
viewer,k6_ws_1085,pts_4ae5dd901f3047cb226b08b269acaf9eafbfa0899a1705b32b176d6aa2fc5463,user
viewer,k6_ws_1086,pts_95df54a47cc185c1cf142c51fb3385b1eedaa5b27a7ee15e143be5d5c89455ff,user
viewer,k6_ws_1087,pts_0456b1993393291e1ca4df37da81253b655a5b1228f6b892da867c21aee7dc02,user
viewer,k6_ws_1088,pts_170cf16b20e0ec77cf4c6aecb86d4f9b397ba735c77c5678310c1444a07b648f,user
viewer,k6_ws_1089,pts_df95a73b956634f3136bcabc11c54a858c2c6b711c392acf252b75311f25a305,user
viewer,k6_ws_109,pts_543519336480881494a149fcbbc37f1405718032c988cd4754c21baac6540275,user
viewer,k6_ws_1090,pts_49eef1c2adb70968ae802c8afca195a7564ea136b9b3c2ef3da5c729e0feb25c,user
viewer,k6_ws_1091,pts_fe596b11f35b641b35bd2234b5b4c8531ca3ec813a307efbf5c1df3d38374db8,user
viewer,k6_ws_1092,pts_e6f4850befa78f53fe578a66e07390e37af86e0f22c97ee47b529a1653f2d7ce,user
viewer,k6_ws_1093,pts_7ff6256a48b5d71d09da18826dd6a63544e312e8783152fab0f2cbb514d8150e,user
viewer,k6_ws_1094,pts_6aec05980ebf9196ba62dbc107b8165147b6888f5b6725eb849d98d181842484,user
viewer,k6_ws_1095,pts_a210dfb26bc6d9e5b1a6bb55b4d1f1565294a9902fd7dda969a5a726ad240f7b,user
viewer,k6_ws_1096,pts_f548cf741c1b41da27461514f4985a8f3b718100d6424a89f4aac50fc1a20215,user
viewer,k6_ws_1097,pts_26e4562703a852ff54e17dc26cf73e9f6d5ae7c1834f4620b771975447bb6490,user
viewer,k6_ws_1098,pts_614af511ffc5b1c2440d90813a6a3cf0906efeea7919bfec50147a5e5423cd54,user
viewer,k6_ws_1099,pts_1a2ae545a0036a6387ee8b0ae985071930eb0cacc2c06bc6faca381e20745695,user
viewer,k6_ws_11,pts_fc1b448c79dbda0cef2e259727a2f23b7384d7b09c4ce0049b4e4970cb25d0fd,user
viewer,k6_ws_110,pts_87d9623fb41de1a2b107ff488ff54a6bf243caaea8cb0262ceedf9a7ad5267ce,user
viewer,k6_ws_1100,pts_2215976c2e9035a45aac511813655242be671cc5a8b633e39a3e6c1a00bd0984,user
viewer,k6_ws_1101,pts_79fcd1be0730ddcf41ac988465be578abe80b802b009b4ae572e565cddb49618,user
viewer,k6_ws_1102,pts_ac3ef628185f9db0aa8bdea42d95d897ef5166326552666469a9f9f07ad984b0,user
viewer,k6_ws_1103,pts_f74896f680f3e0032832f9c260dd0f346a8e05cc1a5be2b99ffc8dea21ed312a,user
viewer,k6_ws_1104,pts_4362178ef537c7611afa3014fe58331e574b6c9586eda2d7535102bd44bf7cce,user
viewer,k6_ws_1105,pts_62aeff0deddc74993480869514ee9cab20c291cb9343e0664fe717cbd223e7df,user
viewer,k6_ws_1106,pts_fa1b8714ebe0f8c38f33e10c85b5a272adedfd403c5c2dd5072fdf6052c79d6f,user
viewer,k6_ws_1107,pts_b792d8e642e5cabb5aaf7350d1932305549753ff90ea9bdde835405ea25c35ac,user
viewer,k6_ws_1108,pts_c945e6a216b122d9ad6ea3240fce5a61cc3c7490037991423883ec1bcf4f1e49,user
viewer,k6_ws_1109,pts_d2c7555061eca5a616992664dcb76eeefe2aec5ebab92558f7a31fef93377167,user
viewer,k6_ws_111,pts_f388bb7cf4da416482cdd40c9da7461345230afba53625b838e5c9d0a1de782f,user
viewer,k6_ws_1110,pts_f2ce95cddbcf1cef38c24357f62bfb7c05c0c7c83aec36e0ae0221275b536c77,user
viewer,k6_ws_1111,pts_b86d806ab2283c87e1b48ee7d26de9daede832129f07ea58ac7d01cda912547e,user
viewer,k6_ws_1112,pts_4fc52e810996e23654e7cf6b2c1a8a5e2ff463fafc53269eff129d24c3580a82,user
viewer,k6_ws_1113,pts_e3d5d791ac5ce4e9c6bf8b69838e553108e35ff5a6a638d05ad44155a1be5ba5,user
viewer,k6_ws_1114,pts_744818bb4686f9873f5b609d45895550d88bf99917947b5da32a67c82d6c642b,user
viewer,k6_ws_1115,pts_d7d55a51be95d93d79eded5e833ebb4c735c9300187b089439dc3395d10fe0be,user
viewer,k6_ws_1116,pts_d4435b5ad8afce89260fa5a2b022fac79a4eb8d5d10adb59b59f7195b1d09caa,user
viewer,k6_ws_1117,pts_7eacd31e6ed49a6aaaf877a5385396022c437bc54605412b3b11751fcdbe7735,user
viewer,k6_ws_1118,pts_3b6122f11f82fb9783883a1449f9de847ff13f3779227723e09485640b5290d0,user
viewer,k6_ws_1119,pts_346fe68968e152ff83c015ad9ef5c564ffcb2c5369545d88900594477eb246db,user
viewer,k6_ws_112,pts_32ae64ad5efe8f61b9750e734e1c946cb40fa4f5f724202a0ae64816d5ee3b04,user
viewer,k6_ws_1120,pts_978c7512dc6104b39043adf8e62e2ee005fa848302c4bbaa778f49ffad224fb8,user
viewer,k6_ws_1121,pts_ed9b9f2b9c1e664dd4891c3a8489a1e3205e8f4ab73bab10d3d610c343fbfcef,user
viewer,k6_ws_1122,pts_960d58e16ece8acaa79f4c8ec46aec7325e9a138b66d134fea33dd4c6f8f87a8,user
viewer,k6_ws_1123,pts_960ecd1a7ede8d029419b7f8466d4d15364dc8b57d86e915d380494226ff9501,user
viewer,k6_ws_1124,pts_92bdbfc79323651f2c577de97328d114fb89b3af6cc38de8892b155da2ba3e51,user
viewer,k6_ws_1125,pts_50c1c2b1abdff720917cebb2c23c7e5b2606db78dd0899af7aa8c3d3796066a2,user
viewer,k6_ws_1126,pts_c0459be8c37e4d56c893bbdab4f0bf4331e071187aa704dcbd1cce4d4a623b84,user
viewer,k6_ws_1127,pts_374d9fe1004e700e4a419ea560b005377cf9f8cdee3ac63ac6177478606c66f4,user
viewer,k6_ws_1128,pts_7e67cb6cc4104bf02b8148d599c93a59c5604897ae2c1155a2b4a9772df5bd63,user
viewer,k6_ws_1129,pts_e6cd93862ee850eb0955753f883d413171edb4c7429a9d938d3d9d2141cb758e,user
viewer,k6_ws_113,pts_361c786c17358dab9fc020e87cd5c2111a7471d8d6cab3b6ffe13cdd9c5d03b1,user
viewer,k6_ws_1130,pts_f71b11e6163005b3cfe6f782caf0fb38d2f6589f80a55c76e111a1468529a7d5,user
viewer,k6_ws_1131,pts_3d8411d6a34934fec3bb9e1e7ab514eec2b10b370dacd34e55614af09c667d6d,user
viewer,k6_ws_1132,pts_b0bd9ca1137ac1c7974edf69de819199915c7fc4b92bdf7967075545aaa25385,user
viewer,k6_ws_1133,pts_83c2771191ed61da99b581299c5f79664f6dbf6c1fe38e7425212935589c4c88,user
viewer,k6_ws_1134,pts_097b89a59a49a3ad4f894dc491d4921d9f32aafe4e53c09c422c3776149cce02,user
viewer,k6_ws_1135,pts_e26dfd3dbcabc1a602cd0b00f5cd9ba5115128ae0ad390958883543fef3ab814,user
viewer,k6_ws_1136,pts_403830455b57d50a8e1355bd2eb5b90c37d3e248109ca7e81697bde653aa77ed,user
viewer,k6_ws_1137,pts_0ba0efbfb97cf07bb841984daa8ac25915af505ff2fd9610e24dc213c4c407e8,user
viewer,k6_ws_1138,pts_94c375972ad40f7c3fb206287eefd656b5671a1c4d5356d802f7177cc1570213,user
viewer,k6_ws_1139,pts_2cc1d8aef81e198670e326bd8ae50748812f56896c2f607e354ab87c015d54d0,user
viewer,k6_ws_114,pts_4c9c0e7539b2af40cfb7955c4761e51afe765c70e3aa850dcbff1a4a71eb8fb5,user
viewer,k6_ws_1140,pts_84dfc919ca754467caa5f113e5afec31d6f0f282d545bd9ff1924b981253d99b,user
viewer,k6_ws_1141,pts_8ebbb5d5c617278ad82fe78e0d6caeff652c5fb5d2970cefcb10280e8c0918f2,user
viewer,k6_ws_1142,pts_48eb68e6f6f89c6cf7d7f779da267a450f3a235c48b6a89bbf0e600be1609be9,user
viewer,k6_ws_1143,pts_d33975b96beba1485b5357023628439839cfa356bbd9f8f93496e1e02ad4dd87,user
viewer,k6_ws_1144,pts_8125725f04cf944110d11160bb5b42721131144b70781b685c21737430e07a15,user
viewer,k6_ws_1145,pts_6e3a3cc49dae13df5568c3695fa1d56acdec5cf1a19c71e3f60d1b02b1ff0387,user
viewer,k6_ws_1146,pts_ae2f0d566d7fd8e772c510fc5291879f3353487bdbdf6e1c47d8cb725af04f13,user
viewer,k6_ws_1147,pts_5d11e5ddbbe8391ad46a8a2cadf1ae9c12c0c432db0f5c3d3363bccdef178ad1,user
viewer,k6_ws_1148,pts_01abdb410ce16f07476f694d36bc972e9207c5e9b5a88b71d4034512c98db2cc,user
viewer,k6_ws_1149,pts_215eeeccfd4cb2c0e278ec843e38aee6c9e55a93bb099ab7b6e0659bf74dc884,user
viewer,k6_ws_115,pts_bf6ddeef55de5f91bea99a27016b8baa14ef9490a83a1fb1818500e6db2e121b,user
viewer,k6_ws_1150,pts_b02dc0dd4db5b7f18e9b805203af13c96329c61a611fd459a19041a393c572e9,user
viewer,k6_ws_1151,pts_0e5b9e7b332983fcd6605a7ac6f718cd24f80c285894a8860835e67c99e42026,user
viewer,k6_ws_1152,pts_a82a510c76ee3c3c92e3e0832cd1729e0aee97ce25ca5323536db99f46b98158,user
viewer,k6_ws_1153,pts_de882c72c8224d5cc3392bf85962e55f1f77b645baf456bb6692d1a90204b9dd,user
viewer,k6_ws_1154,pts_67f912262f058a1e2452c31b4522dcfc28bf9a070d98f237ee8b8309327b08f3,user
viewer,k6_ws_1155,pts_5835eadfd785a87b6f1150cde4697116ac343f67827d8fc6e85d2e5f34d13fe6,user
viewer,k6_ws_1156,pts_71474316236351e717d2464c59c034e92fd4479653758c4e891f9d628759e0b6,user
viewer,k6_ws_1157,pts_1c4d6bf4ca7f2341643fcaf60fa43b88fc046d99ca959af8469ab9bfd2ec3c82,user
viewer,k6_ws_1158,pts_996301d81f35547ad6fb76e8ec40ccb9594f2f9fd2d2799e40b3ee5475f2ed5e,user
viewer,k6_ws_1159,pts_04664ea0f425c77769aa705126f78f8430cdb062c107976502b8c9a3470adddf,user
viewer,k6_ws_116,pts_d59e42dc2d30702df8473bf9422d4c01cd2bc8c93625ef5ddcc69dcf256d8558,user
viewer,k6_ws_1160,pts_a75e0b99febf4885946e6e3957c59f3b44eac6b3b04dc9c69ba4df08ee6d3267,user
viewer,k6_ws_1161,pts_3e9688de78b785c700b07e3a81e9196a08995072983f5e2bae4548374801d428,user
viewer,k6_ws_1162,pts_216de0fc332a00354d5ed411f540795e7c6b98929842c2e1c587cbdb058cacfe,user
viewer,k6_ws_1163,pts_4c40fbdec229083d63d7f4a6ecf7615e2df8864890eb0d32177de05ed83edada,user
viewer,k6_ws_1164,pts_7a756b45e89ee20f2aeadbca5f5e40245d9767ab1877dd892cb46d69d2162088,user
viewer,k6_ws_1165,pts_d582f53254aca3af5a2a53863dd9f797e54465c4b9ff31f9284acd423759b181,user
viewer,k6_ws_1166,pts_028e95f9f37e4cf6d1d23d08b362c49d4386dd00c691901e47e9f29bbd816b7d,user
viewer,k6_ws_1167,pts_73cc8bb0d36bfce6f2c60832b89ed81373cdcc0e6b133a786c54a4b66ad5286b,user
viewer,k6_ws_1168,pts_8e2dc503340d3fec5bd2e7bda19e1c91df939b11eef563b4a92667b922bd6754,user
viewer,k6_ws_1169,pts_2f0849766ad62fcd9b5c68f3ddcb98120f61c2d8d73e8663090d16845a4f4034,user
viewer,k6_ws_117,pts_a143beb645fb57dcda5c90d253ed4b42da5ad0e39e7e8ad6bea182f1a9758e3d,user
viewer,k6_ws_1170,pts_bba62fe4323d056337fd0e5c022b5c3c8d5707895201622102b973baaad688d5,user
viewer,k6_ws_1171,pts_e145a0e2c11b4bcbffcc090db9373b0c5e86b26f0fcfbfac6215c3cd0723fb1b,user
viewer,k6_ws_1172,pts_97fadc84dbd86836de8a636229b03b6b75abd477d675c67b4b49f581c81dfb83,user
viewer,k6_ws_1173,pts_2ca5f1c2b421f89ba45c3ec31672f4ffe6277d8cda53fc9cde6be75f09f7a2ec,user
viewer,k6_ws_1174,pts_0ac052df38f3c3e815f7da207002a8d423350dcf02e10026cbaf0fa00d13dc13,user
viewer,k6_ws_1175,pts_078f78da71130a8f44f8adac33e874e5102120ae7f94b06418870e2d545e6865,user
viewer,k6_ws_1176,pts_44ed89efbede7a795ac3b6eed455bbb2eb0b5121c6f9a1fa50d6ad539f35cf6b,user
viewer,k6_ws_1177,pts_5d196fe76e9f4f4944f93a09001ff2c98a9dd45afb72e3ee1102cac1cdfc11cc,user
viewer,k6_ws_1178,pts_6899951657bf2143f99a4375d778482de25b962d0e09f17c3d146f8a251c816f,user
viewer,k6_ws_1179,pts_0f27b1b4a2e4b6aca21533efb289f0fbb5f1a62b9667a371f93b94fe063ac8c8,user
viewer,k6_ws_118,pts_f673a90a15f5413b8ea030315be3b5f9d1c156adf4e9e37046f8fd0f54635d5c,user
viewer,k6_ws_1180,pts_a6339054d084e0ed3e50573f0d960402bb3452b7e5ad94c37dcc017b9cb0d8a7,user
viewer,k6_ws_1181,pts_7a08dba4c360cccbc210336615bcbda8f9c2df43cb52e1cf0e982909c82a899e,user
viewer,k6_ws_1182,pts_74ddae7184480ecb029fe1f583b82fa257dc270693bd08f17971dcab66062a07,user
viewer,k6_ws_1183,pts_dba37c3b407112f0fbb8ae0278a724c4e240480f8a2a7d7b05cf9a150b3cb08d,user
viewer,k6_ws_1184,pts_abf4375b1d544116807820563130dbadbd15049ddfda480aac14f411d60341b1,user
viewer,k6_ws_1185,pts_711bb3828d8fd6d4da2f1eb1396a461cf759948ecda9cfb012ad5dba557b5fec,user
viewer,k6_ws_1186,pts_cef44f14581802030ac28a0aed96fc240e6f2bd3899835251247ce79daa67500,user
viewer,k6_ws_1187,pts_5dd6a5ea3bc7a9ba58459689179468ea60abe6fe86441ff97d3ebdbcf5689cd1,user
viewer,k6_ws_1188,pts_dd77810e81b9d54566e778325f9033e75b14a5f0c05cd4bca07a15165a964502,user
viewer,k6_ws_1189,pts_8f3e86f7147bac75702ae86909c8775485c7643b7f3f2cca262d68d44e0cce0e,user
viewer,k6_ws_119,pts_7eda7d0b634e31707254486ff7769d9ad5dfe5485cb51bacfad71a1eb1f378f2,user
viewer,k6_ws_1190,pts_c8111eafcd4d7c0ae6483caa2d0042a9068330d7bbbe0e6b83fab7044bccba9b,user
viewer,k6_ws_1191,pts_558f1397c72f43529f4c8807a15c576fb819b1c0590f429f9edd0065046d3ed1,user
viewer,k6_ws_1192,pts_4ad01ab42a855df39273e32065d7c14e4433205cdeac03450aa4a049a0b396f4,user
viewer,k6_ws_1193,pts_7778218d4b50ec5f219719dade39cef851b08578877c83f0f9e383194c3ef1dd,user
viewer,k6_ws_1194,pts_58be4b5d2c2888218efee7a72f1a315db15a852df1cbb95f540f3c15746bb046,user
viewer,k6_ws_1195,pts_2c4c06cc2e43d4bc4b15bbd24ab1be5d7280587e5d3c6e31aa091900e66d56be,user
viewer,k6_ws_1196,pts_bef4bbcd534b8f736b1019e2a77018aea102f407c3974c0876b982bd175492d5,user
viewer,k6_ws_1197,pts_b99c446a092743ecf04728b7147dabe3b0e37ed609ce33488ca1a34019b98a7b,user
viewer,k6_ws_1198,pts_384729e9f2979743eefd79b5f7db655bc09d641eb7a0ff5d03a81872e93e6453,user
viewer,k6_ws_1199,pts_224ea730d3c6c803cae104cf49181488f3f294d6bb44bbecb60e7007ca24bf64,user
viewer,k6_ws_12,pts_ca11d0792f61ae1c14813a0307915244b4ceade37982669ee6c2d96b3d5257d4,user
viewer,k6_ws_120,pts_5da4b3173e8d7c7fe17e53486c144ff79f451318de9764113de911e4e9b46d22,user
viewer,k6_ws_1200,pts_4cfc6458d7ab7224c4bcf47263178064a3aea638a19ab6a59ea522b57d5d48c7,user
viewer,k6_ws_1201,pts_ab24bf0a7bfdc17dfaf35d501244e6e402a132c6b6efcac96a13624e03a6f42d,user
viewer,k6_ws_1202,pts_12cfefa9fd5c9c1b5f0af7e3649ae027231461c9d83874f18d0d4abf9e77d94c,user
viewer,k6_ws_1203,pts_1b78ec88781d416fbec48bc01a16f5642579d6ce3917e2a1fe7ecf0950438a05,user
viewer,k6_ws_1204,pts_d0ac167c46313cdf9d01ac963e1beda7d7f13ff65aa7b893cb6b8174b2afc94b,user
viewer,k6_ws_1205,pts_eff7473fb7e724b5376860d77d9bf5420d1eda0e31b4cbc16a63d1bbb042ab35,user
viewer,k6_ws_1206,pts_17dc12020cf8effa0556e98efe9946dabf555ceac08db10c2270a557dc1ea4a7,user
viewer,k6_ws_1207,pts_c7c6e2e18389f379e0842c9b03da2727a4ea5f80b07c2768dfd2a544eb38b476,user
viewer,k6_ws_1208,pts_0e601c3af61c157cb5cdadf93dd43d23c7735a4bb2899ef976b9cea559ae7b1b,user
viewer,k6_ws_1209,pts_5b3b34105e6657dd217ed5c228c79ca8acbe31d08729dd16ce65faeb67f9f83d,user
viewer,k6_ws_121,pts_5944d1a2c3140b782434a1db932a19308693dd028c3773edeb3e7dd2f5aaee64,user
viewer,k6_ws_1210,pts_7fb9d215c6c758db2a951b43371e46547b2a9a15b7c5de23b848a3d5b94d8647,user
viewer,k6_ws_1211,pts_53b6074bc358da3b93d21399462376617147da40d0930f7ec766fe4d0ed9422b,user
viewer,k6_ws_1212,pts_7d3aa8f4a253a48cbfbd802a890ad35899fa5d88c9100d6053d6ef1722cf3b3c,user
viewer,k6_ws_1213,pts_185b18ce7396f357a569396d3e7614fdfb37acfb4b506a5840d51c76015fe633,user
viewer,k6_ws_1214,pts_099cb4e896c40a690e646684c7b7c5ff4d83b4ec6e9cfe87899974639dd3b634,user
viewer,k6_ws_1215,pts_3d154885ca148ce48c8efd99e0081e548443a445f94fd53f63f64e246767d9c0,user
viewer,k6_ws_1216,pts_625280d0ff2702a5b1b5ddd14d66cd4da51943b53c0e93472e87d6435ccc07b5,user
viewer,k6_ws_1217,pts_cba877a372d12f59315dbc96111e6e97120cc9c8eb01db290d8c02ad10a030f0,user
viewer,k6_ws_1218,pts_8a5ccd9f6fd0969a50427481df25f770b5d374577b80735129b6d647b0eff776,user
viewer,k6_ws_1219,pts_8e5f8e2bd7443d413b3a96a0618b5f65bbddc8e59fdb7a2be354643c99d09d91,user
viewer,k6_ws_122,pts_6b88bb996231215d0fef2e33c1efb78b603f9bd2ace473d50601d67cb6a66ab2,user
viewer,k6_ws_1220,pts_9c4b871911a2482487de970752b2a38c85b18c15894dbd7210387f248c3f67a2,user
viewer,k6_ws_1221,pts_b8980b5c14163cd89827f49bec1e445734a478bf23024f35c38f02f1243c36a3,user
viewer,k6_ws_1222,pts_1b68e51c49282d01a021b0004f44b505c1957f2f36aa15b6877a431d0e500534,user
viewer,k6_ws_1223,pts_1cb2a58d6b432f7ff4f15236e4befa14c54b15d07643e1768745434d8d75aedb,user
viewer,k6_ws_1224,pts_90f0f940de5d0d9f11051ac7920ff3c09cc6f80602a55e2d6283806b95ddfb06,user
viewer,k6_ws_1225,pts_f24c5c42d4ab402f7f297bc42f6223e72b731ccf8990fe592bd3ef19b94c91b1,user
viewer,k6_ws_1226,pts_11a0f67f8e303ee6663c2c03d4eb7fc07444299857ba9f0307bb4a5d8d201681,user
viewer,k6_ws_1227,pts_19c85f9d7a940b804965c8185c5f41becb798ae0143556e1fd9744a13f22c834,user
viewer,k6_ws_1228,pts_96300722d2f32783e25916e4ed3ae6f33cea86835fb6317e9df91e13030b5c09,user
viewer,k6_ws_1229,pts_4d121a8e79a0521f15a1be96767bcf48d2d3199d9a9668d97f6274c5846065e1,user
viewer,k6_ws_123,pts_c3cf489c2b67c219ae17416172c5c0c5e981852a97707c9d6cc44d22c7c51f3a,user
viewer,k6_ws_1230,pts_d84ede2d9af3c32c08109c886fa97ee743f9a4c603c1cb3eee3b5560fb86a044,user
viewer,k6_ws_1231,pts_b51be19fca81d0f017e5ef70fceec74cfdf64971e2b4a785f81e0322a0c53fb0,user
viewer,k6_ws_1232,pts_9cbe632d2745b8e9e9d5dd41f57d22f6d5ad9afd109ecc63188894bc4488a304,user
viewer,k6_ws_1233,pts_f3efa14d58557f356483a0f3a9e020596b8d1ccab148c9ca6fbc4fa8ea8ca07d,user
viewer,k6_ws_1234,pts_5188fd23c785d4093b4dba4029b410f3eb1f5e2feed02cdcc3574b9abf8413e5,user
viewer,k6_ws_1235,pts_6747eeee7b45b375d7e1b86300fbc140be84c3eacf7f587f380d90f41152d3ad,user
viewer,k6_ws_1236,pts_f5b9fe318ec7c0f4ad6c68acb911835fe663371ffd5401f151dfa3328c851de2,user
viewer,k6_ws_1237,pts_3ea9bccb595b2dcc823595c44a24b98f2a1b8621f90ce8318732a3b957590bf0,user
viewer,k6_ws_1238,pts_22f921ee76d1be6d3658478226ecf622fdf65e8428fd0cd18edc24ef500ced0a,user
viewer,k6_ws_1239,pts_b69d9dccc372a1a4630e5355634024d6d997dd876c979db4df6005faa4345db7,user
viewer,k6_ws_124,pts_6ef59ee312b82d29bd91954e673950ea175d67d896b2b6c96822daac14d1dc94,user
viewer,k6_ws_1240,pts_e638c14348ed4a85608666bd5ab5091e3b7ab1b2976957b506da4ff51f42a0f2,user
viewer,k6_ws_1241,pts_48c1a00a29592577b81011d04e310d631e16a7c684d03fa3c45fd7f43c634f09,user
viewer,k6_ws_1242,pts_1867192d29a1281dcc8654c75d49de15af05d28ec510c730446372ae470d3da9,user
viewer,k6_ws_1243,pts_fbda71f060042b15a5de0fdf4e5ce1e16accf4eb6c231da4b191995e72483eff,user
viewer,k6_ws_1244,pts_8b256dcd49dd6309223ab9ef389f4eb3c768ad8344ce6c963e778373271c73d5,user
viewer,k6_ws_1245,pts_246ea5f1cb236a37273292438aa8b83b24f2e69169959f66fb102a9436302ecd,user
viewer,k6_ws_1246,pts_bc97471fdfaf309553f0d12be387a75fe24ba0666f968c02161f00efd6a56046,user
viewer,k6_ws_1247,pts_bdca354c438fd9e4cebab48829a903124d097290861a7cd674ad84c91fec1533,user
viewer,k6_ws_1248,pts_29aa36087d9735dee504268a34b201bb6cc6b49e6cef475abf2d567d9fb2a747,user
viewer,k6_ws_1249,pts_585b16b4cb52869122bb2fac07894596f78951571566226cf1e8046c0aa4c785,user
viewer,k6_ws_125,pts_f7593585612b2f293aa7a62e5f05a559e005b2510e586c575b65a81393fe3099,user
viewer,k6_ws_1250,pts_9af7237fb17a77d4355497e5bea26e45dd75c3b091b066523e89041c40962b7a,user
viewer,k6_ws_1251,pts_889301a5335755b6ce9c2b13abdb9f299a8e62ee8949d173da9e1a0bfef1f755,user
viewer,k6_ws_1252,pts_4f1243491b899138cda87007d8509e48d2f09ab9dd62d8079ec3a70a9a7c84d7,user
viewer,k6_ws_1253,pts_44d1f1747a4e94e6a7cadc4d34ec3fa62dcb358843a7099babb80976530264d6,user
viewer,k6_ws_1254,pts_008200a4a24be4c553fc23b7d3f6491a2d6332c3331a6f4854b7012bcc08e264,user
viewer,k6_ws_1255,pts_23562b078b82a9abb36539aa59f4123b6f432e362e0cf395bedecd4f8b200273,user
viewer,k6_ws_1256,pts_49cdce354593eb5e33facae09c820c4c4c4f79a3ea985d791181d6ebe50057c0,user
viewer,k6_ws_1257,pts_8a2973bdf14b823297c2b0b63927779b9591c023aecfe01daf6d88bc54fe47e0,user
viewer,k6_ws_1258,pts_11c016e29460e670d3921551504060c33d6b70d19e1864e503c8a534db3a9903,user
viewer,k6_ws_1259,pts_f48e4e60373eeaa8a9cb27bee2a44985b49ba5dac5a80c68c90559255aca26f7,user
viewer,k6_ws_126,pts_09b65bfd8f266745fefc563103bebb43a0a82926b433c255a8d1c61fe802add2,user
viewer,k6_ws_1260,pts_834f5d787ec6a71e12f08e8475bfca142dde5b429a3fdeba0d5c03ae9b19d24c,user
viewer,k6_ws_1261,pts_17c03b460d2d15cdd3558e753371974d78ea5fa085c606ba4b7a41b9732a650b,user
viewer,k6_ws_1262,pts_080d03d4002d1a095d2ecc45209ea7456b881033404f4b0898497c7b55363aab,user
viewer,k6_ws_1263,pts_d71df429b6c177a2f9c764660bd9aabb3f58fe2423a5147fb44650c4b68392b3,user
viewer,k6_ws_1264,pts_2f9fa2017dabaec254d7ae32376465de905ed0842ccc2d175a3850d9aa4ea549,user
viewer,k6_ws_1265,pts_58e67fa135f9004aa6993c1b038bcbad86866509b44cb21f125939dcb7fc0340,user
viewer,k6_ws_1266,pts_9cf66d4bc9a5c9422d1e20a3e07b145298714bffbbc23d9bc15bcd36495bc421,user
viewer,k6_ws_1267,pts_0feca2e47ef731a8286b0803c6036564a64d8df0538a6535a3e4601faa3dd613,user
viewer,k6_ws_1268,pts_b41e80a30ee0135983a3cea09fefd6bf3e250fc96e68627694578ee105d0296c,user
viewer,k6_ws_1269,pts_2bc8ca7c027cae2aab29320941d23f9965e44497c5af07085046699711228722,user
viewer,k6_ws_127,pts_5905603b824fb980a6e71a376e40b2fd7c70fc137a205fb8f3c1edbdde1019c7,user
viewer,k6_ws_1270,pts_5c39df8d2a1b2f06963768ffee7b1b47acd89da0d79b489d54493f7f9d2a8878,user
viewer,k6_ws_1271,pts_385dee94eaacb527789fed75457b5f59f9fcbc133b07b9a34d769ad2635eb10a,user
viewer,k6_ws_1272,pts_e1015050fb4fb437bf708231cc1e42d3fed66cb6c67af4fadb686473c2897095,user
viewer,k6_ws_1273,pts_c1f94d563f42d53d8590808c2b3893ff5ef57f52b3554afd2c3a3c8be8c8a557,user
viewer,k6_ws_1274,pts_5910027504bce327e9cbb45cee67690f43aa980609a01feab4cb63fe99c13b6a,user
viewer,k6_ws_1275,pts_5a54d518357298355a03f001ee617de88cc5a51c80efdf5879ad760e3fabb8fd,user
viewer,k6_ws_1276,pts_32d8a39bd3f3e34cc2caa8a500a0d8bf37b74bc002c9bb68217e93478837269a,user
viewer,k6_ws_1277,pts_cf02c71a5cf144753e574025ffc95466455c8982c93fd41fdae00eeb17dc0035,user
viewer,k6_ws_1278,pts_c924373c7727560fa1104015c160d5223a69ebcd2ba965a406112dceac766f02,user
viewer,k6_ws_1279,pts_ac5573cf6df8170badecf036868eecb3f6f3d7c9b0b1d37d03ab090c19c61cae,user
viewer,k6_ws_128,pts_9716f4ba48716d90151542c280e616fc210345c775d8f69e7cfd3dfae1c6dde5,user
viewer,k6_ws_1280,pts_938da313cbfefe5a4194d575d18b282a6cf111c059e97cd8861de4ca0999229e,user
viewer,k6_ws_1281,pts_a1d92834f3578e7732474668f928156f064cd8fcca384e2d0c4727ef9d40280f,user
viewer,k6_ws_1282,pts_d26178f237c09226a7e9d3a1fd5ae1005378b7b41383e19effbfb03647a68ffe,user
viewer,k6_ws_1283,pts_dae18b56b5ac0317409b7a3d5179bb7962068832c4727f00e1247b114dea46fa,user
viewer,k6_ws_1284,pts_1085c55a272706bf02ab47e1a88089f3c85853ab5da6e3ee70dac108ce0dcf5b,user
viewer,k6_ws_1285,pts_019dc9d9d4b2fccc2f54497d6c3c2c6879254f0ec79169e6df37989716dd2e69,user
viewer,k6_ws_1286,pts_30a18b5898c907e95395aef767f3f3f268d8cdd735d7d4037d89aeb7ab117b5a,user
viewer,k6_ws_1287,pts_e1eb3468dff8521d562028f1f22cfdb4651b318211f702d597d3033000e3efa1,user
viewer,k6_ws_1288,pts_b7ac7bc44295163ce26d56dcf38d554c33ac3a43add3297324b9562e486c0dcb,user
viewer,k6_ws_1289,pts_8e129538c97c2bf31b9c47d392990a08a1c483a2c1c749f92a31543e41257af9,user
viewer,k6_ws_129,pts_147b32b4d15c895355857de18a3c5affbcc496359024e0be40fbb056d8667d24,user
viewer,k6_ws_1290,pts_35fef0dd6c67ba81df3472b85b68214c6e257b2ac67b3d4521d955ba6cf586ad,user
viewer,k6_ws_1291,pts_faa9ef57d9d5eeee3b8ca82532127e70fd5eaa83afd1982177081d574e70f7df,user
viewer,k6_ws_1292,pts_853e06acf4b7f9a7d46f7514b11ab71c43f19f4c68ac7ad87a404c625fc8132e,user
viewer,k6_ws_1293,pts_41d88565dcde6dbf814225411e19e60234695c86421e1a215abc03fea52611f0,user
viewer,k6_ws_1294,pts_fd767a79938fdb30ac7c1c16b914b75a398ea6ce090ffd8f7d65694c9e8af620,user
viewer,k6_ws_1295,pts_6a2aca2c6f8e9070691f65a1979e1476d813818d93ebb383cc49ff91935cdb4a,user
viewer,k6_ws_1296,pts_a4b2cf4671cea15fd7c0585dee74a0f838d5f4f0299a352c1f081795d82467e0,user
viewer,k6_ws_1297,pts_1e57938ab6f62ef3227bbb9f1af8f7521ad1774b8440a44fc06c800f7190b9e7,user
viewer,k6_ws_1298,pts_e6d57b79082fa350154451d9e6656811389892a2a31e89a3ea85229778157075,user
viewer,k6_ws_1299,pts_4a2f1aa7f1570ee99d1e11cd17212515156c49b2f1e1b8ee361e99576977e426,user
viewer,k6_ws_13,pts_b4972eead6196ab7c8de2f0fe3be40df64d361324cd6c37a28bf505b5213f1fc,user
viewer,k6_ws_130,pts_960817d855b00bbe584575f0b77af5706165512da63b2891574bb1c31658bb60,user
viewer,k6_ws_1300,pts_40db25b875d1afd0d0d5c937655ae2ac36b9c63f2a0bd2b1cc70cd095c2a09cb,user
viewer,k6_ws_1301,pts_0d75ed6302fce7cdba33e382ad6fb2a8fdf0bc2d22525cc98fc858b42e25dbb9,user
viewer,k6_ws_1302,pts_bb40ef6c3de0df222e8203b7060e5eaf263b3a0667d1406981d409dfdbc3151d,user
viewer,k6_ws_1303,pts_5fc04018c26b59273a3449832a3b5b967ab83524a13a3ddcd49ca73e130726b4,user
viewer,k6_ws_1304,pts_6d8b3bb2177e4c0c862db9c3c02cd3ab9dfa6f89feb49a6ee599e16438176ee2,user
viewer,k6_ws_1305,pts_38ea0d394ea3ca38545fda144c50737e8f1704b24c59bfc8c4ee41231e05e4d7,user
viewer,k6_ws_1306,pts_7cf55b004a86b7215000b6f394ebc96e721e89500800e5d1be5055c3d86810e0,user
viewer,k6_ws_1307,pts_cde80eaf11b9647d51b0cc0e99e25495f241cbd4956e70c27268f9e14ef5d8a0,user
viewer,k6_ws_1308,pts_bae1afa6634618381a7d22a62676536232fe6d57aa15a7f450ba59abc49f5fbc,user
viewer,k6_ws_1309,pts_fd4b72d9fa4465ab1004f6dd73ed7829cffb0eaf14515ca84fa28117aa99912b,user
viewer,k6_ws_131,pts_18b530962dd62fd0ad3db028dd32a99d562ce076b8d4c21cb050fa26d5f55d3f,user
viewer,k6_ws_1310,pts_84fa2fcedb3ba95bd189b79235eb2cc3cdb306a0141ee5a3881aa6d301031eda,user
viewer,k6_ws_1311,pts_cf7a968bd851cc9ebe51a99459fb3ae748e90b8a8fac4033ab081e6616c8e644,user
viewer,k6_ws_1312,pts_e5f56b486cd14bd518616698ef0916478841f7ac54a624d27b0b9dc3abbf6fd5,user
viewer,k6_ws_1313,pts_f12bcb1b29e98ca9535bba047ec598d19baac05caff009eb87b685c6ce232e3a,user
viewer,k6_ws_1314,pts_0dde20d8869cede5a3dc9f6689d64de66032c4423448f47f24a4472d0faa83d4,user
viewer,k6_ws_1315,pts_ec5308e28a7d37d87a824499f453f1825f996205b901a79f9b9f55b898f92c35,user
viewer,k6_ws_1316,pts_c6026006d160c6a62f1079955213b656ae31867ff9e9900011243c6431a91767,user
viewer,k6_ws_1317,pts_e07ecd196c3fbcf5cbcdc54c4fe52d789285d9cadc58c505ad490e36bb46e249,user
viewer,k6_ws_1318,pts_24108196c5104a2ffab0c4c91c33bbeb6793cb85f6c86df20892a5a727952fe8,user
viewer,k6_ws_1319,pts_993ee32ee2644fc356d8498e935daddc5e82393bc6689c914bb82b2de4bfa865,user
viewer,k6_ws_132,pts_446c8f56065f303b605b75f3fc80d36a9c953620bdd615c99055251f69b95dc6,user
viewer,k6_ws_1320,pts_c7048c3a05a8c83de3c5c62b00d03baa47a2939385d8e6ee9c7ae3697914370c,user
viewer,k6_ws_1321,pts_c605a79df4765c79da39a85a197307662d40e27bb65e13e4e1061b3e597211c4,user
viewer,k6_ws_1322,pts_9d60f14a9782820333c855bceaf045da354ce34f2b5e4db218254d44ba36fd78,user
viewer,k6_ws_1323,pts_f5062b7fef53d202ab0802ff0e94ca65a43e1c1a2416e35f8967d9a83c775ff1,user
viewer,k6_ws_1324,pts_d06099e378e060316de58349695fd410592512c3271d9e3d5230a9cd3f99571e,user
viewer,k6_ws_1325,pts_8a4901c8c754407872940bfde6b368f5593fc8935f5dbd1cca73d823e1e06bd6,user
viewer,k6_ws_1326,pts_9fa63284a2ab3e8c93d140a6295c63a5ddd6baad6c4853c4617ebf3b61820856,user
viewer,k6_ws_1327,pts_74702739bc0952823315ce56b6fa5eebf796986602237dcda2e3bb32e8e8c8b5,user
viewer,k6_ws_1328,pts_91b41e1e20530754f65421c5ea3704fc38da7e0511622fceb9fd3658eef55d8d,user
viewer,k6_ws_1329,pts_818e562d3380c4d5782052ae5d24b14745e05032d1453a30dab2d056aa1e2325,user
viewer,k6_ws_133,pts_968e0d284dba81ec2fff56234446d31a44ca3a9bd856744a782a90187e9c792b,user
viewer,k6_ws_1330,pts_8eca6a1972062d0a06f8dbf74b0ac4e22f63cadaec10515fb3725dd1ad0d5b5d,user
viewer,k6_ws_1331,pts_e65b151832d21f14e957d3006a072bce690ced66dc6dd24f01eed3629fb08433,user
viewer,k6_ws_1332,pts_7d3c73fa1b90612d37f1c312297f3263f9db24879c8ce05d1ed65008d6525874,user
viewer,k6_ws_1333,pts_ee14a154ff9673d183ca87bae3b908fef262e1e6a5fdfd1ab40f5d73ccd2f6a5,user
viewer,k6_ws_1334,pts_d376f71ae830951ac1dc6b069c0928f151e4f26d15ffb7604277f3947c14d659,user
viewer,k6_ws_1335,pts_2fee70f0cf4d6196fd1a04bec9ad31718e50e509cd64df33c9b2bf000c621c8a,user
viewer,k6_ws_1336,pts_5d78fc1211d29d4ae2bdb68f4eb1193c1570781afb54d2b2b8b2acbb0d320c75,user
viewer,k6_ws_1337,pts_81146ec7cc58e54ce6f83b81d0aaff249db28f3eb2acf33872786e433807a41b,user
viewer,k6_ws_1338,pts_da6f3bd1eafc222af388130f7fa7ac3d09e2f93de5acc11e0634963f21758569,user
viewer,k6_ws_1339,pts_a7eb9e67475a4ba7b1d6f8055b092e3caf47d4d4d7bd2c31a5fd64586069e8d1,user
viewer,k6_ws_134,pts_a0661a005eb937c734d56a8107afd715579e40d0bf81ee1266fa07f801c49676,user
viewer,k6_ws_1340,pts_35bf6daf83a64580bf426d59eae6464fcd802434819575f1a518ec594a3db27f,user
viewer,k6_ws_1341,pts_f10f89814081619bfecd72dd5403061e3e5c81fdd342fe669fc084761daf8333,user
viewer,k6_ws_1342,pts_d1d39a2b2af7547f354dfffcfd7ff9b2cb6ec9df50b3b774af539a818545a166,user
viewer,k6_ws_1343,pts_ebf3562f988ce409c72e06b5d07e1759b4d38b297ba2dc53e86129bf651a77b6,user
viewer,k6_ws_1344,pts_3a6512e1fb91a19c7d7038cbd09b5e830e6e11dc19cf6940fbfc53be4bcb8b42,user
viewer,k6_ws_1345,pts_de2532934fc99effbe8870435aaa3b3279af810ade01575f0eb8a5dd81644835,user
viewer,k6_ws_1346,pts_f1f7d51c7f57b82fc1cb76730689548a23a7d9ad2a096c6935a93fa5d4c37248,user
viewer,k6_ws_1347,pts_2dfe00233192b04018698fe9aac88e9c47b0cdc0b4a91fa1f526b37a0861fc74,user
viewer,k6_ws_1348,pts_fecd2be60516a5f66f0980155750a9143119ca2d4b047d6125d10a58d3228ea8,user
viewer,k6_ws_1349,pts_a8db73a5600d8302472f5b3206c0877db109e3cf089ae30098f74a395c66f34c,user
viewer,k6_ws_135,pts_d72b090b094312cd31f26cc8f47d360f8e966964c4e98490096d816d2f0404fb,user
viewer,k6_ws_1350,pts_6eb7fffac72be72bbdea319d679e287d65a365e5856304ceb9bb88939ccf7aec,user
viewer,k6_ws_1351,pts_d9dfb3d28ea3b5068a5294d390bd6f76422fbdf2b5b373b6fffbd6f2f7f9166d,user
viewer,k6_ws_1352,pts_2e2586baf98296bacb4f64a6bb98365cebd6745ae63086e3dec50e515c70b688,user
viewer,k6_ws_1353,pts_b26c854ae4a8ca33ac49ea15c44242c7e41f3b55a56473b791de535c18137c4c,user
viewer,k6_ws_1354,pts_4e46239d938f52198f5f0ed7bf76d370a1df894463a8dbe769745b541f0e426f,user
viewer,k6_ws_1355,pts_0ac5fe8544ab900f487c1af2ff2248f0abe89f9d91467240bdbfdc505ea175d6,user
viewer,k6_ws_1356,pts_9d69ac71ba411115f1b98ffcc32728efe239abe88aa61ace90450b414101a75d,user
viewer,k6_ws_1357,pts_a8f76241fe108e0c4916c0bbede45704591fa9333a7e9880b881b22823628517,user
viewer,k6_ws_1358,pts_06e16b08f7a3708f714aa5c54a55e5cbb5e328aeef67fe660cba8924bbc8677f,user
viewer,k6_ws_1359,pts_52f4f860ca88c35ed4cce74728b5eacc4d73103211a3a5811f5b62833ee2b637,user
viewer,k6_ws_136,pts_c05ce15385429e67f02211741aca80dde0488cc94b49b1b0b14f6f8b270d1098,user
viewer,k6_ws_1360,pts_dd35525c024bb115c4ec60a33b8b73873aebead3d617712638b518f15e895baf,user
viewer,k6_ws_1361,pts_bf9af69376deec8afcfa90d00b3085eaa87dc4fb18edd36e282a5d7f0bd77497,user
viewer,k6_ws_1362,pts_ffa1fef6baea0eb581d98d5a749b73299304ee8cf670ea139ba9334b5df1fa61,user
viewer,k6_ws_1363,pts_ea80b3c40eb166f86537996fd6637cfcc987e84a1c6024a7556a1bb516b36bce,user
viewer,k6_ws_1364,pts_5f7d4c839870e950d4bf1827be6e3596663519dfdf16f19988887d94e61078a6,user
viewer,k6_ws_1365,pts_7c78de91fad324c74709693ee5fa649566c03e76f71d2934a3b189e23c3aae9e,user
viewer,k6_ws_1366,pts_b03b78af9d47ee5f22fa66a89ce98667a0fd4a8aae2bc90affc63cb4aef0a4cd,user
viewer,k6_ws_1367,pts_ee571f9a94ced9339e45b8003520c15000551cbcd9dc323276c0c230aaf6d313,user
viewer,k6_ws_1368,pts_67d02be19b6187f7924e703be3b055422217d064eb453c9f54d396bdd2d40e58,user
viewer,k6_ws_1369,pts_6daafba4ff2d2c2d0fc6e637565dfb4a3c280f17dd9a4e0ca19d0b6eb8dbf9a5,user
viewer,k6_ws_137,pts_0a12e45f731eb1425b01e304eed22023711b9e704b5ef3122264241de4f9e498,user
viewer,k6_ws_1370,pts_dfedc6f5a047c1e7f0471a80894b7aa1897d10ce12430789fc496ce6a4d828d6,user
viewer,k6_ws_1371,pts_ebd69f34bf52d080347107bbe701e16ce9bc324f494aecff94400def14724ab2,user
viewer,k6_ws_1372,pts_b1e8ad26cfcbdb3298bf2d2ae1807db02c7a3faeff829ce2f13035b79367e7c3,user
viewer,k6_ws_1373,pts_ef1e1d630783aefa6813de402286cfa4f97bd7460fafd048625998a6f18ef71b,user
viewer,k6_ws_1374,pts_3fd5b3287541c51e2f520b720a03614b2db4a2202a41033d87f18a5c77079a72,user
viewer,k6_ws_1375,pts_82fd043be871a0b9cb49c9e028f68265c02ad494e325527a76337118a3c2a03e,user
viewer,k6_ws_1376,pts_16dde29a04a1fcc8b1a912c9f140e8ebc0f02fc750be25317099bd968a7e1b46,user
viewer,k6_ws_1377,pts_015e25958ffd7e9ef905038038bc5a145bc97a5f3e64546f4eb9915d238c8ada,user
viewer,k6_ws_1378,pts_886d09485e7e243e3464961b9ce482ce327c21fd343661b85ab684d114fc7bd3,user
viewer,k6_ws_1379,pts_2029aee95cb6c25550b568d0a8fed517ee3584cbac110a711fdac990330e3ed1,user
viewer,k6_ws_138,pts_613953230cfef117ba9f0b8b6025e90193609c671a6fea0ab049a7d8e4b3cc02,user
viewer,k6_ws_1380,pts_cf02dbe2006932debf2529834b52324be54998a317f850f6597b3bf44eb73917,user
viewer,k6_ws_1381,pts_082a3bae63dbb87e9e4e19c2adc4deef51918afa77c50459e77c62fcf4632e2d,user
viewer,k6_ws_1382,pts_6f6f051f973970e7407f40c487f841dfab78c30a2a8005785e491af59b6231f3,user
viewer,k6_ws_1383,pts_ceb3fe691755952a713781e7fd2fa0beacd14d35f924189f63428d7b5efed4a6,user
viewer,k6_ws_1384,pts_ee0c1df192acb190baac9fee927d888eba3bdd53f9be53e44111d30eff8318b2,user
viewer,k6_ws_1385,pts_11bc61972d175f718975304babb65251bb9e8cf3d8eead2577e5305e7b6abf40,user
viewer,k6_ws_1386,pts_2950487313c857de4293b534ec3fc28f83e102c947c9ccc7f48941d043c31a57,user
viewer,k6_ws_1387,pts_b0355185b3808e48f313c53c2c0de1c4fe46be0da89ef045a98a2d203696cb46,user
viewer,k6_ws_1388,pts_88277ae26b5407ffc4b287b357752035550afd171e1a1f6bfa221dd2cc9d4452,user
viewer,k6_ws_1389,pts_2f7f1352557f1841cc924c3273afb1a2b45be6c8d058e847005c49f7134c8eab,user
viewer,k6_ws_139,pts_7231263b0c37dc38b5a2d1390076486f00b2658c53f43228e2b9a3b427758a5c,user
viewer,k6_ws_1390,pts_c628727fcde575908006bd9e6206a5bbb31ea8de06c4337f521e73a017a2f347,user
viewer,k6_ws_1391,pts_7b7f663a0c5be4c81ae645a2aa869144042bb5eb486a140379cfb7455656be68,user
viewer,k6_ws_1392,pts_b7435679b3372626d51b71db818c66bc9a0565c8d64417f11e3c48be69a9c993,user
viewer,k6_ws_1393,pts_e86e704d5a58b6e823206e95826e76416d872ad7dd5d2e416c8e5c218c9faaec,user
viewer,k6_ws_1394,pts_873ab1a46dadfe9fd2750ee9431e6e2d348982c2b68f2bd47092f10b464f8778,user
viewer,k6_ws_1395,pts_38f4c9381b4b76f85ab9afbed66ea3bea3097a5296da39dfdc80c0d1c90173e9,user
viewer,k6_ws_1396,pts_0ea4abe6ab3394152d02f597a7281d06586c07225376b30f981179f92bb4f26b,user
viewer,k6_ws_1397,pts_cc80e7d3ab894f3e0b0f7ed6b7f6fd779e0f70d3583a7b0c6e11145117fb62c2,user
viewer,k6_ws_1398,pts_55d851f3bac09c50173bc10908316f9a7335208fa6e280311d4a4990396f7da0,user
viewer,k6_ws_1399,pts_0353ac727c8d82c1cbc6eb3a5a2d655b75b32b1478852889f3778f1154fecfa6,user
viewer,k6_ws_14,pts_6f1ae3ef99bbc0ad21bfb5c50cef50a70e5a2e14b28dcf09d61d2cabce1e4a90,user
viewer,k6_ws_140,pts_ea94518d20bc64538c175a1064b04fe163a8cd0f13377c7b4a4d0b0b8893c9c2,user
viewer,k6_ws_1400,pts_df2731d19a49c6009e25821628506f7ea4d1db66ea1767ef40c0b7032e5fac2a,user
viewer,k6_ws_1401,pts_a35cb106fa740b598f2778f49c1f41bd44b92621809f5063934b1f7d9bda82ab,user
viewer,k6_ws_1402,pts_ad62d19d3816cc855a9a11f0c111e7ae73d299d28bf441f2b4df9ab9464999af,user
viewer,k6_ws_1403,pts_ac9cdf5fa8c09c5e4540e421438b43b51933420e42faeb642a7f0b0d00d7bb0e,user
viewer,k6_ws_1404,pts_78a0c7f2c1891a13d0d176ffda11bfc1c58d95be1aed8c3259aeda82254dd8c1,user
viewer,k6_ws_1405,pts_8b941b1592e00e00f391941fe5f5bb2178481a45cfcd4027b99ace8cac596afa,user
viewer,k6_ws_1406,pts_6e223388bfb1c38d5c7920bc15b96e6d311db52489cf4bb977b4f4f9b00275c2,user
viewer,k6_ws_1407,pts_1beb21b9a755bac14a6959f8916fcdb760d452e00798a1f3ae64456772872d61,user
viewer,k6_ws_1408,pts_1f247cae6601f627e6f352dba6741f5ce06d6e512090687e6b5f93b4801f0852,user
viewer,k6_ws_1409,pts_0f9a4cd92df82a17f99d5eb9e46b7c750ff0ce19574dc9289ffc16882d691990,user
viewer,k6_ws_141,pts_221ed1ccc5530d610d3441f259519cef93a400d61dcb6394318ec58cbc1403c6,user
viewer,k6_ws_1410,pts_63ed5f4912e4553db804026ca49abf92ad76e1722fe711fb22ae257d87bda41c,user
viewer,k6_ws_1411,pts_b2821bc1e80fb0a6463e50c5d230b04d8cb1e94498a8974a4964edffc2cabe7f,user
viewer,k6_ws_1412,pts_e83fe5775220bf853665386d9773fdbd338aec6326c10f41eb25931942e600a9,user
viewer,k6_ws_1413,pts_a61dfe53038c54aa1dd6a8605dabaa5d862ac0c808201b2ccfe767b6165b975e,user
viewer,k6_ws_1414,pts_5784d9f6b230a06b4dedcda70d9506e7ff7e311bb160f01cb79dc5524c7bf618,user
viewer,k6_ws_1415,pts_ba07899cedbe4f2960d1bc86e7a393d1d18deb236432a7dcb0a22778a38adbfc,user
viewer,k6_ws_1416,pts_67bd4146cce19d4ce4d01d75d699f560c10eada01aa56fd1298418821e2ba014,user
viewer,k6_ws_1417,pts_cbff01627f530da6b62a56fc56c8d49eb11f61f3bfaa9cc02f21dd086b2cf710,user
viewer,k6_ws_1418,pts_682a6e856dec3530f1abfcebd1420d6e3deea96e3f7ec78b85eac38f79105a4c,user
viewer,k6_ws_1419,pts_34de4b2e8d955aca49c595434186d4f040116ba3b3f1c0b15dead5cfc6d2664f,user
viewer,k6_ws_142,pts_172e10b6b82f511c9784ffd1572b4c6661f552158d539f012b9c08378187e23c,user
viewer,k6_ws_1420,pts_f95a581d0a79f26e696b15bf385920a760c650e7b782fb9f43a81f1cff135bc1,user
viewer,k6_ws_1421,pts_72331cb8bff5bfae89a5fd96c706cabba170deb006a6a4443d9e98115a792b61,user
viewer,k6_ws_1422,pts_b7c997cd227d98205547dcf37e77655afc8a926c1d2f5ade0501039eb94d76b0,user
viewer,k6_ws_1423,pts_fee305cc1820f2dca8ecdde9e8b05ae0fcdf2c2b5c0339dc88163a87514e49cf,user
viewer,k6_ws_1424,pts_2aa2641ed1a3c84a1d572199ab73a5e86dac5b5fdc33e59c4ba2d44cc9382677,user
viewer,k6_ws_1425,pts_5db6a5d2f11fab2ce1fdb79adb896c7ac4e827b767cc782af129d87022924ce6,user
viewer,k6_ws_1426,pts_b78395f320600698df89e400fe12c3556f061c6d4a9046c5589f68dab35fa0ce,user
viewer,k6_ws_1427,pts_e59d58d4cf1bb7f820e573153f2143ee5cb1dbd1066ee82f65f62310113825a6,user
viewer,k6_ws_1428,pts_9a6042d572e2d69855cdb4a0ed748acc25fd67353f0040038bbe95b841a5f6fd,user
viewer,k6_ws_1429,pts_a00176ee13ebd95e0873dea5606a337f6303cec6d9cc89338bf1e11b86b7fe38,user
viewer,k6_ws_143,pts_dfedcea73a5f527cd9feabdac8a03b824d0eb607bba0b328a33b0df5d95ecfcb,user
viewer,k6_ws_1430,pts_eaa9300d6c184f7b37dd1fdd5cd98867d6a6f8f7624d6a403bf37ed8c39ce373,user
viewer,k6_ws_1431,pts_9e8e37da888396d6a707828fa082d5c6ce27e330181aa23640b9396eaa5ff236,user
viewer,k6_ws_1432,pts_a191c67fb546b3597796c509627e84370e514eb27e1c523761ca731c876dd730,user
viewer,k6_ws_1433,pts_aedef880fe7eb274d46bfbff2692ceb57dd9cb5e6ffde2f08c21f0c807164f5c,user
viewer,k6_ws_1434,pts_002fd9709240161083d1cf3805475b5e81dbd1ba8281ecf95d54b03e27fa0039,user
viewer,k6_ws_1435,pts_912456ee614e84880488cdb2e2cfe5e9b238ceb60ba9ba077b4ea5e820195653,user
viewer,k6_ws_1436,pts_488fb37e2d4efd7b674c631ad8945bd69acdc4b31602b35244a3387dfd507467,user
viewer,k6_ws_1437,pts_6f69378cd14b92886e9d4905259289c826b480ae2c3ad9abac98fffb2c06f42d,user
viewer,k6_ws_1438,pts_a2268e54312d787ec3dca528851c53ef9c08f21d8f72e3cdb6286ff0f8e4a4af,user
viewer,k6_ws_1439,pts_a62b2e613d6149c32b2875b6cfc1c63cf521fbd1e5f78d3886c7098fd466d261,user
viewer,k6_ws_144,pts_2e9e043109ef6586a1868188979d655322bc5174fa12a25a88ccbc9f1b05cf5e,user
viewer,k6_ws_1440,pts_8256d3f4c6e4224ae868a0ef738b83fc674c2be9dc1a390e9360462985780976,user
viewer,k6_ws_1441,pts_d129ac2e54d37b2edf7117557dc5be3361c892350577240a566156185a4f2d3b,user
viewer,k6_ws_1442,pts_72b12eb5e4875004ed7ba36fdeaca72f8e70fd797aae2478819328ca89248e49,user
viewer,k6_ws_1443,pts_4df8736c3c79b62788446eff3ca8f52ba7e19f0cf48a6195484283db98180db9,user
viewer,k6_ws_1444,pts_01ecd2d007ee8fd4bfe26729621b3fa076a39459b1fe88f13dffe0f3cdbc509e,user
viewer,k6_ws_1445,pts_531af856fdf7af2dde1b9ab4aa54cf1116cc3aa5e478d0f3a4887d0b835b2f2a,user
viewer,k6_ws_1446,pts_c5be070199746e49a9d01108eee5816fe28146b6b8f5f0873a35e37ae9715564,user
viewer,k6_ws_1447,pts_477b10bb68fb5cdcf547124c923584f23d1d34efec9acd2d3b17354b44fbc053,user
viewer,k6_ws_1448,pts_4dad6e4c905dd46920d7bf81d7bbc1fdd226be7d998116750e6bb087e2e26baa,user
viewer,k6_ws_1449,pts_62c4d1bb96a51f22f352f66f827e6db6d1190183a3e10c7fbd4db8dc6f8a354c,user
viewer,k6_ws_145,pts_8e129a881d848a1ce3735f093e52773668d33b09ede4591a8be8b2e00735fa12,user
viewer,k6_ws_1450,pts_79c6a3be02d895eac172f955e6a52247af92e833c35b21518aec1f8a79026f0f,user
viewer,k6_ws_1451,pts_18c8555d52c37ae613ef05e00e2c9d0768e5c5de16e1609db1a3e433e652e747,user
viewer,k6_ws_1452,pts_7e1491f1fc2907855dd5232ec78b6e786cda36f04e883982e31a213d48c818df,user
viewer,k6_ws_1453,pts_f7516ff3d3b9e4987b1142f95f6f9fafa82cff7400f33d78db328a3fb943eac3,user
viewer,k6_ws_1454,pts_5f21f905cb9a1bbd7122320b1341ffd712f8e18ac86d9679a88841e5379dca42,user
viewer,k6_ws_1455,pts_ccce9ccb54ca0200df0e32b008470b169c9ed6117a6ad2f30b90396c44da2bf5,user
viewer,k6_ws_1456,pts_f95fd4801fb26a0f1a85aead3bd3818d5be370009e609a1426a44d9068ea5c00,user
viewer,k6_ws_1457,pts_71e1b3d268dc09d1b6a685a280c82d4cdba9fbf8bc8f48a4823bfaabfedf2dfb,user
viewer,k6_ws_1458,pts_9d2a0063446a78ca38846e14599d951e1f6682c79c8d88bcc7db090ba800b34b,user
viewer,k6_ws_1459,pts_903a94896e123563b8984831d179f9c6894ba25de883a3ab99acb35064acb176,user
viewer,k6_ws_146,pts_d45e8273a41ce1b6afaca4fa6c9a013a022830f873074c783f6f817e908746ac,user
viewer,k6_ws_1460,pts_5a861bdf86332137e0c048ae0b1b3ff53dc4c1950d943e88f387d3191bfad81c,user
viewer,k6_ws_1461,pts_0dd7b67e08a3fa250985504223183336527f31502ed7d669c8a6fb909069f354,user
viewer,k6_ws_1462,pts_d6e811bb798cad6013ee955764541f88972f9f80950d790f384f2bebfe0d3817,user
viewer,k6_ws_1463,pts_96e204fb356c374284eef5decd0c9977b4ca2d71e3567926c3db3bed2d6a8f4f,user
viewer,k6_ws_1464,pts_f7221032013379312488966a082c2584274d4e510146c469a1355a633dd34631,user
viewer,k6_ws_1465,pts_a4ff73d365de815d904c9bf2c7df7a0c9d2306dacc4448e401690e85ab0bf452,user
viewer,k6_ws_1466,pts_6df0dd542664e9028af647e5f710c3dfc9910cd092013a4420c41a9afc3bb39b,user
viewer,k6_ws_1467,pts_f09a0fe8a4afcf038624c656ed3789e30888e41184849b7ced9c9af9598b4998,user
viewer,k6_ws_1468,pts_ebc4b66fcb26e35e11e5bf5a23adebbf0c3b51a77bedfb07ba2a26792ff9327e,user
viewer,k6_ws_1469,pts_6ad538aa895ee8892c15aba6375ec531fdcb7149f69c85c27858b2abe06b6c9c,user
viewer,k6_ws_147,pts_882d36d374dfb949eb32aaa2c6a19fa656b3e0f5ab550efadd7051275757de0d,user
viewer,k6_ws_1470,pts_2c09c6579023ac8be8fefea46e4152f5ed42b5263737429da866baa19275d0d4,user
viewer,k6_ws_1471,pts_a00300067eb3b6bab06f8f34d48efafc49e98b9eca19e59c88bec620e62bc215,user
viewer,k6_ws_1472,pts_a8abed1f69660b89b80d81ffcd87d3c29ba19452f4b82ce87efb55ad6d8e8d23,user
viewer,k6_ws_1473,pts_643d53f895d21b85356a476a29e47b4541fabb490d1fcaddd9e89615734b0c3c,user
viewer,k6_ws_1474,pts_c6ab1e28b94ca79d7221a121c99a1d11b8df82ec614f9523d2bb7e0298a6c003,user
viewer,k6_ws_1475,pts_6d43b696c5fb8cca8c72a512f5ebbec8eed3e739fd60b5b29c72f5d9cb1a7756,user
viewer,k6_ws_1476,pts_abe229b910ddb1508aac98066c1272c6c79fc6581aa7b0dc00b46608d89af7a2,user
viewer,k6_ws_1477,pts_7fa5323e41cbd3c9f86236cb389cf091969b376b880c27a5631dbd4a61a82126,user
viewer,k6_ws_1478,pts_5a9fd21191c8c1b72dc0f36f2f9d42c43361eedec5434836cfeb006d064929b7,user
viewer,k6_ws_1479,pts_0f5674afb5df3e789dcaf030968b0661a2f72074922778743bec86b14fd962f2,user
viewer,k6_ws_148,pts_7bce26b401787837ce63ee5c36a06f8c633ee3d72e18b8c0d41f3dfd6555b161,user
viewer,k6_ws_1480,pts_65f9f96f30b6d7c65f8c55d93e532922525893fd9705561f106c065289513798,user
viewer,k6_ws_1481,pts_38349edfb26acfad9a328d51b1efef646bbea4e7f6103acb8505521faaf7c615,user
viewer,k6_ws_1482,pts_99041152e6985101130716094f20006aa9203ae7bdb851d5bf402e3e38742e0c,user
viewer,k6_ws_1483,pts_610375ffb9c94bb65d8121c658e98a2d8b46bc99e03c7b3a4b32ce1aad10743a,user
viewer,k6_ws_1484,pts_c9d16a5843b373d5758d93ab9d25bb779b94f6b9929ef95de87b4ea3dae731c9,user
viewer,k6_ws_1485,pts_3face8f2d3566d453718cf3e21348dc7eb00d61d23192613a9f2d325f07e9019,user
viewer,k6_ws_1486,pts_ff4695419d1d1bf56de50a19b059cf45e8a8491aa9cabeecb4170843d200fc7e,user
viewer,k6_ws_1487,pts_37102cb10e89f04709eccf06b9316260adeca2da28ce50d268ed9f93595ef9e2,user
viewer,k6_ws_1488,pts_85692491fa5144d12f374bd602c4b6836f57795935b9bacdaa7da90bda571711,user
viewer,k6_ws_1489,pts_72e82943d9dc67a81611366ba3e61787aa280ba2d98ce2885ecb44eb4de40c00,user
viewer,k6_ws_149,pts_6fa5e84907dbcf9f133146eca8774b75ed4c62630ae9e1bbedcb663d42003938,user
viewer,k6_ws_1490,pts_5679bf0a4fb3e01de776e55f65318732aa12c2354dff813241a7f48809e76e8a,user
viewer,k6_ws_1491,pts_5822871c74d581fca97297a64c91490d81160d110bee7670254d13c196785983,user
viewer,k6_ws_1492,pts_c77fd56c3a0e0177590d068f9c078422b2274b14f510c69a77afc59fa7841afe,user
viewer,k6_ws_1493,pts_434573e3ea708a7712e98c6a0668db30d6121e8df3dbd78a8dd1636fd0bab6da,user
viewer,k6_ws_1494,pts_c5644347066e3ceb0db1371212920659de54464caef12ad0174bc67cb4319a59,user
viewer,k6_ws_1495,pts_c5de2bd4213501f0b59f4d4a2cb6f9e5dc883fd1decbfcc56fd27e6acb3a5210,user
viewer,k6_ws_1496,pts_a604511162820c78ee2f55dcf5a71400896f73e7adf3a4acd7d7e3e384c62e62,user
viewer,k6_ws_1497,pts_11895bb5d597f1c1598692b598cc62607abdafd75188848d565da7c4709ef61d,user
viewer,k6_ws_1498,pts_995ae259457295ce07e79cc088d8a8aaf719da2c89d18a71b4ae6bd53b9a7b9d,user
viewer,k6_ws_1499,pts_bd1909fd909bfc906df35c86a1bdc4c615ff6ccc282a5b9681da8fb9156e71bb,user
viewer,k6_ws_15,pts_82a70681f1ce71b2312a4cdea16e61d630dda5a9ed25c1363c8f8b8533a0685c,user
viewer,k6_ws_150,pts_4c8e0b732d05f1ff484ae24dd0d7e08d3e6af4a16eddae6e8b48ca39998e4012,user
viewer,k6_ws_1500,pts_5ee0a5a94d0f7d1579b06e1dea83b378946205e73b4a8ec401562d4f7d8ebc09,user
viewer,k6_ws_1501,pts_6be27182bb1136f5fdf2309656fbffef217cb0a7b8b0b1a59542d5ed9f91f088,user
viewer,k6_ws_1502,pts_ba8eee3e3af8084404082775140dc6fc1d05700ba8b7e280ad71a6c7c0411ce4,user
viewer,k6_ws_1503,pts_15998e6443d231f96f9b23a26e3c5e360a37d3cf2b19bb5318447955eb73f40b,user
viewer,k6_ws_1504,pts_113d60117aecfb0f50a83aa7f40cc0090d30d9dee779e138da2c0df465441786,user
viewer,k6_ws_1505,pts_f71357057b3557a62497690c727fbbf74e3100a74ae9b4cf4c90f151b31c895f,user
viewer,k6_ws_1506,pts_24e79a51ffc6c7fb66d18b5d1fc71f4601be4116238b4f9bf0ea24db6bcbff8e,user
viewer,k6_ws_1507,pts_8a5e510497ced5aefc21c0d22b4e927d448b53c6112cb98c602d45f33c29ba54,user
viewer,k6_ws_1508,pts_fa3360fc6c7cc736562d91a4acdacc87c859591e051fbf877c7b7ffd3b45e819,user
viewer,k6_ws_1509,pts_ca6ceba9d9fc13684fa678097cf57024fbe6cdfd093d8da5e246c11749a7b76e,user
viewer,k6_ws_151,pts_3615505788344cb6a9d9e396835032dca44b313e87380aba3023626043a0e185,user
viewer,k6_ws_1510,pts_75a45e78f39f7cccccd5b55a1e8189d9e43aed65ee42bf3ceb629405d01cef1e,user
viewer,k6_ws_1511,pts_65cdbcaed5bbd7b3f46e1b5fe9cc4fa51da63c1d5501f370a41c99aab1c2c2ac,user
viewer,k6_ws_1512,pts_526224e4bb87141de4d690aca1b14fd66f1eca26b1f0e52844c39ab768c209f4,user
viewer,k6_ws_1513,pts_c59d09bf5a1f5ce60f9ae50c2bb7e6f6fe981dd45e97440e3e6ed6c8bf465b9a,user
viewer,k6_ws_1514,pts_28a548d9812dd1e1766983e493e13b57e01e129034b22ae70c6bea036613e80a,user
viewer,k6_ws_1515,pts_84c4367b348b112471439284af0940c4866788605f78598ada4222bfc37248a4,user
viewer,k6_ws_1516,pts_876c32a56d3a61e5f1ee0c8b653737517272ab65d203067238ef5e9fc08b6729,user
viewer,k6_ws_1517,pts_b9a1a9e7faaec5c04b62fabb7ecb439dc7c8c60f9d738fff6bebdae26884bfe9,user
viewer,k6_ws_1518,pts_70f18c8826d9478f5ee58df39ba646b2761d18f2c0f54347804cb39ad6db9c12,user
viewer,k6_ws_1519,pts_27edd2309af2f161052855ab775255e7035cfd5743045a47010ef7b63c039969,user
viewer,k6_ws_152,pts_7f04d65cee2c016494a7c14881057ecfb247a34fa57f98c5d9efb3d483f6e2f5,user
viewer,k6_ws_1520,pts_c058b49b2d6d536475e9d720a1d1cb5aaf61a0a6a2d6b141827ba91cb02cbc6c,user
viewer,k6_ws_1521,pts_8f023a7a093324ea57d8dd308e818e7413a281c37f735cb1fc7ab06e0a1008b5,user
viewer,k6_ws_1522,pts_1ab624d6006af07e9e0d783a6e3ab986661ef8a3ba297b06aa39ea1ddafafbe6,user
viewer,k6_ws_1523,pts_8c2b349675a56b2c1086b0bf07e67855571073d7688b373e0dd406709db78740,user
viewer,k6_ws_1524,pts_5c6f7616d54261f36b10785ed90317a21b7d9beb80d09bb5a008f1ad5be8bc48,user
viewer,k6_ws_1525,pts_2d915d7aa134abb37c499a89880f051d32abd87a8865d6e666c9d1ceea426173,user
viewer,k6_ws_1526,pts_6a33b2f9db5c6b546df70290625233ef861898a35dd048fb5a1a40c3244d5d3c,user
viewer,k6_ws_1527,pts_d5d1df42a520f003bf1200b4fb7291412cbdac868dd45a9cffbf8ba7a0f8dbfb,user
viewer,k6_ws_1528,pts_1f9ccfc2e5442bcd9d6aaffee90d4461a6e23909e5dc067cefddca1d90e3bde5,user
viewer,k6_ws_1529,pts_13786b35af6b968e762e0a448034a675dfeb10a5a764587773f082f0a4925844,user
viewer,k6_ws_153,pts_70282f3fc6a93f606668908b9985faadcc16d26cc6a42fc7f7b367174d2c0eeb,user
viewer,k6_ws_1530,pts_73dfa5f9aa31f341abaf25de349e57519913e976bf2bc48a12d20e488d55860d,user
viewer,k6_ws_1531,pts_fec70936b62a50a639c1e0b54c57c3d7c80084072ad4a5b05efef9e83bb7b50a,user
viewer,k6_ws_1532,pts_f47d05063236a127f638cc6c652ba1442c8da00edb74e5e64f4a2cb70de2afd2,user
viewer,k6_ws_1533,pts_14e8098a9d1d38a2204febb4827167b4b4c1c1ca0e9f56b0c7777ed04f4c8f67,user
viewer,k6_ws_1534,pts_17393459e3d661c430d918ae885115969ff234d527a6a44371e4d9a60dbb1d94,user
viewer,k6_ws_1535,pts_a57e7550ca44f24153ab0e6d806442559ebe73071e9b35d10eb72f81600256ce,user
viewer,k6_ws_1536,pts_472775b14ad9c360916a25c7780a249f33aa0f4f041dfe4648eed1ddc784f795,user
viewer,k6_ws_1537,pts_0d29a78b76ce8e936ec9cd1a37c23691d57ea46316b28e5eb7ba35a2d4c3e606,user
viewer,k6_ws_1538,pts_b60becb84156a2265fae5d9ef959846b0b7bab48244413576c79617fb77dce37,user
viewer,k6_ws_1539,pts_ef561d269e1b50d25e6a59f4cf95d52757dbb10d03d1fafe583fa3bd0ef9eda7,user
viewer,k6_ws_154,pts_f9e7f59a1c3690784ca4668a971f056d6f3cce2f5fb58489681119516e183179,user
viewer,k6_ws_1540,pts_3fc3402d87bfa557ed7965f579eb5c61c98577a07a14a9901ffe188962e276ca,user
viewer,k6_ws_1541,pts_e6096b5ea0b0547de8016f1c187ee491438057485a2bca6bcbb331efd1498710,user
viewer,k6_ws_1542,pts_2b56faf6069a20cf586aad44381d1281f8633a2566910963e70690969fde55eb,user
viewer,k6_ws_1543,pts_db34267638158f0f7b6386a06e82f9033712b745d82cf4ee103329d2ffb5a6f8,user
viewer,k6_ws_1544,pts_fc8f62226e437128a6ed54566f8afe62367de785a5eafead73f9937fec9da2ce,user
viewer,k6_ws_1545,pts_e1beaa408188d273d80768c88b264295fb46368396828d6044df6e1a96fdbd85,user
viewer,k6_ws_1546,pts_2c95732b887eafe058d7456f0082fcdf0ed0d88a735f265dc9a30e0e0c128279,user
viewer,k6_ws_1547,pts_06fccadaf6c10fca6f906e0ab6f5c0995757c32ef6c531959faa6da88b18ce61,user
viewer,k6_ws_1548,pts_b51714fc4426c337d7c0c6b8a1838828e7e31a683a9daee1332cc8b2b291b279,user
viewer,k6_ws_1549,pts_136e761b9d20f2b2e25795e70a96573969d795e0033d17f5595fcf14e6676f66,user
viewer,k6_ws_155,pts_501a931e3046a322fdb2c0435b09fa3eabd70b028609a962a52bba2b4b7f6f96,user
viewer,k6_ws_1550,pts_873492c44ebf04c8b9f6ed3d319fbb02c0a8e256cd6a95f593c83967aa21087b,user
viewer,k6_ws_1551,pts_c854330fc6d33b322c8acaa95d914dc2093f0dd2196d6abfc54921fa3b082f74,user
viewer,k6_ws_1552,pts_b2606df337e2f431e35bd1fecaadc9586768d51747108dc5eabfaa86bd778dc6,user
viewer,k6_ws_1553,pts_347e28d69cb06d9f55917bbfcd4f02484a4d7f2f134493f20c88e73f3549653c,user
viewer,k6_ws_1554,pts_5947f6d5c21c834a16d40f2d94a1299a0f68a7aa3b080806dcaac2e53e02b498,user
viewer,k6_ws_1555,pts_36964c9cc368c2e119d0d5afed20119723dfc654a53a372728034a645d924c94,user
viewer,k6_ws_1556,pts_c86cdbb6601582de0c2913be298c49ea46f9ca7737a308316cbaac4f7a2e6a30,user
viewer,k6_ws_1557,pts_0d7ebfa951b78ae561c65c2c49b6f43ba2902e74c6fe3669411e67a5bcd3f80a,user
viewer,k6_ws_1558,pts_80ede909afe7480c6852dac3ae366b8b42b291f91773b45a1669b8a03ed99ec2,user
viewer,k6_ws_1559,pts_44505103bf8a1cd1966027ef07879dd102cdc6119bc2ed97f497592c1d4e105c,user
viewer,k6_ws_156,pts_83d7cac45aa2a739af2fec32704b01c04d4d6ade8ca614d2b96386ebd6079176,user
viewer,k6_ws_1560,pts_58a2cf908c39296367052d9be3abff626a145b935d8a48208de8911e7c50f80b,user
viewer,k6_ws_1561,pts_ecdd9700a0234866bb54e24d3c58df3ba9b77b56a031590b306e125705a1a1a8,user
viewer,k6_ws_1562,pts_f02aced091db0b027aabc277c6abc7d5922b44baebf64c093319fac274aeff28,user
viewer,k6_ws_1563,pts_4a1ae4053e0a1f6632cba38e5ba43632e44fb671a91b94db30d3b57d06e5230f,user
viewer,k6_ws_1564,pts_4b2c554ffa72abe4eaa932ac46ec6a6835134892a91f47353b72f3a9f8a41ced,user
viewer,k6_ws_1565,pts_a9f3e16a3f27f47a6b1840e42c1bf02801f7322ea86fa1b1113a3e8158863783,user
viewer,k6_ws_1566,pts_237e4950dabb1bf3af51139965ffc442703608fc6cbc1870bbfe4a210429b0e6,user
viewer,k6_ws_1567,pts_8f80543217dcab39d05efba2aeeb0b2be135a65f10111efcac520f84e3fe921c,user
viewer,k6_ws_1568,pts_fd2798c72e1a0cd2881f568287c29d0ae1051acaa51a6ad7b4290728ed4d01cd,user
viewer,k6_ws_1569,pts_005354ce1b325f1797cebfe5e1f452cdfd8057f8c2f5663e68edf272fa5a76eb,user
viewer,k6_ws_157,pts_3e2d19a87277a8862e7a70723b35dd2845da226eba1ab049a87f312c28d61979,user
viewer,k6_ws_1570,pts_576acc89287ec7a4e0bfb314640a5a0171aa17c9824ee933a0fc05e193d72686,user
viewer,k6_ws_1571,pts_dc4f70988a83ee684324346c1982356ddb7b9825938996691e46dee468ada10e,user
viewer,k6_ws_1572,pts_e00bb50a25403a6057aeb83e0deb017572fc3c753f26d73d57a7a9922d0cd827,user
viewer,k6_ws_1573,pts_0158ed3317d16d251a4b8d0e6cf91bcb327a8546768e77593dc425d56d7ae070,user
viewer,k6_ws_1574,pts_1901e565e9914dff3d08c56065bfcd81652126ca317cdaaeb0cad111c419d4c7,user
viewer,k6_ws_1575,pts_690e7231389192c70cf7a927ce2c7fdc9d635420e5563fa2788c9b6a872742c5,user
viewer,k6_ws_1576,pts_82ba723ce888ff491f6f97ddcb7dd92fe76c865332291e37d62b1e6855c8dab6,user
viewer,k6_ws_1577,pts_2e1d7f6e094f231724be2b6229698b853407516479e4b4ccb55d562e08794fe7,user
viewer,k6_ws_1578,pts_2128db0e19b92704d1047ad375f5ee08593bc97168fac2bd46fc0ceae9cee868,user
viewer,k6_ws_1579,pts_e177868eec3e6d9e6dcad3fe9775a6d438226f50c586e188366061cd1e10a132,user
viewer,k6_ws_158,pts_1d10c606f4608bb3776b15d01aa5c73f40fee43e27b89cb5edd2e4a65e6c3f44,user
viewer,k6_ws_1580,pts_46ab0d5db5ad0cb2ce532a68f88d69da0baaa0d0132c1be23ba0bc3100b27dbb,user
viewer,k6_ws_1581,pts_614797194de4a314f7f1727a7515f5d91b789d5b9d3e9a0174d2f73e13f76d9a,user
viewer,k6_ws_1582,pts_ed711d1b8b17d3daf578aeaabdaa68944f5c4450e2a9809d818f779a620d3596,user
viewer,k6_ws_1583,pts_956c6a5ff6994a260a3fcfc0416d37436f2f4907dedcfb724ba0c0cbe3d2ff3a,user
viewer,k6_ws_1584,pts_d778667ff639115e809f066022810b3b2849b6f4be111585099b3fab626b0869,user
viewer,k6_ws_1585,pts_88e96043dba7c41b93a69a4ee8f4bb26d359eb496e097055994b6d9002577c37,user
viewer,k6_ws_1586,pts_4574cdc534fa3d0acee33233ffb4a6aebd2a9e5fd83031ad3a18418ad6815d6f,user
viewer,k6_ws_1587,pts_ab3ab89fc3d441534e45e352cbd0910dad9abb96788a9a00cb7f8bb187908579,user
viewer,k6_ws_1588,pts_8bd200da0b0134192980a1083c24b599d42a99b795fd4d4ab49ff66cea00a09a,user
viewer,k6_ws_1589,pts_7992b2cf11f8a96db49f485e3ee71efed1999d16199dbc3e5db00f1aeef7a860,user
viewer,k6_ws_159,pts_74b460ea3344c69e9931aa0dd8069d25c9e9da603a9b4ac54b1699d2d7a2c1a6,user
viewer,k6_ws_1590,pts_183d56810a4c002686a3a1ce37f16bf6d1ca301287f3bb4600c220d25c4d0abd,user
viewer,k6_ws_1591,pts_813c79f7742c7af0762df3b3efc9baac157eb86222da4dfdba47568ce3ddd71d,user
viewer,k6_ws_1592,pts_e2ae0d76d715afa3b0be71748139c18ffbab119dd21ac1291c89af8dc392fbae,user
viewer,k6_ws_1593,pts_dfa2f0d3092d9100a303378cc68df5fdc9f86eaefd08b04503f14eb6020ac855,user
viewer,k6_ws_1594,pts_c106e4a715bc2a1baaf244a706ffe2e03f555dd045df615498bc3f591b294601,user
viewer,k6_ws_1595,pts_f7894d0ecbaf8acb42f17c9448087b817bfec9f2c3730e018b154e0aa89373de,user
viewer,k6_ws_1596,pts_0037b7dff1ab8cd566d180338073d6427e2c71018b2ff1f58998cc81957a8645,user
viewer,k6_ws_1597,pts_455b871ac10322bbe37ce7b571ce5ee06b5b93fc713ce889f53782bcbc041b01,user
viewer,k6_ws_1598,pts_954be250d911edb4cbd5aa29c97cb0407451444c9dfd38abb5292305dd8ccd54,user
viewer,k6_ws_1599,pts_998e54180fbb0ea5a814690e3bdb95044193558db3c22d35b5f135d0781936e1,user
viewer,k6_ws_16,pts_0c976a02914dca507fba0391630905af4f9efe54c8038f4bbd070210b7373bad,user
viewer,k6_ws_160,pts_7b8e9c85267ffef423a6519a81e4db62a6f16a2331ea769f3004a310ff725983,user
viewer,k6_ws_1600,pts_a653f9d7b11648672316da1b8a98b90858f56ca1a81b9f56a27a7febec2d8b26,user
viewer,k6_ws_1601,pts_950bfd20cc29b15953277bc87db2124f92f4d8405093cb4cfcc01529baf5d540,user
viewer,k6_ws_1602,pts_2fed3e836328e57224d9c7af2eaa84e50a2ceed076b535573ed4428bf50cf805,user
viewer,k6_ws_1603,pts_eb85149b798016a3c20e494d5c9f54c8d2d1949c842a4552a1e1bf7505ebc1e2,user
viewer,k6_ws_1604,pts_a15be493a3bd5795a1cf54681227a9bf3fdcbcdae604a2fe74ca249430369d84,user
viewer,k6_ws_1605,pts_9ea32edddaf171554a02b231b35737b63bcf29d9e1122d5c0d7923588f2df5dd,user
viewer,k6_ws_1606,pts_b4b11a0b3886bb5b93d120cdbb4af872b0ae6b4b7612feb8311a55e2900b0069,user
viewer,k6_ws_1607,pts_a05f162c4932a6b8f7a0fdeb9200de18d1eeabae4bd02ef80a2049ee98b2ff50,user
viewer,k6_ws_1608,pts_dfb2587f2cffcd1f36b6cd4e40afc96f5af523eb90584cb53ceeed02057c3ee7,user
viewer,k6_ws_1609,pts_2cbf201b618f9d7c4e86fc27adce21dd38c455d69ce0f8e23ca89686b583dca7,user
viewer,k6_ws_161,pts_0220c2f96fffdc395ab4014afe6c502634ff9a8cda81b160d31723734e08f51e,user
viewer,k6_ws_1610,pts_e100d4f3728783722bcb81dbaabde6710276cb5a751131da29c1465cc0210dd4,user
viewer,k6_ws_1611,pts_f05db835151b937f40dfd5b7b641bce2c1e08a876508daf33ac95a2c22962b5d,user
viewer,k6_ws_1612,pts_c6c1991d6bc73ee27c980879d3a72d509ef1df7519d04b5b6c5d2bd346b21dc4,user
viewer,k6_ws_1613,pts_c4ed5999a3ce397b18f920551e609d652275aac8b55d053d85f919c11dc3fcb6,user
viewer,k6_ws_1614,pts_110d43095620e2777ef734455b3c1c6af959a7600ae17c2a0446808115e5ff0f,user
viewer,k6_ws_1615,pts_cc05106047bd00c3fe23fb1235470fcc16eda40a118ec4a9b805909d29d7721b,user
viewer,k6_ws_1616,pts_e0d91c47238c0700abc58c95918ad7e6d3fb8f9a9df65d14323919e9a81b84cb,user
viewer,k6_ws_1617,pts_8ead2e610332650f763335aadab37b9c2b0b0e1dea448d78f58ead74f05879dd,user
viewer,k6_ws_1618,pts_0e82fc4eed25f4d14f90a16d6a401a5a7dbd5215af77e8b910a38673f768dbdd,user
viewer,k6_ws_1619,pts_dba3f79e6aaaf39863972dbfa5fed5efe80b6aeef91a9922dfa1d3567e05c821,user
viewer,k6_ws_162,pts_ec2b767db9f9dd46fec4241ee0a1401f86d82b822cebdf90cbb20c1dd1342649,user
viewer,k6_ws_1620,pts_c2b82ed70be97e979aec6326f056bd01fa2adf778f880b4462515044d2addc9d,user
viewer,k6_ws_1621,pts_0b0d0ab0235d7c849e1510edd3ad12544b4ff670afe4f5d06fa5760b224f091f,user
viewer,k6_ws_1622,pts_dbf7338f3b339e99ac8abecf53a84e9fb52fb9f8a101ba675c2c0c364d8341d3,user
viewer,k6_ws_1623,pts_8ed2de7bf877b840919b9645855152013e73bcb75939af1f7677a54f0c3e205e,user
viewer,k6_ws_1624,pts_753c180f1d0d3a460295660f9a5e25460fa866d65c1575897bc5530dd06c59d9,user
viewer,k6_ws_1625,pts_904241bde45fa9ebcdd7ec2cfb941be92d793b2a6d33d39b4be03a0dc2b118ad,user
viewer,k6_ws_1626,pts_70102238de81a464e73bf1aca87fa923b49a4e96d84a9ba0adab5a5836242929,user
viewer,k6_ws_1627,pts_2784ee10f5bbceb2ab0e1cb49a686f05591a8e2588fe975867106bb820afebdb,user
viewer,k6_ws_1628,pts_578b796e2f769a8e02bd1053abe2ea9c61f74877e711575210b119f1aac6b120,user
viewer,k6_ws_1629,pts_882c3ca951784021de75f0cbd79d09bd68a32623f81d7909fba56072c125d26f,user
viewer,k6_ws_163,pts_941ac99200645a2750a776c3662876726c670dc6ad4677c756bb38d4abca7e5b,user
viewer,k6_ws_1630,pts_8d792441a39140ee799e5a043be0ac4475132c3954a4e09b941017da97c08ab1,user
viewer,k6_ws_1631,pts_e8e0e48afc7ae3dddc34a08b44566dfc8481dfda6466fa4bd1d14ee0d5cd6a2a,user
viewer,k6_ws_1632,pts_c35fc829e10d4813f33b4a85f2fd3d92b1a3bbde3771d54b354ae0d5a8c3454f,user
viewer,k6_ws_1633,pts_9c8dda71a9b62e943dc065c966c5f04f212b058963c5b5e043c814b581eff689,user
viewer,k6_ws_1634,pts_47237da82bb9ff760cc041c587b47d9ec2416056269f270e0a3e6a5cf7a80189,user
viewer,k6_ws_1635,pts_168096813dd7c53df55a63e59fb1e0b02c60b1abe35904ca4f16b91e92bf7194,user
viewer,k6_ws_1636,pts_49ed257e0b69dc1277521c530b1d933234ed5428b935c1757685312e89675e3a,user
viewer,k6_ws_1637,pts_d9428af5d2fc79d9bc4269e3d79ed6f6af38c09291917ec3564931f9785826a4,user
viewer,k6_ws_1638,pts_666e7b89b436b761ee1a36ae97b29eeb2b25c3f41529f1d92ef3a0067fd494f3,user
viewer,k6_ws_1639,pts_7a906ed835800f105065c824cb70d070251e62616a0778ea5e68caba94434b71,user
viewer,k6_ws_164,pts_394a6293e8079425c2517a6c5c0a16869defeb1d05bff2db5ed530c154671c26,user
viewer,k6_ws_1640,pts_0aa9deca27154f033d81ed7927954c144a2dc97a3e1fadc7c147169e39b4626e,user
viewer,k6_ws_1641,pts_719240f2de33e321e3401fedf3d07646ff17700086fc0e968de36774cbf3bf1e,user
viewer,k6_ws_1642,pts_a3c09b56275b2ca713be37403a5b3e548d12c231c2790ce62c68e86595f6dc04,user
viewer,k6_ws_1643,pts_509aace8853d6c82e76b32cfb80380c7fe4d0df565d396b79c785d27f869f5b0,user
viewer,k6_ws_1644,pts_7c1840cf62481ca0c80cd2208edf9dfef4c7387d252558fc8005c603502e206a,user
viewer,k6_ws_1645,pts_bddb470228f4534a1b6077cc64d56e0c2e8d85cfe3e688c6855bd628402ec012,user
viewer,k6_ws_1646,pts_b7fe3bfaca2c9da5508b4d371f191a52838553970e5d8c8a80bf241c2d8697d7,user
viewer,k6_ws_1647,pts_b4616720c12f2bde1e2ca3b5301fb14ba63a42b51c4e65f0f7a28a16689a9bf4,user
viewer,k6_ws_1648,pts_011e12d6d23a20cae5bbef0bb5ab90c77c4191dfd525c5906b70757ded9f4c5a,user
viewer,k6_ws_1649,pts_ebe9be8f13c30667618d164c7163ffddab6093391a53c488cf1ef792927181c3,user
viewer,k6_ws_165,pts_a0615f34bbda456306a0b9b72406e5d12e230933f1f922ea5f36da0a0801c303,user
viewer,k6_ws_1650,pts_30955cde8768a298c7bb840225838ea6e7ea3621e62009d8489dd12dc0f899b7,user
viewer,k6_ws_1651,pts_b5fc6a441fd3773343308652483788e38aa08b321224c965916792f006430afe,user
viewer,k6_ws_1652,pts_cb0002dc64c6c3d14a73fc6aad2069e1bb888dc21e7784aa9563f89087c32b16,user
viewer,k6_ws_1653,pts_b630c41a1faa3edf6797a57c541aacc61e29cbd0d4765fec3fa8ba451b7b0b03,user
viewer,k6_ws_1654,pts_9940b4215c3b0e0904c29649d5b3c1eedb76da6d43d35b451717e07a4a9e9e1e,user
viewer,k6_ws_1655,pts_4a5a9db376f48e7d4134624be90ca198dd730450d11133681fed38c2996bb12e,user
viewer,k6_ws_1656,pts_e49b679c242e0da5e43b06da5c01cc1915a082419ed610ddb9c144ff30678464,user
viewer,k6_ws_1657,pts_9711fb4bebb8fc561f455fafa47569dfab482f68148aa5ed041ea9baae3612a2,user
viewer,k6_ws_1658,pts_53a4b3a4f09610137c9ea2247cc5a200d0bdc858ce1cdaeda551c76977cda943,user
viewer,k6_ws_1659,pts_080d676da0fb431df9e4de536ad0953699f775e25e41fddb4f93129537f0b83e,user
viewer,k6_ws_166,pts_0cb5c847473b41b66ae4cbb37e67f5e4f6633df6559ca183d1a40afc51bbf9c3,user
viewer,k6_ws_1660,pts_436c00b9d2ec9c393c5a9c6efe191b18a73019c1cd8e522edd755780ba875316,user
viewer,k6_ws_1661,pts_a3ce663aae2a59ab7a728b7c68c1dfda7d73d35999324aead7a03c4d212c82b5,user
viewer,k6_ws_1662,pts_ae0df1182994360542430937e34cc8f9db971de462c679340d329b08bd5d62d4,user
viewer,k6_ws_1663,pts_16ef5a3cedf0ac2d778d6a0678f04216cf45d2504e10b8ce80932f8c8406c156,user
viewer,k6_ws_1664,pts_50856cc6ca02dc7c747ea998f26e6f3a344c63622bb276028b94aa02dc50200a,user
viewer,k6_ws_1665,pts_5f032ac4149994c7170c24b6c098fe8e0940fe012f2284d203730b983f3daf16,user
viewer,k6_ws_1666,pts_2cc3cd465af8d54168ab1326ec66a8f60daae7e6ca419c877919835fa5563cb9,user
viewer,k6_ws_1667,pts_a7774044261a10e38c91a19d9c9fbd29f5cbd04283bb5ab499e79d6c35c89fca,user
viewer,k6_ws_1668,pts_1f09ad7422777bff56974e5fc67796eadcdfc19fdeb462a5a7d8de4b2bd28848,user
viewer,k6_ws_1669,pts_13abf6a05bb0d11505dae51b0cced438c250c43ac52e2e7ffe21e86f5f7d0b09,user
viewer,k6_ws_167,pts_238a673181a697eeff2d9c272e0ee2b3705243fbe0109947c0755288b9abd88c,user
viewer,k6_ws_1670,pts_db82f2c6e3b72dc68ef200b1f80b197c542705111887fba7192744d3d2126766,user
viewer,k6_ws_1671,pts_92d0c1d9d248bcf781803633c8b34a4d7b6896a870af84b0dacfc2e7c1c061c0,user
viewer,k6_ws_1672,pts_eab4c72f6d4630283ad6697fc232ef89d627e9ee360f9bc7329983adb24d1022,user
viewer,k6_ws_1673,pts_b43d1831b31f74daad517ffc21910969a92c57c1c7bcef4f1624b1f1c2e6f42e,user
viewer,k6_ws_1674,pts_044ba0314fa5f5b37240a1489284e96715a448ca4af878ca5adf4e4a32df6df6,user
viewer,k6_ws_1675,pts_c2449e186371b99e4bdd1a848b2c8b15cca87d68158d345502871800e44a229f,user
viewer,k6_ws_1676,pts_0baf016abe18d9c2e50b786c3b2637c270f53765183f244f973bcdb354ef86af,user
viewer,k6_ws_1677,pts_fb624e27b8a47234c920a00ffeb4fa46f646b9af0f2fa1a0b59aef3f31843fc5,user
viewer,k6_ws_1678,pts_ba3f58b67f449ac399f9eb3a9c1a8a8972f59d58d8765abbd40805a2fc453b37,user
viewer,k6_ws_1679,pts_2f048b2529af1d10d2e936df4c2a837c7c5d4eedaa70399480879cf95f1eb5df,user
viewer,k6_ws_168,pts_e863484835f5e381117ecea9297a5c9754656fb118d1d1478eee0ab6318556d4,user
viewer,k6_ws_1680,pts_91cd041d6d555c2f3086c56b3f4aa17257b2b575d4aa6cd1d3e24b02a3a83c83,user
viewer,k6_ws_1681,pts_c1f14cb78ef198db6431aa51b6fd1d22523da3911b2a6565bd3c8c7e870354ae,user
viewer,k6_ws_1682,pts_6552ac7f59c2b17ddece958452ef6e9be743fca14706a9353e57d8764ae704a5,user
viewer,k6_ws_1683,pts_09c2266d1a2a1a948ece8e7f0cc0b5e736eeddd381e0cbb171a91ef03e6fca31,user
viewer,k6_ws_1684,pts_bb5c9c90e1c1751abbc4455b1b29219defef40e2f2237227fa29fb91b6ec30a2,user
viewer,k6_ws_1685,pts_55aba5d81828d8f8771584b665f1f4854741506ec42fa7184886244edc199bf9,user
viewer,k6_ws_1686,pts_2c79e6548ee6aacd5389e45171c1f3e999d7e0c4452dbe28b4f4a57a32ff7c32,user
viewer,k6_ws_1687,pts_baed2fe9c55537772ac3b686f227ea3cc167d04a221524ba9a83c496b7d42bd7,user
viewer,k6_ws_1688,pts_5b8f0c1fd092c1bbc468bb40a0452eba492adf53ff58d5227cffb8e73e3b024c,user
viewer,k6_ws_1689,pts_81ae515d0a15cfe888e13c92039b6b90835460704efafac5ef63805b0497ee30,user
viewer,k6_ws_169,pts_67d7e58706f60bce21e18b80823ae4c98bd4dc9fffb694e624a2699969664fe5,user
viewer,k6_ws_1690,pts_89844e478abf2730bc68a15359e8efe7eb8d0f7dd5fbf14f080ba484f7a5b913,user
viewer,k6_ws_1691,pts_18ca1675ef7d4042d3087ffffbb67fe62a197c9d00fc519e9a73f13de0df2549,user
viewer,k6_ws_1692,pts_6434cf492d314bdfd947c775110c4973213632e6c6ba8e5eba233c602cefa349,user
viewer,k6_ws_1693,pts_7589adae45d571af20247912288dc5788e8602b3f41b3d5d5c108ada8b657b59,user
viewer,k6_ws_1694,pts_1eaced8f9271fe73f7bd19d973962e4428907a54a6a2bb31fa09b4642068766e,user
viewer,k6_ws_1695,pts_334d3fc043f72884f7de2676889cdb7b50f5b4118dc56d7cdb2d0b43c0014569,user
viewer,k6_ws_1696,pts_5efee7e0fd2b90e45fce63323f56e26fd51da04dbcca237e1a5611f0aaa8fae5,user
viewer,k6_ws_1697,pts_b48d1c89e3b4c1b8422e7a8c19e2c846ebe22bf63a58ff1c3cc85a4b7a54f831,user
viewer,k6_ws_1698,pts_0eea4f2b59325d0d84239e0e975815c29f105d5f1f5a182b7dbc1dd90fac9fc7,user
viewer,k6_ws_1699,pts_2c07191a341a6f737cbafef69277175b4046e82d1a739cf2961c80945f9fe654,user
viewer,k6_ws_17,pts_544f3f01b53cfced4e821c86c6bf1ee93e160177ba6039f18051fc2c3e41aa09,user
viewer,k6_ws_170,pts_322212d0aa1523436953f9bc2f4976c1e7c091d38bba1cf3186fdeccead795a3,user
viewer,k6_ws_1700,pts_7719e7ac8060e736ba7f2dc52ffe6915f6dfa0a4c5eff9eb5ad5e896e0531e13,user
viewer,k6_ws_1701,pts_6ffeeba91cf841e95c670a72a13c5c498f33ba4c9c273c6786f202c906420e09,user
viewer,k6_ws_1702,pts_46413dd8a3c8e5771a812d9f1d97d60464f62df01b0e46b1bb907924c22d4421,user
viewer,k6_ws_1703,pts_f5c34d478004557d2d187ab464370f8d06319e9bb3076ec72a39aca4ca6fa604,user
viewer,k6_ws_1704,pts_13d01ff0adb25ce898e543ee120ed2ab171c1b2485d7bceef5d8113516ff22ff,user
viewer,k6_ws_1705,pts_ca1f0620679982e1b4e35f9588f4f5e83b6f40e161c014068c2450db16a1a7ce,user
viewer,k6_ws_1706,pts_84ed259f6f01220784adf9578d855be038cf2ee0e738a9a4ce5e3462896dc88d,user
viewer,k6_ws_1707,pts_320058bea15570ec170d709157106bd5fbc52f5e660b7b7fea3818ea8c2469f2,user
viewer,k6_ws_1708,pts_4a0020b7da3ffef34905dbcee847884850a04814d9d8885f258672a6c88c2f87,user
viewer,k6_ws_1709,pts_91b3406498749475b6d590c1775721f670e057ec3d605cf1c599b325323aa3c8,user
viewer,k6_ws_171,pts_c763a50b64f75ed90d743253d3628cec821e3bea06351113c02f664574367697,user
viewer,k6_ws_1710,pts_8deb4defbcb3a16a53f031a2122d092a87a370b4a2141150a1b3c4c099f9cf75,user
viewer,k6_ws_1711,pts_fa4f4b021e03aaea24028a62ab3c39cb138a1151e4e98aa2b0278775ee1c2bf1,user
viewer,k6_ws_1712,pts_a84a8e37e84376db1b78976be6f7dd1c3e787cbe58b51a6b19835facada56bd1,user
viewer,k6_ws_1713,pts_625c3160971352db6ee1103379ba6a8eff81f6bf140e24d888268b439644adb2,user
viewer,k6_ws_1714,pts_a4c3f3ffba35ebccb9e2929539efbcf08033075962f58a63bc442a792e4324ac,user
viewer,k6_ws_1715,pts_3d323cab66fef89dcc8e78f551bf9c26314e59d51573794257e6eceeadfca741,user
viewer,k6_ws_1716,pts_0c14edd01b66b6499b68257be91711d4537970b649ff6c7969ead11c7e7aa760,user
viewer,k6_ws_1717,pts_5c232c2f598455ef981f681cfdd6e7c36bcaa74c86db1a5cd08ef1eed37f82f1,user
viewer,k6_ws_1718,pts_67124fa14301974ed2938a7e40edf27e99c717fb938dd3deafda87812d4fa559,user
viewer,k6_ws_1719,pts_4d6cac86afe3bba79bc527e84a07c0d05ac7a3db5361377f1b449b9d8028c23e,user
viewer,k6_ws_172,pts_69d39af516799a7a9a39de2482f908e8e3648e4a7e842a5649f4af49067b84fe,user
viewer,k6_ws_1720,pts_2b8d4e6c9393c4a374ebb7db8dadae735a31b2b9e4e842cb7a76075ea31dc6f4,user
viewer,k6_ws_1721,pts_a95f6d18dd71802b137ebf03ce09affa29f39f9b670929e0af2cbc9b047ad69d,user
viewer,k6_ws_1722,pts_ce01ce2077f322330ea22e2f408e2e65a5367c03e21b93972b11d51b823ca2d0,user
viewer,k6_ws_1723,pts_b5e52524bd6de62c3089675d0da75550bded2bda925e465b2747d411b2b14fb8,user
viewer,k6_ws_1724,pts_2b754dc92b2b1c5775d87488c4aad6292451595577e6349c3f39295a079dac4e,user
viewer,k6_ws_1725,pts_15170db3b1780c9272c9a83cae75bf95318e8ae218558a744e2ce61b5a4f4a9b,user
viewer,k6_ws_1726,pts_1b25fbb2ab5f52257a7c71218dfb42102ea615e4898aab43f450405a359b1bff,user
viewer,k6_ws_1727,pts_f56d0e04a0a6e4d3a54414769ed9b0e28a35ae1d0822a7fd37391e6b69413e2c,user
viewer,k6_ws_1728,pts_2ea73268e8403cf92091927ff937a265c193e5910ef5090df81797a4a883cc9e,user
viewer,k6_ws_1729,pts_ca1f5bd710b33ade4923ca296bdebd970082a0e634c6cdfb4485e10eaf57e75a,user
viewer,k6_ws_173,pts_4103faee14b9f8b2778319be911c04ff1fa94479cd88dceffbf981db871b9d0e,user
viewer,k6_ws_1730,pts_21a48a4a2364847d864d935e013bc3b8d36741e00d57572ea43934596b758ece,user
viewer,k6_ws_1731,pts_3705560e3465172195869a9220810b38565cdf9244b8afa0430c439bf793d9ee,user
viewer,k6_ws_1732,pts_68ca771140ff9559ddf01244d897af8a793394549470b43c642268a5a6d2221c,user
viewer,k6_ws_1733,pts_58f5580c725bb67474d60e45d0cd0142394a60704016463387517855358d190f,user
viewer,k6_ws_1734,pts_a2c7d5cd2282262203d55a223e9b2990b77ec5d8e61033f135c45eb3c03599b3,user
viewer,k6_ws_1735,pts_9dd487e5508a42a38584d02c13271e61b2e216c270b036866335d92d52fe2e7c,user
viewer,k6_ws_1736,pts_9c874aa5f5a5146cdff69f6c8854a2c189b186eb712f806e5d69a0c243dc456d,user
viewer,k6_ws_1737,pts_2d73a0f7ff4f164bef6c875c58f3bac9ab46578467e2f4c2f81512419c09d124,user
viewer,k6_ws_1738,pts_6fbf79b4bd2bd11cc0e993fa5b09665f76f88a08aadeb950f2aa301c274ec95a,user
viewer,k6_ws_1739,pts_dfebe155866a52ca597b9d2619fbca01c9e49e72f6939041ef97f07dbab93257,user
viewer,k6_ws_174,pts_c4768da1d55067bca972afcf9a6ed75ffb3494bf7eb1dd2aef0f87ff04cbdbf5,user
viewer,k6_ws_1740,pts_218ee6d8f8f5f2ad9771e317f60f273a37a138f15eda25bffe83d0919e23378d,user
viewer,k6_ws_1741,pts_87e9a3314629abf595d152d1d47021e9f7b0f998d231ad7f0d400cd01f3ed5c0,user
viewer,k6_ws_1742,pts_5d29c09b3362c610bb9fbfe17f3e7d530b838f7ddf8de4f24acf2d917ced7bfe,user
viewer,k6_ws_1743,pts_6d9341dc587d850998a5e8a3fe84008ebd7558d521607f574ed4436cd4830ff0,user
viewer,k6_ws_1744,pts_28c856d8d7671edf65c818095cc501880c8c929299d55ec451b44858cb10446a,user
viewer,k6_ws_1745,pts_a718c8a8e7f9878d205e0052ad48a288d57fc91a7d6fc6a6354e9d3fb83df907,user
viewer,k6_ws_1746,pts_37f23c0683dfc473feee014d3aafff979648c8bb5084e05698a86bad2c2f3733,user
viewer,k6_ws_1747,pts_45ff7dd463b0fe80b8575841e9bdd49c42986ec77c1aeb723ff7ddc7cae822b1,user
viewer,k6_ws_1748,pts_5dbc90d3cbbb972820c2a551bee67bd8eb161068a49fee4ac621485f8ee91c9b,user
viewer,k6_ws_1749,pts_4c311dcea789e81a7343426e6e6b2873eae4bdfeb94885bc5d94bf9fb6dc9a97,user
viewer,k6_ws_175,pts_cbefe10ab44f752d7020872a3f2bb42d42d08955edf8951632604203eba3083d,user
viewer,k6_ws_1750,pts_fda132da19c4303a83bc5069a7026e744fe0d5f6ce6c81abfeafa44c65230438,user
viewer,k6_ws_1751,pts_ca9679782c5bdfda88af51e97240c1053779cfbde00f285a7ea1ac357c8a83fb,user
viewer,k6_ws_1752,pts_029698df9f162c90e9794b31dfcfc376b5d62b6fb21c75fb165b51f1bdc72515,user
viewer,k6_ws_1753,pts_6cca08c343d2f70b8bab7cbbb7c52a4754ebd4249a53ca6de64c9022dc672faf,user
viewer,k6_ws_1754,pts_b15902ccf089c3266fadcbddfcb377b1181284b2ff2691bd80f8cf797572cb61,user
viewer,k6_ws_1755,pts_4c7822d32295dee67f2bc3115d9ecb92e98b87e5df158fcaa48c229ccc25e538,user
viewer,k6_ws_1756,pts_6400e9f822f51ee1390d75879ee15dfa4ad2919dbd230a2281a28a10368be09b,user
viewer,k6_ws_1757,pts_f52391981341868f9f0b9012a992a630312cd346a837504df165229eb77cdf0a,user
viewer,k6_ws_1758,pts_f0063de44491da203fdc5b36a725a2d5bed4690d4877264fb6b797cdf48937d1,user
viewer,k6_ws_1759,pts_dab2c21ce093794133b5e9b7fe38c797dcc5f53f1c166981be2d5c1fb04b8c50,user
viewer,k6_ws_176,pts_3b5a85d97a2ba7b1520e0dc36ce3c6e79710ef2cb1e50f6b9b14614e92022684,user
viewer,k6_ws_1760,pts_1792b7c8c7a2d6238b3a381199f5e6b162a644553d03ec2ab9868b59203175ae,user
viewer,k6_ws_1761,pts_6584e486d6467853cf52c8315aa1ec622c1973113a86bc03505b9bdab7344d51,user
viewer,k6_ws_1762,pts_d47c926ee5095934df7b927f3a30b0086eeca303ee00633ffee6b642b0a42db1,user
viewer,k6_ws_1763,pts_854ffb7af634b2b563def6e420e65b13118287110681fe88f3b4e40924f7ae6f,user
viewer,k6_ws_1764,pts_7abb538b6b503c823f272beac0343d7e84d88cd4aaa0efa98e56684ab5c3008e,user
viewer,k6_ws_1765,pts_1be5c8e3c955cbd9ef5584a82edafd2189ff269dbaf4fa482e144fae595b9749,user
viewer,k6_ws_1766,pts_766d520301a2126d4c63fea250902e9c49c6633f1d21dfcd91080c3bb912e7b0,user
viewer,k6_ws_1767,pts_b348c38bf8f08c857bab1d2f13101cbde0a1c027a2dcf293355912ec00248d35,user
viewer,k6_ws_1768,pts_3b74bdd56761d2f49f504b28ceeac3129d8fb19cf58ead5e94cc09ed1847514a,user
viewer,k6_ws_1769,pts_5bfe252784a9fbb96b41c4692e78dd9ad1ef15d0e6b703602023a151f1998aa5,user
viewer,k6_ws_177,pts_74f73d08e6290d88e10a6293833882497d9fbb3b5f76d2ba922e1d18c0a53047,user
viewer,k6_ws_1770,pts_3944838e1cedf47ef7de05c2f629fd06c3da1993cd5516461a017c14cbf0bc29,user
viewer,k6_ws_1771,pts_6c4f878eabc799b0dd09b235174459bcb3bbe1e9fceef92c7ddfab6c35ed5a07,user
viewer,k6_ws_1772,pts_4ba40e7c609fc6a8135b14df4ba5ecbd16ce655d07c3735961f221922eab5d74,user
viewer,k6_ws_1773,pts_9f72a6c968e4a6857ac0eddc0f9465f212a8ac559777f2248c930eaeed1a5cd8,user
viewer,k6_ws_1774,pts_174833f72a5e529e59177d24ffefcae6e53cd24e40cbdea128bb94f2aa516dd3,user
viewer,k6_ws_1775,pts_6c860e01363d54f0d853a3155f34325fa3191e921485d7f6395a76f8c9614c59,user
viewer,k6_ws_1776,pts_666cca08703f86438e19ceb20a37643dab6542b188dec843fe40f924b0bdf162,user
viewer,k6_ws_1777,pts_24c989a0a6b9fdcb8eb00422987eaf3719d3537008ebdabc435b433052c59b1f,user
viewer,k6_ws_1778,pts_4bc461f9bc7f4ef56bb14c558c3ca6b967d84ee39689931e30bba6f00d1f35af,user
viewer,k6_ws_1779,pts_9743c1bee3b39c6c4cf8e0c2439bd609dc5635ec96409ec0aaef3d4361fe62bb,user
viewer,k6_ws_178,pts_2777c6a8f2bc69c9a0ffa08f41463f20ad46a30e4198d7a499191d1ab3d64290,user
viewer,k6_ws_1780,pts_7b824b5d6836d26968ce1c1ed2d355f9fb97d272c54db0ed8003401b9ade4ca3,user
viewer,k6_ws_1781,pts_57b7f6545cc9b5f55d8a7b443dfe3bab9f7b27f2ffe628f1f5a473b437568b68,user
viewer,k6_ws_1782,pts_ea1393ee49bbbb4db51ecd2f0ffe1d991606cac2f26d0e71f55ee34954e5c920,user
viewer,k6_ws_1783,pts_6d6a5ac5c15025ec488ff027552394afc862a59de533da99db14c0d66be01ada,user
viewer,k6_ws_1784,pts_ba3fdbe1d2d5e665e8bd12bf88355ff182418ab62d210454927fefe67cbe4d8b,user
viewer,k6_ws_1785,pts_e72b988ff1506396af4d130b0a96a59deb75dae4d08fe742d249c37ff26a2630,user
viewer,k6_ws_1786,pts_88039401528db66342a0f1069378e7c336b9716ef13615e8bb98450cc4e1f204,user
viewer,k6_ws_1787,pts_e1e915ac3f5bdeb9d35ab0dd1014a426ed50fe515256d7f98625a0c6eeaa93ed,user
viewer,k6_ws_1788,pts_76946ce30cd6c9bcd1278e87a39846ac923685a64da23f2a7e9d5eb5d1bc32ee,user
viewer,k6_ws_1789,pts_f1e3d0775f13ac18d5abd09960fb4b497f59199fefe7af1787324adbb4651f9f,user
viewer,k6_ws_179,pts_aa730a6d505f8d9c6c3387ed1082aa8ef6ddfcbf908cfeb05780526dfd3699f8,user
viewer,k6_ws_1790,pts_e2bf26bffc3ac511979b990d4fcf836fd9d45b091df972bcfe2f3c9c07fdfd60,user
viewer,k6_ws_1791,pts_d59e5a05ff7550558b23ee82f064b2735234a2e825fd2e6591a80867a3ca7b7a,user
viewer,k6_ws_1792,pts_c47cf6307e62785e765496aef2997b0856cb89659dae0df7a39f691c9001e57c,user
viewer,k6_ws_1793,pts_66285768fdc5725a2513218bdda94bd6feb84a5fa1e91cfb627c134ceb68a60a,user
viewer,k6_ws_1794,pts_43b25d435ad5d74728f96ba923e77e08610389f647abe8bb0be41a970b48a8fc,user
viewer,k6_ws_1795,pts_e9c652266c9d7609db79aabbe0704b668fcec341f42f0669122bd136e824775a,user
viewer,k6_ws_1796,pts_52e5bc096d3698ad40855722c8ece9829d93a61b93686ff2043db22b23fe86a3,user
viewer,k6_ws_1797,pts_dae40ae190ba12d4204e65804f8724b7695277a4f8f7fe343cd1c35d634fbbfb,user
viewer,k6_ws_1798,pts_3cca19e827ba326017704fdc323d35cba429651ea064dd41425e667f50e48789,user
viewer,k6_ws_1799,pts_b8e1653ef8d3b6768769c9f920a70e6080accb0c21c7778208504ea58bf0dbfd,user
viewer,k6_ws_18,pts_00b7f12e38d29df1916d07a1edb7c9bbddd3070aeb344414d84b6bacf9dcccc6,user
viewer,k6_ws_180,pts_2879cca6df1e87adfd6d97157bde60198c95bcafda4373045572c6d976b0cb81,user
viewer,k6_ws_1800,pts_e720cb4996b1c657da45d715bb429bcb6f606e248fc329322c81991d28a15c69,user
viewer,k6_ws_1801,pts_e5d5a3257f4489fa9e713f3b38c65ca7f2d3de9338e91f447526d332df9b32f8,user
viewer,k6_ws_1802,pts_e79f1c45eb6b5c198bcb40f969958ae0d9f7c4d99114315af54c7d136fd55a5e,user
viewer,k6_ws_1803,pts_23162c9deaecebf88d3b9a35062a6d1b907700d98d300b07c8979ce28e4fedf5,user
viewer,k6_ws_1804,pts_5e97812d1a4f8ddef00faab3450829453d0bed47081e6ce75a58bf3a831bbf1c,user
viewer,k6_ws_1805,pts_a1f570dcc603907dfa1d25fbb75904ae0b00937c3ad8ace5ea97f7677b329bcf,user
viewer,k6_ws_1806,pts_a0f3d93ae0763a2db00d079890c38b1566e74cdbbcb3814978f43da1dd6981f6,user
viewer,k6_ws_1807,pts_18f125cbedc2b2c26981d02c26fc19379edd5983245fd5c60e7cc150557e91a8,user
viewer,k6_ws_1808,pts_f12eac0f978a2bff5fbbc0d75dbb03186e6d15d92530df2f2bdf80187c2db275,user
viewer,k6_ws_1809,pts_2bd53e2b53e17324a0d21682a113c4228c0a3b7e108dbbf8a0f0dd67f828e20c,user
viewer,k6_ws_181,pts_962fdc8775210c99a2d6cf03ab7eae8b45519759ec854176ce5e3d5f8ab1541e,user
viewer,k6_ws_1810,pts_0b377369d2c7448f49359f91b7c862e0ee29e1cd77fe49ed2ee890ea38228777,user
viewer,k6_ws_1811,pts_2517f5877799713a72908be09a74633edbb8b073ca316f5bcf693d9173e1c5f4,user
viewer,k6_ws_1812,pts_b723b626a2b357c4a90aa5a7b83ea6efe5ca6e4adce9126d6783acbaeed770f1,user
viewer,k6_ws_1813,pts_9c1e97ef0b67e98261d4d53ca46d8eb4b4d0a226a033e4ea04cfb5a36a72139d,user
viewer,k6_ws_1814,pts_27cec2a132ecebe6506e322f459c3f3cf7af0febc675f2da46363ee33a0e421e,user
viewer,k6_ws_1815,pts_7ad3c8852a7af1562bae6156ecbe93a0b544086112ab8f2da37a2d5d8c0fa516,user
viewer,k6_ws_1816,pts_163ed6e57a222ddc855b01c5261805d5078032ace156dd5f0468632605041cf6,user
viewer,k6_ws_1817,pts_410cb560688acdc49a3ffd53b3b029eccfddb74ce9b5f82c0bb09f4751cf19f1,user
viewer,k6_ws_1818,pts_44ade8a9c54b59212c5cd22b7033707f244846ef46dfd0559ce7decd9ce5af70,user
viewer,k6_ws_1819,pts_a168824e1166b089bf568d25314a97e74845c5393b24029d6b3a501896288f38,user
viewer,k6_ws_182,pts_c391a67868865b0f67871a9da607cacc4ad91b452898511e7b026d2fd81e5aba,user
viewer,k6_ws_1820,pts_fe38712b2bc1d6fe3c4913ce5a8086c35feacafdc6811b4452543a90ea67413f,user
viewer,k6_ws_1821,pts_c063d63dc5dcf6e34cadf18db55548eb236e31b4b31b69bbb77bbaf0745f45de,user
viewer,k6_ws_1822,pts_b20e0df8e6dfe0004cbca9821043ca4ec87d0eaf7f7f06eb29a83e6794533937,user
viewer,k6_ws_1823,pts_5b60ca0e4ad34d5a2416b8d3006cf34b2f9de75ade7ea8999274fb4664978dc1,user
viewer,k6_ws_1824,pts_2b3e611aef09bd3cf50a436eb56ef2f4d0bfe3a303b8843d21504a33ac27304e,user
viewer,k6_ws_1825,pts_dc9bc5c79627c86b25b7ee9227d89d5c59750616d8b3a5a43d6f845fb45e381a,user
viewer,k6_ws_1826,pts_9ea6130e35ad333ddea57d3576b8f48f00d21acbb61efe79a380b3064c36f902,user
viewer,k6_ws_1827,pts_b0da8e88818f1347c89043a938620747a10ce42ddcfcc36821a589399cc2712c,user
viewer,k6_ws_1828,pts_347f48bdfee870f3e42b964924c1b35f0c692d3afdbab07f1b5a84e6f503d2f2,user
viewer,k6_ws_1829,pts_e0cddeada5ea239b1457408bcaa48c912819238df3668d205d391b4ede9a72a7,user
viewer,k6_ws_183,pts_f5f572be2047d37eb163574aec5469ff91be44040953ee34dd85071a644624cf,user
viewer,k6_ws_1830,pts_ce47d27eec11ce9e3ceaf045b218706de34408adad87a2757d74e36886751826,user
viewer,k6_ws_1831,pts_59c7e1802e2da0b9d946abb35f782efaaf1d0bd7aa5a4689bc0e05b79443f523,user
viewer,k6_ws_1832,pts_ddd8dc531667cbf5f7929e313f3587246793120cfea98705b176ea9f64525586,user
viewer,k6_ws_1833,pts_9d4a84ae6c014053cd30fa56a6187ea3c7235e0a554e5fc05cd78e71fdd5c95f,user
viewer,k6_ws_1834,pts_82cc839795a446d6b0e019d21392743ca2e440a74cba25f9fa52365678850199,user
viewer,k6_ws_1835,pts_3db6c00998532dce173aa4dfed3c15abcbf9b8e41493fd58e15675fe9b3ef5ca,user
viewer,k6_ws_1836,pts_c8210636781bdb726a08825e31578d95f2988b651bcc2552d9cead1929385212,user
viewer,k6_ws_1837,pts_96f807cb7a5ca7a44590b5094725f8fdf6ed851f4a9d7f4d7b6c97d5ae15431b,user
viewer,k6_ws_1838,pts_86992244eabcfd7edfb9df363f2267c30ff4767ec55561187d679dbd9df83518,user
viewer,k6_ws_1839,pts_d1ef1360844ac7c79d7c3eddba59304ca72405eea15b5d4c0c0210ccc4662c20,user
viewer,k6_ws_184,pts_7c859b58d5d53a90f7cbce340f76fd9e9d5a4e51a2e1bfe10bf67c5a742823f6,user
viewer,k6_ws_1840,pts_f54a5270ff1465645971e3c8632e112b8564ef02193e142006c91563a86e79d3,user
viewer,k6_ws_1841,pts_d1e9ba286c528c0e3fe94899de9227bd6250ca4db902767ff8f63a9de8ef56c0,user
viewer,k6_ws_1842,pts_f3770e1ce72237b03010b05bcff44d50ad4863d2f3025926d60fb18e65612d4b,user
viewer,k6_ws_1843,pts_13ae174196877702d1b7bb223f9728fbc90471ff864469b1867c8538fb30da3e,user
viewer,k6_ws_1844,pts_136a4e0f4d0225d84be9f0407d5504af0d0de964fca6b40b20bf7be04f6a20dd,user
viewer,k6_ws_1845,pts_cd218ccc35221e821a2219d1581171e1b39e1c6453057475b7c0f4bfba60275f,user
viewer,k6_ws_1846,pts_89c33599022294405c8d8722c517b866ca9e6db53b03a11f11bf5ea7d8815d77,user
viewer,k6_ws_1847,pts_0c0ad13dc8c744c5da56fd79ee5ac978eb83d2c398c2246593a3afed6d67687e,user
viewer,k6_ws_1848,pts_311a74f067506b59726841a395cdbdb598e0b0951e8edcea68a11a32458cc60e,user
viewer,k6_ws_1849,pts_576ab7bacfdd096d80bf3364185a25d9286509c90c8a34b73c9a74d92ad4df9c,user
viewer,k6_ws_185,pts_49c1387168355a8f3f1dc397fbc2fb534ec3e4fca4666a1d29999b09959f7c96,user
viewer,k6_ws_1850,pts_b2096ad61b7c7ffa183060d6ddf7cdf9d83449fde9556dbc984fc87565087311,user
viewer,k6_ws_1851,pts_a30c79f64acb6e260e6b32af57d47638ddbbc6fa7b35ad981dcaa4f703ed1d87,user
viewer,k6_ws_1852,pts_4c4acfb89d5e85fad33a9dd0d0954b528de88a7833bf03c1882eabea9ccc53b2,user
viewer,k6_ws_1853,pts_a2067c7e45d6a1222191acd08d6b01548a7613983e94ea2de7d15e210175edf7,user
viewer,k6_ws_1854,pts_e749246960bdb32c3465c43b21be53b6ce099635319677680f88be19dc513135,user
viewer,k6_ws_1855,pts_71f6a23946adddbcfde8db115d34dec5349fe98609658f949f6ce1b387c06cc5,user
viewer,k6_ws_1856,pts_b07900ac4a6f6afa358aaac8a82759163899683e2a2bb74fd7cc61d72566c119,user
viewer,k6_ws_1857,pts_8c03d8734c202ca1756b595c872c437649c6ce2547a5915ebf17912e279755e7,user
viewer,k6_ws_1858,pts_8ff901cf2574eb21658cc61603f92f1d4387e3497ec26cf2585733df460360a3,user
viewer,k6_ws_1859,pts_1be43de02f519231d57e6890ac0bf928a5b5db896375fd10762fea7abb7afcb4,user
viewer,k6_ws_186,pts_c96206aed1a643a821f0fa38009b3c76e1ff5e2c37a11318b29de8d1b7f82eae,user
viewer,k6_ws_1860,pts_c1640de6263af4fa7009dea453bb68d9d56af439a560dc40fb5e5fa1940e3307,user
viewer,k6_ws_1861,pts_90f06c052bc930d848aa779a20b2f04927ba3a556626b77f33e1c3ca0d1d45f4,user
viewer,k6_ws_1862,pts_012da1d7d1769b56ad35bc5280afe699969f541876c10cfb616ab5875f43fb1f,user
viewer,k6_ws_1863,pts_ba51ee48a22edcf3380ee09b75415c9389efac3ee90fe3e21c65f659e06053ed,user
viewer,k6_ws_1864,pts_52e96fdd90a8d0b543d51633e8d1cd168c291532674f70f20e5f576c6c44fc3a,user
viewer,k6_ws_1865,pts_4152b0c7b76664b87139b4282c6064c0ce63e20ee80142d010d87486121ae5fa,user
viewer,k6_ws_1866,pts_052de52a566424603ccfaedf124057afdd8821fb23ed27d1cc5b2003a5c7e286,user
viewer,k6_ws_1867,pts_285f7c994231a817a66a37a1f3974a10d1ac7ae20ee6bbec4122be2b730ae27a,user
viewer,k6_ws_1868,pts_ced59d8189fd0f4963641d993622a201c556319ce0e3abda3aede3144630a040,user
viewer,k6_ws_1869,pts_2e1d4a600dd8245da84b20f95873727800d15ed7557f6f424c5881b0ca9ef483,user
viewer,k6_ws_187,pts_c42192363b56495bc434f3a7a760681825f8c068f0bd670170f49a5ebe4c64e7,user
viewer,k6_ws_1870,pts_799ddeb2b95779029c1dc9ebda9924d8d7bcbf46bc24551ad0e74c26e093500b,user
viewer,k6_ws_1871,pts_bd46ff747736c09b8aec4e2d6e38bcca7602329ca8896c06f19e1823fd914449,user
viewer,k6_ws_1872,pts_7b17022492658988ef54adc50ff32b0b00468cc924b4f753fc6fd145a5aa103c,user
viewer,k6_ws_1873,pts_ca39842f647cde983123207568887d76200aa5b2d9c78070a9ba5fed7a2f59c5,user
viewer,k6_ws_1874,pts_ed8b6231337215d49679b003c24fbae66e41e2822dd5a541f0a989d04b0565a6,user
viewer,k6_ws_1875,pts_5af4692e6768de334830d003a61a6caa02d87d855b692427d47870fdbe4fb0c3,user
viewer,k6_ws_1876,pts_8da47872dc5667becb5ce2a515d1a2f787b37e29fff7c337162d31710b599875,user
viewer,k6_ws_1877,pts_c00d1d823bc180a7f0153a97e2fec94dce3b885e5716cf466df3eb47fa1a08a4,user
viewer,k6_ws_1878,pts_d6cf831a9729244faee9421538b333dd311c075778e2fcb00c5ff6a1c90194fd,user
viewer,k6_ws_1879,pts_82f265055e2d54bdeb830d589435fb92008ec6dc709f83e46b36221c473923cf,user
viewer,k6_ws_188,pts_7f6a2a87943bd8ed995b72b666eeea14012590d04b5958af070d80b6544c4e38,user
viewer,k6_ws_1880,pts_28ff9246371d2a692269373a1b9d3d53436e6ef456475b52033f620d68e43b73,user
viewer,k6_ws_1881,pts_eae4cc527e1f3892dba4b4e36ecff99b7af6665f92c367378b1acd4b73eb1f20,user
viewer,k6_ws_1882,pts_6f8edbfc06a2b65f261b000829fbfb857f05d21a72f0967fc0daa686e1122641,user
viewer,k6_ws_1883,pts_2c4c7c6c2f70b68a9ce00942a13503684abe819e0dc57613a2d74aa8d84af5ae,user
viewer,k6_ws_1884,pts_c22e0d5c717500b1931bb4a9e59a88b3f8884e003dd8c180ebd0aa41f5e8f6f7,user
viewer,k6_ws_1885,pts_0270a8d65e71ee88f78cc7035308b7dcbcac6f147d99c09b210bbad1e7a4d863,user
viewer,k6_ws_1886,pts_44920ba645b0a68bac8a68e1499c28c8c00e754c5914d8212d9a68fa70b31662,user
viewer,k6_ws_1887,pts_a29d8a001b8fd0c650d6522c6b5eae73dda2f2c1b4bbb99939bf9f5c04e7e364,user
viewer,k6_ws_1888,pts_4a47fce98c0bdc1b7beb75d13cbf025538e36a2f376ef0f4cfddd401b547b37e,user
viewer,k6_ws_1889,pts_db1bbb0e1fae050818bb91e051e251a6782d9cd53ce99d97f0a9b0b514e22e2e,user
viewer,k6_ws_189,pts_bb8122b5e216a1200ea79c225c26faf993f28950ee0e4ee125cd11238b98ac84,user
viewer,k6_ws_1890,pts_73b840744dad2fa694e0b7368960298a600a94678d6e83e1780b93582c32b825,user
viewer,k6_ws_1891,pts_0c2a865b0a963f22c97da9bea47c54e49d2d6b3af98fce924453b4bc468541e2,user
viewer,k6_ws_1892,pts_aa13d0b5b9268d4a9373e2912ffb890c953e6c86788e749a80150152235c2678,user
viewer,k6_ws_1893,pts_9a650eecac9480f9d1d10237f9bfd4011962b7a13d8ad39d3067b6f6efcee923,user
viewer,k6_ws_1894,pts_261e2d99f7c484cbf3243249ac7d0189db3381f76bff9b112887672d96c90870,user
viewer,k6_ws_1895,pts_bc445402c1c031ad389ada0d9274ac0ad1ad7b204e592371eef458f3eeb1d0b4,user
viewer,k6_ws_1896,pts_7ac83ba34c20d0e92e6ba6575ffb04b30d5eb47e927865488358cb6c2dbd8119,user
viewer,k6_ws_1897,pts_d1d67702a971478612d5663fd936aeabe64f7f4ad755ab15415e456fd10da7ac,user
viewer,k6_ws_1898,pts_acb6136743b63cb9038b9bcf32ac6d895ed587d6624a5338263d41f3a4b7896c,user
viewer,k6_ws_1899,pts_cb589a75e078c87eddf7fcc7c41f696f2ccfa620dddf2f10765c2a916c5609f0,user
viewer,k6_ws_19,pts_7cbb3dfab8c903b0a5cb6227c5b53e7ffdce791acb04329dd0f6560b131a5408,user
viewer,k6_ws_190,pts_a9c5331df29cdc6e59fbb09cabc70f21e9b2a5e4b1c0e07061fdd0b538184656,user
viewer,k6_ws_1900,pts_592e56fd0cc00fa7cb76d86d4c5f7b5d1304bb9f03e30c58a1ca9dd808ff3a9b,user
viewer,k6_ws_1901,pts_66983e01393dcb424dde6050f8082941d975e452574c1c38a12737330ad32075,user
viewer,k6_ws_1902,pts_6ae6722cca07c319d4ba1a28d633094e49ce5a921a94ad4e7f2172fbbd348b51,user
viewer,k6_ws_1903,pts_100bbb3b3ac0ee11c58a8ebdb4ba0d060d366529c875e26f2dc91e53125f1376,user
viewer,k6_ws_1904,pts_c7b49cad78f5e5cbb04283001a4af9cd20e09394a60c75dcffb123367a7bd780,user
viewer,k6_ws_1905,pts_9f080b82e57c96c9812df7bd45f34d9866d0d96894ef9279ca78de0c85942879,user
viewer,k6_ws_1906,pts_dd3feaad9d8191a867210d948ec5818b762e1d798c89c6a7971f016b6b8402e2,user
viewer,k6_ws_1907,pts_cd0fb9bca28646589ab9ac5e5b70c9ce1658e718eae0e8ba7288fbfc01246a3d,user
viewer,k6_ws_1908,pts_7dd712213cf450a07483914c2ab35063bb1f63874054ff2b8f42c6fa25b6066b,user
viewer,k6_ws_1909,pts_5dadb22238db774d58ced3db3b741507c905ad2d37454f0184f8c270f52a625c,user
viewer,k6_ws_191,pts_8edcbdf1bbfe1105944de04caa8b61b8cbdcbc82d7cf7b189882f93748a51047,user
viewer,k6_ws_1910,pts_92a0293f1e1943f08c53c52b8ece95eb324aad8a29fed68b17a2290f6dd79502,user
viewer,k6_ws_1911,pts_445263d57d5aa5ded61782998f2a198a0e1b3949dc01b35050b34898cc921019,user
viewer,k6_ws_1912,pts_7533363418fa9256dc8aee31f21bc370a7f7bb87c28998b536a441d56358b7fb,user
viewer,k6_ws_1913,pts_4e467bdde6c6ad2411b8b19bd9c6f98d8a6f6947aca38f53ac4d25061c4a73b5,user
viewer,k6_ws_1914,pts_735d3a57b74b5b565ba6be650bfe1addd27c8b1e9493e16962459650bf92a824,user
viewer,k6_ws_1915,pts_ec08f531978efa5192a7e6179fb6d8d39a83d6094c9b0555f0de3ac56dbd9425,user
viewer,k6_ws_1916,pts_aedd4d52fceaea647f606375a150bb20c7cfcd4c1d95db7126e9170e6f264e3a,user
viewer,k6_ws_1917,pts_b06b1c0e9210abefaed285ae53ad4bb605ec32e6003c364834e54670ec4347d3,user
viewer,k6_ws_1918,pts_1cebf0e139c8252f106c7198d1e54443a3144b03b5a0d22bd0b7e0226e5c7a50,user
viewer,k6_ws_1919,pts_d518bc7a72fabf1ff3b81ad7b2ca22b571767f42a40a31c6dda442dbe40b8f17,user
viewer,k6_ws_192,pts_30e9bc516decbe97cbcb2a91291eab41648be56117509aa1e11f6168e9d4e546,user
viewer,k6_ws_1920,pts_5bea0c224e5a1568431e52c6f6e35bb6cedc2f493394f64687e4bd214f2c5755,user
viewer,k6_ws_1921,pts_a8cca8dd4a175f3003ca0bc1413703c19dde641bdcc5770ecf62ad441a9a7495,user
viewer,k6_ws_1922,pts_957607a3207228de8382fd35eae6876eee0ec959df94590c7cc62354a43cf8db,user
viewer,k6_ws_1923,pts_94cb4e5d0eb44b5c9f73b02899e84b907f6998c5e64420c94aab17d02123ecc4,user
viewer,k6_ws_1924,pts_732f25276d97f0e4feaec0e905151c81348a0d22de8b9e0c0639b73a99983b16,user
viewer,k6_ws_1925,pts_75f3e51c42b2568233c35d6970ca99104e878503204edee5feed00c57b5f9e30,user
viewer,k6_ws_1926,pts_bd214c6f480d71c003870efab66411f10f3f19dcdb1bf597abfe4f950eac0cf4,user
viewer,k6_ws_1927,pts_9505af7331802dee191a530fc25ec1e5e17b392f1663fee7d0c4100c58c866a4,user
viewer,k6_ws_1928,pts_8b27ca611c3eb284180ec8dfb85bceb7d5861b644fd244057f191b6204eab70d,user
viewer,k6_ws_1929,pts_60e9f4d5ccec4bb81557a95729e7d27c88dcc750b1e506da12ac01c22f8319cc,user
viewer,k6_ws_193,pts_256ea3502ea43f1ba722c089e338f65f88f09549ae793623743c5abc549b52d4,user
viewer,k6_ws_1930,pts_5c9ae413df5c7553120e71e64deb277c32201d12158d2f0948db507c95696aee,user
viewer,k6_ws_1931,pts_7ab2ee21411a3cf617a0b25d7d3a1d3947eadb26f08eeebc98274b636e100c45,user
viewer,k6_ws_1932,pts_38c04a26bcc10f06dc695a47959246a865314481811d98169e12fb38418b4996,user
viewer,k6_ws_1933,pts_9165c9e296e4d3198f7e927cce5662c78b4c8f59c08d292dc73a9746d98550a1,user
viewer,k6_ws_1934,pts_8b10d663bb86cf38e78d3d2b18a5b840b0d2c4a59232c4ee3ce5c6416500e6f3,user
viewer,k6_ws_1935,pts_fe48c9081c554ff578926237bf75116f6a2fb5c387a27ef363475f096a2463da,user
viewer,k6_ws_1936,pts_c14b01c9c647e00d61c08109be8d98437ee3379af261edae7fe18d91024e97a7,user
viewer,k6_ws_1937,pts_30054edcf864091e02d8a7c5220b6a2022c5f82beded9d7cd5f1561a81caabf9,user
viewer,k6_ws_1938,pts_914859087655b4f4bd93642f9d24ff388edf3b4dd9e96f04f11721e8fc099cfb,user
viewer,k6_ws_1939,pts_1cb07c7d4b4b518ebd16e07b1058360f605661e2e2d5b094e86304d452e18924,user
viewer,k6_ws_194,pts_0bacb1ae7cf037f6e32dbbcfbe9307312925eb93dcce6dd1a5bc17864fee9470,user
viewer,k6_ws_1940,pts_615aac516b784a46ad47e70e2c6cb31dd4b201ff1eb35d5bdd57bef67c33eff4,user
viewer,k6_ws_1941,pts_29ed28ef79fd8fbd04e41743bd35460a4f26cce78a65d659911348bc0d076be1,user
viewer,k6_ws_1942,pts_5c12c3723bf872f5a54dddb7c8e63b91cdc667ab98da367ad2f986865446a176,user
viewer,k6_ws_1943,pts_66c43758fb39d34e8ef3c28ce9df831166923e6ae73d08a2bd82069cf6275b23,user
viewer,k6_ws_1944,pts_3f904c559aa632157594e4a7d5eb99a0fdafccdff153af85d3468d1baaed9920,user
viewer,k6_ws_1945,pts_04f927d14621391ba167c2e89271d24cb52efe8a87a8344500028038093ad290,user
viewer,k6_ws_1946,pts_a9d5f97ed2b895c0e724980a69ae23982926d00cb982ad7e9cb314a8564e7977,user
viewer,k6_ws_1947,pts_24e7d7317704b21c3625474bce7e1e80137302c90ae379f5c84e62f168962d8d,user
viewer,k6_ws_1948,pts_61bcdd09281eba2cbd24376eff19ff872a325d2d982b802534018832058b91d0,user
viewer,k6_ws_1949,pts_cc509455ba4eb985a6fdb3e55ee28dd963058f24131440594a617cbeabe4af4d,user
viewer,k6_ws_195,pts_6b3df4aeda2fbe12d3bd6bb7dc0b8c8368c3f22f9664edef235e43746e846bbc,user
viewer,k6_ws_1950,pts_299e4d389d6a082484ef4c0c2558dab2f38aa9ea1d1218af24dd0853955b9b5e,user
viewer,k6_ws_1951,pts_09d70e42d249a63d1a1af94ace3f487051095f59ef6438afe324a219f3c24533,user
viewer,k6_ws_1952,pts_a9907f93287fb7b235d0252a69fdd675f5f988a7fddd587657d7d77afeafe576,user
viewer,k6_ws_1953,pts_dde30ad9d80d8469d42f177a63b3b1754317b46f55f5cb8e66cd035035e514ca,user
viewer,k6_ws_1954,pts_adc8c2dd5b0b0b01b59060e58fdf9254d87e5cda92e573f91834b82957402a11,user
viewer,k6_ws_1955,pts_af0ab18279490a5ea3fc05fa275729401642a64c678912af4c91452090b05b8a,user
viewer,k6_ws_1956,pts_d6dfc5bdc0f700b51462aa230baf0d355158198ff14e7750b8cbc9a2a65d58a1,user
viewer,k6_ws_1957,pts_6026c67db92617223d692f70682d0f0fcb5514d37c64c013488a707b7045cf60,user
viewer,k6_ws_1958,pts_1ee2f8fe6e87c93adbea15968706af39c6897c879ae62be06621b91081e797ec,user
viewer,k6_ws_1959,pts_f3219d8f699d5471dd7d058aed822fb30b9244b22978bab364d928b1df1bcf1e,user
viewer,k6_ws_196,pts_b1f4d831a0ce779ba555c885f0f1c90fb6469d9e34b0592b58d4c435e91305a9,user
viewer,k6_ws_1960,pts_46f97a4accc1331fbab2502fae3d25f3154ec879b1da13419a6276a4687a1d6e,user
viewer,k6_ws_1961,pts_321ff2be8367d3adda603ed466aa3cea8b96a28838516448348a5baf4b5e3e9b,user
viewer,k6_ws_1962,pts_1f2115e0d3b3dfb912291656b923ea8a41d97a280249ffe8043bd54e40aa8aac,user
viewer,k6_ws_1963,pts_aa905ee3a009a2f715655e81397042e45f61d8b562b5b71a7fad8ad1ae30bb84,user
viewer,k6_ws_1964,pts_400b23c32454a7a74300a19b72d142a351cb65a7096f4fb851031103aa534f2c,user
viewer,k6_ws_1965,pts_6351a639b06a32d1d721677716457a68def6181942ffa96ca72c3eaabacd9b43,user
viewer,k6_ws_1966,pts_6e69f9493eae2948360e7d23097d84088f536ee3e80893a627b9b4f582093f30,user
viewer,k6_ws_1967,pts_9440eca07bdb8ba399b914f094eefa449454098492118f471ebdab4fe31eb689,user
viewer,k6_ws_1968,pts_3d5a99e1d85c8b5def8e47b67552e8163bcc90a6885d58598eca285c9b321cb5,user
viewer,k6_ws_1969,pts_d3fff8c8ccb67d2980762d57be0081bdba2ca594a2889c7defdd0c61d1d0b432,user
viewer,k6_ws_197,pts_a02158a5562f377fae027bb1434bcecfa3ef17a6d6ada5d220ad819eb3f18680,user
viewer,k6_ws_1970,pts_4f2b09b7b36652ca3d271a9ec6cdb613d8d6f6a59e99bcfb09909033a97933cf,user
viewer,k6_ws_1971,pts_61f2bf0620874bdc2719b533e75eaf40b6de82c61dab92472dbd17b6c280e8f5,user
viewer,k6_ws_1972,pts_b46919f7bccd844240d3ea6fecf16618cbfd71881624558af6f67d2ebc212354,user
viewer,k6_ws_1973,pts_3c7e441b2be5a70863a11b67647c44fd82bc34009c16801208748fca091f6167,user
viewer,k6_ws_1974,pts_7c0634a79ae399d1b76bbc321e726f91c57d259efdb6b23fcf702aba7eabc7a7,user
viewer,k6_ws_1975,pts_998db48971492441c94a322c39d9d9889daa399d93d81010c09ed865fbb3d108,user
viewer,k6_ws_1976,pts_251b07fc8dbcec870a2360ef7bd023d7c6f52d2eed34f962cd6ff2e66a69ded5,user
viewer,k6_ws_1977,pts_c5921febc684ce8a6ae9c4cdbbe4916b9f1cc7d71fb9ee15f8362a375e5f85c8,user
viewer,k6_ws_1978,pts_00a4f1d09e895361272d2835702859148a0840ce950d55096a09bd6817e55381,user
viewer,k6_ws_1979,pts_c72bd08f9f56f5c4968cecfa84d5dbec0e4283a56120c2475e6ad1dd0c8fad0e,user
viewer,k6_ws_198,pts_999c4ba67e4e059cf3e0c9bde1af00172ad8c426bd4f2d4871d059362710d508,user
viewer,k6_ws_1980,pts_0f53e674c56d601ceb74ce2017cbeb9fcac8552893fc1c67e5e323ec4e4c5e65,user
viewer,k6_ws_1981,pts_a001aac73df70a0d401a14b6e5796a70bdb1de6a3f326d0b0e99f815649c9e92,user
viewer,k6_ws_1982,pts_5564c9071a22a623dd8bc0c528679fd815935c7ad46c4e8c5f26d432816c33f9,user
viewer,k6_ws_1983,pts_7aefbbd741cf4af272d5026358b9be1ebb0899695047f4c1b1dd54ad791bcfec,user
viewer,k6_ws_1984,pts_0f08082b58464eadd1927dfaa66b3aca6afb205b9dd21f17cd84b84f0fbef94f,user
viewer,k6_ws_1985,pts_6b49df59560e25c49b2c5ee2ee8ef0b447b3726dd27bb74b9d24041b99ed7777,user
viewer,k6_ws_1986,pts_d5f804a690b3ab4f6e8be2f10bcd77ce3657b6620c744c7f9ffd44a495bcf8b2,user
viewer,k6_ws_1987,pts_39efa7eca25dd62369e613508a55b8d9fb0de26feb6761cc0abe06d4c4de595b,user
viewer,k6_ws_1988,pts_c9cc555d3cfe18d653e4e56a0ec511a442290c8daf2847832743562cecb3039a,user
viewer,k6_ws_1989,pts_4c4d34327d1051a85f421b83e122e2c69057d5d7f7b6c03febb9b5d4281fa7ad,user
viewer,k6_ws_199,pts_c9bc180ab4fb95239900b6c4b94efd583e969aa43b06372cceb7379b8ebc6a9a,user
viewer,k6_ws_1990,pts_649ca08baa3588ee22fd334e9ab07837459b18434ea55adc52cd973f80281a3c,user
viewer,k6_ws_1991,pts_7a5b6cc28085db2ec0d81589f773c9eb2f21b87f64ae24ad4c88bddba300addd,user
viewer,k6_ws_1992,pts_50a8609ac685731f1a238ae7eed78885e676b77f75a0782ad8dd553c3a83bbe4,user
viewer,k6_ws_1993,pts_8dab2c5376ea6a62a3b42ae1ab3e9b3dc40d9fcf86896ddc95433b542b89a185,user
viewer,k6_ws_1994,pts_2d78e180e954b7ffd66267ed21a3e4c9868b5e3044d687c0076cb18f51090682,user
viewer,k6_ws_1995,pts_04b9f8849f89cf10acd87f9fb17ebc73b5f1ebc101ed7fa306b11a66d1cdc78f,user
viewer,k6_ws_1996,pts_9e85a47ec7294b39f5d06202f18a94c6826aa13fe99c64a6e26ea6d8f3fecec4,user
viewer,k6_ws_1997,pts_601f608ceae63440556d4cd721f50620415538306a4802555887892e1430b280,user
viewer,k6_ws_1998,pts_2376869175abc38b78a881e97c9eb1d0b754f83ae1e00c223a4dc56e819feafb,user
viewer,k6_ws_1999,pts_71a7132d57728e09a039b5aef95758aac6bdfc370824fde7b62ba0e78f5eaccb,user
viewer,k6_ws_2,pts_c012d44610093e5811ee1dfaf48e6ffbf4dd8b9510cf687e93b557e281f539dc,user
viewer,k6_ws_20,pts_2153ebd4635c834042756991d180a3b88208b051af3e48f0e126283ccf04ae50,user
viewer,k6_ws_200,pts_ebbcd938981a9b821493d158b97e7719deb02001823c7063e5a4cb0837d2fdaa,user
viewer,k6_ws_2000,pts_a2d6e0b94884ac53f25617e38a2e5d9fba494e425fcd0197b0923490f1f16427,user
viewer,k6_ws_2001,pts_384c5deeda2b415246ce50211f9c6e892f564a6aab8792859f7e0b0a3d37b238,user
viewer,k6_ws_2002,pts_ff128a37d4806b0595389da8ec5e0877085dfbd6425a1862b1283a1c56b1ffd7,user
viewer,k6_ws_2003,pts_b22b76f51a2b8041765c1b0be04185aa7be6f8bd20e9a8a17c7507756f456496,user
viewer,k6_ws_2004,pts_915df85793e39d845b0c131b4c49a81af35802fc9e07fd8bfd393bd9d7d72d52,user
viewer,k6_ws_2005,pts_ed387224841a1327ccb9bf15580a78383b847042e3acc798c97e561cd5ca1385,user
viewer,k6_ws_2006,pts_c842581936c511177cf348ad1263cbd58cc59e9d94be59f1916ba3544ff60e79,user
viewer,k6_ws_2007,pts_3958573a04398e7945da9c242f384b5fdaac9c7294aefaadf06c36cc95a83420,user
viewer,k6_ws_2008,pts_e10893e0316e03ebcba2195073b82350bd04dc21e418e8a86b98360237ffbcb9,user
viewer,k6_ws_2009,pts_5c03b6b1eb2317fac49c96a7daecf0b217782a67b5ed731a99fe1e02cbce8000,user
viewer,k6_ws_201,pts_6134508422828803b8c67de85c9a52c277c9215393257920d1446f38cc5d0cb9,user
viewer,k6_ws_2010,pts_ab9dd1793461f8dc6fd6f9f1749a46163bf0ef8699b72fa0123d82779971cab6,user
viewer,k6_ws_2011,pts_7f0ed035fc6ad288bc321c16edacda9c00373c7d73bcfc67b10b04685f68e169,user
viewer,k6_ws_2012,pts_58c43c4ef3a4b1c12112943604e36394d66f77be1e0569e97efb585cd1c88661,user
viewer,k6_ws_2013,pts_2184c1e2f897a687666806f511ad440665640ed0e8e1244098766b15e1e15193,user
viewer,k6_ws_2014,pts_af73b23e5de09fd9ef7c8e85c8fb438bf778820bfdab35c5647871cae666b552,user
viewer,k6_ws_2015,pts_d1cb7bb7cc81c7cdf9bc02d12507f7005f28a305edba154df49cc8172417321e,user
viewer,k6_ws_2016,pts_491657dbf7a30f9c7655d9801a5da1eb77e195e948d74d5c9ccc090a5f2be0ca,user
viewer,k6_ws_2017,pts_26e41aa7a70eef7c78fcd44d1e80fc8b0ef74e01004b56ca3ef0d4aac9faa75b,user
viewer,k6_ws_2018,pts_751d8f69a6cf908f0b05b0c53d9440d0404e0de2268b12ffd746df91f621ac9d,user
viewer,k6_ws_2019,pts_db0a750a6962242ac591636dd7903335ca1fdfbee89f00b90dfbf93716f3be23,user
viewer,k6_ws_202,pts_4ea39b77e108d3fa5bcbeae97fbf620d100ef9ff616bb740aa2688b67631b017,user
viewer,k6_ws_2020,pts_29ebd8b90eb39bf42f33d0a919b3a388cc6997607cb8026532637a5ba837ae4b,user
viewer,k6_ws_2021,pts_1f961f95c11aede721267df1bf70d657502ca782bc27ed83449f0cb010a297c4,user
viewer,k6_ws_2022,pts_6507975b9e44995b386082a4b2cb804ccf533bd21c899c457ebcddbe1f465f76,user
viewer,k6_ws_2023,pts_ca98f1158b41a3e90af5b436da2e0ac96007a5458c582d19bee233488965558e,user
viewer,k6_ws_2024,pts_7f25ca69f2d9a73de328b42c161e0c4c68b65cd7f3e46b71055b97476b080e4c,user
viewer,k6_ws_2025,pts_d32f2c5885fa757258125f7b4617fc9b793bf4cfeb825e104a36289736652781,user
viewer,k6_ws_2026,pts_9b631a85d9b1098fd6ba8ad2f7c005e9f5514512211eebda90f2a95f74142897,user
viewer,k6_ws_2027,pts_47dc60f9141ab51f3cb4e07c5d101d74da2e09acbb345632e47e4e2f4b0d9725,user
viewer,k6_ws_2028,pts_9793fd06a79e299a6139397e24b02edf948b3b3c1e4a24f7e4ee00105d015a7e,user
viewer,k6_ws_2029,pts_3099b6245ae77509323dac39f7442384d4c0fe116919ee87a7d6d65016e3997e,user
viewer,k6_ws_203,pts_aba201a623e4f77315b4f3a46b643305c3399b86fe10fd039406ebab0a487eea,user
viewer,k6_ws_2030,pts_773d3fc5e799711487226ae9f20d3621dac4855894724bb329b1b18d65caad71,user
viewer,k6_ws_2031,pts_6204e0700fcef44d86233d7d941c2572d6a07ee27142e2e4710dd95156b8380e,user
viewer,k6_ws_2032,pts_0fdb8203b26954f06c8a15c35fceff8f12c1f8a4484b04791442fa4ac5247048,user
viewer,k6_ws_2033,pts_c36313cc1626279ec1aabd98b37b9cce14c83c4d22b36bee575557d248ff821f,user
viewer,k6_ws_2034,pts_65938ce29812003cdf4479c738169b74f93b16ac79e7f50a46b0d123db42ee7d,user
viewer,k6_ws_2035,pts_4600595e0ec5a8d4f06a7d9b5924093774eb0af3667755737c6c833f909dac61,user
viewer,k6_ws_2036,pts_c17dfd4aaf9feb4b242165c5dd9811e1daeb83e1e415d48b297dd67664852d16,user
viewer,k6_ws_2037,pts_ccb51031d7b230288c84a51020a9c129480615c33fd366545e7ee0cd0d5cdd1e,user
viewer,k6_ws_2038,pts_c1018b319957f0b9b1359236d3b53a053ab54c7b47a15935872c0aa88a0252f3,user
viewer,k6_ws_2039,pts_da620b9ddaf7b417b40ebd704e9b207f85e08102f4ce464351f90a586f106fd1,user
viewer,k6_ws_204,pts_ea9e2fd185fb108551a80e702469ea1dbfb99569c32dc08daf6a647695bc5501,user
viewer,k6_ws_2040,pts_0ec63f94cb9345a7508c4d3bf23d04b56086699bcf1fe8fe6cf9ad6613e1950c,user
viewer,k6_ws_2041,pts_061939bc1bdeca2c5f2e0cf96a58c02040efd8f581e533777e7f18a54376e5e6,user
viewer,k6_ws_2042,pts_8774b68690e14579431e4f33daa89d5efdc467188c0a56fdf413702ec05d32f3,user
viewer,k6_ws_2043,pts_5e6c1bb5cd4572f3abb34ebbd1958d93b3f4a267a2177f535c944e61dd5c92cc,user
viewer,k6_ws_2044,pts_69d0555e6f7d5a4707477a9854b782ad769c752536a9d19dd20ed44dc5fb330b,user
viewer,k6_ws_2045,pts_bc09b120e51cccaa6414317e5ba3d9557086180e7f8c5d8445bab6d219833617,user
viewer,k6_ws_2046,pts_b6246f4fbcd203afc33771b0b6987876c135ef86ba187e2e17897d8c947ed551,user
viewer,k6_ws_2047,pts_9408828ff6509791d364dd611018a1bb2782c0e4f83724e83fe7dfb8573a7e55,user
viewer,k6_ws_2048,pts_8f8ce90a0046c49d03e52220662bbdc7985618c791c95d104d3ea0c95185d68d,user
viewer,k6_ws_2049,pts_4d473eb05bc28e967d81535202298c02c63e5c3eb956ada3fb53e5ae3f3b32f2,user
viewer,k6_ws_205,pts_8cb61a02691bfb4674b609113762a2839f3de6cade1110a27f5a322d343b875d,user
viewer,k6_ws_2050,pts_8e453ed71ad370d3fa054841153a054c69a57227c630e5411937fd18322ed324,user
viewer,k6_ws_2051,pts_cf451aba855da8887b07c0d91c95f2ae0681c9339603b6836e4b61e3886ce8b7,user
viewer,k6_ws_2052,pts_a881a4ac482d821fb33d5174cd23ab0e203b9bddbbaaf46d239cc25fce3ed3d3,user
viewer,k6_ws_2053,pts_300f2ae9bf2963bb571f67d301c6c50f21c2b74ac5e41c34162d67e6934fd8c3,user
viewer,k6_ws_2054,pts_dea5916bc121481871fa134ffc1a510e9c47b2d71b1615fd8f58b50005e1b03f,user
viewer,k6_ws_2055,pts_49e7be6ce6486288ee6aaa94d61be126886c1a1ac1994bd171c2f013a72667d0,user
viewer,k6_ws_2056,pts_948f1449673289ce5a17831e98943aa402c3529b74821495a3501d14ec589bc5,user
viewer,k6_ws_2057,pts_2aab1d4d12f346b7011bdbed5003e932614715d0891af1e8514f5a404e64c71b,user
viewer,k6_ws_2058,pts_4afd9d682608cb0fa4cd04bc7eefcfcd8e82bd8762755ad120b2ae96729cc517,user
viewer,k6_ws_2059,pts_c99d7a16aa14c7f916c6fb4dcce835573c14d6bd024454c1edd94099daf850c7,user
viewer,k6_ws_206,pts_5dfa555b0531971712ea83fdbe7153e140943cda3dec626ee4f0576b27f2fd9a,user
viewer,k6_ws_2060,pts_1333037f5f5554bd9d853f844157eb4af6926b7eb54e7c08a97586313a9ad58e,user
viewer,k6_ws_2061,pts_19ce0996ab2fce62fe0a6ee1429a1d875f50d914d6e3d07e6eec578b58d2fa31,user
viewer,k6_ws_2062,pts_4772c0f5508b17f75ed28951ff3df3cf1e0d4190b1f884529f9cdcd18c092805,user
viewer,k6_ws_2063,pts_9af1425effde1597a5bdef15857215931969513b3a439e777fa40e0ae9b64203,user
viewer,k6_ws_2064,pts_2da19ce5608f36d00e903180b49cd69d8f9d9c7b6c786b53f48754426db45b1a,user
viewer,k6_ws_2065,pts_3f4e26ff3b2b41c7f0442ac04d8951b9a376f7dad38c0c20dcca4d7f9bd72c9b,user
viewer,k6_ws_2066,pts_f3af79fd5d0578aff08c3beae057b4082e33dac91e68a83f798d64c223b0586a,user
viewer,k6_ws_2067,pts_a6c3aab15576f9140d6e6d693cc1579ff4b65bf23f0ce1190c40657a96b3a15c,user
viewer,k6_ws_2068,pts_e98172fc76effa9fe00812f35c52c57fe4b96de7f197e6ecb2a69391a85256a3,user
viewer,k6_ws_2069,pts_123163b6ed6f39c2883ba913784b82ccbcfb352dc7f5d72c439d0bc642cdca9e,user
viewer,k6_ws_207,pts_4d8b77aa708907a1b6ef1f81cc658582d8ed2054eaaa2cd24c564f39b702940e,user
viewer,k6_ws_2070,pts_867834ae569aef5aee3348dbcae2d7eaad77216e773c28c362b18e3c4c949826,user
viewer,k6_ws_2071,pts_098087eade31b7ba2a067343a5ad092fb974c3e0288ac502f00ea13fe00bf449,user
viewer,k6_ws_2072,pts_648e76ed4259444827223ff5d649ba3abc29b5bc76afef292fa62f2dd0fa6f4e,user
viewer,k6_ws_2073,pts_6900f6a322db1e78c2d263684013543a174091a2f068ba8afe4a084e0c99ed22,user
viewer,k6_ws_2074,pts_d27194e65a841961784449d180c8f9cb0706b9aac74bc4c147de51c446f948ac,user
viewer,k6_ws_2075,pts_b4b7457e5d38ed2714c15f24e12baf80a89216d1958ddeea9626344ad4ed5606,user
viewer,k6_ws_2076,pts_59b27f06492eaeaf4e81003ee24c62b960e1486a2f5853df8f014e90cb6c372e,user
viewer,k6_ws_2077,pts_7aa05db794ca11d45b7bf09deee816e9233c307ebac5f57c5aac43f99c58a797,user
viewer,k6_ws_2078,pts_c1162201f498f2c61f1b1d7147b225abaf9179a5ccc8617b51442199335cb11d,user
viewer,k6_ws_2079,pts_b517299d615b65c58e6a3e70cc92a857819923b6e33d1a7f156d5fe07e39c8fc,user
viewer,k6_ws_208,pts_8dc4cd03d2d47565651f241d080743688cb1cdb94265334ad12bbe43324423cf,user
viewer,k6_ws_2080,pts_6a1705f1bde1a8889fe572b6e7d68b8c439e41de8c49e30ea83f5d19216878a2,user
viewer,k6_ws_2081,pts_44b925a9d1118948a60b44d4b1d4184648e67b5062b048e360d12919d74c8aaa,user
viewer,k6_ws_2082,pts_9c36160d3d342e5cb0a02f388d771215fa9675384833b31c49889be7680769b9,user
viewer,k6_ws_2083,pts_250b9afac0995e499205bd1b8197c27012f23ed0ac0c94a2c75151a0ed0259e8,user
viewer,k6_ws_2084,pts_6b151f27515a22f2b4ce7760382553597cfd548949543deeb4e51b9e545922e0,user
viewer,k6_ws_2085,pts_5ba780b4498ed6e6d6b892cbaa6df0219bdde11d696d12e5b963fb306fa5fa8d,user
viewer,k6_ws_2086,pts_15a8b1fb5e48166b3120cf98a91a5cb889a0710f50ab2d9d98f35212cd74ca7b,user
viewer,k6_ws_2087,pts_fe646ea9bce8b2eede1c0cc7cd242e4edfc1c2ccd56fe7fc5963c0b119f38652,user
viewer,k6_ws_2088,pts_3683cee72753d40576da989d143d87dfd96343a9de022e4091b1fd8c87f4ab36,user
viewer,k6_ws_2089,pts_771e724e9d321904103db90796dca04d437a70f7a16704dd935471dc5035a596,user
viewer,k6_ws_209,pts_f513f801ab97696c6d581dc838601ee8db90bfc18844c409888e0d542cf210bf,user
viewer,k6_ws_2090,pts_eedb263b24ac15d0fa5e99bafd4d909e9f3bdc0e09c48ec6da7a463c19da763b,user
viewer,k6_ws_2091,pts_de3fe81548846f5606ddc861088805f963f1aacae3b1346489e21814594de9f7,user
viewer,k6_ws_2092,pts_ba85725982361dad042567f3ed67c5829d1feba9dbb8170f53ee7f19be16e5e7,user
viewer,k6_ws_2093,pts_0cd474fa192a7bbf93bed0fdfc325cc3cb27250d78c4b036548fa79936902039,user
viewer,k6_ws_2094,pts_ce54a9b6e78aa45c3bdd7d1264715aa16f03043aa89b05b402b9f32fb3b8c59e,user
viewer,k6_ws_2095,pts_13b0a86e15111ffd828d906b9c3f240534e19e748c5b6b1b59617a2be0e11808,user
viewer,k6_ws_2096,pts_0a50dc15ea67aced832f109449afa36bf56e2fab99995e128878a85a5256dee8,user
viewer,k6_ws_2097,pts_352f478d645c81bacb06d4330b181b2a7d246a1cadd6da0ebedf9cada0e7acec,user
viewer,k6_ws_2098,pts_20e093fab23565a79ae211143479082e92ec284b7bfe9c5ad17a3237c350d35c,user
viewer,k6_ws_2099,pts_421643b03dc60ddfe97da5bf8cfd100f8a19235bb1700bb0cead2fb01b7f7feb,user
viewer,k6_ws_21,pts_836a5f02007da1d43ccf08c4ef9957058528b263764238219375b894f547d2a4,user
viewer,k6_ws_210,pts_60bc43fbc6078a1bc1b483c4ac80b75460d61b1ae7bcba8b65aaeedfb4013cc5,user
viewer,k6_ws_2100,pts_3dad0549a9ae54d4ff73df02fcfdef88388c8fab934a46322da3114f0534e325,user
viewer,k6_ws_2101,pts_6c0c233a382bc7ad96493ac7e264621ba581b28f323b3c62b6e2d2abd011d7a0,user
viewer,k6_ws_2102,pts_d1c18713b483dd53640d16d56f851c467a7305c7961f36f5e70e8ee9f3f06674,user
viewer,k6_ws_2103,pts_d1330c17ead97e52b52d58f8219e55993690139f0959570ce9d0526a0d9df45e,user
viewer,k6_ws_2104,pts_ddeeb3f42e247a3e897d09309eb69dd3a0cea77510e6be07e73cd00e1d043c10,user
viewer,k6_ws_2105,pts_4dceca2409ed99096266668d7ff196ce67a7b40dcca8874e38ddfd96cbac322a,user
viewer,k6_ws_2106,pts_e44593ed2dd837b661b41efe0473e370aba9c1498d0610fdc296a06dca547cd2,user
viewer,k6_ws_2107,pts_8057bbd398adf5e54847dc83a350f42b4e251776ff8a21ed7cd41d0b0fb6c20e,user
viewer,k6_ws_2108,pts_32a128e786af40b60cf8c12bdb91382259275a0d8b4af71ff887d9f00442dbfb,user
viewer,k6_ws_2109,pts_2338680925c9fd3ec3de2f4503495aa25f931669fe6770e2b965e055a8f45fcf,user
viewer,k6_ws_211,pts_7586878229c1e6c48228a14dcb7f0eea6200e7b94ad29a0d2df919ba44525cdc,user
viewer,k6_ws_2110,pts_47d02ca4324ce820df8adfa13c191f4f3a478de2453965c0b7a08e644870ef66,user
viewer,k6_ws_2111,pts_824bfd72949d172d50349eb7273ef7ed3416537d7649796e3f32ad3daffcca04,user
viewer,k6_ws_2112,pts_d1ca9e63183fae7624b4bb948ebe92ab9fa8117194f9c730d74798f35724ae2f,user
viewer,k6_ws_2113,pts_65d1391b432c5b03da0067f25810c636087716448397f13ebf15ce71c7726fcf,user
viewer,k6_ws_2114,pts_6aca4ffa3921817f99227a779e0a01ec5fba19aa9a4121c5e937fc614abb513f,user
viewer,k6_ws_2115,pts_765378f82dc9793f872e880bec289ca50a40fb3153765cc3358f80582591ac47,user
viewer,k6_ws_2116,pts_d7ce969921813e9f8b4b25e678ec9ad1f179aba5ae8c5e9e2c4021fc45c179ea,user
viewer,k6_ws_2117,pts_21e18457cb332be1cf2d55fe4d97ab20324c30b364d6ecdb127112689cce6494,user
viewer,k6_ws_2118,pts_52be44d1a1984a5e2bf8ad47e37df0a395fd37bf5d4a3124fc13496b73edce3b,user
viewer,k6_ws_2119,pts_64f370755f1ec8d3237f17c62e63a01c69ce57cbff0113ea4aab6de538f0572b,user
viewer,k6_ws_212,pts_e85e78f260460db47a44c55901eb9a9cbaffbb9264c26dea9c71670ca44775d0,user
viewer,k6_ws_2120,pts_4ff37a9331e21757393535e37cf169b3ebe4d5fa72b8eab23eb2e823e597dd84,user
viewer,k6_ws_2121,pts_78d115561c89e374b21b9d9b40800adb5e0cd01e26fa3afa2147e2eefc998e0c,user
viewer,k6_ws_2122,pts_57794e3f4181c27d56be368d00e5b0965f0052a095077f59711fb61075c795fd,user
viewer,k6_ws_2123,pts_f22e738657f8d0ace5c31677f43bfe26cd16330a39604c655ac1c131f31cef3a,user
viewer,k6_ws_2124,pts_42f51cc8089798d91bd4a8c9c979307f0d61d529b86d4e2fc44f42ee35a1285a,user
viewer,k6_ws_2125,pts_c4a6554602d0db8c630c737cce7b134d9cb08d9a3e30af637dcc840b741f422e,user
viewer,k6_ws_2126,pts_543a1952c312ae0c308db37421448369ecbc46c93e85f477a52200d6fce5b357,user
viewer,k6_ws_2127,pts_b68193e04f6e9c1e7c6b76c79032f4ed427141afe360c6c30ec5b40f687bba37,user
viewer,k6_ws_2128,pts_372fc23aa41e4d8c209583d635ddfe4266ae0414b3d86809c7333e6c9bf81333,user
viewer,k6_ws_2129,pts_63e291b97ec96591996d269dfd6e70e101d7ca0475f24656840ac2c068668abe,user
viewer,k6_ws_213,pts_d31d917f65254be9e5b2be26b3540f6525959c212446cd6fb1890e1a3af759fa,user
viewer,k6_ws_2130,pts_20c568a34915437b8a356c7c194e894f8041f0ab877c5efe77bfcac2803ecfed,user
viewer,k6_ws_2131,pts_c619427b8a35bf7b73d9bb433c341d9cc1f7304c2e62d732245c6889b9eaeb35,user
viewer,k6_ws_2132,pts_ed411c95d282455a136b1bbf9a8d07ae9e599b22aaca2670d932c9c58f5ed2b2,user
viewer,k6_ws_2133,pts_d02871c5383d0ec756e25d93b4454e5420334de569c31de53d4708d6fa3ab7aa,user
viewer,k6_ws_2134,pts_44923910cd8bdc443a5cda8097462c4e03756dcb051a30898778437786d7369b,user
viewer,k6_ws_2135,pts_cbed3d0d6f2b27bb3ae777ad75fb9eab2dddc89fc3e095c4079e6e865a7323fe,user
viewer,k6_ws_2136,pts_918cd541be8abe30fd3fe7536c916f2926b55170cf2a7bfbdd720e120e595dbb,user
viewer,k6_ws_2137,pts_2a44386cceadfcff6b16b4d27675a7d664bffeca99e4918a954ab566a34f62ca,user
viewer,k6_ws_2138,pts_d4a523cbe2766e63b2afc5fbb2f0a18eb9292ccb0b6387e17eee7a87a27b3793,user
viewer,k6_ws_2139,pts_508fa4f4edee27361014f4572fee62d82e5cf62ff96a4ff3e2d88febe7f83ac5,user
viewer,k6_ws_214,pts_0842aafa4c83ece53a58dd2ae9efc7b2fe9665f8eb6b22e38dbcc377af127323,user
viewer,k6_ws_2140,pts_37edb99d8fbde9e019f9c8bf47784e8b49f81bac04bfe341831793ab442a0375,user
viewer,k6_ws_2141,pts_aaaccb3847022525a2f09eb72672d14cbd0755ec2bc6eb0e29d2ce567ca80b45,user
viewer,k6_ws_2142,pts_2b2ec1f3fa6487b976f5fe4196b1dba255fe9646ddc6fd9f81f9d5e421eb3e88,user
viewer,k6_ws_2143,pts_8b8b25024451ab33d9632c10a7fe0087c411397d0386ebb28d037244139a6429,user
viewer,k6_ws_2144,pts_ff06b51a048d3badd80496c8883f4f9971fdf8a0dcc1bb0447b91dcba34310f9,user
viewer,k6_ws_2145,pts_4a666dcfc32ca91a11a28c33b9a2ff05c7173ad4de9d0b166b22b8c529e58b0f,user
viewer,k6_ws_2146,pts_113255e11a73830a8145d162bfe836537b4ec99680df12b84dec7a76e0c0fd6a,user
viewer,k6_ws_2147,pts_69cd206480ed0d43984a4add2f23d4c411feb8e8ccfcc26fa79b2c8c0680f461,user
viewer,k6_ws_2148,pts_57cfdfc5a166f1483f7a742c8f7eb42f2d1e1823abe4f00650275e7bb635cf7e,user
viewer,k6_ws_2149,pts_9a085906f266b20714ce9bfb60a43877176899853489ae35d5c63d7ebd2fddc7,user
viewer,k6_ws_215,pts_062e34d943dcece1c45095ffcd2263e67adbc8b04a90e6972471b5c57cd229ee,user
viewer,k6_ws_2150,pts_cccf888fd5a023a0cbca400482631e1336031f4326bbb916dfcedcb4c5ebe37e,user
viewer,k6_ws_2151,pts_cb1ce7e2aea7847267f7bee2a1d0872e312ca7803b4e974909a4c1bf4c44a800,user
viewer,k6_ws_2152,pts_fec1af757a68cf0b8d9e60ea4a02176feb79411733b38a0712bd3cf1eb3d9398,user
viewer,k6_ws_2153,pts_3ddf66bb65c7c8d8c9e5af9de80fb7e5ecf1dd57190ad1c82c9be8cda842695f,user
viewer,k6_ws_2154,pts_030080d4592c38360b341e4655b28b48d8117970d21ef0ee3e6853c2eb5af7e6,user
viewer,k6_ws_2155,pts_af96a7fe18b0be2e832cb68c3686083b61d5f29c60d45af1a32aa04094ebfbb3,user
viewer,k6_ws_2156,pts_f7b1cd10ae6305e64d1173940af758bfef65f3e766d18041d1c7d28402181999,user
viewer,k6_ws_2157,pts_5a49174e7b00ef4d4295a61ed91d452e78c96e1fa732f1e8a1a2acd464170001,user
viewer,k6_ws_2158,pts_8fdb91ae9c13c418a570b4d06373714ef5eb107f3c6dfd861b1cbc4a4b3a9c1a,user
viewer,k6_ws_2159,pts_3c7595380b924099e73282a6842d0ca129e8d1020f1c13c2df508b7fe195cbf9,user
viewer,k6_ws_216,pts_6a257698ec0e6cd252318d3144f26a931317c1837e77de29295a872e4ba25821,user
viewer,k6_ws_2160,pts_a2326cfb4e4481390a2dd2909555edbbc0a66d4deae459fe8dcb4f06fd8b5e83,user
viewer,k6_ws_2161,pts_5cb5ca1a3c5fba24801272f9f0b992087b8c48e51e4b352b56afeca5ada8a341,user
viewer,k6_ws_2162,pts_0e303cdd3bddc13835e69f653e1fb01bec31e75b19d9e7a76e0b532ffc36bd60,user
viewer,k6_ws_2163,pts_546b942d5f67826b5a6006fb9db7225edf6f22a8c6d597f801fd977df5807ea7,user
viewer,k6_ws_2164,pts_ece43d75254bb6c6b242aaf22c31219f5e4daaed30518349d9826cc9792659c9,user
viewer,k6_ws_2165,pts_99c06d00b5f7c3e1a5eff0b61420dcb275945876678a760f12c097f326a1bc83,user
viewer,k6_ws_2166,pts_a4b27c431c504a60a8fd307770df1edbad745f8ed36e32b5747fb44150bf98fd,user
viewer,k6_ws_2167,pts_2dd761bd19403b515bcba99bc99acf04661c528b320107db46e8ae19c98fec80,user
viewer,k6_ws_2168,pts_0e1f7496f3ba6bc2e13fcd72691d5744a0d1391d5be2f79618e624f8a0a73158,user
viewer,k6_ws_2169,pts_162659eb8360f34b32513213a32f9b6300c3febbd3097d857b50ff66ea5441b1,user
viewer,k6_ws_217,pts_2316ff8e8a6179bfd13d8195bf01a1892c68d0d4b945a73a5a5e3feca35d36c0,user
viewer,k6_ws_2170,pts_56fe222619869eae2497222c22736e4bc952e83099ff3aa48f488cae49d15950,user
viewer,k6_ws_2171,pts_afcfe6ea00ea3de181d2e5cede4e5f2872c902c3084ea31b6ef5acc3c1ecd5b6,user
viewer,k6_ws_2172,pts_e0ab9aa6f1540463f244b21fad50046cf3b3fe3f034dca5ece0f7ae22027604d,user
viewer,k6_ws_2173,pts_ac3abde2a14e2e7cffe7ea5b93b921c2d049de9b1a2c434db0ec0c1860013eb9,user
viewer,k6_ws_2174,pts_86b7a3ff1207e5b003eef573a73d324a42f9e95908a707b10cab851e6f56a472,user
viewer,k6_ws_2175,pts_3823db3d4de57f1e607024d1a07de1f133980180d2bdb042e171ddab70777650,user
viewer,k6_ws_2176,pts_2713d056c3791605467ced2808f984f7b82b9cd1e12780b42cefce70976521b7,user
viewer,k6_ws_2177,pts_a7fc26ede21f881e5d6c81c700157c1cbc08dce9e1a772ba683a995b21d9d9a5,user
viewer,k6_ws_2178,pts_3c8b2f2f038dab908a6e107433f901de9f7160e0a35f96153c070133c23cc098,user
viewer,k6_ws_2179,pts_190ac333b342b129fbf59a0d0d723321f6e1e47ef2d9d745beaba9646db69d62,user
viewer,k6_ws_218,pts_9997ab9afba4ea952e6edcd017f6e6381a96436f371b39887b1cc0af3b8ccdf8,user
viewer,k6_ws_2180,pts_0e2164c98487223380ce5529af1de48f2e9526ee3eb35510495ad614588c5195,user
viewer,k6_ws_2181,pts_b97d73a3530bcd6ac01480fb0b31036979bb71701edbcc7e03f0bdc46f90a0a4,user
viewer,k6_ws_2182,pts_2fc763541d29a83ae5a4fd9610668bf4421aa6258a4ee5fee7953aca2126e632,user
viewer,k6_ws_2183,pts_e9968e170499b150fff207cdaeb1f9d9254a149e0445753d2afa2724431d9e5f,user
viewer,k6_ws_2184,pts_f3186d551bc76dab255322593791ba51729d595eda40c366ce58b14158956d9f,user
viewer,k6_ws_2185,pts_3b4c69c81e9c41969cdcffd013d2b43f8e67c0752682e1349d9d09f689a1f12e,user
viewer,k6_ws_2186,pts_9ac29c7677356f85ce70214a23f9e5fea8747a0a2175a8d0bacd2bc93f5f760d,user
viewer,k6_ws_2187,pts_3fbb53b491c798fc472a2916122b9389dd6b7ccd27f4f5d2348ab4a3249b9018,user
viewer,k6_ws_2188,pts_f85a5778db116c03ce060a084a6d7d6c1bcd9f96870e91339c3c039b27cf7681,user
viewer,k6_ws_2189,pts_807c2c2cdef7142707448f5797c3018b20821be760fda3839963d02d5f6be0a1,user
viewer,k6_ws_219,pts_675f4f8deaa285195c398902c3ca5d039fb99f51e58a973afb034c8a0e980c98,user
viewer,k6_ws_2190,pts_b81b63b2f9c03bdecb386fde28e342d3e58368c5e4a4ba09bb5a0a3a559efb83,user
viewer,k6_ws_2191,pts_1ee8d14f7a8c5a03c3e9fe308da0b41dcda3c375c2033394a6f7a9cd3a5f321a,user
viewer,k6_ws_2192,pts_5accfaa14e3b21eaf56ed18fc53db60d1f5d072f597b9d879f0ce7b20fcd87fc,user
viewer,k6_ws_2193,pts_621490352559087e726dc1dbd440c01c38dd2244491215acf6152d4c5a9bcc27,user
viewer,k6_ws_2194,pts_2e2bf53822665a2562421ce6bbdf6e9d6274fa1095be2325cef063ca276893de,user
viewer,k6_ws_2195,pts_fac7f931c3ec705441e2ef9a742a17b950c4f39ba9f3dc103ac5decd5bb1c01f,user
viewer,k6_ws_2196,pts_fcdee9d7027dcfd971b6ae550f36d98bcb2a9303cfff179ebfa3e8f514fc9581,user
viewer,k6_ws_2197,pts_b1f8c7e0499ea10a76edf51f39f14f4748fc40c63d875bf9bac1a87c165d6309,user
viewer,k6_ws_2198,pts_271786f9cef997017054cc719cc3bb3b4c81de35d6011e63ef98bcf4b1759732,user
viewer,k6_ws_2199,pts_cb3bb63ac4de8b5fb6b11c640800f448c6988f282102381d8c16abb0fcd09155,user
viewer,k6_ws_22,pts_e545b6baddbae27f1e8f35a479e424e88eb87b9f59bbfed349e7bb8ed16b32f8,user
viewer,k6_ws_220,pts_15104ad0caade5fc010e8b7fdf289358110e7977019f0d9911ca52c1b6af4318,user
viewer,k6_ws_2200,pts_645ba133e26ecb034191a835c355ef9256f84b2ceeeb8db3ca76a99ffabf9dc9,user
viewer,k6_ws_2201,pts_dc01d1eac48f9dbaac6e6f4e554bf3d2c2aca2159200cfd6d0002fa4af5333c2,user
viewer,k6_ws_2202,pts_67a9a1e58d80d964ac3b3ce6c7e2e1f8ddbb2f7c9bb4856c7b8217d13e51babd,user
viewer,k6_ws_2203,pts_4606a6778a228d723c988c7ab70901dd035df10c47e362c063ed91c3da2378fc,user
viewer,k6_ws_2204,pts_3135bf62bd2fe9729fd81b074234d9dcb4a2436ce72818282084917123408bae,user
viewer,k6_ws_2205,pts_89bfc1f2535c07c1074c7d73401997d85251a4d800a7d2198634178b22d50371,user
viewer,k6_ws_2206,pts_ef3c87ac7f8b36254f3b83b9d9345cadc8335b5b8f6bec1c910ce93c81f9452a,user
viewer,k6_ws_2207,pts_6dc08946c0a2233f8aecff2b3d1d911995e22ed4ba0edb399ca2d32b8916d5ae,user
viewer,k6_ws_2208,pts_1af777711097bf41c0b41d65aad853460570287fc282c9db640e17a118a9a16d,user
viewer,k6_ws_2209,pts_864f8732354369879f8373d3e3a99127e8dfc70fd2e63f97346f5c3da89815ab,user
viewer,k6_ws_221,pts_662b6c021c5d55b62b10f6e9303b068f9bf01eaf4bb905a10e446e236e59bc24,user
viewer,k6_ws_2210,pts_4f3e93ae4af697af11f611132a80afb001cd8dd9bd1c1d263b66fa9af9b895e5,user
viewer,k6_ws_2211,pts_560e814306d14d078721a3c5fbe9faa658c6e0775946b76ac80b68e3ac9321b8,user
viewer,k6_ws_2212,pts_1cde6eb66802fccb2b89e9eb06a11481455eda60accfa37c4c3a9e1e46de632c,user
viewer,k6_ws_2213,pts_12f0c25f95624a27d408ef515689f7d0ee85cbab54ced997129ef7ae2ac04e55,user
viewer,k6_ws_2214,pts_a5a99a0e105401dea7eaa60868d104692a247a78e7c6b6e67fefcb94e70b0819,user
viewer,k6_ws_2215,pts_6750c1ead4caced7afb09b1810c529d624f62553504697ebd3f51da86e33ede1,user
viewer,k6_ws_2216,pts_f66c31646ac454d02bbc64648b03a005aa0827cde56207d278a7c5d30af7224d,user
viewer,k6_ws_2217,pts_a2ef6143acd4502d1b343a231c58a06cb74ccd1b069eecaf39b4f633a7c162cc,user
viewer,k6_ws_2218,pts_d4534977b64f65aa3126029c794c327bf3db0fc087358f36a9c351e040f18f89,user
viewer,k6_ws_2219,pts_64974d89611b3d854ab795a1205ab8222a408fb37ae61739ad0f02188b39eb1f,user
viewer,k6_ws_222,pts_ffa416c984ff1a67ae2a2036cfa1203f799ebe4857a077d9d616d9c805d84bf1,user
viewer,k6_ws_2220,pts_17d81fe8860791ba7186541860ffb1bd35c21bb789537eeea292aa6b444c70f4,user
viewer,k6_ws_2221,pts_cba184cb8418ad2209520ab4b8414079c8e68c2e3e39eeabcedefac1a26cd891,user
viewer,k6_ws_2222,pts_f01a218d007dcf5214b99637d79f90c9508ae9ca1fa40ff5eef9ed92b61d0a86,user
viewer,k6_ws_2223,pts_049d209fa8a9bbffc80dfb2d8bbc14958d0c7e7d6d136b2eb77657a746050e8d,user
viewer,k6_ws_2224,pts_cd999b34d5ccaacb797a5047c51883027de65c1e18718a3d9c933c002a373de8,user
viewer,k6_ws_2225,pts_9900270586e862b182af9615e9de5aa82dcc3477f4e3f6a21bafff15aada0368,user
viewer,k6_ws_2226,pts_68f7d89885c6c954b6256c74ba266ce55eb93414079aaa2c341f28309f748ba0,user
viewer,k6_ws_2227,pts_a788d496049a2d3ec62697750db89a3f6be283f061b659a2d085f512d96b3a61,user
viewer,k6_ws_2228,pts_e2bcf2d70fefae85ff2afd11d9c61d02d2831570f34f61b889379513a919c972,user
viewer,k6_ws_2229,pts_9286092a20829ae726a17586684b509eec64c0f2240d83c77dbe60481607d796,user
viewer,k6_ws_223,pts_5b40212add00ea1929566e6bfb7e8a273d8afe4234417e4daf9846aba51bdfeb,user
viewer,k6_ws_2230,pts_452ccb77d2c06e95db1cdacbe66867d84fe44da0b45e444428b8e5f614a4fc90,user
viewer,k6_ws_2231,pts_07bedac576eb3fba9e4a4cdb542f2a8e8c821b5c3a87de8d764099086b2e65ac,user
viewer,k6_ws_2232,pts_9b625682ed568640d47f6cb509dd2ebe4763dcdffa624fa3330fdcdc64c40ac7,user
viewer,k6_ws_2233,pts_8033878b7881d495e98e57bd919b3541655d08520082ea101ff848967290748b,user
viewer,k6_ws_2234,pts_59148ca431ac5a314c9f6546c235c492245890e493dcfb953ddb27db8570c16c,user
viewer,k6_ws_2235,pts_c87cdfef4fb0c8708894a2637f70d7c2aa593c80cb66de4bff8a0f63bb31a162,user
viewer,k6_ws_2236,pts_3dc77315a3ad00f8e2a83a969474e98a1e5bb7a95910aafdbb31df008e190036,user
viewer,k6_ws_2237,pts_04be86bc1ee7f2cbfbb6c49037d96966fe6aeda1c5f10e0541da20f4cdac5d04,user
viewer,k6_ws_2238,pts_2dfd18f084deef7870932f667e4d9e74378da02b1fbec7750955d821c4d345f7,user
viewer,k6_ws_2239,pts_cf197f45c4342e0247aedf0db9902d8d48b79def35a8edd1bdd9a9ddcddc0e4c,user
viewer,k6_ws_224,pts_2b44228ca0e71eddd909eb607f0cab4f079df078a603e120940d64d45fc5e770,user
viewer,k6_ws_2240,pts_cab0c143010eed6276b53999b9a44a2127ad7e9f5a5a5ef6102cf470065a1be5,user
viewer,k6_ws_2241,pts_6cd272ecf30fc950e539f8d69a75cf673ff4bdc6eea5fb94b551361f8c962dab,user
viewer,k6_ws_2242,pts_538e472d762fd46f76d70a8b133fdcdfd47eb2701788bc031db6b4cb4e4c8c75,user
viewer,k6_ws_2243,pts_c41f0b4fb224a9ab21670f8253ba9488f2e3b2fd177079a3c595399d5b0b932e,user
viewer,k6_ws_2244,pts_0f906678d5955d2aa2d9ba79cc1b0631142cb03bc3238566f0d97557f02a9300,user
viewer,k6_ws_2245,pts_ed758fc798da8480a4d51a915ebe781705363e33593bb5339287a769cb6d3f9f,user
viewer,k6_ws_2246,pts_0499f61b9af790e37c10e8bf9b7df48bca3a7d18939b2420be806e6fa3be3ca6,user
viewer,k6_ws_2247,pts_378676cd89be58e0e961b7fbb3c368d5dc9ba0d77c9866ff3cad11356bb9f172,user
viewer,k6_ws_2248,pts_e48dbca67efc86c9939907be4707e4ff14b588c0f75f8eb9d8d39c48f46bc299,user
viewer,k6_ws_2249,pts_58f1bf277b79311f67bfbd542deb72b563dbe82439c6ef0f5b4bfeb3ec47cd57,user
viewer,k6_ws_225,pts_58874c1c1ae39374ff4dca93e3365edf541772480a17b9d7958e5acf7610cce6,user
viewer,k6_ws_2250,pts_f3bdf7eef29170d2579d674e3ae9ea653d0c8e268ac7463c2dd9c22cffe482af,user
viewer,k6_ws_2251,pts_df4134bbf4ad6ef1f7f3c90addc8f3a6ebc207190a0f295c50b90aadd64eec82,user
viewer,k6_ws_2252,pts_395a865fc1d989b8b9e68c035ad7f08d07c8083672ddaace5177fcde52986213,user
viewer,k6_ws_2253,pts_448a34d747e202fb144f72718ee939083a630c55f1eb7299b264b7aaa0a86156,user
viewer,k6_ws_2254,pts_0916f29f7c634eca3f9ffa539ff83b60c1f6337cbfe89747a19cb4617d09252a,user
viewer,k6_ws_2255,pts_93e7caf41e7a72c31516cbb4a7d2bcb886078315413726af1cd7d031927e5bde,user
viewer,k6_ws_2256,pts_a2db60b08b4b993e9e9c45fe507f24213eaf91dc987594637fac11d82b065249,user
viewer,k6_ws_2257,pts_5bf45417ce8f0ecd39d4b8046307231dfca734247a8b755615e22bdbbaa7878a,user
viewer,k6_ws_2258,pts_accb1afe77e99ddea4a4c8934b9ca611d48c3a2e9bf8a1417503032926af4934,user
viewer,k6_ws_2259,pts_17f03ac421771b584b8b179bd1131b3b982d01a7fa6cad676331ada17d69e82b,user
viewer,k6_ws_226,pts_a942569e2939550d26e5f18f9a2731a0ca8434277e18bfd449060b3b514ae25d,user
viewer,k6_ws_2260,pts_376134f9fe1a81640d002188cc840ded7113c652a4bf53a528e3749cb144f017,user
viewer,k6_ws_2261,pts_8fb194f40f956257c4f41c247e0f54ad3152b021a5816d83f72ba17b0791bc79,user
viewer,k6_ws_2262,pts_c0ff8ee10698ce2ab421db68f60c3411ceb3520701b6a75da099db0d095a4bb7,user
viewer,k6_ws_2263,pts_1545654388aad18756393d3d276189bc9e701a3c9ade0e5e7da4df21df1d1639,user
viewer,k6_ws_2264,pts_3eea6330a9a393686d9cb06b5cc9d686f6dc01082bb6f630728f1f229b7dab19,user
viewer,k6_ws_2265,pts_1fafe55a5503e4265c54cb8f10dde4251c44a980eef53646c86acbc4396f94ea,user
viewer,k6_ws_2266,pts_8f0262cf7ac4d21e4c1d7fa1de52f0ead9ba41a7726eed5c283ded11033f17af,user
viewer,k6_ws_2267,pts_6d7b4ab6fe31379be22f64bbebb7b386e9894f310f3813769b2ff6cf92621cfe,user
viewer,k6_ws_2268,pts_385f9b605271e3e1823cd2323e19ed4e70580e01d4221633f01daa32ecbac256,user
viewer,k6_ws_2269,pts_2c04a878f293cf069f1fa659980d58ba9a61594b074b1f36738bb8233275af57,user
viewer,k6_ws_227,pts_dce5f791a8c6db2d99be9b363f6febb2f86808effa74e49df807024c56f5e1dd,user
viewer,k6_ws_2270,pts_029c647449a789544d5bd5f761136a6c6bda8374d9e6a258aa4e715fa097fcf9,user
viewer,k6_ws_2271,pts_d79f7bdf82ac98df3fedcd41f2847eca3ddcbe77877a544412b99561cf40be40,user
viewer,k6_ws_2272,pts_80f7eed5548ccd4332384481571276e7f0a08c45e0b6ff6409de580559f6c3a6,user
viewer,k6_ws_2273,pts_51bb2aa469b8ffc6e8b35a0b9f393bea474b0fd02ec325fa4e3bc6aab4cc967c,user
viewer,k6_ws_2274,pts_6cd511bbb542d189999e09ce230789992819391d3d891c9d2866240b97e39cb6,user
viewer,k6_ws_2275,pts_77a854d0a7d841e4f3a8d2345486e753b518667573594db9d230df9112588070,user
viewer,k6_ws_2276,pts_9bd9089169e3423ec6a6a4ed028baef10da4b9bdf7cd9ce1d3f1c220d916b125,user
viewer,k6_ws_2277,pts_196f3f4f9555b5909d4d62e5183d35060264a5f25837f5c106a4b896a7be5d8d,user
viewer,k6_ws_2278,pts_06dc386e10f99416f3a438c915e6aa9a13fa37248b0a782e23de9d808eb1dba4,user
viewer,k6_ws_2279,pts_0e0f00cb4bf4fbc12fc9e0edb25f1ed6b7a109f0fd034d446cddf1a3ca692440,user
viewer,k6_ws_228,pts_d6a2622ee85a1cc9d78be978fad104d560adeeb0c02f0237be5a0a598d2f0cf5,user
viewer,k6_ws_2280,pts_424c6508614c6523cdc146b48e89c310bffbfa4b817a894cc05196a5d45e6abc,user
viewer,k6_ws_2281,pts_6237777780226122d1d32c067d3dfce568e408293e9fb0f8e841d5f052e64313,user
viewer,k6_ws_2282,pts_8cebab5262d86d448e618243fd55d7d477651cf539d2cfb4215e5f9d90758f97,user
viewer,k6_ws_2283,pts_7b3ca049ad902c008c011129a058500015cfe647fb6139b2be932e605c0c3c57,user
viewer,k6_ws_2284,pts_61f8cbf58c588ad90643086e0238b2877d7583cc142b355793d54776f7ff3e95,user
viewer,k6_ws_2285,pts_a6081f64272d6f1d0c9032d329d2521f3d72c586d4b3296c9a6d558facdcda0d,user
viewer,k6_ws_2286,pts_56f885703e5840040ff3f720fea6d9047cef20756a4798384764cb4a950bfd7d,user
viewer,k6_ws_2287,pts_c549777dcd972785ea6b95525beecfdbaaeb736abad1ce2e74aa5c2f7e8dbf89,user
viewer,k6_ws_2288,pts_adb8768785afd7049502fedfbed898f31094ea1aab0112bd3919232fb7a92753,user
viewer,k6_ws_2289,pts_10ca62ed96c21a333fa5dbdf8f7c1150aa20dfca64d25f54b4452e6cd177b223,user
viewer,k6_ws_229,pts_ef98457537406d132a7bf8a0cd04291fdfdd7faa4955d70702f3cc7c48541379,user
viewer,k6_ws_2290,pts_2f9a63e53eaab3b0d478bd2844387c2c12b3b9e561985e9ab742130f88da5227,user
viewer,k6_ws_2291,pts_234d3cd618abde79bc14fbec15ed00d97846f91599bab782ae355af2fa8d128e,user
viewer,k6_ws_2292,pts_f442837b07f1a2cb86eb869ab402deea8b85ceaa559c0879d0f77861bbefe3f4,user
viewer,k6_ws_2293,pts_959dc99ff76cf7f00be044e2d24fd9cc2e7342885451a346e18981a5d88ee086,user
viewer,k6_ws_2294,pts_750bd67419aa338da50d84606f68f06368604975843042e48c57e97339e96f02,user
viewer,k6_ws_2295,pts_b84773a9392dbacec646181638a2a1835262b2b286bed7f4e58816db26fa6108,user
viewer,k6_ws_2296,pts_8dd9557a98eacd0e651ef5ecd8f8d32a86e0c5031194506e5d03e666a89fb082,user
viewer,k6_ws_2297,pts_e2bacdd06610673df7df96fa15bc5c80fc1de15506b5e17a46cf9916b0a96799,user
viewer,k6_ws_2298,pts_f53a57fd4ca9ebe7633012a2f3385e37508d1d32ba4a0ca41e0e817608e5a97f,user
viewer,k6_ws_2299,pts_26f8dc4471ed8af5420909b698406489c73069b6cbbeb5e9c816d20bd1e2574b,user
viewer,k6_ws_23,pts_af3d72f86dc7d12a05dfa15e1f58e2c7c3a6e7b78d373d3e10c9d2bd74ffcc78,user
viewer,k6_ws_230,pts_aa6014bf4d787766cd6beadf568ec06dd1020e4a79288b4b0cf07d80710ac812,user
viewer,k6_ws_2300,pts_35efe29ad3e3afa31d456fb0b2b423b93e2c260e57d01f51d2018856d7d22a2e,user
viewer,k6_ws_2301,pts_81b480dea83ea70d90caa5543cdd100500478ceb5c2aca900d00c4350b1a42e4,user
viewer,k6_ws_2302,pts_1a08f71f7b6ddbe09aad3b41d78f4f3cf33e5f508bb77a75b9776ba345348d72,user
viewer,k6_ws_2303,pts_bb0702139000781383cefd0af81238a779f4c1d0c97d0f5300df08ff8fe05123,user
viewer,k6_ws_2304,pts_3f28fd61533a1b3acbb390ae7ebeefee600559af2402a59b596456dae0fda2ef,user
viewer,k6_ws_2305,pts_e58d0a656bcefd25ab7e18023f0d9194b290f08c34173654edd58492bceee14e,user
viewer,k6_ws_2306,pts_2e42dc91f8abdacf24b2755a9180d380b4d0a7fb443050967363e13fe22603f4,user
viewer,k6_ws_2307,pts_667c9fa6047b7052a5b588ce887d26d3db67d4465b0cd60e348801247e2ca39d,user
viewer,k6_ws_2308,pts_fedf85e206693b8187053ccc05bf5952349de9ef1b9978fc4dfe9cc5310ed172,user
viewer,k6_ws_2309,pts_b8dc70ba04e25b0a637412cdb1e4aa7347acab04604e203936ed677d8ae15979,user
viewer,k6_ws_231,pts_1505cbb61ee2973437ca567731e9ff281eb56e90b201c91e456ea84ab7ca9e65,user
viewer,k6_ws_2310,pts_ebed462f9a55db3ac00b5045c919334572508c451ce2151fbba92c912a7f8b36,user
viewer,k6_ws_2311,pts_e1f66eadbd4ea121b96d237b02ae91382c71acedc071318c756dd34657553b8d,user
viewer,k6_ws_2312,pts_852ecfd0d41b57c700b3229cdd6257e6d864f2735646936f195ce3812bc35b30,user
viewer,k6_ws_2313,pts_bc7da5b3597c5fdef11ce13978e6206a241e54a75cf0979015b28330becf75c3,user
viewer,k6_ws_2314,pts_19f7b0b03d3d32601e53b5e568555860ec967b8cfb0cdc4f835bf5223e662e2e,user
viewer,k6_ws_2315,pts_73916e6574b10889c55c8be8ee1fad02f2a86a53f09610df78aca531d5c4018c,user
viewer,k6_ws_2316,pts_6328a81fed09a8b493c889f50b2eeafc842eb63f68d6f78a4f724dc0cf9c7a0a,user
viewer,k6_ws_2317,pts_b7c9ec23589a11c924f029ebc5cee96055600038c0d58122e9b5b190c2112daa,user
viewer,k6_ws_2318,pts_fb60572c701cc968b6bae76a06208349267610b6754b973aa24258dbf3420c74,user
viewer,k6_ws_2319,pts_529f34d9e21b8666383de137eddc180534edce2e79194b7cbe288362a6c741ce,user
viewer,k6_ws_232,pts_61b0d9236741f6cc53ec5fe606b185b2c784f2ed87143e8945f74255808e3e4d,user
viewer,k6_ws_2320,pts_793081307176f921f1fde41df87d540033a0e804fafdedc7e12ae83f3cad693e,user
viewer,k6_ws_2321,pts_44bbf08cc83170f79983f796b73ce20a2fbbd36e4165ab66a33ea125b1a715dc,user
viewer,k6_ws_2322,pts_c1653c3d9a6a5f40a38c5e7f99b939f729e28335a8801c51280831f90ce1fe79,user
viewer,k6_ws_2323,pts_3edaa403bb36f102430a1d3fbc0b1e4ccaae58939575377072118e9e1003b9b0,user
viewer,k6_ws_2324,pts_6995733329797e242cedffe621e1b44ccb1633347571a278567e72fb20841db6,user
viewer,k6_ws_2325,pts_75867ce4fa5579fb12a530423b0b3d325e0d867fc36fc340531d8c3fb39ea82b,user
viewer,k6_ws_2326,pts_b2aa2653f1a2d6c5bd4bddbd4293f679812e800556403ddb07e90fa516eba3cd,user
viewer,k6_ws_2327,pts_f455358fe0531e984dddf529fa4e358bda6f079206803a9adb00fafb31d5f084,user
viewer,k6_ws_2328,pts_55d0893fc67922e28a764d27d7af5ddecd1bc6346707137145adf46ba29220eb,user
viewer,k6_ws_2329,pts_a7b7f0d3b0832120b888bfb1fc5cce00bc004f848a6a9e858fa3ea0b541b0fe5,user
viewer,k6_ws_233,pts_563e1a3b54364a9a9997189acd2ecbd65beba1d2b592ab5ae43ed3c12d82696b,user
viewer,k6_ws_2330,pts_a0cfe9b33112723848b341dcce7f0fe01c05c0ac4095fc3647b0c0ab8c3cc159,user
viewer,k6_ws_2331,pts_3bd6632cae2de687b937554c697455d1fb9fdaf01135ade568371aee61009cf1,user
viewer,k6_ws_2332,pts_2d552671461837f21b90c469e39b61ac721d43d6964860ed37770bb896209f39,user
viewer,k6_ws_2333,pts_e7daf4a5a69b5876a85ab6636e0d59377a6b9ce28ea2dc6be8cd5ddb77f11158,user
viewer,k6_ws_2334,pts_3844a49d28e308fd526dc67778f4e7aa9e8d56842e8951c8e2415beed8ecfde7,user
viewer,k6_ws_2335,pts_018f7c3febf157dc3c563a771bd69e7bb67c25f43f16cd72571d65c26749911c,user
viewer,k6_ws_2336,pts_4441dc8d9056d00b881a083c36e96b07f9fe583769af89ee371ec35ca9eadbb8,user
viewer,k6_ws_2337,pts_e46e263d9315b2fe5ab810060b8e2c0f0f5400cb784bb582368a65be7a9a02bd,user
viewer,k6_ws_2338,pts_4f65ad5398ef58569f2c2f02e172ff2c95c46ebec955915d73a8c45f4adb410e,user
viewer,k6_ws_2339,pts_9e9ba02964776458bdc3823113859a6a1a5756f34579d5c48459701729cac5bd,user
viewer,k6_ws_234,pts_bf4479c41515c24ce4018a3f95ef49b4d8dc42dcf31e1aebf7e9b82a8b7fdd6b,user
viewer,k6_ws_2340,pts_50b5de08e6d51f341a17aadb43fbd14ac9efbf4499122818f78dba474758116b,user
viewer,k6_ws_2341,pts_f45fdefb3f6443e1b0d3d4120bfa8f710bd49ef1dbf44e273e07001b5c1fd411,user
viewer,k6_ws_2342,pts_b15100bb245650e45f53aaa0815c3b620aca509cb14c4339becaa6ae6a24fea3,user
viewer,k6_ws_2343,pts_dcbf207e6a7a4f676450bbbc96c4c36a02a6e6abf291567ecfd76d9bfa1f7315,user
viewer,k6_ws_2344,pts_7668e879f811c007b4f376b5c2cf9ce2972da26a816c58fdf2216d1e9fc9798e,user
viewer,k6_ws_2345,pts_2ac65e986ecca9b56f189306d79fccaa61e6e133fbf0208b0df8a34d4cf18cb0,user
viewer,k6_ws_2346,pts_700baca4efd4ab22530a42bae0b8609381fc25d26e5d329d603bf9839f9ef5f8,user
viewer,k6_ws_2347,pts_805fc6fe9c98adf02dc5221524eb58a98560727e6c826dbbc716c4d96d21d535,user
viewer,k6_ws_2348,pts_20542f50eaa8035a6e31ea598181be91f28e29f23837c5501a30a5b4c754d6b0,user
viewer,k6_ws_2349,pts_91a8124bc41fab5a4a9c977bbc35d494b604f1c4ba58624e229caa496ba87ece,user
viewer,k6_ws_235,pts_6fc0e9581ab4d3245856ade7801dad97f3e2ac748bd5be18143529a2f3f12f76,user
viewer,k6_ws_2350,pts_e440c31c7820639c32ddf30bf9db27576dd96fa60b6fc14818394739fcf03001,user
viewer,k6_ws_2351,pts_735b05ce8024ff1d15e51ae11817e2c5a89f57a818cb20b89e136b48f1d3bce3,user
viewer,k6_ws_2352,pts_4fca0d8e9b2e179d96937c0c64437b4564c16a6533d5267291a851bd9bd06537,user
viewer,k6_ws_2353,pts_52424332a54a9bb879a0829b404f0e6ade0f48d2fce92f8785b98c48d3d6eae0,user
viewer,k6_ws_2354,pts_62bdb15de9300520403e9182bcabdaeb56a803b0cfccdb152df969928b5ab8bb,user
viewer,k6_ws_2355,pts_2295fb33ba69aad82ce8d4cd413d040898b88f8b992c2d73a959cb2d92a83e24,user
viewer,k6_ws_2356,pts_b43b6020f265c2744bf5dd28d22012c20d6ae7e77d95fa2b1ca7c3dc2a93dbeb,user
viewer,k6_ws_2357,pts_9282c69e4a1318ebe284a877e10acc971d2cbbabb8538c330910b7c1a671100b,user
viewer,k6_ws_2358,pts_f6ccf7821634ace745949757252ed3e1d27fbf5a6e4aab0c12470fb376b4a476,user
viewer,k6_ws_2359,pts_490082b498710301ed575ecd879c37387c2464efb721562720a80178f7f833ab,user
viewer,k6_ws_236,pts_d3b2ccad5fbf55157f5434f9831694bcab139fa2804d99a84f68e18d25248660,user
viewer,k6_ws_2360,pts_95f93edd3ea731cdfd18235c5c441337c33bc28b197b9f27c6e344a193945c52,user
viewer,k6_ws_2361,pts_326842293ef7069bb2d0d07accbfdc7829762c2808dafa64a30c904c7288c79b,user
viewer,k6_ws_2362,pts_f5f2e5447eae35d8976124d743205eea85806a498c8bb6a23356586b4ba33f8c,user
viewer,k6_ws_2363,pts_3adafc810a61b9a1f18ee983a98cbe5a446df3320539ec2a99a2d345d28b0faf,user
viewer,k6_ws_2364,pts_87b00665aebd5b575e6b2e6cc1f1766fe0f116119840ed6cf2c3c91ce6a47e31,user
viewer,k6_ws_2365,pts_2c806e28ad59b2ad319ddae8ae36d72f4c94028a6eadb2442bdd22c82bf2c9b8,user
viewer,k6_ws_2366,pts_43b8478166cc5b253f988a3f3601f1e34447f4a9e3b1be12e3c71243b0d90bda,user
viewer,k6_ws_2367,pts_ec6f57902668911899dfab8f8780236a24aea0dc8bca83a8abf8eef77c66c7ae,user
viewer,k6_ws_2368,pts_730cbeceaf21d4b1e08ee187c13a35aa36093c08ddc5bbf80b83c08ef11bb8b9,user
viewer,k6_ws_2369,pts_8211240c15d98271cf93fe5cdf2666278380c4267db070c333df463f5924ea85,user
viewer,k6_ws_237,pts_4d7b7dff0a27f3fa5bc41e3d40b21739be57e40a49f0b25803158ba7ffbe3c03,user
viewer,k6_ws_2370,pts_5c80cd65ecbb052c5b7e6275afc394a6dbf600b23e2820f97ec122fa0532129d,user
viewer,k6_ws_2371,pts_528b6ac44e023905a8ff190a69540428efa942c5f929c0d66c8b4f2ee1f26385,user
viewer,k6_ws_2372,pts_805b35cf3cfe9a6e68f19bb341fb2e929e3ee3e21d25320e5866fb4e9132f8f8,user
viewer,k6_ws_2373,pts_4cdcd05049bfa30c1033c0fb6b6d94957c1f79bd1e749e4d32e870fc216600ed,user
viewer,k6_ws_2374,pts_8e6fe2df1da24f9664f3f6154545aaefd4c73113b0ea6df441d3fb99c500b00a,user
viewer,k6_ws_2375,pts_c6f967fc91060a0c9223851dd931130f2cfd523a2675731ea62d59c9bedac2d2,user
viewer,k6_ws_2376,pts_a3e1780baee1d5380c775daa9dbcd8ddffb267ad43e4ea7f76ad8026f2250189,user
viewer,k6_ws_2377,pts_e19dc24981d362985615a5c6a986a0ec7109ac550ae655b6ba6c69fe76e21b76,user
viewer,k6_ws_2378,pts_ab8a97203ddf61455f6cd410a9ab140b91ed122e1329b9adbef76f9001007bd8,user
viewer,k6_ws_2379,pts_29fb25220b28b642bec1d760e5945abad0a27a1f53ebfe459b0f927ecc6a0a9d,user
viewer,k6_ws_238,pts_7f2dfbcc613a63b0987d56be34bf060b35cc7fb5fd0d4bbec57a12fcc6a5e9b7,user
viewer,k6_ws_2380,pts_d351e8cd09b0951f6a0e135e9c033d8cae634ace6a14d198a6e41aacba065efb,user
viewer,k6_ws_2381,pts_81023379bd8ac8d12dec4b8b7f082a15efa4bcd4d59f9c798d36281d638f8bc4,user
viewer,k6_ws_2382,pts_602ec0c9aea984a326fbfce926331b2f196ffc81fbc90a1eb38625902acf220b,user
viewer,k6_ws_2383,pts_4b0c2b128dc5e4ba0021ba946fe48038cddc1522363c854521727bb5351e977d,user
viewer,k6_ws_2384,pts_191c01aa4712bf4d349babde71db471e0e8b9e74e8944544f22ab6578dad77fd,user
viewer,k6_ws_2385,pts_074a29cde2400f50cb8c5cc6b866973e3d68e4e3f5195d94f0106395542dc70e,user
viewer,k6_ws_2386,pts_7191340dc86da503b781db394276eac4ed4b1b88a9ef439fb0ad120591135e20,user
viewer,k6_ws_2387,pts_01b9b0c902db99a0c86058bba1aa1937ef16b4e8dccfdf7d8750c891ae405fb7,user
viewer,k6_ws_2388,pts_bdf59f52e0f10c85c06699c875234a6ee82c7109e266397005a5d046a8b23d84,user
viewer,k6_ws_2389,pts_6cb1c9b3a4d24db198bab7e03fd834c2abc410d29f96b4601cab2c4153a8f8c5,user
viewer,k6_ws_239,pts_11f05eb93785fef92e3b94bb717d061252e75836b8f948ea2f4fbfbfe160a429,user
viewer,k6_ws_2390,pts_bfaf0a1cd96755fe410be926e41f0a0ca374cb488c66107228cffa5647ac7f99,user
viewer,k6_ws_2391,pts_88511df626fa53aa7ae93e8cbf32d4bcd2f4103fb999f035d4a66a215d3258a1,user
viewer,k6_ws_2392,pts_7e49a2374f949ebbc9da05c37121d85811bca9d2e84bc6ebb1b4ae920d530619,user
viewer,k6_ws_2393,pts_0ce3e9b7749d64108f26cb2e6875b4a668c37cf5778918e7780155d4d65e32b1,user
viewer,k6_ws_2394,pts_d3fa1ea28f4ff7158780e301269da6ec9df24fa822312c420698b032ee597e7e,user
viewer,k6_ws_2395,pts_8bb13c8360a8ca88cba85c72624a3ff0dd8f1d1ce305207b007e21dfdcbe6059,user
viewer,k6_ws_2396,pts_a643c369a48fc8b0d1b94304b2247cd7bc5a29a59ba9d3d8ec6ab5bd87cc73fe,user
viewer,k6_ws_2397,pts_cb0e1095ed5248d5d3ec541ac88f81ae004f2549f080428883df89397c215438,user
viewer,k6_ws_2398,pts_1ad48a4d04175ef90ccabb9f4c2ad74de77e484f78a88778d44f4681aca165c8,user
viewer,k6_ws_2399,pts_1fbd0befbb4ef9e48ae1f0b46616aa4e86e42298e44af79001ad238eb2252761,user
viewer,k6_ws_24,pts_bac790688a2bc4e5e9cb86731f26f64eb1cbfc9c9281ff563cc4009b45db2acf,user
viewer,k6_ws_240,pts_3d91ccea178f606ca63fcec6512f5330c05698d8499f762cc4b47c419f2c943d,user
viewer,k6_ws_2400,pts_bda735e288ba4a7c74ffb758cabfbd1d643af1c096d3c46b0890e926d79f4b6e,user
viewer,k6_ws_2401,pts_dcf8810e8ff7efc8b4d8962bd3ef383f77dc7e486c035182d531564195223558,user
viewer,k6_ws_2402,pts_294e4e2890a6375c2b2dc057bf731520d576be6d257be5d9be452cc6d1124f92,user
viewer,k6_ws_2403,pts_2c7044efb09789fa2f7df87ba3383402c65958add236cee8bc5ac2b9836118d9,user
viewer,k6_ws_2404,pts_c9881e6da667e135dbf58d58692ee7ef0f61d030e278293166c272cfdfead0b3,user
viewer,k6_ws_2405,pts_45e7b1e170842d6a7351abde5f67ce45307e6564398b7e3a8cfe08cf58b5d8a9,user
viewer,k6_ws_2406,pts_52be470833494fd00d051c7b6afd5aed37228117470a6d9e6e7796f32fb9de82,user
viewer,k6_ws_2407,pts_1d3e95779ba93e8b4fee9505f05714de7b809ea0fe01866588507de053c5fd13,user
viewer,k6_ws_2408,pts_091624c54ac660f563a4b962420c2901ba6303fa0571e812dfb577a6b81f3286,user
viewer,k6_ws_2409,pts_8441148ab1f91bae1bf91cfdd29ec6e0e67c49b34c823f368b697a23b0aeba9c,user
viewer,k6_ws_241,pts_3abdf244ae9b34ce6f1503a8b88f2a8dbb0bf475609a0c5969a4dcb6dfd83631,user
viewer,k6_ws_2410,pts_87dbe8c4ef474aa7f57107eac7535c37a46bfe8f20aff08f28a8ecf27e8ddfd0,user
viewer,k6_ws_2411,pts_ff4a76369bf0780d3ce3951341522b22ffd9df9a9bf066d33b38439f5636cb53,user
viewer,k6_ws_2412,pts_dd3e69d148ef9a7a520ac1c5db443d17e8ae0c1faefe701ab09957b2a6ff5a98,user
viewer,k6_ws_2413,pts_c8da8b4cd85c786b9c99b56127091adaacb65da498f65546cfb5fa51883efa43,user
viewer,k6_ws_2414,pts_2c7435bc2b88bf215254c0f1ca1afcb07650588a2f02f11c9dbc42d19bc44472,user
viewer,k6_ws_2415,pts_13f33fb6174922a7aff0834533cc67fad34762af0c61f08cae3a0e05834a77d8,user
viewer,k6_ws_2416,pts_2d336c7f089551a6e770166c662438f899f90fc38865be331c2faa04e9e69387,user
viewer,k6_ws_2417,pts_e69acd93875b78ee3d0e194b49a7e0828d7f95cc0fb8de00dee4465f83e5b792,user
viewer,k6_ws_2418,pts_db18493f9656f47db6579ad63b846a39556934a78af57a99971e7706145dd257,user
viewer,k6_ws_2419,pts_3ce538c7f079365e3b32f86fc2fac65ba407e83af6c71a9135e78a22fe1814ba,user
viewer,k6_ws_242,pts_294124207f8e8e0df7ab7df9794ff44e03e98187b28430b231c37d6398e761a4,user
viewer,k6_ws_2420,pts_ec34a6203839cb7c3a70ffe84b996074d6a26fc6bbd2d87af9e729f90e134d70,user
viewer,k6_ws_2421,pts_5c587d7ae34a7055dafae2b8584cee813e065759ee90e79d4c25a7fa56380092,user
viewer,k6_ws_2422,pts_f010488fbf16addb749c92306081ceb52cb1c80412c1a2618c9ad31ca882ffa8,user
viewer,k6_ws_2423,pts_eb60cbcf1c7ff983243797457d05e8f949f579732d8777d2aeb02bda65f7be22,user
viewer,k6_ws_2424,pts_8c709de338bafbd12dcea4a7c844383b0591d22a5d8b547d2e5a8cd12fc3ca27,user
viewer,k6_ws_2425,pts_1b00a5323f8357582d79452024e071e5cbed531c5d7752da9c84bf788d03f935,user
viewer,k6_ws_2426,pts_afba21afa5372c24236ebb9f5f02db5703c393dc9698c4caa5ae1d57acb4f6fd,user
viewer,k6_ws_2427,pts_cfcdfeafd94e8829b833b9a748a61817802902776bdad7786810de616cfed71c,user
viewer,k6_ws_2428,pts_b31f5c56f462b0116981f82ea19e93b0f1c3f2103e3dd6c1b1959fcc539e78de,user
viewer,k6_ws_2429,pts_6486ba59a553bb816696d97997db5e5cea9255eced631089375be02c4d674226,user
viewer,k6_ws_243,pts_52967e0d2cd34f72b887fd5f91b7c52fa5cbea6417041eaabd8be6cae96fa584,user
viewer,k6_ws_2430,pts_4233800bb552859353dddd289495962cb803bfd4bea1e67260948f5c2ee6c131,user
viewer,k6_ws_2431,pts_f5788b2269948728e5582b84153ba4566bd9e4b90b8c04d5802d2ee604b02a42,user
viewer,k6_ws_2432,pts_c84a81ad083fbb2b89c1942e8838cf1152e780114ed21efe422d734db928a624,user
viewer,k6_ws_2433,pts_c3154240966ae50766f116a50f0082809ee26c7713d3d2322712add959b40a4c,user
viewer,k6_ws_2434,pts_84eb31c1e3c78c2746d578290497b1e6051db3359adbcb57480cec7dbd342ee4,user
viewer,k6_ws_2435,pts_e7280eb90a3a1b7ca05741dda5cc6bef20e6d1916f46e2191cb307a2b13e745b,user
viewer,k6_ws_2436,pts_70adbb28e9b38ee61e1684f2ce99551943a3c14f15b591f9cf5671e668e6d2aa,user
viewer,k6_ws_2437,pts_8c8f09a3c44bae8c8849980a1e495e7bdb80c10a86303e40807767994f67f97b,user
viewer,k6_ws_2438,pts_e497f272e35ef6be03b4bd5badc65ffac444f8e8a17889eb41fa7126c713e73e,user
viewer,k6_ws_2439,pts_e1bf3886e90327f0a82e48d80eb10239da514c6884ce5aec069d364a3e4a4c30,user
viewer,k6_ws_244,pts_f4290c517d740b24bccbb76a946e36a16b698c3dcbaa58f7dae249536603504d,user
viewer,k6_ws_2440,pts_ee85824476ef7a15ea04e263ab3cd8652fff6b42b1d71031792b2d2bc3bfd14b,user
viewer,k6_ws_2441,pts_319879df7a8bdb6fc8e17531c5d58acf287240f9bc9b62039cab5238cbf5610f,user
viewer,k6_ws_2442,pts_c1c4fcf201b37a991367ab77f73926dd5956bdedc7496aee9e766157096948a5,user
viewer,k6_ws_2443,pts_2c58b2cc79cccbe3d227fc2d6f3aa3a85c205d2ad97f2caf8a3a77a2b9156128,user
viewer,k6_ws_2444,pts_3a6805ab6293ee2b59008f31fb1fb31bfcd93f12a5edd52d1b1bd25fcdb133c3,user
viewer,k6_ws_2445,pts_c66b7f36d02fad3fd683e58570e629d845d35ebe0e22341488acc840785f1f0c,user
viewer,k6_ws_2446,pts_8f0e9ad3a218b71af88bee37f1301c956b1aae31e083f8fbb5562c045123a47a,user
viewer,k6_ws_2447,pts_8e13ab5f9b0c491cea30951b84be3b63a6d981c115fc10eb1b1ea5d38276a65c,user
viewer,k6_ws_2448,pts_022b728dbe31e2193f3fc4f6a2367160fba56b1248439b707f92abbbf6d60418,user
viewer,k6_ws_2449,pts_ee2c4629f95b67c35e2f1ffa4936468a37c169e19f50e98a7c92297afcb3682e,user
viewer,k6_ws_245,pts_1a14188c763ff06b27a03d8276c9e3026146eefdf729463f7ff9495e8921af2b,user
viewer,k6_ws_2450,pts_6cf5352df4802b2a00289931031a49ce62bdd834bbf551a7b7effc2a149bc1c6,user
viewer,k6_ws_2451,pts_145a38bf520b98e9690068be97cae865548a3cffafc0285956fe52bc4c673b17,user
viewer,k6_ws_2452,pts_9a763e973817d58e5705f010bb45a7cf667d36cc00cefc2c09a8b68be15c88fa,user
viewer,k6_ws_2453,pts_34376a693d6d533acf3df4871e0d53723c77ad6fed056c257e19aa3966ce9ce0,user
viewer,k6_ws_2454,pts_b801415078f6f98532011d87e642263c29a9e7c30b34e0381a598d4fe8ce91cf,user
viewer,k6_ws_2455,pts_b22bb2a145f81212b32b85c747f20ba06eb4f2b91181d507d186f9f29b325279,user
viewer,k6_ws_2456,pts_c945401472b9883503635cda74af35eaa42fbe26d91203ce3f4fb67d0d60b4a4,user
viewer,k6_ws_2457,pts_217a45811be44587116c3f47a878156508f6487034d567db8c513b66f3f40c10,user
viewer,k6_ws_2458,pts_29f6909027e5b2a918322273c879fff46959959d5f81777fc661f3527c0af6b3,user
viewer,k6_ws_2459,pts_a4f9a2d68f5a46bbcecff7414a097246103505d332ebb5a361fb9880ba7ccfe8,user
viewer,k6_ws_246,pts_af66e85feec267699638a355b295360e600690efd27d72c00b3a215f67f63e44,user
viewer,k6_ws_2460,pts_da3dfc3bec7b255b2684494c90a852f853d789f726d34d20068d107dc60c5abc,user
viewer,k6_ws_2461,pts_2f134a967c35f33dcace5472e9ff6a469e44e029c7ed25fae5f1dc5b6ce5f044,user
viewer,k6_ws_2462,pts_0779d6c135d16ea600102dde84d9addb88d0eb9ba4ecda50ed35ca645770c280,user
viewer,k6_ws_2463,pts_5ba979972157b984fef624a2c0b489fae2a3b5f0150fd3ca54240b8f57d5c2ea,user
viewer,k6_ws_2464,pts_37ec720505c07345cf7e955fe56b49f9015588f2efdda77d7ab48d7c614d2799,user
viewer,k6_ws_2465,pts_169acee465d1ffc65c7684a835b878ec8fea01c1f49b5437f4a65ccd9ef40c06,user
viewer,k6_ws_2466,pts_48981c861cc802ad096cf751a851cc87ee34e090b98dcbe582ce09ec3cb3db13,user
viewer,k6_ws_2467,pts_1a70bc20f84b3a7bccb42a86e30c6b28dafc6b60ed3833f64dd3848479684a5c,user
viewer,k6_ws_2468,pts_dd580f9912d2e7da99bc127b6fd28fbfcbd3e0c8f8f9f577c9631d205735a5b8,user
viewer,k6_ws_2469,pts_713aab9a219f821955b60f36d0175c55c3aebf31cc78c2cf374bc547f068b083,user
viewer,k6_ws_247,pts_461e081ba7a0dddf6c9ad257152d6e4b100eb47357b284c5fde2be702ed4428e,user
viewer,k6_ws_2470,pts_7a5e4715f8f648f2cad86d3b7d0ba2ca058314631502542bb8ed835136b73e60,user
viewer,k6_ws_2471,pts_f7a3bbbff922ed4fb93d3c04baa35b1029c98751e129a6174b9f0dd05b191d87,user
viewer,k6_ws_2472,pts_3bc7cf0f7d5a9cecb2269bbedb15e7b3fa9551f6a84d4fb3e22ed32f18c15a9d,user
viewer,k6_ws_2473,pts_82206b4ac41bd0c14b6631aa8db0ae870614157891bd7928e7f122a03ab68781,user
viewer,k6_ws_2474,pts_8adcc809e3fb55be7921fd3bd0ba76a761c105d0e8a0712e2a74d6534e7b643e,user
viewer,k6_ws_2475,pts_92dc87d973fc5035655f7a49a6cd6969ec28b48d0efbf1ff34cf5b3a0fa72327,user
viewer,k6_ws_2476,pts_545b1f8221b5f0914f7f8e91bbf5b008e3c35620299b1db6c52e314c821057df,user
viewer,k6_ws_2477,pts_14d9ce2ac71937504937b9672fc3e50f91e74dcf47c31396ac90404954a35bd9,user
viewer,k6_ws_2478,pts_08d38a01c2485ec3ed160c45cb6e48c3237ccd8e343f43ffec39629f86ce2a98,user
viewer,k6_ws_2479,pts_063c66a5a2f596647254f7780d8e59515532f492404df66a7a8bee22bfae782e,user
viewer,k6_ws_248,pts_e9c067be5984ca4d53f9ebd689bfff673b17fb8cf41583c62d897e6dd619abe1,user
viewer,k6_ws_2480,pts_e377d3c9ab923a7b917332311c1d618e34b0a1614952e4a8dc57015924240e48,user
viewer,k6_ws_2481,pts_50dd3d8affbff87f35009b3a2e89d8a57a7c071a68d5978843ea26ee41278038,user
viewer,k6_ws_2482,pts_2a76a234cb3cbe328ed93b0d1708eef38c6b4421f4648cf32cfc272e3b87ea17,user
viewer,k6_ws_2483,pts_d98d4738beefb9a34c34b94ce86268b37e871dcc2137519d0c265e5644d36a47,user
viewer,k6_ws_2484,pts_2da90b05a426d9e1d56fd41f9160992b35927c12fb77a148826898507fbb911c,user
viewer,k6_ws_2485,pts_3a968f8e86e1b8dbbf557e2060382074629079d4b301401c567c3b027d0a54fa,user
viewer,k6_ws_2486,pts_71b8bee0efc6131a4ea3f09b9085ccc66b4c485fd891f67bce5a30d7ff211ac2,user
viewer,k6_ws_2487,pts_ef07f98a0baa3f93996c4bc5d069d0d0f3d62061b2ba8f39cb0d2ca30689f656,user
viewer,k6_ws_2488,pts_d5dc24910832792937f4c229384a7832840f2db92a9c3596db15c13f96b87f18,user
viewer,k6_ws_2489,pts_611598a4a9ea04a3f810547b91c474154f9b49191dff0b397119daf8172cec51,user
viewer,k6_ws_249,pts_05f5cce10743065588184101e336d89d4442f86e13cb994b1faa18168a35485b,user
viewer,k6_ws_2490,pts_d19f7e69df1537ebef6fe60fea7fdab095344a56307f3ec214a44a96a752e93e,user
viewer,k6_ws_2491,pts_dbed626182bbf99c36c9a3202fc5658a2deb01f064fd0e888510383c2633ab4f,user
viewer,k6_ws_2492,pts_94ef34af26d82d4fb0a6378647ac37651250d9b17d2ead19d1b3c2086211c7f9,user
viewer,k6_ws_2493,pts_d0c25e14af8578af927e89a86c047a1980e52684cb03b34fe458b903cfd25fab,user
viewer,k6_ws_2494,pts_7583a63ab06085a8652148fccaa59b23707af2a42482c9decedd082ede13cbc8,user
viewer,k6_ws_2495,pts_8e731e679a5f5efa3aa890f702919dcf3803e072320071ca2bda9329b05c99fb,user
viewer,k6_ws_2496,pts_489bafcc44a88f6b38fa7558ca8c00dbf8b462b95db17818ee8bc425da579e33,user
viewer,k6_ws_2497,pts_ea467d10a0bc955675dbc697a9cf5b8be2148473de3140af9e9a81f0e6236995,user
viewer,k6_ws_2498,pts_fce9ffbad1909706600c5fcf5d64b09d01f581894eb1c94fa5047bb657d0a92e,user
viewer,k6_ws_2499,pts_dea0bfb33bba9466c5c78477cbc8a25e8a65acd3257542bd62f3cc1b66990ab5,user
viewer,k6_ws_25,pts_20359f0db95261b5377549f7c58f7a23a0c997f4f123131321f1e7ae6c82def8,user
viewer,k6_ws_250,pts_643ca4dde44fd8627a2d0ef6d023d7271b0735de71080d9a40b7ab84aea3ae45,user
viewer,k6_ws_2500,pts_9bb20ae69f77a2b1a474a40196ef779111f4dbc41f10d3668e1e6e264c946d82,user
viewer,k6_ws_2501,pts_a98275550640af1e8cc418260de684fddf252c208c55619b9312a4e0a2bb517d,user
viewer,k6_ws_2502,pts_2b72738b0adb8cd92eb8c1826a8366fa3678b223fa3245ff31070cde757650ee,user
viewer,k6_ws_2503,pts_2ea948f795def343aa72e3ce39c2cad80a0cd9ac97e2f03478eb0bdc0b976bfd,user
viewer,k6_ws_2504,pts_02ce8e376a2fa758422f734ae1193840e104e0a767459e6f83bb2329b627009c,user
viewer,k6_ws_2505,pts_c1de22707b26a7f22acc2d788494896cfd991cd4cb6e7482f3100126a07635f7,user
viewer,k6_ws_2506,pts_12cb6e45a32827ab5c6c3ff43d4bf33b52edeb111ad5afe503e743312ccc2c9e,user
viewer,k6_ws_2507,pts_e0ab6125d1475d754f3230b11573e13c6d89784815ba7390d44d3cdbc3d0821b,user
viewer,k6_ws_2508,pts_3bf255f1d289e5d8126379a8107d7ccf5468c5afdbe015622871e2fde5bfc4f5,user
viewer,k6_ws_2509,pts_a0c78ba547f2a2d250e9abc0242dc1a57bb14018f1df22b5e84f429561584084,user
viewer,k6_ws_251,pts_5f72037538c1c2ab91981181490112d82c041be2ab15fd415164d20cea74628c,user
viewer,k6_ws_2510,pts_144ef5d6c70140f026b0dee2c5239d803fb10e41d96e542f8d36460789bae667,user
viewer,k6_ws_2511,pts_5a0d64c9c3520ef0140bd8a500361493d4f3a8d621eea92e75c3492a7955f0bf,user
viewer,k6_ws_2512,pts_7d510810aeaa5e591e4022d108152c09857bbd8bfc3d61579f630772334ff07b,user
viewer,k6_ws_2513,pts_471ab37d0116a5c420f9c45bc348c2a9e440d9680e9001ac27c4df3b865e1a2c,user
viewer,k6_ws_2514,pts_bbd6da82f94a146def76ed6cef8fc9b60be5febc937de22117ce433055b78d91,user
viewer,k6_ws_2515,pts_dfaf0fbbcc2044403d83860f7a9335e264d5f72777b55fb54b039f294e33d9b4,user
viewer,k6_ws_2516,pts_59dce6f255c1d180549edbbb62427fc906379e27862eb7a906cd800c3945699d,user
viewer,k6_ws_2517,pts_544ce39a62c4de1e559126a879dff24158c413c87e7bf984525b64fa25dfded5,user
viewer,k6_ws_2518,pts_9b04686f47bdfd227339b328d866ea068ca05a7de7ffa04f4c77f2f7b9e9496a,user
viewer,k6_ws_2519,pts_5a9aedb75bee25e79663e534fcf4a41c31a187361f42d91fd20f636febe978b5,user
viewer,k6_ws_252,pts_9063ba0ff8a54927620ecb55d4408517cc213ed396a7f04c1c5cd67c6208c6f8,user
viewer,k6_ws_2520,pts_2790ae5fe717d2cf8cd95a7931f3163d3fe04237239dd69d08837558d1a456bb,user
viewer,k6_ws_2521,pts_603aa500d387ff078e1903396e8ff4f44a1dd7eb062b2c5704d50ff70917070d,user
viewer,k6_ws_2522,pts_f6b086c6dceb958c8c7e545fbbc52eced2d973543d5bf89d5a6f840279ce0ae7,user
viewer,k6_ws_2523,pts_c3c3d3858100c70f55bf0db8ed79685c894b432e87d03b242a7a830d3944a47f,user
viewer,k6_ws_2524,pts_5baf5b108cef3af36eb9469062b192cfb644a0cdfb5a2b715096e2c5383f1b91,user
viewer,k6_ws_2525,pts_77eb50eab49e00a4d9c6d1253fe58cc5512fd0dfe27a2ed1e7acbf4bf21e7904,user
viewer,k6_ws_2526,pts_71d6df3a9e24a134eaff401961e6b8a5cfbabd1a7bc061f9521dcfd6e231280f,user
viewer,k6_ws_2527,pts_8d15e053e544b4025a775f3331f4eed4a7254f7a1bcd314c0618081fb9ed3460,user
viewer,k6_ws_2528,pts_950208582aebaa22d0ff69307d8947d2b00339ef9ea486147aae64720f7f8095,user
viewer,k6_ws_2529,pts_9e40f036298fe94b886403a964d45c2796531577abcf65643b13c08beb14082a,user
viewer,k6_ws_253,pts_1ee14ec6d3432d8f3f07878e952c4ef81036b60c4bea25380b04efbbb85bc3d8,user
viewer,k6_ws_2530,pts_06bc3eba685e924f3687bf192f035b86a9eb152221dd0f01b1ddfb25f8db0441,user
viewer,k6_ws_2531,pts_adaa16ce6e01a3f3e504fb00ed3ad8b53e98bd53b143c7e0ad994b0536f43a06,user
viewer,k6_ws_2532,pts_331ea17010517bf97d3beece2d4f3ac87da18261f4842312544ab8f96f0d9166,user
viewer,k6_ws_2533,pts_a87a8b048ffffae9cb6e4bb9e2a40cad22390da969bcd71e7c16b5dc4b1b323a,user
viewer,k6_ws_2534,pts_fc16795a137af94b8214fe0d32e369f60eac6837650048361542c78b308477ff,user
viewer,k6_ws_2535,pts_faca614ec02d6e720d926b244a49f8c51c1f489820a3c03a40f4954b70cfaa25,user
viewer,k6_ws_2536,pts_490e0df2697ed41fbb2cd8cf5a2b5d92f1c616961160e96b25aa1783bcfcfc01,user
viewer,k6_ws_2537,pts_f26b80df29cfac6880e9299b11ce6219f22e076aeddf847bd12dc10be8c30642,user
viewer,k6_ws_2538,pts_d021a6ee8f299d9bf69aa813f5eb248b4b834622597617b2e69b13c2377a5614,user
viewer,k6_ws_2539,pts_370d66631a02f9af8ba9db3bdc4a28d9ba5272e60e26f9f423eb4f8999483209,user
viewer,k6_ws_254,pts_415aefd5146d93ceae90f0a530bc1652b12714ff76382863c1de35feb1dc8183,user
viewer,k6_ws_2540,pts_e101307b09a039a038a1eaf044b30d439fe3233812e151d682bf35b0fe4ee029,user
viewer,k6_ws_2541,pts_cff6cdfc638d80542e53c5ef24babdfb5f557b1405a95e065b78c7ec32bff036,user
viewer,k6_ws_2542,pts_a6636a355070b610a6431207c8196d2391c80914b541c65f817925a3772e06ca,user
viewer,k6_ws_2543,pts_e617df05363322488aa16f9660aa8a13bab567e5a9c59901aa3c30c0aff4d66d,user
viewer,k6_ws_2544,pts_fc5baaef8dac176519aa699abc7979ff69d8d527b2f724b5643dac2cda7abea5,user
viewer,k6_ws_2545,pts_d5b5157dfc0978688b07f47abeadccbe1c6b31854acbbcd9e98019c8e1b34023,user
viewer,k6_ws_2546,pts_5e61fc34d9d25e17fb94dcb18b3c70fc11801d3c679fa774ac2453a97a29d267,user
viewer,k6_ws_2547,pts_895746cb19ae46c0312e3e7ac493434f286168abbcc674fb391294eacd01cf87,user
viewer,k6_ws_2548,pts_4bc0c3684833d6b002d6fecfd38ad41690e14552a4228f90fcb95626bea77c5d,user
viewer,k6_ws_2549,pts_bb4986b25fe573c2a98500c4a4346f36ed7d5cd8063119591fd5dd23cbc5f950,user
viewer,k6_ws_255,pts_e1ec74490375db8be897a119e98a78bc097ed33591e34ab131dffbf6a8dc88a2,user
viewer,k6_ws_2550,pts_eb206bd8ba6eb85a1d12ef2889b9357e7a2d05aa37674a17e62f8c9b15cf0577,user
viewer,k6_ws_2551,pts_4cba406df42188116893841331398741d6d214aa9400d9782d689d2576ac36a6,user
viewer,k6_ws_2552,pts_0bee2bd821de20d275878f6e09359243c4ad0cc4fa35ebf6bc86aa634d281a26,user
viewer,k6_ws_2553,pts_7815f9017950a81f8d42fa61dfb631acb516d91a563ac06e3701e7de4696bca0,user
viewer,k6_ws_2554,pts_55bc695b9e0c074530415b89a2c3ba1a7ab97b6e44cd2435c086434d1603dcaf,user
viewer,k6_ws_2555,pts_6be50d53b78b819fe1cfba28af18e10bd4305c655438b7b63166a284bff33e89,user
viewer,k6_ws_2556,pts_e27232f6f5095b753697c3088d9e99187838deddb2a21cea9438abadadc5eb6d,user
viewer,k6_ws_2557,pts_a3c487985678fedeac663178aa6210d6f3d6769d8e34717d43d85f3b150d61cf,user
viewer,k6_ws_2558,pts_57dc1b688e1d1948dc6d41757e3d0f0afdeb115fc7e2fab40ce9a7ab070c8f89,user
viewer,k6_ws_2559,pts_531908d2cc9d0f75946b9d01d73d0ec9ccef2e89011dbab664b1a9ed99ed3eaf,user
viewer,k6_ws_256,pts_761aefcff559b523fbc1eff017df331205b8626d906724a07c9c16b834cbacad,user
viewer,k6_ws_2560,pts_97a34e780f0d8b612931f1ab413eeb9d5a6c7becd80fd2ad8195356c373b83f0,user
viewer,k6_ws_2561,pts_26a782c5dd7e16cf38af969441297e2e86e8515d8bcc9aa7d41058eac68bcc3d,user
viewer,k6_ws_2562,pts_678223e506a216dfa7fa40571b609f898cddb5123ecd87e2b03b8367d8f5c9e7,user
viewer,k6_ws_2563,pts_aa95c24fc19cba4beb37f3917345773c782a439fe5be05021697049192ee43f3,user
viewer,k6_ws_2564,pts_dda7698cc6dfad64b913cb868f449c3d0483510820cba52cff33915d96158ab3,user
viewer,k6_ws_2565,pts_6bf3e234a28f84eba92c4a69fbc66844034000577ca4878a8079abee9c34b8ed,user
viewer,k6_ws_2566,pts_6e51c30d57f937d739ba9608b75a5f92807d1d92c722ec3105f9ba800983eed8,user
viewer,k6_ws_2567,pts_be7d67193df1e67efd153e4374d382d031cc5b5c46dcc522e58d2e0116da1633,user
viewer,k6_ws_2568,pts_137218293c2e9494a95b756fcf7034b849ee13371cebb7dfe669762b3b6b017c,user
viewer,k6_ws_2569,pts_f845ea4d4ace1448f6acbcc3b907cd76c8b5fbe18599a82f5530245cceea11f4,user
viewer,k6_ws_257,pts_20840d973ced6b4080264779cf4f76813bde83f6e54722976562e7579587d41d,user
viewer,k6_ws_2570,pts_e16bbe4fb709c1e4c16d2fe8cb2e0033e2d3f2415908e5b14cde7f01601bbf17,user
viewer,k6_ws_2571,pts_c1553b0a10004cfe1102006264dfeb01e5dfd999052dc95de8391883cbf224ca,user
viewer,k6_ws_2572,pts_e852b24345352b81a0bbbe77b9bef69070a9607809289a5cafc75864fed470a1,user
viewer,k6_ws_2573,pts_a8f0a17bb6c2956838676641209ec9f899def617740f9772f7d2c96671ddd017,user
viewer,k6_ws_2574,pts_2ddf40ea2b4d4d20fefc24dd6dc8b720a6f483034edd0117fa6d107821dc40ea,user
viewer,k6_ws_2575,pts_118f94bf5232d38892542c12ad34c49eafcae34fe69adccb1b79938de07df9ee,user
viewer,k6_ws_2576,pts_26f01b4036c5e72cf9cd24893f6cb627c1f29f673befff3e034a6ee28882d870,user
viewer,k6_ws_2577,pts_6c69bc932094a3e2517735f763a05e3375ee0c3a006fa71bea0f3500e210a335,user
viewer,k6_ws_2578,pts_0b7b4e71ee91066d3992d47ff1d818c681c1f5ca859f74892092afc8df5528e5,user
viewer,k6_ws_2579,pts_b28c957c922b2097d462f4bd95fcc31e536989ae9469433c00b670a0a4d20018,user
viewer,k6_ws_258,pts_df429972b0baa7c6e681e43d30a9ff15dce93c24be9536d3711d273ea3d0719a,user
viewer,k6_ws_2580,pts_8e09986a4e1ae499c2c6b8e0d2c91a9ba953d15513db7cb8595f9d954cf65bd7,user
viewer,k6_ws_2581,pts_fedad8a1c6de857f08fc69315b3c7ec6766ef3232a39c7f85259d1ff5bab5a81,user
viewer,k6_ws_2582,pts_d85042a65c510c7424f15073f0a68469b669c570a550251667695b0c3820f389,user
viewer,k6_ws_2583,pts_c89081d155badc00ab5375860039dccf63dc4dc40145983201cbafeaacf18da9,user
viewer,k6_ws_2584,pts_2d3e4cccec8492ade16536fe6cfa69945a1b04b5f5847f724a88395704894426,user
viewer,k6_ws_2585,pts_d1a1b1b11fa7ac9078d0cdae79f51dc6ed7d96f3d71c46db2f3dfa944a7d8195,user
viewer,k6_ws_2586,pts_afb3b10a9751fb1b6422c5b4051c4b4f2a8902250a9c5650c1b0e1eb3cc2cbf8,user
viewer,k6_ws_2587,pts_9b2be4f14fc630312d5c4fd7e6fd1e02e88fb8707291e99171f2f527433fc118,user
viewer,k6_ws_2588,pts_be7797b477c2e3224c446d4fb26b6328c98ffce3749659c1f686b494daeca380,user
viewer,k6_ws_2589,pts_cf64c11baee77e93779d7aee2a51282532f2cf76ae2006c131d884a6a0ad8305,user
viewer,k6_ws_259,pts_c43a8bcba26c56c8efb7cc24977db92fd130553b2d8a12d345b5e0284feb8631,user
viewer,k6_ws_2590,pts_b627a89cecef12f90425a137096adcc458864bd543ce037fc61b1ddff4679056,user
viewer,k6_ws_2591,pts_576488a94bdd8d75bf0a0494350efc170f4d85b31296a5887df384d36c5c2b75,user
viewer,k6_ws_2592,pts_efdfbfd6db27bbb11fbaa7e1a82d2a336986b2079fc8be35a7f9f260b97e2e1e,user
viewer,k6_ws_2593,pts_953d2eea7507fc63ce53ec5d1fdd52ea78801a4cdc2862614e9ff8c196feb878,user
viewer,k6_ws_2594,pts_d628531881c5399d76104dea97808ac9053801119d7450aaa1bc1da64145cdc3,user
viewer,k6_ws_2595,pts_65bb2926e586ffb1769d811eed01f3aa0557b4b16592db7760567e37e26b6d8b,user
viewer,k6_ws_2596,pts_969fa5d10f3aef7eb148dfaf936a2cc035c7425204e2b944697342f705d77fdc,user
viewer,k6_ws_2597,pts_b6e0552bc578a2f81e01fd99b33dba1d860a09da0a77c9f456ddf7477606702d,user
viewer,k6_ws_2598,pts_67eec25e99cfea22ca42fa751ea9d2cfe602eafb34ace9be6622fdefa5cfea4c,user
viewer,k6_ws_2599,pts_50fca5ac7d5d85ca60f6f40b417d031968918b893824b8ce13af24b3531e5718,user
viewer,k6_ws_26,pts_d454ae9632f7f23811ffa99b9107044b878bb281693e6424b41bf4343174797c,user
viewer,k6_ws_260,pts_6618aa17cab4a35a82f629f86f97dfa5d63fc1bf9a10043ed6f9699c629b0c49,user
viewer,k6_ws_2600,pts_c67dac57936d11e8bc54d1dfb1e60dd7b91236b5a2e947bbd4d01d00eec7ba9b,user
viewer,k6_ws_2601,pts_8291b966593b6207fcde89f1ec66827817d21ba022c409d28e58b64a7f2b9aa3,user
viewer,k6_ws_2602,pts_6c0f4079875781a2f38de873bf99fdf4f995c6866629887f9a7dbff32342aeb2,user
viewer,k6_ws_2603,pts_e6c388ae3f5bf1ae916aa1d991a14eaae7f16ca4ceb1aa387524b473d29b8b9b,user
viewer,k6_ws_2604,pts_aa2fc124fea9e44505988bcacf8af93be1ca561da936bfa122767e00440a5ce0,user
viewer,k6_ws_2605,pts_8667777eea4cf7253743d3ec91fab4944771f948f3b35ca25c6e0288f32f99e7,user
viewer,k6_ws_2606,pts_12d0dcf3b76efe35199073c949ab6c37d03aff33f6351c132c39d89824f68281,user
viewer,k6_ws_2607,pts_f3f44fcbe80089f1b85cdd77b99dc710afdb1173491f56d25d8a2d260355c741,user
viewer,k6_ws_2608,pts_58dd1e13d21d736931ff7ea015c1f1cdb30946172ab478dd6106250cdc2c4b28,user
viewer,k6_ws_2609,pts_19c8ff41f04e163bfbc9779cc5ba0365b13120fe548d571977e8a433367a3b11,user
viewer,k6_ws_261,pts_7d80163964f0581abcb422db540b6c59929e6c914d1cbc9cb0e63df0c839da3e,user
viewer,k6_ws_2610,pts_9783f82a3ebb952d4c071dd18baabb033febdb63c04b4185c3e38bd8227f1612,user
viewer,k6_ws_2611,pts_014b91e17b1fdfa3d0c2b42d86fa7f213515fa26e698c1422e49c7eb13bdd975,user
viewer,k6_ws_2612,pts_242268b19b67c25230c703f68fd9bdf07f334882eeec879fc5ff00ed8d9be679,user
viewer,k6_ws_2613,pts_be0b02429db7fc7a2ccaceee90f51b32afd5a1e590c2ce8d82fded0079cfc0bb,user
viewer,k6_ws_2614,pts_e6cbc2a65329c9256b92b3325d082f9c9c8e9279f346da292ef0c420fcdce3d7,user
viewer,k6_ws_2615,pts_5104ff7a81283afbd4c7bb06bf757fc2ef7d621127f144ffbc5260b1c9df069e,user
viewer,k6_ws_2616,pts_f118db92b9bce2cc5517a38804245ed2d82cecae8dad90cb4f23262b863d9f14,user
viewer,k6_ws_2617,pts_1e5d4a6aab0ee900e1dc8012a3cade9cd8cc03940d6fe4b41149c0aa8cf482f7,user
viewer,k6_ws_2618,pts_200138ef43d5824fc14aef1a9c4c68d8e57008fbc5264b7a1566711d5aca27a7,user
viewer,k6_ws_2619,pts_652d4df7978cada48b2e13eb9b8216e755ef487db5dc2a23f94aff06ff77a780,user
viewer,k6_ws_262,pts_024c161490901b30f586744ae62c7ae8072f968630f76800ac0cb9eb3fffa5b1,user
viewer,k6_ws_2620,pts_4f562e4dd81440ad3c1b86bce13a94e3170475f3d580c83a7f706fc220dbe363,user
viewer,k6_ws_2621,pts_b6581a776e86e401005066d7fdf47be17a944320e6c15652c51cd5c4772044f3,user
viewer,k6_ws_2622,pts_c615eb092ae34027232b64f38f0426c196fbd6f3955da025fb97a2111fadff60,user
viewer,k6_ws_2623,pts_46af2fc827d33316fa528c602182f5d9d34fb18f196362e472794afa5d7755d4,user
viewer,k6_ws_2624,pts_1d414f773dffd941c78f12441346c6ea26c4cb805d570b5e5615cb9c924a341d,user
viewer,k6_ws_2625,pts_22f40a3166966e0b703fc3addba63befcc0c629e7bd7cfc08ec0df035183f292,user
viewer,k6_ws_2626,pts_37efed86278a441c7f17d3b3e84e4eb0333cd2873e39b36139d84d5ae6554f29,user
viewer,k6_ws_2627,pts_515d70ef026b033705a28540072980173769c6d7824d8eedc5fb4b2dcf219479,user
viewer,k6_ws_2628,pts_82669cca2fe624d76b26f18bf2ac810fe4a0e11666c0fc6142cbf6c212343034,user
viewer,k6_ws_2629,pts_58f04eb7fc07c0bf3a1ed613c87d8d693c12a2325ea115b1d1207c36b755fbd7,user
viewer,k6_ws_263,pts_c74b4839ceca93869911c3193821ccc62d4fbb6df0f7c04d729c51fa2af4d705,user
viewer,k6_ws_2630,pts_4de52d5bc93ae5da5114eccb67d6b750373391152c8a31dfb468bf4824bee30f,user
viewer,k6_ws_2631,pts_6d0fadcd1396e8cc22aa56b636e70d253e550ad322fb2f29fa9a4b7bbed5a157,user
viewer,k6_ws_2632,pts_cd99f785a76c56e75b2c9d1f87fc7290e8930c7107dc80b7048ef5c607cc5b78,user
viewer,k6_ws_2633,pts_fbab1c0e4a0cecb7b67b1fef07316c400d1a7124926db13f5df6fcba7e2cc384,user
viewer,k6_ws_2634,pts_f9942f3cba65cad182d1afd33a4f983ba08ac569fe67b14b04719bda8f29d118,user
viewer,k6_ws_2635,pts_3aa558ec5ff4c0de905c24cc52e7f39f573c89590bf47120677af4ef7553b64c,user
viewer,k6_ws_2636,pts_914284db059e3ddb3d65b7d4dbcd8a7e8f29c5068f919f48ea8f685b138ef798,user
viewer,k6_ws_2637,pts_9f0d2ec954ce2933ca5237617db5c8422cab80cb38d72b433a410d3c1229e421,user
viewer,k6_ws_2638,pts_55e446e765d42bc8952c63b9d006dea145dede8f9dd0322e326af31d3eddd952,user
viewer,k6_ws_2639,pts_639c01b4545f66b12461de99cf945977f11a5a18f7062137ed8c30786278a7f6,user
viewer,k6_ws_264,pts_ffc81dcbbb452cf7b6ca84486ec2ac14ad85b6ff310e9c1a432296d397fa7fbe,user
viewer,k6_ws_2640,pts_5c321b0660c8027c22d922fbbf33d7df51daabc1890342de398a23efe024501a,user
viewer,k6_ws_2641,pts_88995061c11d6ea221e6ec70f9a76b155dfef5ace72d3ee6c9e16ce36262750f,user
viewer,k6_ws_2642,pts_490ae133e5a31ae1189e932c68c2573afdae820b52df8e5c2bd77692fdb50f0b,user
viewer,k6_ws_2643,pts_a1650ee5045be3e8afd12a91acd8b3c597d786e12b0abbc3f0e60f94ab5c7c62,user
viewer,k6_ws_2644,pts_88990b7498e17256892ec2c9c4cf42b2eebaf47ba2c2ee50b3e76148a9ce690a,user
viewer,k6_ws_2645,pts_9f4310f02cc61ba25f973d658e87d83c4430337480fae7df406d7a2fff077af6,user
viewer,k6_ws_2646,pts_ec44d9395cd1b1b42f7ac4b2bb093a0393deafa9272ad0fa35e65612102f4db4,user
viewer,k6_ws_2647,pts_7c7c271b3deb2975776eb3504ff7b3e10b4deb6337d2a14f2cecc006c581a792,user
viewer,k6_ws_2648,pts_e5d03ebd0436261e3e40016ccced3dfae60efc19cf4cf69c0c39c19390ef3bfa,user
viewer,k6_ws_2649,pts_31ec9ec1f18fcf592d2867e78d4c8b0d406182840c695b036a4b1a687dd92381,user
viewer,k6_ws_265,pts_7bf04f3ac519519b90f12fd1b019d1af0461ac1a0cd5547c9e0891440c1cd8b8,user
viewer,k6_ws_2650,pts_06283bb5da2c880f3a63dc9654b5fea908bffdc48cd38f7ac6a9b30ac33a7391,user
viewer,k6_ws_2651,pts_2b096f0639d046a93d82c899f65f41e82c140d97b4fcf355a6fe0e77f8715fd5,user
viewer,k6_ws_2652,pts_aff3ea7def5cedc715a4de5039aaee35bd81ac677d6231cd8bd9851e7c819cf9,user
viewer,k6_ws_2653,pts_99ca6b1235ee6623fb0dc8c7ff34e7b2fee94b65b1a059892864e5eb52ce1ab8,user
viewer,k6_ws_2654,pts_2f213f7a227864098bb952b74d5b64598f3d25decbf2c8f84e7b0fc5a0eccb5c,user
viewer,k6_ws_2655,pts_77334b5385aa91b7097d0354cc071a04254c6b7bf17a7e80bf9885886e6a04ce,user
viewer,k6_ws_2656,pts_320aa3f40d9c1cf1a182108a2e8974c654268b050a77d74488a206db05e03942,user
viewer,k6_ws_2657,pts_3db84f3e8a9c3059237b44dfdda5b26252ef49d8b15a4a8c6e61b4455b4e83f8,user
viewer,k6_ws_2658,pts_e3df8bdce442b57b358b66b3b91e6978a71c73dc33804823ee3986add0cedbde,user
viewer,k6_ws_2659,pts_2d881d690e24101b480517f60c5d3b400c65c199bbbb80437a7c916634e667a3,user
viewer,k6_ws_266,pts_eea88bce5953c74a697ba629099da2120b7b1e85bbfcb18d5269ebceab5848ac,user
viewer,k6_ws_2660,pts_7a50bc68b31305f96ca565d85ac1802aca1779271aa4d998ef4fcc64a3a8f8b8,user
viewer,k6_ws_2661,pts_841c4341a87d695da03954fb2869e37fdd1be5921ca85ae8018ebb39d4755c6f,user
viewer,k6_ws_2662,pts_d8fc832efba90aef4e8e989b5a67a7f0304270daa565872e0341f2430dc277ca,user
viewer,k6_ws_2663,pts_9c02d3afbbac3f5f20b7ee755674d20fe514e6a933645775ab50b99e2239a692,user
viewer,k6_ws_2664,pts_7434229dafb266dbc40576d5127246e5f9bef431d8116f195530ebc7ba9c6468,user
viewer,k6_ws_2665,pts_e2b3e1dd7f2b7b2ce6ab1cbe833a461658a73c57fcba484f0572cfdde96e3fe8,user
viewer,k6_ws_2666,pts_920b68f3c6334a86e2ae2a67aaf3cd184f922d374aa21dce5ca19a154dff71b7,user
viewer,k6_ws_2667,pts_c9e694d4a3828d29b8af3d39dc309f6bd3c2c2a86a1ca26cc05d324312b6c2d7,user
viewer,k6_ws_2668,pts_7d1d675801db1d6c17bcae381fbceefad2caa283e1c8177b3ecb82396af65a82,user
viewer,k6_ws_2669,pts_51aa5d7f59f3d997a676721652234d4a02880026ed2c9c6438f648da50ad8023,user
viewer,k6_ws_267,pts_93b6c9b1803da4c39cac6937133e3928b976c5e3d8229d64a6a07418b842fc5d,user
viewer,k6_ws_2670,pts_3a1d77cbe89c54bfb79642129a922bf34c0c971a8310bafa365610c266e9350a,user
viewer,k6_ws_2671,pts_06c03f419de1a879d926c3523c37f0b61a01b2c234f1b98aa56a4112352828e3,user
viewer,k6_ws_2672,pts_a318d7cf3ef1117d3a037103959e33246205f9da4513501cc3cec486cc8af73d,user
viewer,k6_ws_2673,pts_cf6271a83734d0cb4c06bf57b5ef68915d0eb4bae857421bb20cdcfbd2950392,user
viewer,k6_ws_2674,pts_f398eae0aec6ed893d79f10a1b48c2dc2adaeb2835b0c07a1587a1c2960b5967,user
viewer,k6_ws_2675,pts_61030fcdd0c97c3b43fc9c4f7a30d8d839d4e4c5a72c57fbca93022d37dd8185,user
viewer,k6_ws_2676,pts_543e00f10c4b2875e0066d4208a7648bb8ff3ca8553a8ff660dbfab666173a08,user
viewer,k6_ws_2677,pts_3b8e66a49532146ab0a86fa293b50748f446622fdbea61410237f2a3aebbc68b,user
viewer,k6_ws_2678,pts_d1a244605699fdfe07e606e32f2165cfa5cb0870987264eaa3753cbb14ef938a,user
viewer,k6_ws_2679,pts_eb062705172631d507140dae4af0d64cbb669bcafd13813309f12baeac2532fc,user
viewer,k6_ws_268,pts_0ed143c726d296b1ec444f6fa8efa179296c86d3d060eddad7bc569a88f3d7d5,user
viewer,k6_ws_2680,pts_264ccbd12120c3d49b73542e9454a648b50899f29a7d963f1e71a4c9bec57ab8,user
viewer,k6_ws_2681,pts_08bfc240d6f045f0e8c661c75d57e225d6ff28abc5cee7c320171bbf428c4faf,user
viewer,k6_ws_2682,pts_63efc27159f8e2dfb8fc5a51284597cd773aefe6396763c8af9788ab0efba6e8,user
viewer,k6_ws_2683,pts_1840abc2be67cd03215e257f2c2f83f88edb5e7048221be7e92d984bd7d5749e,user
viewer,k6_ws_2684,pts_ea1839d3145bdebd6793433b8ddccb89714a98006f85d12cc71c5f703c1e32cd,user
viewer,k6_ws_2685,pts_0d65c8798aeca4a86ff9c015709c1958ce961541b3f465daebbbaa6b094bb8e9,user
viewer,k6_ws_2686,pts_f014417d794feda31645e6f6e9a8cf36bb931f95b6bf58db28a51c45fe0537b6,user
viewer,k6_ws_2687,pts_14b1be2640d11673f3d6fd9cb5f80d0258258aeb0dee52cd57c9db522c55c470,user
viewer,k6_ws_2688,pts_6ff81e276129d4c66276e7decfa82df79709e056558e9ba5c066f10e9169c260,user
viewer,k6_ws_2689,pts_199bbc99442286801f07e69bb5063e1b15f6cdd8ccb6da0dfdbeba6a0ec33ab7,user
viewer,k6_ws_269,pts_403c3e67958c4dc001f9bba4167dde1cee4d7302145588f48a1940fe1b929390,user
viewer,k6_ws_2690,pts_2aecf38eb02cd1b57718e502e01d02c297d876b5abb700a592f764d2195086cd,user
viewer,k6_ws_2691,pts_71d1481283976cb9af2326988c40da04f7fa787dc02bfc854dab36bd13f62c67,user
viewer,k6_ws_2692,pts_1828626f446db548507c0dcae72b3126cbf51a46febef9f874dfbd2298f053c0,user
viewer,k6_ws_2693,pts_68ab4e5ba8f0469921ada5e8cad60ec1745056e8c683b3daa67ea0b5115d22c1,user
viewer,k6_ws_2694,pts_d255aad25335959f07e8f8d937a24c84b7c3250994b44355d9ecf39da5589b4a,user
viewer,k6_ws_2695,pts_071094ced85099d79c4fd47e5240278281e061fc0ec1b69b9af625d87c02efc4,user
viewer,k6_ws_2696,pts_d74e37325ac32d0c2f1ffb4203c7469ab8925f484e019a5ff61f309083eb135d,user
viewer,k6_ws_2697,pts_d0159e2fd8ebffd368df7160dc002edab4d49fc4c176ea2dc981ec4f8f386043,user
viewer,k6_ws_2698,pts_0da8ef94fd701de89e2043b1e6c9efd14b2938ebfdc26251b5445203d007a5dd,user
viewer,k6_ws_2699,pts_0815233f2fdc11562b1fa85906ece4306a281c756e3127733237a8b1bc4514e4,user
viewer,k6_ws_27,pts_3d87809a2f66d54857fa4610585ec6ae2ecc87fc8cc74a8bfaa6e2526b32b3c0,user
viewer,k6_ws_270,pts_f616844e98b76745b5e6ffdf8a7983404c2236b9408b1276df3b4dabfdd9839f,user
viewer,k6_ws_2700,pts_1d0aa4af6a663df44f5bd2c65c982380c8ce7a52721571ad914c094e4a503cc1,user
viewer,k6_ws_2701,pts_96c900c733a151f3f4fb4e37594ffae651427d0d2dfba78f0bd05314171c45f5,user
viewer,k6_ws_2702,pts_5a7075cc6f7b26b8f2dd5d1ba6093c5b9410439d90d1d136469f61d1f5ac65ac,user
viewer,k6_ws_2703,pts_3dbc6ad7972ab3af4f4a0d8ca1d4c7701a434e3ed3b70a71331cbeb36b47fce0,user
viewer,k6_ws_2704,pts_1e67cef276bc76670e11c5c5f9d2796c761901360958a406139e030f0c64cf0a,user
viewer,k6_ws_2705,pts_aeafb5021ab327b68007311b378b10dfe2cb48e8d21d2cb007ad3331603e3617,user
viewer,k6_ws_2706,pts_95958b77212ef0497664657ac16707440ed145b0782de8ea738874ea877160bb,user
viewer,k6_ws_2707,pts_0d491210cf5dc8e3179f0626a8a3da30be27aaabdeb95317d3b2a15f1a94c12a,user
viewer,k6_ws_2708,pts_8e15a292d31e05444b083cc7f816b44a71c3f582e04f87800a0c231f63786e4d,user
viewer,k6_ws_2709,pts_1124e39e9b4e5165829fad81a0d060055fb7c7e46e299f9a4e529ecb894c66b1,user
viewer,k6_ws_271,pts_da3a74c7fd00d33a2a4bab1f0aedff1b8e176eb957b90d83fdfa2ca99c917402,user
viewer,k6_ws_2710,pts_d7d90f4312ea0ef07e0f9983d2b65a0a7e4e26dd5475662b106f3ac06cd9c30c,user
viewer,k6_ws_2711,pts_e7823b7a103d5e3995a3d6944948991ed8d8c3d1a5af32a2f5ef61af0d57f7df,user
viewer,k6_ws_2712,pts_b461e7b1d703b549041a16017ae9eeae3e5302f26fd9c48ff10f060b894b2c35,user
viewer,k6_ws_2713,pts_43bf01f389dd6cb526fa2468d04f0b679f99df988270c8b1444a1144fe9f571e,user
viewer,k6_ws_2714,pts_1d0ac8d6580265c24f802d399265d2fbca72c85afe3dc9cf227606c2a1e92193,user
viewer,k6_ws_2715,pts_202daff8f981616d459a46f05a5395db6cc83a3e41b06debcfac711c872c7dc5,user
viewer,k6_ws_2716,pts_3d471b3899cad5ce57b13176cdc88115bdfab3e74ad8ad8a9b3d64f016740e57,user
viewer,k6_ws_2717,pts_68384731f505457d810ea3a838bd71873ae7412bdf83c5c71ba0fa74ba3ebbb1,user
viewer,k6_ws_2718,pts_78adf666537868943ff7a86cb567758b19377998e349d1b1b3d03cba50598eaf,user
viewer,k6_ws_2719,pts_0e9f89255afa849799aa08cac4af9fbb005418ad6c66ab799587dfb140274325,user
viewer,k6_ws_272,pts_9c65c10daf4e04836aeb8f07c6c00f47fd0488a83d658a0e2638366c9fe7cf09,user
viewer,k6_ws_2720,pts_99cfe972ba5985a5358f486ee0433c51fd8fb5291023e5b35185c397aa8633eb,user
viewer,k6_ws_2721,pts_50d5b4d20441204c594975f873eb4dfae5c1062476a29411ee5abdb0a50b2a3e,user
viewer,k6_ws_2722,pts_f86c48b9eda9f976c296f176f53358b2551f105480be206352b51c75c5b1a404,user
viewer,k6_ws_2723,pts_006b9e2676c29b418afba5f9317a5481182d09d2846b371b362a461968f7d2d5,user
viewer,k6_ws_2724,pts_592a2629f198903cbaba4ec7f604b6a2bf115531c82e1c86c7d2bc3cf7802f5a,user
viewer,k6_ws_2725,pts_11193de3f1478eb7a4d7c2ca65ad9b089cabefbb061dfa31b1f081df5f31f219,user
viewer,k6_ws_2726,pts_21010d3055ff077889a2905becef54cbf6abdb5cd9028aa6e5151da5ae810ad4,user
viewer,k6_ws_2727,pts_a2fac25e4a7dfc82c1c64ed0a5ba5f2dc68b463b93394d783d0137fefd321dd1,user
viewer,k6_ws_2728,pts_4ff81b1bfc59f5583c4cfbed83fbd2ffeff8e4c9cee9175481003c569a9eaae3,user
viewer,k6_ws_2729,pts_bbeff163589119b73e565983029fd1c2ea551a3c53f25932cdda1b17f4179771,user
viewer,k6_ws_273,pts_9d6c58ea33b84ddf8389ddcf2ab42ff9a13500ee0e21fb2093a2a322098ef097,user
viewer,k6_ws_2730,pts_896ba45b5ce668b213856ec2aa5d1fafa4b891a0b87e4b7b957da6b572ebcc99,user
viewer,k6_ws_2731,pts_9c5e9b1514ea79cd7e2a0f81845e1c88edea6b3e5fe05a9f7a6d3284b0dda682,user
viewer,k6_ws_2732,pts_164d5e34b7ba465d480853e2f34cd26a37a46a26d0e2fa2f76a2cd35d1e64eba,user
viewer,k6_ws_2733,pts_996c3399d32b90553671fa53f93d3099c7a7cd809d833920eb9e0efed25f90b6,user
viewer,k6_ws_2734,pts_8056e08f5e09126ba6e87b0faaa9ad2fca694b3e1abadf4eee5ca381efddd018,user
viewer,k6_ws_2735,pts_351cf4d78a8e02cc82a497345362b50e088f6b72df6e8c74cb8470309ead7607,user
viewer,k6_ws_2736,pts_96a91d1f1fbf8f12e768da5cdbd2919b5c72fd1a9f569a6150398be77fb859f8,user
viewer,k6_ws_2737,pts_6bc9319c7d76a4551906ecb8ccbdf3008f76c7b3de1faf84cf2d3dbf4229a928,user
viewer,k6_ws_2738,pts_78812c47c5c983a7b49cfa5774a8eef18b10a1d245ad84156ba48fdf4fd54197,user
viewer,k6_ws_2739,pts_3d5171f2cd6054291b65e9f826d5c2f4fefc95e3397b27c245bc9a0853f7f095,user
viewer,k6_ws_274,pts_20c1167e01cc3904e5d7842e5a8a48d3402a5754013cdf46dfe05fe04a6502b7,user
viewer,k6_ws_2740,pts_c010dfab3254a2e7df9187e9744182b955c95ecb36767c8e7133fcd6c4621b4c,user
viewer,k6_ws_2741,pts_756dbb4fc3e6e81edaf7922756ee84bfb4b9beec84246f2ec7248275bda852e2,user
viewer,k6_ws_2742,pts_460b6cfe6eb4a53ad9e327615fb28a092d864305cf0e9cf2ee73d20d6d46ab02,user
viewer,k6_ws_2743,pts_9b3597c1575e7021a6f3f948ec99ad5981b37da1ba4a802a2acd354bf28ba77d,user
viewer,k6_ws_2744,pts_ad5e5574bfa5cd8e2972aba059780d82ba89025c7e552fcfe1b4f44374a9d795,user
viewer,k6_ws_2745,pts_3d2383e5e7d1b24f5eda2a509e1939eee10e5076853afa4e8497b92b00b608f6,user
viewer,k6_ws_2746,pts_96dc2a33962cd772bedf584b7a555f0a37d9d56e3d3abafc90f260ecd1bfbf84,user
viewer,k6_ws_2747,pts_f24f9367c838669a9ad524fd46e67750126038024e49204ba2baf29e43350a7b,user
viewer,k6_ws_2748,pts_a556d4c40ae635c6ef4f00786ee3d3fb83e34ad0b1961579fda323afcc80d11a,user
viewer,k6_ws_2749,pts_bed9797f572ac8b517bab4d77fb1aa513794e4dfcec70a29b38c008c085c9b39,user
viewer,k6_ws_275,pts_6a8c1f85ee0349a9c895db246320152a24e5655db42da2c302a45f96c69596e6,user
viewer,k6_ws_2750,pts_040b5279a11d9d6d3a72925e68c4e71094eafd9b6c52ab8b25d63a58b1803144,user
viewer,k6_ws_2751,pts_fcea1bbe807b3576436f5ecb5e36f844e3fa1297b0b37e3cf2ce972d578b12f3,user
viewer,k6_ws_2752,pts_af3eddba770c7fc2bebc69f5c88e2f17982a3928edb2268e6afc2ba0d9bc84f7,user
viewer,k6_ws_2753,pts_430b7a5bba0aa728f3e3fcc7ea72ed6e6b53dee0625b64671d554f8a400095b4,user
viewer,k6_ws_2754,pts_2972fd540e67715ab4a03ac5f779b0ec88ed4d8c0a722d683deb46f06da0a06d,user
viewer,k6_ws_2755,pts_6f60f718e2b079ff383f0898d52aab8f1025502776f81567f13317e6581ec400,user
viewer,k6_ws_2756,pts_e551eef260366c7503b11e93c372e50340acad98278546454f189fe3271a8fe6,user
viewer,k6_ws_2757,pts_742b37716faef9e897b70b7b560abac52f2c7ea23f49790d6c2a4ce3969848b0,user
viewer,k6_ws_2758,pts_e5d968ed9e2c2025eaeda058d7de62aae0885157044229f34f7827d544f7f458,user
viewer,k6_ws_2759,pts_70e4fbabc9435aef0d0e052c357a8b09c32ee2129f1cfa5956f3bcbecde4039c,user
viewer,k6_ws_276,pts_f75a967e50d70dc2d0f8c5c7cd8cf889dc15a3402b714fec4cb740a64f777bc3,user
viewer,k6_ws_2760,pts_ade26a388113e8bad73abd2436935574fc0657dcdfa528f7942b7ed9f0e6e590,user
viewer,k6_ws_2761,pts_0368d25f4e7827049dd23fc75b9629fba90c33e9c8cb547e4e8e98bf64ef9083,user
viewer,k6_ws_2762,pts_50a8001d8e3fec828bac0dee9456046318851a4a5490617b6d4824c72488a2f1,user
viewer,k6_ws_2763,pts_bb70fe56cefc180499c7868296152998050c5628753b0ee279693500edf6334a,user
viewer,k6_ws_2764,pts_c4daf3fdb3e7d994d654e7de51f1449a92c4e083efd251c4667556f89820c4f4,user
viewer,k6_ws_2765,pts_b27f48d1a1e2e8c0371cf32d7be6e0f160f69432eef02da9d1edc53214901b2f,user
viewer,k6_ws_2766,pts_6e8224c6e68a65ed4f04b90f8dc89149fdadb58b6782e83353026b8217452d6d,user
viewer,k6_ws_2767,pts_6d95a2997fdfbbaac6218f99a7ae78efb76faab42d6d3510a807284f65d7a03c,user
viewer,k6_ws_2768,pts_30d0ba3a7fc220a8bd7e374eb8fafa1f0fe72ba02f6702e101ef64cb3f83e635,user
viewer,k6_ws_2769,pts_3c272b9376f641dddbcd3a8c49ad3ac6f1525f11158819a8a8835986c410d2a1,user
viewer,k6_ws_277,pts_1c35df15b5828a8cbbb378344cf3ba1ce77eed86cfeedde03194947c02234261,user
viewer,k6_ws_2770,pts_09f3fd22cdadc61dd2d4266d95ec3f3e95132847d31fcc6dee709c50b24d2c6c,user
viewer,k6_ws_2771,pts_ed5a6e49c730dda5515c844052e4a0fa78ee39e049edc4dee933e5bc23e295e5,user
viewer,k6_ws_2772,pts_78ff50c6d74a6980e23a60fd5cfddd9c46cff1c6cdfcb14b66297de48db5c09b,user
viewer,k6_ws_2773,pts_dbff14644f798a7f4bf9434efc0402d60540d66f9352710ef7ed209c2e3b6a71,user
viewer,k6_ws_2774,pts_347a335c32778b595212b266987593e186a68be0cd0878c8e967c59ff7393097,user
viewer,k6_ws_2775,pts_09deb8c86d0878d727ff5a7c7359be01b452286d30f946430b238363ea3ea0fb,user
viewer,k6_ws_2776,pts_4376ccab2553f38747dced7ea24f6243b0c5039a63b3941bf7cc68bc0657dad8,user
viewer,k6_ws_2777,pts_1b0b25a0ff3bf1ebdb242032b7e9d387d29a2886b1ea3859d5ed795958a45906,user
viewer,k6_ws_2778,pts_d19b7e2c7955fd8bbfa76c27b192bc3e92a07c3b474164ba696f9ce7a7622cf6,user
viewer,k6_ws_2779,pts_01e85382e2c8a1a4a1936ab0e8cfec1a1e63c779b27426889cad1b1c46f7f7bc,user
viewer,k6_ws_278,pts_51c70db6545297b2af3b9ed4ebbb258035212e0a98265241c6b24059f2a9360c,user
viewer,k6_ws_2780,pts_32cc279ac8c7b3811b408cd98386f5ab295c55aa4106997f6931669b55b2b527,user
viewer,k6_ws_2781,pts_197e24c250ff559a4adfb960f88bec3a912c73bcbc2d1ac09218cfaea89cbd93,user
viewer,k6_ws_2782,pts_d5f8bcbc578d3123992124c068397d6c0c5b7f51add3e8f14f905b0f81896b88,user
viewer,k6_ws_2783,pts_2a67afd342ac4b73ba1c631a1166ac06cbb41a815c0d656153e1f74e1be9909d,user
viewer,k6_ws_2784,pts_2366b988858acc33e21ac2acd5f8899f49275f4297717ecacb36bc94c1aee73a,user
viewer,k6_ws_2785,pts_b404c28fc8dd04e11e6c00f1d7437304dd4d104ff3095ddc7eed147c75600e70,user
viewer,k6_ws_2786,pts_708af0147a9b2a0dae384145fb3a6ab7072726081e782e321e97330234cc6797,user
viewer,k6_ws_2787,pts_38072468e32889052d55db6e638ad3f722f3184166fda770c321e6701b76e6aa,user
viewer,k6_ws_2788,pts_8c2f122a397d9a336d9d3d902066fd72e1608eeab70be4e49b9bd1261d9d4c77,user
viewer,k6_ws_2789,pts_009927a8b9bdea3604b3b3d7586af7d17b9e80b6a15a56226d6b2081d5c12bfc,user
viewer,k6_ws_279,pts_961fe9ef06f6c07f97d4c449c00488c712956a6e0388537e2ba1dd836284e58f,user
viewer,k6_ws_2790,pts_dde1dcccfaf9a3a1a80bf78ad136dd436495e44252cd1a158603f2749ef8f179,user
viewer,k6_ws_2791,pts_77a9aa5689a3a1fa17c5efbe93c0c58723e5c19cb24748d7ccb6f44f46efa194,user
viewer,k6_ws_2792,pts_2d5d8c44e5ce81c925066504851b3b47660765940cff53dd26b0ba5b132bac8e,user
viewer,k6_ws_2793,pts_c47a832746419bfbd3a8a73c3c1af057000f979d614ca5805049d59d5bb5bbff,user
viewer,k6_ws_2794,pts_826353cc4daf3f3f733d9ff63f9ec4e94ac816a513c80d2bb6585e62d693783d,user
viewer,k6_ws_2795,pts_6f9a7958979c5c97eac3c8d5b520375adfbe8742eaae7ce289e421f605c86e1f,user
viewer,k6_ws_2796,pts_77637d5a9a7334ce05eba29e5d7a29098ef32fb7762eb5ed763bb1f3468275bd,user
viewer,k6_ws_2797,pts_88b2b7caa6822ab8788ff60391ae68edf20433fe36810ac25a79ddaefbedf532,user
viewer,k6_ws_2798,pts_07ce939e169427250e8bfb39236b8edf723d3a77c3db73692baba7fe5e04460e,user
viewer,k6_ws_2799,pts_4c5fc406d7c86c22bfe147319b20b67e130b77fa7020ae7f1d9d9809d657ffa0,user
viewer,k6_ws_28,pts_e52548af428b63a1dc62a5c3939dd7dd8b215e7e429a60868fb00e642fd58432,user
viewer,k6_ws_280,pts_e677a7cfc541b644fcdb821f36493532bd858165393a2a9fff05a43366230708,user
viewer,k6_ws_2800,pts_192cafe45b6d9e196e1e1d09ab8b9aee748fc76b7f90a79b90893aacb1e7b2b7,user
viewer,k6_ws_2801,pts_c3f23c4d32ab9d0e50b4eb8d230434f17c15229d992d8ed7b2390a6965346d7a,user
viewer,k6_ws_2802,pts_d818bb357c670b550bccc06ef6c250e319dcce8b31cab5443ee8a9f6a43d64ff,user
viewer,k6_ws_2803,pts_0fa3d93d16d8320f6182f98e3e5c7437ea2be58efc869575c41a1d8c30778424,user
viewer,k6_ws_2804,pts_e607a3a815298973afd1d7b321ccdfb46d99b1ef9679b5393c3f220980ec56f4,user
viewer,k6_ws_2805,pts_a11e0044635c0ca8ea4fda8233e21b05db0bd28fcb935d75555fd902bd8b94dd,user
viewer,k6_ws_2806,pts_14a2fd62f192620c7bdbf773f6b82c3225afce08fa98acc9eba8d2dc228f6f48,user
viewer,k6_ws_2807,pts_1d500cd6a83aea3e08467742174d8430b1a09d1ccd67286a2c9cc656e7728439,user
viewer,k6_ws_2808,pts_7153a6babd14595a494e3a2213204ffb07fed42a8717db64011b6e3bc761e1bf,user
viewer,k6_ws_2809,pts_83e27cb06f911e27b3e8394e0e238f2f3da7e94ee564092c2e510fc50f1b0164,user
viewer,k6_ws_281,pts_c0e9ab5c384d9cec51b6ee541d5a886b9216be0e28491d261386f96a69c5b33b,user
viewer,k6_ws_2810,pts_56c4485956b7e6738762f679b7fc0109d89af5c31c01f4dad8677356dc11c8d5,user
viewer,k6_ws_2811,pts_d27b24f136844b35b3778aff0872285df0fbf06408881225d140f75aac6916a1,user
viewer,k6_ws_2812,pts_f2674ea1d145e54b9cfbd2bcc6398b6cb078f9c3bf7b0b7e72c575468901a2cf,user
viewer,k6_ws_2813,pts_b68b33e95a1adaf4f7321ec8a76364998e6d1aeaff28e4ee055febe4e97c758d,user
viewer,k6_ws_2814,pts_d555100d7c3ec970af64bfd119591a7c5913284133b62fe3ba37186dc02c440f,user
viewer,k6_ws_2815,pts_a9c2436970ef43639f2673b5864df041f42716ed51312d37f6d957692456fcc8,user
viewer,k6_ws_2816,pts_7009c0855b99deadfe0f2a903d35981ef642a39ff37b773bac9cf18b159f7c3c,user
viewer,k6_ws_2817,pts_a14c16e71177869fec226e9d65a3c47d6c978db5afa667184b06470b536b6a4e,user
viewer,k6_ws_2818,pts_51739625179a042c97451e5ce3d85f73b8003ca45f9613a198dea5dbbd637d83,user
viewer,k6_ws_2819,pts_c39b0c6adf3bab038a28f43f5a61289d7bd316b2d867973c6eda853ec0a8d945,user
viewer,k6_ws_282,pts_f0e52669648b06d12197cbce3093edf7d1dfadaf2b6b41b0d7acd68effbcfc08,user
viewer,k6_ws_2820,pts_3ee2964f5ac1fa3f46d47ff9204f9a1ba8fddb5be256bdd884bc24baa2f0c108,user
viewer,k6_ws_2821,pts_e6ee29fc459478f05f4392578f2ee32e766e8cc42e1de924ce388fb022cd6909,user
viewer,k6_ws_2822,pts_f7c8715ccbd66da2fad1b80600ec2c31cfe59e69d141a548b5ed703e1824310e,user
viewer,k6_ws_2823,pts_89ae81143a22ea666331915d2c07fc344cc6cc706380cdbbffe7accbc7bb43b6,user
viewer,k6_ws_2824,pts_75b310a639387eaa7349d15f6cb6bc7e201af8fe376930390931bf058eabea16,user
viewer,k6_ws_2825,pts_48ebb7a248b08089c47d30e53a3787ddc488fe5a70dd94b87f0eb283e93218c7,user
viewer,k6_ws_2826,pts_39259106984f91c1e67ff53cce9e1c964043aad2c2f796fe830bf6b052a6e627,user
viewer,k6_ws_2827,pts_8563c015e9c0bb052c73cc22d8fdb6121fc4dcc76da0570ed45c9979b76f4f85,user
viewer,k6_ws_2828,pts_251704105c53d50cd7d7f672a5f8c9f1f921c1ff70945ee71936a1208c158be9,user
viewer,k6_ws_2829,pts_746a7ef3b3c0a6ffb130e1d3946cfb3d047a4eecab5c298fc72148ef83265d30,user
viewer,k6_ws_283,pts_4b0e5fd9e0f034111725097e9f0fad9b279bc481ec8393e03ca6a38b3896d054,user
viewer,k6_ws_2830,pts_691fbc694fe5fc3a274b83d52a79491471d82f18fb3c8438d8c5b6e0f1cd1744,user
viewer,k6_ws_2831,pts_7535a6b122f5b681f2d732b01bbb0cbf956c59880f3128a92bea9fe1c6a2e5e9,user
viewer,k6_ws_2832,pts_213044671f9a4da1a3bd9688b7270530d58ab49092c5845e3a7f645aa74489c0,user
viewer,k6_ws_2833,pts_d401335ace3e14c26941e7ed5e29dcafd3044990be12e6d823d155d4ca5a5c56,user
viewer,k6_ws_2834,pts_c9dec2f6ce3c55a345c2d24bd07abc01c806921b26b5d065c9144716dd6e7b05,user
viewer,k6_ws_2835,pts_37e6035c3fcbf3c060b2ca3f50793187a9138fc93ba38b705112b1be26768112,user
viewer,k6_ws_2836,pts_f560dc835a2a620c14deb2ec9d90d1f95b5e742499a8df88b5498c589fa71190,user
viewer,k6_ws_2837,pts_2be1fc41ab1f6bdc9eae30371d443d650d8e1bd442c181ab70cd7b31a840a464,user
viewer,k6_ws_2838,pts_60149dc8e37f6a98cf51f519ee34c9301bffb1c2ed16d77cb002680c24433a2e,user
viewer,k6_ws_2839,pts_28913b59c1d40dedd48b0ad446c9b920c04c814b7a9a33b4adab094f5140f62f,user
viewer,k6_ws_284,pts_272f16371aebd0bfb0adf016c2a21f7c99ddbef4f618dcea897efad7af1e2a5f,user
viewer,k6_ws_2840,pts_77b16e4f8e6fdd6dd7042c1fd4915aa96ae44fc1d8c6470b1a3da4e6972a6fb9,user
viewer,k6_ws_2841,pts_d14ab71a18b1887b581147e38a280d0015b9c4659963bfbd90ce4fabf53858f9,user
viewer,k6_ws_2842,pts_80ad758ac12be21ce286a1e5c030f4d1dd96f96a01a3986e7b04ed9a48d4fe77,user
viewer,k6_ws_2843,pts_1934ef0298a8c89c841c025a65dac1a962d74d39d3bf0f27dde12681fffdf7b5,user
viewer,k6_ws_2844,pts_8a029e6249f2fc72a7eeb7c5d70ca5400cf1b6ff5d88c7626c683b3c4f61798c,user
viewer,k6_ws_2845,pts_021d382f2a890a51256bc1de97b97f359cc290db8b6bf0286a3abba2625a982d,user
viewer,k6_ws_2846,pts_32da9f7adcfd91b2667cb0818ad1901004ff798d4d5db65d3e3ae1f8b04831d8,user
viewer,k6_ws_2847,pts_7fda257b68f9f3dbb8051cfa28f65b30266ba0419c481081a5e4b866c7cbed4d,user
viewer,k6_ws_2848,pts_3ad6351e6b96c7ded5a0583ae1a7ffff5a252963d21672dcfaa51c3d609f10f6,user
viewer,k6_ws_2849,pts_95d8969000ea90816f5a52405d674f27eb216ee7f8948a4bacedd5f9a7abff60,user
viewer,k6_ws_285,pts_55804863a0fdc96e0806c8e3fce500fdc49a63b893c9b8133e4a05e3cec2cd83,user
viewer,k6_ws_2850,pts_8af3723186ee09ec749df78e15f68673c695ecebc13250815926b5e1c4e7b657,user
viewer,k6_ws_2851,pts_953541691bf3ba3ff5a4850d64bfc9c33fa98f468bf2a4c3708b62f1bcf19bf9,user
viewer,k6_ws_2852,pts_6e9d5eac71bfc8aaeebb44be659f165788ede37545f889cec4409086340c93b6,user
viewer,k6_ws_2853,pts_992ee241ac51643212d84dd09d64265a9cd691fc7a8fd18297cd5f87b90c08f9,user
viewer,k6_ws_2854,pts_5efcd8b161f5b74e992fe3f127dd0d772bcba13d83f8297b673ad426e8623c54,user
viewer,k6_ws_2855,pts_db83acb6ca315549a3c17e31dbb32cfb19a11168bff0e9c945f2815484bcb665,user
viewer,k6_ws_2856,pts_80b8b2074beb5c748f036e9d32d3d0ee4700ea6b4fe4524d8a33cfe8b1946f29,user
viewer,k6_ws_2857,pts_abd8eb8aaa98b914b845c694481d982c1096f691b1d0a70ca246e86a518e1a69,user
viewer,k6_ws_2858,pts_a0c535f9058b0330218ddf407be419d8aa29683312d518b9d3c8938326238fac,user
viewer,k6_ws_2859,pts_e5ff4d217a23f3c1e69af8b5982cb86316f05c7fbde6502328b82ad33b368187,user
viewer,k6_ws_286,pts_1c4806d20be21a76d8c502204d95ce3219ad126d1647b41cd342228175acc079,user
viewer,k6_ws_2860,pts_1507b24319a82fd0dfc24e91fd1c49954f35c563a4b5727adbf4169656dd09aa,user
viewer,k6_ws_2861,pts_801ffa781eda6184bc228dcc6206a13338c092d87ec09e3598b1b5bcc340d27b,user
viewer,k6_ws_2862,pts_5625caf6d99b685a7f2257a66bcd37e02d62db62a23bf2651981eec6bc393ee9,user
viewer,k6_ws_2863,pts_68cace485b8236fd44b2c31d91800b5eeecd59be3274aae5b54d251f576a9124,user
viewer,k6_ws_2864,pts_dc1c25ff87051faab605028e8c1cc50764640f8d7a57ab482891210831a77f25,user
viewer,k6_ws_2865,pts_9ef4b34e2cec5dfb09c5a3e964177bd010d28735d70375a6d251282027d601f2,user
viewer,k6_ws_2866,pts_8e290689c1aa29de6672dcb8588fcebc59e9ed2d6442a5ba66d84055351e265f,user
viewer,k6_ws_2867,pts_628e5b5cbdc33ac7185d05e246e5c73ed9852177aafb0795b6fe8d194fb07e3f,user
viewer,k6_ws_2868,pts_425dc7543381f61eca09726eebc7698ca26d904b2dbda677cc4b6c75b9eddc78,user
viewer,k6_ws_2869,pts_40f7790c92824c433ac72f38f37f69e5ae603c3d29c6f082029cb25685c0f905,user
viewer,k6_ws_287,pts_93f4ac28d1d274f78e5fff70a38df9b5df76ec0e985df7bbe8c1ef03c252a972,user
viewer,k6_ws_2870,pts_6dfc1404b24e2df2f7480f0f1bb6018fe5fabed29d6633eb0ceb6abab6ff24fe,user
viewer,k6_ws_2871,pts_069900738ff3690f1df844e72228c07a46fa271c90830bf6275c973f8c43b169,user
viewer,k6_ws_2872,pts_87b15a4d2559c271a6f721e8da6df3c41fdd26f6e37d48cf62e79edb965b03f3,user
viewer,k6_ws_2873,pts_53e84772b6d59fab588fc0559333cae3f5701575ea07e651a1a5041c602a5643,user
viewer,k6_ws_2874,pts_693b66371c2a2b1266cd9a8aaf513b4f0b03a3aafbe505f7e21038c4b8b88076,user
viewer,k6_ws_2875,pts_2f753bf0efabdeb05f6ecab6de41b83c712bd576d77fd6d6a44f3369f511444e,user
viewer,k6_ws_2876,pts_692de1734e5b250c54aad4560c10936a061552ea8f6fc0919302b838bef6096c,user
viewer,k6_ws_2877,pts_e981736dc004ca5f169258047ea2c7b7693520e5bd4bb95fc5dfa47eb3a1aa5a,user
viewer,k6_ws_2878,pts_79e87096c16d45ff4f64d59862570e0276f18c9ac2de16ea73dcf9fd50ca2b2d,user
viewer,k6_ws_2879,pts_57e3380c89f490a8bdde0044b0a47ceb8c63e83a66168fd6f3722d3b137af2e4,user
viewer,k6_ws_288,pts_86a6f3766ed2a1fccf31d3909c1ba002089551f5bfd94c4491075a5bf77e1c04,user
viewer,k6_ws_2880,pts_a8e0f3877e45011a4b9bbc0e78453912cc7e378e49700ecbf064da5d10d3d134,user
viewer,k6_ws_2881,pts_c9cfdcfb5ee086ffd93b5289f278ce1cffd85a027e606dffe98fb633f7f07930,user
viewer,k6_ws_2882,pts_ca24198db4b8063f886fc09e5266375df1186d89f8c1cadb59e044fe9ca90d6a,user
viewer,k6_ws_2883,pts_176459fc74a94913c56eb6bff5ce6c688fdb7a03c14181629a60d55354d91496,user
viewer,k6_ws_2884,pts_55f794d0f33e9bb61de6642c5f01d99f2646e7c728541902f8e898454aef3025,user
viewer,k6_ws_2885,pts_3ff4311f502712a276bfd73f93367d8840c3044b5b1053aae94f800436270742,user
viewer,k6_ws_2886,pts_acfade330d6095151507bf119b5de61ea2925b2c922a6a4a7ae6da46f89e3bd2,user
viewer,k6_ws_2887,pts_eb55c82826fc132586d80581c1dc7bf173913f65d185c6a0b9b483ec7b973804,user
viewer,k6_ws_2888,pts_b3a1646d15a5d9b51ea0934bbf931974571b00fd0ef59f2361c1aee8688b801d,user
viewer,k6_ws_2889,pts_942a5af18cf08e156ad2d7ca275e56de97a81f5f7567da598be14596a9264240,user
viewer,k6_ws_289,pts_0bcaf8cb1f59eb4eab37b24e81735dfd218b0432e0f96c19afacce88b0bda7cd,user
viewer,k6_ws_2890,pts_3e24c03cf86c3cebd0d1c65d91346d5d9168a4e5c74602c87aa43bc67ebf6328,user
viewer,k6_ws_2891,pts_20fb28cb86a90300bbeb767958e5cd330d3be2922490d879f1e2a27dab68fe45,user
viewer,k6_ws_2892,pts_a892fd1403fc70fbf70bcb5473966b6a241425f1b2722ab27488e23a78ed5cbb,user
viewer,k6_ws_2893,pts_99e914317fd7d9ba2c1f460088b598555704234b9906a9a5ad8d0a725cfe7a6c,user
viewer,k6_ws_2894,pts_3606bbf1b84e1492d0fc511f63baedf2ce2daed7e0316e8dbbbeaae37dfd25e3,user
viewer,k6_ws_2895,pts_c88079f4f6c7863a1dc4aa19dab50fd761a4ca19b734ae66fe5b2ea501537d92,user
viewer,k6_ws_2896,pts_b5b6c630b6b8b6cd090d32167fa626a24b6459f9f5a200569e2782d273aacbf8,user
viewer,k6_ws_2897,pts_0dcddb65b4faa544dd5313c1279b3e5d5f251836f5342e60fd2181773349ef1a,user
viewer,k6_ws_2898,pts_8fa0e34377235d83afa054ecd382e46cb3638f6c69c18aa7d72e87a749ddb980,user
viewer,k6_ws_2899,pts_b6b0987ec37f68f6fa5c121857bf3265164d907b1e2d9b9e6e76591a8f72cd87,user
viewer,k6_ws_29,pts_e3ed3387a67722168aba3a017ec4f86500d6ba4b55636becd100bda921e00f9e,user
viewer,k6_ws_290,pts_d1aeb1705bc5b7e335ee11c2c6215c8828486d0767916ada8dbdc517fdbc0079,user
viewer,k6_ws_2900,pts_2cab027aa822398b4018ce3bf74b15cf0d0195201b9b6751bb9071744f6b0093,user
viewer,k6_ws_2901,pts_4e9d29125280132cf149b17d66a4ec5f2e3d0f2977906bcd3525783246f12164,user
viewer,k6_ws_2902,pts_9b5b597e4ea9096eac116f6c276a8b8acd5f0fe6f45e1552c724ad46c96dceb2,user
viewer,k6_ws_2903,pts_468fe7b6c7c0ea6c80746e44edfc61aaaf8a003902c8a8d14963cba105539625,user
viewer,k6_ws_2904,pts_e3a81b15dbd60fea61a3518f6c52584013a7c18834031b8dfb633875ed3c46e1,user
viewer,k6_ws_2905,pts_d5d791199d3252160cd4a6017a2ae1153537274460374ef3a06e19d593785f8c,user
viewer,k6_ws_2906,pts_8a68745c3f31510ab7782d7c9a5db46eba576a1f6820a6e38df3c85e1414b735,user
viewer,k6_ws_2907,pts_64fdf53b1ac00f362b5c8a8b591329ce7d3b4c857d4ac4c69771bed6406053c0,user
viewer,k6_ws_2908,pts_a3ad312071af956b88de32654e4bac6959cd19ac66ca9bdbe4a2707b410b1ae8,user
viewer,k6_ws_2909,pts_f58db52b0fe0c2edce08d3dab93244881aff47109c1a92fb9e8dafa4d47fe784,user
viewer,k6_ws_291,pts_ae9677baa72f34d37782640146b566cf7a05140196195be0fe0810a0567b52b0,user
viewer,k6_ws_2910,pts_01cfe9e06da09971c0facbfdc89b65c43d1bc34bcd690106f5946f988d41c92c,user
viewer,k6_ws_2911,pts_2ccb172ce6ab30d7439e1bb3914c0ebdffd6c2e7877bb6ab8710c0a99b05be57,user
viewer,k6_ws_2912,pts_5e29273232556c7cbf68b7e09fa35bb6144d55ba0a0d00268164aceee50ecc0a,user
viewer,k6_ws_2913,pts_65662a906d49c07eb6e67ba4bc224a1760f11c6e3cf8a07acfcf763177baab83,user
viewer,k6_ws_2914,pts_93250a97cc19e4c6e1a4aec06dec8ab5fa95bc5d25b75538b83fcfe9303cd9cc,user
viewer,k6_ws_2915,pts_ce3925211e4c8dd87b05756a6850530211747f4e6aaccced3ab93ad7a0e27d1c,user
viewer,k6_ws_2916,pts_447dc9d7cb54ffe22f450f9a714813e34f5d61c984b42699fd518b6166d7afd4,user
viewer,k6_ws_2917,pts_f8b92e3883d24dd92bb3fab645796ad6f07b8f900a1f7e589baa9b88e82ad1be,user
viewer,k6_ws_2918,pts_476a3919807d0a0c56b72253635265e95d035b0e1b181d0e83f8d8a0b7005d4c,user
viewer,k6_ws_2919,pts_9b64f7ff83bbb3f5a8ac0845c2e673169ecbc741329d82f0c3ca1d9155409958,user
viewer,k6_ws_292,pts_81e5ddc2a6d746c758b62137c935dbc264d8c60a6786feecf095f64ab11b4883,user
viewer,k6_ws_2920,pts_12539f287b8fa201d6e2fbde11ed36e3592ee48ddc347ec675a8e62a8de06b4f,user
viewer,k6_ws_2921,pts_0a68751a6e736716f7185703a0b6c30ba4d3e5ceaf324ab2389e0f7aa5058179,user
viewer,k6_ws_2922,pts_698ea2cfad3cdb9493a77ee80e9fb16d9f6f178cdcbee1903e3899a10bdc344b,user
viewer,k6_ws_2923,pts_6d1dfc5ef73ac47a681c18b79b4a24ba9cbf2d963fc0de58f652fa5158aab03b,user
viewer,k6_ws_2924,pts_868b39399d5160ac207979fc34c7a8ea0140c940ec7b055df14fcaa74bca1e3e,user
viewer,k6_ws_2925,pts_a547409ab8fc800ef8a07e0b3eba1904caff39779491574d0a80908c2a3ed76e,user
viewer,k6_ws_2926,pts_d5b23c8e23970b4981e4ace453add32fb87ed9980fbc560f59d74b7349552305,user
viewer,k6_ws_2927,pts_b1a53792f37e1905e130f9aacb3d5adb9d45079079f1f127755d285cda6f8a25,user
viewer,k6_ws_2928,pts_5df4f81afe84ffe52e92c01491272f770ddd48d0559c58f3af2135eebf622322,user
viewer,k6_ws_2929,pts_c9c30335026fca53d8c317570f8808d9f1dc10dd35b4b0b03b65a323d001ca2c,user
viewer,k6_ws_293,pts_3c518d20740b3d1a6817a14af96e30c95397a03d10dca18a52e23ec38fe0b00a,user
viewer,k6_ws_2930,pts_f13709f8aa65a0bcae4ce68eec8476a9133ce8f0a4eab63b2c61b5f3a06ff184,user
viewer,k6_ws_2931,pts_92f7add73f285e18fe075c916c5723b14a2b1c75060111b5a0dec3726e0580dc,user
viewer,k6_ws_2932,pts_8800f9006fa3814cdc145e94ffc52385a8ad4de778932fb505217154ba33a398,user
viewer,k6_ws_2933,pts_d52534d32a93896690e5b0657d2f95f9c919f53a60cdcec5b8726d5b8bb8c685,user
viewer,k6_ws_2934,pts_17b0c0cff050abe5f77e46647b6b316a5655a283d65a50a3f0169120cd62bdb6,user
viewer,k6_ws_2935,pts_a77d86d54ec563f418753fc5f8a4b34edd54a87f1ed4a8a1a71adec6a763eac7,user
viewer,k6_ws_2936,pts_063f091a158849d04683b86f57469028da3744766f8b81e585df68550e2d013d,user
viewer,k6_ws_2937,pts_50086a4d26a68f5ea4e380cfb925c1983fb43876fdca7d084e3fb568e9dc0cf0,user
viewer,k6_ws_2938,pts_4366d0ca0b58a32293d328dcfc83ba95523b143ceb1e636561c09c0f64050fd6,user
viewer,k6_ws_2939,pts_1240be5b484d223a92aa289758600c0d7e52ad266ed96f5fc00346e9cf465d92,user
viewer,k6_ws_294,pts_e8295783e0a15af413ecf37799d5dcbc1606a508f175e51fd73df6ccf8e55268,user
viewer,k6_ws_2940,pts_0bc74baaf12e83e0b093615ec83d948c2d15278959f75354bbff6f4f8ff8eb47,user
viewer,k6_ws_2941,pts_cc073d098269c19ee0ccb37bdb9a2642671a95e6234ca871a57db6ec2fd63b40,user
viewer,k6_ws_2942,pts_329a7eb976fbcf12cdcee16523877c2d63f60d8685c731403484f744bc7e2ce2,user
viewer,k6_ws_2943,pts_b5be299e942f4660c889948a521ddfc230b86311b1987b32b54b2fb2d812643b,user
viewer,k6_ws_2944,pts_7e1c89221fcf163cb60bc3118f1916193cd15f687ac55d261f393667e3456fd0,user
viewer,k6_ws_2945,pts_d5e1c3df1261422e5f78ba50b4d28bebfebbc5ddad82ab70f71b0dd38cb11f5d,user
viewer,k6_ws_2946,pts_09714844ef949b574455c1f8773d04b5cab3311d4408a443fd0a5798453ac708,user
viewer,k6_ws_2947,pts_72fc54bb45e464d36115dd979a461561f213b4d203a03e2f1fc26c0021cdb4b8,user
viewer,k6_ws_2948,pts_9ada5cb9ee7cc470b1d1c582b3abd58ac28e4c2a8f7a2f40236fe066f3326df7,user
viewer,k6_ws_2949,pts_584218c2a2eee71c80bb462e63f0aebcf38bc789c59131828bdb893b3fb5c667,user
viewer,k6_ws_295,pts_82ef9dff92c60db905731951a5e42776fa522088c640275f1da7c5a684f37e23,user
viewer,k6_ws_2950,pts_e70ce149014943cc0b72c511204d8a1bff116aa703e5b6875cc9b46e0e4307c1,user
viewer,k6_ws_2951,pts_bae144c94174d8bdbd427256becd8eb77a37bec9a66c94fb0b8a6d464bd91d94,user
viewer,k6_ws_2952,pts_457412d65e0140c74a334436bfc80b1acbc29f403758452b3b71ae35b6638905,user
viewer,k6_ws_2953,pts_49ffad5bc2c9fa449d804c5c3adb6e4a372eb4c60ab50a2ff807612d588fa2da,user
viewer,k6_ws_2954,pts_1fcbd131dc3bc52aef61c989d4819f9e7491b03ff30eb71e2a6d8eb410726863,user
viewer,k6_ws_2955,pts_f1f83eeeeffbd6a01312c636511346571e5231781201a3c6cfe0b24612dca1b5,user
viewer,k6_ws_2956,pts_5cd2fd015d0f175181b65f24e556b19b91689f21f59d8f98118f4c8824b6623f,user
viewer,k6_ws_2957,pts_a24430d29374e5f72ad5d1bd4aa5737cf92a3b626ac11f2f5724fdb9b7d15729,user
viewer,k6_ws_2958,pts_d84818ba17f909d524e3562dfc97163a933de6ab81a041aae0d4f6f13fc1f0b8,user
viewer,k6_ws_2959,pts_52c96b03f57463c6c6051e04db9c798c5a1eb5a5074bb1c94df3e10f347dd24b,user
viewer,k6_ws_296,pts_c1697202af93567dc5ffb2e077e342dd6b795faa822ceb0b33662630f5b5c9bc,user
viewer,k6_ws_2960,pts_e643674313f5fe45141fb373329a9898a85efabcd78c5352b9cf48d1b7bbe6aa,user
viewer,k6_ws_2961,pts_02f1c93ef75440a6b167e01bec62931731c18edac6f0dc46dd4250c51772338c,user
viewer,k6_ws_2962,pts_89f2bc0a16056af8eddce02fcc765b8006bc2bf17a839405fab5aa4083b79c0b,user
viewer,k6_ws_2963,pts_901e60b6fcdd2151cc387a25c8cf4654c0fccfb9cd45089fc9971945c5a94666,user
viewer,k6_ws_2964,pts_e87a2fb1519e14d662529a8b47de523a341509be96ad1b5cb54cbd777a750e55,user
viewer,k6_ws_2965,pts_d26bc6812dcb509e00ddba49c40c965464cad12c0e650905f41e9d7e08728777,user
viewer,k6_ws_2966,pts_d965710061fa6479460e1daa234ee992b87040f6d929ce1291fa16f7a3c37126,user
viewer,k6_ws_2967,pts_35bf05cb12491f2ce15e1694a6050c43686b7fc646cd897e5b80317331c561ec,user
viewer,k6_ws_2968,pts_e05867d2bf85b551dd957a4ae758136342db51123053522fc19025fb80dab881,user
viewer,k6_ws_2969,pts_761b6c20e9b54c2fb8591aa1bdb6d173c7837196a80b3882b4ebf0574807887f,user
viewer,k6_ws_297,pts_bf36fb43fefbcd61f165e06043f6d16c88751307860744bdad74c9627bca8a63,user
viewer,k6_ws_2970,pts_b9df3f6837dea090d40b1e09755ecb28dcf06bea50d3b8c0a6dbe754a10e9bb6,user
viewer,k6_ws_2971,pts_8290abaa9f78970a173f776ecfa116d29843e91456e41cb6919884266a7e04c2,user
viewer,k6_ws_2972,pts_f4ccd30e90c0ff77269fdead2a55b96822623a3861cbb32e00260f649772a6ba,user
viewer,k6_ws_2973,pts_3ca71b4b8db8a213a318a5ecd397777d8c42483ffcb95d0f9e81b1ddd5e64d0c,user
viewer,k6_ws_2974,pts_98dc976b16eda8751281b0264cefe6b2691c9d8bd29a4930a67637d4b1563979,user
viewer,k6_ws_2975,pts_04e4e70d5277e6dd8fe9542fce2ab6888c1593dd7649d6fe8ab9c6683ab1d904,user
viewer,k6_ws_2976,pts_f2128d065860b602ae360a059fefbf46208fe37d2f09a43ab58d2a3775434682,user
viewer,k6_ws_2977,pts_9b68d77d0900fb5d7663b6238dc82f77e872902d444c51bebe24974840fc269e,user
viewer,k6_ws_2978,pts_fb897b29bd56417bbfc3aa6e9de67c2e4dcadcd1b8318a3970ed1d2c49492f58,user
viewer,k6_ws_2979,pts_5af523866cab8eb13bfcfbb2423ac2681089bba7f902313a9e4b4b1d5dac502e,user
viewer,k6_ws_298,pts_deaa30092f4ce00cfad5d444e9952cbf9c7ee446554755ef764588d52ca830a7,user
viewer,k6_ws_2980,pts_1a27173642e7c5a4c5e7a79baf574a17a8e6ea15f3a1d01735dada037ac69589,user
viewer,k6_ws_2981,pts_b582e618604781628290f435c3fae488e0d984c9dbb5e95dae466eba831900f8,user
viewer,k6_ws_2982,pts_79a269823a7b95cc21155d4168c8d0bb40a658d28f15130076cc9575f9f1c3a2,user
viewer,k6_ws_2983,pts_22ebf416ceef6955ab6e97b771561f0b4559e9f5519c49cdaf96c5285c5d3d46,user
viewer,k6_ws_2984,pts_51a1a4436d22f4df4e03ec11a414b9ba8e9e89a7f1b544763cf61390860f087d,user
viewer,k6_ws_2985,pts_991b40d8dd874470e72fe56675c4df3c948d2a4bbb1204c3a5b43e2de3943e7c,user
viewer,k6_ws_2986,pts_f0a6c626e71cb42709517473e6c40f31e9a9d947fcda4f2fac56de4f863fe4d9,user
viewer,k6_ws_2987,pts_cbc6ec142068728b2a8b4a11aaa399d36f644b839051dd4f9b537028ebd55809,user
viewer,k6_ws_2988,pts_8d9ef8504232e08b07a4199a6a123b0a14c538cebd9d36a9f7ccd13818d16ab6,user
viewer,k6_ws_2989,pts_b696565c72a029b25c337f741c8ebd5977ab14f458dabbe2965b3b508153c2f5,user
viewer,k6_ws_299,pts_c5813d357f74b5710665d23bc06f3d07e46a90ee2b09ee5124afb873e2ea21aa,user
viewer,k6_ws_2990,pts_c52299ebac4f1c139ca620ceee3fd4f0f3649f418cb68f2741b1a648830eda0f,user
viewer,k6_ws_2991,pts_7cb022c5fe73ea6773733cfe2b0f7b9efa134193a67e1364fd52e9558589db01,user
viewer,k6_ws_2992,pts_19e2a4c19e67d17c06506cd1cffa14460f87c98367db96df682a30342749c07f,user
viewer,k6_ws_2993,pts_2646ff7605ba8ab4e5a5d89e06238c3d6bf3f829c8595dc3c528d12bd17ed428,user
viewer,k6_ws_2994,pts_e5db35936693969f6a373127657ce4c381957f3f681e33f6a5f02451467f3c80,user
viewer,k6_ws_2995,pts_d56ebd692c4bf8d343758dbd9de83709fbe149009cdc2151edceed377535d281,user
viewer,k6_ws_2996,pts_ff684da1ee001925bb791f1e6f30615aa9149b63f34a9cf5cd214a7092158392,user
viewer,k6_ws_2997,pts_d6544e32e7f850cb67875c576fe47da39ac49b85fd96c020bfa779b58b7c3321,user
viewer,k6_ws_2998,pts_5a65fa1685abbbefba362bcff40b757cf5f1ec07f121a91632c51c7edfafd4c7,user
viewer,k6_ws_2999,pts_be23179e8691e8fa6533d5f34d07ca0eaa8e9da0bf87c6b6d6805cc9ae1215f7,user
viewer,k6_ws_3,pts_e96ef5771fc760aaa97fca40bef3601bc54974a7ae198b450e1009ee008049c6,user
viewer,k6_ws_30,pts_8a2b186f5f9a1f89391d0eab2a9b9551f3b289ccdf2fd5961bbd8e69b36c8a0d,user
viewer,k6_ws_300,pts_4d0e91f8bc5b12353ae623bd0cdbe75aafa0e55f21e64fc759e8f6ac6846ec14,user
viewer,k6_ws_3000,pts_4e1aca35e3141240807269863dde3ecd68e4ed30a94998144a2de2ecdc789bb2,user
viewer,k6_ws_3001,pts_63cd21079e40fd0096d4d0268aff7d5053abdb3875245a1f4c0246d58aa969c7,user
viewer,k6_ws_3002,pts_5843181757f42d87b53788027d18dd1aac1a18e22d18d969eb69455eccc70901,user
viewer,k6_ws_3003,pts_6d050cf743239eb138f4045f2c75336474f10f6aae46b24e1c9371d8d7e9fc01,user
viewer,k6_ws_3004,pts_d0be701d9db96f0ce5a2830eaa6982f256927dec15820d2da1bf83e991e366ef,user
viewer,k6_ws_3005,pts_b5a125e25a612741019eb1e5d2de8c18b4b98eb2a6798ae6ec42ce829a8291ab,user
viewer,k6_ws_3006,pts_78c151b0068cb3276e4f2a73c35ae04de3747d38a5a4ddaedc1629b25e8489d4,user
viewer,k6_ws_3007,pts_8d9a07275246012dbc5ec4257a8806722f92547c925bba6e2a2c54dc83f1c0d7,user
viewer,k6_ws_3008,pts_0ce836fc8cff2bdcab42fefc707267e0c6ed0bea4dd1fd2482786ccabf6ae1ca,user
viewer,k6_ws_3009,pts_75b9a6d819ebc14ef73fed425515d43ca489c1b181fdf520ad3bb6f708339b20,user
viewer,k6_ws_301,pts_52a96d3bca3f70f2543c0a9b97acb459cabc560b14ae8b9886d045192d868bc8,user
viewer,k6_ws_3010,pts_af78ccc6f18b0431c8503392239e8b02407577d1052849245074c27c1d1d00b3,user
viewer,k6_ws_3011,pts_b32c22d456fa9b0d170d972335360eda0ac20b03086cac0d821711434f920c7c,user
viewer,k6_ws_3012,pts_d050c587d73b205d25762887d4eb51a8c2f1690f029602f98fbc56666d07cb7c,user
viewer,k6_ws_3013,pts_a6ef2e95e67643e1964c9b86d9efb1518ee1720ea238dfdd5867b7afe5850825,user
viewer,k6_ws_3014,pts_a3249d7418c1ef580f1e8342d363de2f331fcdea12a902e92df8e7acd9fbe8d2,user
viewer,k6_ws_3015,pts_78734759fd7d1b6e50da5b410fd6fa70c7f26d7026fa209b47555e0ca26ac359,user
viewer,k6_ws_3016,pts_d95c86682e1ef56eafc0cd63ccab86ccd09d4d92c8842b327b1726cfc6e17f1d,user
viewer,k6_ws_3017,pts_add3db7dcd16f714a84bc4cfc3d8e39f01d428c6dba605689288b4660d07000b,user
viewer,k6_ws_3018,pts_0aba3ff5ef5403009f338cd82dd54066761e880c1bd829ad608210900e1a850c,user
viewer,k6_ws_3019,pts_b173bd11d4274d69d449cf9046a7c9857d79ac8868b59a2f27b3b8bcd8b0d3cc,user
viewer,k6_ws_302,pts_dc03631aceb6c23c419000ff9c03f99d91e4542e6f33c9b87541f84bde0fba73,user
viewer,k6_ws_3020,pts_561d1b3e9f8d936f765b6986b7d90b50ca5947636a29d8c5691e1214f76a19a9,user
viewer,k6_ws_3021,pts_4507f8458e0d9c562c20660e0efbd9d7c8b41f158d330b092723e073b9f41e68,user
viewer,k6_ws_3022,pts_0b3004e35cfacab38e8ce45e1a0d1c907c7f58cb59e0996265cacfbd11441413,user
viewer,k6_ws_3023,pts_c77bf2f5206b5217fdb3c26705384ee6ae67f1badb87b055f9126c39fd433cf9,user
viewer,k6_ws_3024,pts_915d4d6b292bb2bfa2860360fec09c3e2fa09dfca1d96aedc70427c9a516dfec,user
viewer,k6_ws_3025,pts_40aef7dfc01da8ddca3ff61b96df47a31942848d0703b3edf65241181e318931,user
viewer,k6_ws_3026,pts_095f0a8fddfdf6c5a3a58bce2983a3f2d8e6c86879109017816701714df3ed0d,user
viewer,k6_ws_3027,pts_4130b5377da07d57fc63b9dc4949089c26df10041f17c306c8c4c8c668eafa97,user
viewer,k6_ws_3028,pts_cfd10344afcaa4022af06657de60707dbe870a2705e46e3a05eaadf2987428ba,user
viewer,k6_ws_3029,pts_76739ad492c8f327d9933b43bed9c36131922dbb5686a91dfb80237230457d49,user
viewer,k6_ws_303,pts_21f6bc6af62e43341ff4cf204b47c54ebe52a2b68c27a0dbd2fd099ba51d3b1c,user
viewer,k6_ws_3030,pts_c9a9eb4601911031479790aa1eab3701d30b3e3a318c6ff7ff31b2196540933a,user
viewer,k6_ws_3031,pts_48cc83fcd30ba578b52a9f2baa88b435ef87a2ff24581917afb4219e6e373872,user
viewer,k6_ws_3032,pts_d6c6a87966d37489853680d715e9531e4fc0cbc664172cb96cbc731840cff0b1,user
viewer,k6_ws_3033,pts_b2b41b138ff44470e23225d8c906497cca0ec8c63695570252de2c9f79025d46,user
viewer,k6_ws_3034,pts_b4a680fee714493050e78272a1c93f9937d06625e6460013e19e87204d5e4d6f,user
viewer,k6_ws_3035,pts_2d0cc6fbeff452584bb6c14d906e7ecca6bc5d2f0ae326d786b08d0d219c727b,user
viewer,k6_ws_3036,pts_94b333b4c59bdd50f9a9cf7fd3b308a842a04a9bcee668e5919295b09639c45e,user
viewer,k6_ws_3037,pts_2ffc869fd6722164df51b4bcfe564d91768abc64bab4701b4979be11b99a1369,user
viewer,k6_ws_3038,pts_24df9e112ca59c39485b447082ab44bc43debefb3f853a48eba30834da5db97e,user
viewer,k6_ws_3039,pts_2407b1239822b9d27ffa2f4681c2b463d153883ccef165bba1b2572d174c1106,user
viewer,k6_ws_304,pts_516e467a8e289d3819f1805934ce8cfef7d15db30b8d3035a186af772e98c521,user
viewer,k6_ws_3040,pts_8f8e180783f8f6585abb65ca2a10ad97fafec58c5fd8d4f10dc41350c5c1906b,user
viewer,k6_ws_3041,pts_452b31a9ace8678b4b2d6b39fca428e00174f3cda616fff0a385aa0d12f503bf,user
viewer,k6_ws_3042,pts_4e32f3de5d679c8f1db84060afc1b6d91c7192cba9c4b9f7e9d04aee6935171a,user
viewer,k6_ws_3043,pts_70e40e8eb4d8476f93de8c9953b1360742ec343ce46335776f49bf8e0cf8054f,user
viewer,k6_ws_3044,pts_f7cf45eb12ef00af3dd003577d65eebcb984557f8b4a40182fd5ab92d1d63f04,user
viewer,k6_ws_3045,pts_82662237529ac483ac3f0476cd2e22bd7f5cdc22483cff659e84f82fcd2ad622,user
viewer,k6_ws_3046,pts_0f37725a52218251051064f413ebe6b3d46890eabbaf15aefcc9f74ff8d70828,user
viewer,k6_ws_3047,pts_0973ed868ac25ea07f2b3ff19747048a91eb1542c531f97557902a9b9dfc89a0,user
viewer,k6_ws_3048,pts_78db8ee69475115d8ff393ca9c03e6a304dbd17e372dcf467c682aa04e165a0c,user
viewer,k6_ws_3049,pts_0fa085559104d6c22b510b4ab9a1df431fd500036bfd7c4fafff9b8dd2a2133b,user
viewer,k6_ws_305,pts_7f75b8cbb387c873862108999d526c0eaac9596c36a065ca21621e6a3107d462,user
viewer,k6_ws_3050,pts_f9d455e6fb2b822941a14bdc633d5385e9ab9674fc1b0b9aadfc9307c92f69aa,user
viewer,k6_ws_3051,pts_1f8c362f321e464e14434c7daf1730955d7b6567051d29a524a7f04cd98388c5,user
viewer,k6_ws_3052,pts_2e7e873e233ea5f9e44fb3c19fe425f0becd7e9439c73f0fa5fec4286a17c283,user
viewer,k6_ws_3053,pts_ce4660bfe403f4812a028e8af88daeeaddc4151dcbdcf2759475f78142fa5d65,user
viewer,k6_ws_3054,pts_6998a296c56282e97349cca66ef3d916ef4c836ea27a9278b8e0d47ed445c404,user
viewer,k6_ws_3055,pts_fb45b3a3c69e178ad89c3a415bf0e3d4643d506ef3f006fc8e5c8ea145bc1cce,user
viewer,k6_ws_3056,pts_b0288d947bf0895b27f18e9c473ef8d00401a379706c250555e05b992d370d2b,user
viewer,k6_ws_3057,pts_8917dcb5fbd5be84916cc812796f7411f78b2f2a9b63c186f8568743d42b6272,user
viewer,k6_ws_3058,pts_8f841d2bd2597f97c3717eece376a22f9e4be3b051ab90f654a38238104d7c1d,user
viewer,k6_ws_3059,pts_6105bbe30e05f3d27f694f935eb04074630c137bc9dc5b15d4882582b81ee04b,user
viewer,k6_ws_306,pts_0dea23ad150aea51afd6de1a5352fa3abb21a78c68ccfa7141ca3555042e0ba6,user
viewer,k6_ws_3060,pts_7eb51061bf34f6081554bea787ad6fe3ba08db9f479a511ec429fabf76d0084b,user
viewer,k6_ws_3061,pts_2a977386208ac32a3006b429c33db4bfeef6c64c06c0d25186c4c1b9ff92b963,user
viewer,k6_ws_3062,pts_5a52494660f52d8baf76308370005c4c00e8eded4d0269dd35595a45ac5af2dd,user
viewer,k6_ws_3063,pts_6ab156c174542bd767023f8e072c461eb969ff1200109352574af9289ce31a3f,user
viewer,k6_ws_3064,pts_20ad4ad9e225a9834212028dc6531ae86bcfb0907a27026e662ead824082f802,user
viewer,k6_ws_3065,pts_d963422735219dc6c44a060598ae950e488c1a2340d1970b07fca3d18c1238a2,user
viewer,k6_ws_3066,pts_6b28c1023183e30b773f417a51b4ec8bf49472ef343b891e624a5cccb64022e9,user
viewer,k6_ws_3067,pts_eccca5b5f53e383d733d838fb4eba0831624510ac8fe10de0841e2cecf3dddd5,user
viewer,k6_ws_3068,pts_4dcd96cce94f6205010863764346c995ea7657c984e7656c9fead651c1392d4e,user
viewer,k6_ws_3069,pts_35563198f199da071cd5fdf0a80d3de848327ce5039344ecb657d6e293dc1d47,user
viewer,k6_ws_307,pts_018115c3390cb8984291cc7b05c3dce0629a0a0fa2026183859812820b1410c2,user
viewer,k6_ws_3070,pts_ea63759230afcc6ecddfa30bededfa168ae8bc68e01e96ce6ef76ad2476b4411,user
viewer,k6_ws_3071,pts_1820dfb27c94590b2b51dd42e479f217ffb3c120ae46675099e684bf1dd1cf54,user
viewer,k6_ws_3072,pts_b3066ada5c92875a242be0a803d2fba1c319a14b3d4c1e874002cd60e6ba8b7a,user
viewer,k6_ws_3073,pts_9f16c6ba2bbc25bc115e2d36a3ac15bd24b21005f5f10f4b4eca11976cb0f2ad,user
viewer,k6_ws_3074,pts_0cdaa6d89536426a47b9266d7710517242c9470f93e850c02928c15c133cd54d,user
viewer,k6_ws_3075,pts_ab57e786b36379f947b0412cf0b582c7da6035a85e978f82504523c16c7175dd,user
viewer,k6_ws_3076,pts_15740f1afd35dff3899b47e5018e7af7faf18839035ddc6d3b8493f48dc26cf2,user
viewer,k6_ws_3077,pts_9cdf4f0067ee64981fc6d4462c9f9a2fa2e44a980475f060043024eef3a8b93e,user
viewer,k6_ws_3078,pts_3209cdb9ae4b3dc2ace0e53a9ebbf40de544f7b8386c8cf946c431abd3473ddd,user
viewer,k6_ws_3079,pts_2c7185f47aed67bd98f175557053ff845067c41a25af956f9cdecd2419c00a35,user
viewer,k6_ws_308,pts_f1645ccae358255cd801c9de13e9267743c1ec02a97e490746bb7c6494403f1f,user
viewer,k6_ws_3080,pts_2a1664b06270b3ef4c87ea53664a862ccb302ea759ebad4e0c1ca46a39967a09,user
viewer,k6_ws_3081,pts_cbf01e2123bcccfcd4471226cfa081b5d1512233b82acf22cd5d505e7a74f98c,user
viewer,k6_ws_3082,pts_e6e92b50876777b1f7fb09d14c1afd1afb238f442aeb5d91013a1e00e10dd454,user
viewer,k6_ws_3083,pts_3266420dbfe997e88132dadbda1291de6b87e1a610ab8d87fc4d2c0a139b08c7,user
viewer,k6_ws_3084,pts_7bfd54c6bf7571508e92f24cbf7b56d5506b3b5da6c1499f365b1685fcd79e70,user
viewer,k6_ws_3085,pts_68be427efc80e58b4aa38edf5ba769bff40941ef8dd2eb95b01770f152ab4a48,user
viewer,k6_ws_3086,pts_6810add09aa697fdd50209589a07c9d76595cc9cbd7f6789b46c1b4d377d1e60,user
viewer,k6_ws_3087,pts_f5ee3f9ece5746fc577cbbd1487917ce635d2e1acd4420c0b3ac4739d7008dc1,user
viewer,k6_ws_3088,pts_76a29cee2be591c93f24a053acc63ecc03ca3527354d831ef49f80e3337f9f77,user
viewer,k6_ws_3089,pts_0ec5aa915375bc5a227b5795a99e9612b8dd128c0f6e4c66734ec617bb33546e,user
viewer,k6_ws_309,pts_909ca7b73053a5ec125b8321507c1eaeacef182332b30166cc80c4af8781c43a,user
viewer,k6_ws_3090,pts_979c9172cb7e5d4042cb6820f59d87fe6b59cead9a7c4efed211f843e6e57d71,user
viewer,k6_ws_3091,pts_2db34102b5dcf9ae3c2ae15c3d2818fc4b75a2d69ffc9ed330a988c31548f54e,user
viewer,k6_ws_3092,pts_9ccfcd669218510c2482d7bdc0d6450bc169959e0b8540f8484889c3145081cf,user
viewer,k6_ws_3093,pts_2674fca8012d48e0875c747876ef39d8bf98da4e7f9851f1e84463ce5f555451,user
viewer,k6_ws_3094,pts_6dc81bf6f2da3651211dfb267bdd80030c37e745cba477dcecf7f552a1418ee4,user
viewer,k6_ws_3095,pts_9980a41c39a95286421d52e4748e3d0c53a58d896f78c84c4db53a0f06d92755,user
viewer,k6_ws_3096,pts_6cc95f9571e39a023055ea3ccf792bbf6de2ef9ffdc2eba9a21171e6a6f995e7,user
viewer,k6_ws_3097,pts_3ae1c2f1a01de95783b1bcf6f0f8565d108ab8b0b4ef8e9c7b5e324c7d4e8e1d,user
viewer,k6_ws_3098,pts_f7719c7ecbbcb69728c548f046e3205c812f142068f46ed2a6db566c6e136866,user
viewer,k6_ws_3099,pts_8903f5a9889d23512e70870882f9b6d79d58f68ed83ee20f1e19449481eb28d0,user
viewer,k6_ws_31,pts_272ba429a3ef1b1d8b2aef614b56725c667586c16527fe74960fb5102bf4aae7,user
viewer,k6_ws_310,pts_bac281ded1aa267fd7c220f0c3b44053649163eaf98a5644bb916ee761c99493,user
viewer,k6_ws_3100,pts_44b492c252984d373e5e732d473a4b2bb84aaf0c934b0f5c99dbc70f837251bf,user
viewer,k6_ws_3101,pts_c181e3ddcf9372358264d971a5bdc4f43ede27709dc8a0b3f903e3c289b2fc83,user
viewer,k6_ws_3102,pts_5e6138f16eb011d421f019ec4d3cbbe97597881128df9d7a492d0e610574541c,user
viewer,k6_ws_3103,pts_b455ee97f8290eb218bf343946e65de500d9064a81a7bbe818be0d1b941e434b,user
viewer,k6_ws_3104,pts_e57cc7e02660a35ab0b922a1df375c0a5e335eb5184dc58a6d94f8adc55b6502,user
viewer,k6_ws_3105,pts_f47d8008b8f6fada8dc01332f929bc46eb247304de9cf3ed41221f200afe039f,user
viewer,k6_ws_3106,pts_8648482a502cdd47f281d98749a44d7753b01d858af40864a70d011441db3836,user
viewer,k6_ws_3107,pts_cc97cdad47220e8236266c5e70ccab1a86e66b948e1903698e83a7539d28eaf2,user
viewer,k6_ws_3108,pts_ec1e63e82b781e4b93f96c170cdaca2166799f30dffd526907f8cf5eb9c644ff,user
viewer,k6_ws_3109,pts_6cbadf076be31edfa5e1cbe2234da839a650bd9432cf1ebd6709ee7b59ff6764,user
viewer,k6_ws_311,pts_f091145964d9c4c927fae45e4071e09dc0b9ccfbb13267421d9eb865cec9a973,user
viewer,k6_ws_3110,pts_d2e121d2aa8c8716bdf22adbe340571a7f23e287da04d1617e26661a46366919,user
viewer,k6_ws_3111,pts_f0add57f3f27d86c2b9fe8e084d747abe17210a907136f4862de8f56b5da2b9f,user
viewer,k6_ws_3112,pts_1935fde982aaa57e152d787c19389f10e7008af95f3c30c2342f1de0a3748cda,user
viewer,k6_ws_3113,pts_c464292ba7ff12536226e80ea0988ed205dfeccd81704d0f2ccc8e5e1e12abad,user
viewer,k6_ws_3114,pts_13aca0d9d086e447ea09efa60ee38f021e9e1757fc88f23905014f1a6b0b610e,user
viewer,k6_ws_3115,pts_b0cb018d8c98ccd0a6c9185985066b6af4e7cd829de5bf601670be9227a90943,user
viewer,k6_ws_3116,pts_8bdab4abadf674c716d784a767460be7cc6ad4eafc964d5640aea2dc12eca8e8,user
viewer,k6_ws_3117,pts_10a29919ceca8acc88917d5d19efc167510c1bc503eac0f36fed10f7b3862179,user
viewer,k6_ws_3118,pts_69a652998c9817b0ef813a824e02e3f5b781aa95b8d81c7a2ba2d964bc5b0ef5,user
viewer,k6_ws_3119,pts_3ef8ae008e37aadc168aa7b8847db830477cb74607d7372dad411422408d986b,user
viewer,k6_ws_312,pts_b2564e92a53d26085edec03ea01cd87413e88fb836a646d1d26c2fe6c07753ff,user
viewer,k6_ws_3120,pts_39aad43957cd0ef8ec8454713f724cde47e710e9bca8755adb275628fe5ba1e5,user
viewer,k6_ws_3121,pts_e8fe144e3958ee305d8f70d3e4db7ee019d8a6ff1bf7840dd9a4d6f237c0f1fd,user
viewer,k6_ws_3122,pts_7a34d8994c9d399dce44cb98cbea519789b109c6c3cf4baa3d6113e3968eec7a,user
viewer,k6_ws_3123,pts_75d3a995bb60707f794af8fce5b2722a9c69071c18ab60eb175b511f1f935aa2,user
viewer,k6_ws_3124,pts_d099f266f1944d4e55ff5acc4acbbd012bfede9c583e953137fbf0462df26564,user
viewer,k6_ws_3125,pts_117e471906a97b9044545af76e42082be2e37a41c0b9fb2734e7ccef8fed4c19,user
viewer,k6_ws_3126,pts_b816fc436f97fb0664849a3c16bc1a5dd9774e3508c95caa3f9e1d888090880f,user
viewer,k6_ws_3127,pts_06cf9b934085df22879f65246472bd3a619c1dbd46d9e85f42416697b71ca8ed,user
viewer,k6_ws_3128,pts_9088f671f57b17e6aa69798f406d86c75f6b23bbc76b6107ff61303fb2740737,user
viewer,k6_ws_3129,pts_d7721aa1ff7bbffb77c6a8e7c63428fc740d1396e035969b48bc5c89b2914c92,user
viewer,k6_ws_313,pts_297000a15e086b9a3a9be1409f84069d54d36ed51811fa1c64fd519b59517a0c,user
viewer,k6_ws_3130,pts_b6678cd4be85d599877628d1e3345c1d5b2cc2c1494086a2f33e58cc3313bfe3,user
viewer,k6_ws_3131,pts_44d50eb4ea01a9a463ff17c75639f01a58304856bd771fb7c56ac1d14a20addd,user
viewer,k6_ws_3132,pts_d97b84355955d5042ee78320e5ff7a3c4db72fe8d819938c4fc44575cd614118,user
viewer,k6_ws_3133,pts_73053feccb64f3688da988311d86d14d4604e66b81d26385a1976f157448f20f,user
viewer,k6_ws_3134,pts_a601932aa6e856d7b54f4f95cc17efa39b96fca677aa13d711ffa14486d8524c,user
viewer,k6_ws_3135,pts_123a69c19957a16bf5174901c8f6cd0c6ff45f7d5669a9eda9249f8b858ff05c,user
viewer,k6_ws_3136,pts_150ea02207da02ce780f3fbc9442d0968ccb821ad2d7741514b1c0e9d0dd1cdd,user
viewer,k6_ws_3137,pts_ed1d994ae2bb132665232f29a42c1ea3a3d7f716343b42123175651df37fa2ac,user
viewer,k6_ws_3138,pts_909dd926233c08d06635fdaad0cc321a03d9ffdb6107a1bf8630e26648584122,user
viewer,k6_ws_3139,pts_ae4b44b5b67ba1624ac234f8982ca824abb9b1adcdd188e8a217829ca8fb8605,user
viewer,k6_ws_314,pts_eabfef66ca5e6c7dd45689cc5d32785c4fc116559df7f0ca5e2d3142700527fb,user
viewer,k6_ws_3140,pts_3515783149ae932b4e8636a8be5e410be64c68ae04c708b3474fc5a7c3e6aee5,user
viewer,k6_ws_3141,pts_867f27e60778c147eb9dcf989c830c3e755e4961fea12e86cffbd637b10c2e18,user
viewer,k6_ws_3142,pts_b47c0a287c8f18817290cc0aff5ae5d485ed0bf75be44933059d92c165a5d2d7,user
viewer,k6_ws_3143,pts_24268e5b534a4607ea6e6ef78c255b3f5fdcb3c1f2b14d5b208285d294d48fdc,user
viewer,k6_ws_3144,pts_8b9f89dd8519e0a3ad040521bd522908b1e07e887816fd2e29a2ae1c9f2bb6d7,user
viewer,k6_ws_3145,pts_8ae01db6f651d3b25ca4754214eb1ad6d5041dc43d13b424ac711414e12dbd97,user
viewer,k6_ws_3146,pts_71d1806ffc71bc4f215820971f172935630fa52ae34319550d91918471495da8,user
viewer,k6_ws_3147,pts_1ec5950b70c6b744d21571476114f6dcdd60927ed41fb41274f6626379070778,user
viewer,k6_ws_3148,pts_318709c6d8ff234431fa68c8482aa09d51467ea02a9cdca93e659a930e1ce175,user
viewer,k6_ws_3149,pts_57c850ba78f403b2182e2837357be52cdf6fe0036b9b494d09cca37bc6e84865,user
viewer,k6_ws_315,pts_e61624ba8a4e5bbbffc3becf64a732706830baa212f429247cfb9389d716d94d,user
viewer,k6_ws_3150,pts_dc99bf0e456d126f158770e20dcdc5c7306376ded82987f7790fab28d2e8fd67,user
viewer,k6_ws_3151,pts_377b317fc7a34fa06e38bcbdeb410993f3b70d14a906a65b0710488b9994909f,user
viewer,k6_ws_3152,pts_1d540e270fde8ecb134d7d74df695a5d6a6458dd30da5bc42f5aa4ca89258a81,user
viewer,k6_ws_3153,pts_0b88cdf2ad350e8c9e613782d88b693a032851955f9d793cb5b9a57f0544d656,user
viewer,k6_ws_3154,pts_ed38084cbd6614cada04cb7c8197358e0c6bd510451a104f78ed1008540a11ba,user
viewer,k6_ws_3155,pts_c2680187abf1beb99a4440010ae4256f447773d622bae2fdac10846ae8edb562,user
viewer,k6_ws_3156,pts_7bd96e819054c58c845340532752f30290041aa4bf3c419da3636b4137a7dd23,user
viewer,k6_ws_3157,pts_00e239784c15988a5878e435eb76b8cf3a531f4fe9c5996a2ab4e6591284de1b,user
viewer,k6_ws_3158,pts_407641fb6310173a20502cb31d6d7b97f2a23bf66e8027fe438a14435a4a17bd,user
viewer,k6_ws_3159,pts_c5ed1ab0764b50acc9fbf21031e46d00808044df3cab801d27544fb1da738ec8,user
viewer,k6_ws_316,pts_20d57a7643ae0d2ace2ebdf21102e8218bfc9cc22babffd24856eeb28250b2c9,user
viewer,k6_ws_3160,pts_29570ca62e2cbd0fdce3a334fdaf6a6803336422f98bfe37e0f438c4b7c7bfbe,user
viewer,k6_ws_3161,pts_9d60305b2d776ba8376f21183f67c360ea385f96a7734c133ef154bcb0d760bb,user
viewer,k6_ws_3162,pts_963a2a41d379c7f1aa8d7c02b57ce8a46328d4d5a27728939e85194ecd0c03a5,user
viewer,k6_ws_3163,pts_32a3cdb08b8862601730bf14e1bf29eb063068a939c31da11bf5c603efe1c6f0,user
viewer,k6_ws_3164,pts_a3bfadf22a9e15371b10da768d475e9337052280931eeb72239d3c0fad8507aa,user
viewer,k6_ws_3165,pts_ce2051935d948a7bac8bbe717478c6f78275c39341f8e4e5fa392ba129b9bbd0,user
viewer,k6_ws_3166,pts_f3773b4807bc43b8bb82bf03f21d0b19703aa82aa4add98f4a65c7ff3702c15b,user
viewer,k6_ws_3167,pts_6945e294e300dc447f118b0443825f0d7293339fcb407073196ec4fed6c33105,user
viewer,k6_ws_3168,pts_b294d163d223188e289503bf4cd4909059a0cdd876a59f8d018cc428978b0504,user
viewer,k6_ws_3169,pts_9e0d0ac7db1c10e419f9167b7b741f2aaa4e2f0643e7a92d2bb774957d27bb39,user
viewer,k6_ws_317,pts_b7b25466d2ec2e6ac590dc8e25d40400a5ae41de9cab849ed4b21935a8399b2e,user
viewer,k6_ws_3170,pts_9d7d530cbc60118fc35902391ca3154c064a4fde6a6475890a58d339a838c28f,user
viewer,k6_ws_3171,pts_3caadb15bb372324355e4d79cb4d0e84d1bdce9d914561207ceba5b441fba776,user
viewer,k6_ws_3172,pts_3debb76256973ebc53b0a71b4f1f7719eaf224cec89922a7b969091897d3b5f5,user
viewer,k6_ws_3173,pts_000e9dfcc1846d07891f9d86c600529c87857cc1b12544111e552cb7253c1936,user
viewer,k6_ws_3174,pts_d648ace5526d0bc66b8b330f0b81c382726d77f3445c8bee5c25f0f7dc0c576d,user
viewer,k6_ws_3175,pts_c4b3229e5f3cf55af0acf1715a9815a9518af4d474de1072a31164a5ad3302b3,user
viewer,k6_ws_3176,pts_253b54528b457e8ddb4909c2d62ae078b0178be17ecb7ae333fc44cc3b5892c5,user
viewer,k6_ws_3177,pts_38adb9edafb214aa1938987b8d18e379e3ba011ec1c88110baa89d5592c55c50,user
viewer,k6_ws_3178,pts_4be1ca3b691d9990200fbf91b3507fe957b901ba34ac812f1d1cf062c2168044,user
viewer,k6_ws_3179,pts_8e352104a190a992630fffbcf405c87d05a298e742ab00868f5e5b82329e1149,user
viewer,k6_ws_318,pts_db5190c728b614642d498c9b481bb5ff7ac040664652f352634b92dae0cb2c4c,user
viewer,k6_ws_3180,pts_e47c5ad73054adbe90b88289a14644ea13bb3c5e338b327b46670c2630889d87,user
viewer,k6_ws_3181,pts_39962c93bf41a43d4eb120b7a231369b2e9e4772236d8245d9103b23258d9719,user
viewer,k6_ws_3182,pts_99009b2f03dfeb4d2aa193a26a9175aeb2bf83e41cdb67afcab8bd79854fd6b7,user
viewer,k6_ws_3183,pts_d9e018bca73c0d7597064d161357adb82fea9cc72d3b1f7cacf983a23d15cfc8,user
viewer,k6_ws_3184,pts_b28c132e1a6df504237c9f807c5e722085ed07082d04f03e265a5501ad63a942,user
viewer,k6_ws_3185,pts_476a931ec5d49b35e06a7051e482aad355b6fa0af9594f898ec466fa41f0c6fd,user
viewer,k6_ws_3186,pts_9062721bc8453f1cd89d9bf8f43ce6583829ebcbba5d1edc9f492294e3b4bc97,user
viewer,k6_ws_3187,pts_817d38e0032510403c4fdb2646a11712727ae247c5ceb8ca5407938e7a686161,user
viewer,k6_ws_3188,pts_66b01d816fbcf1d18c05db1577023d47b2820b2c33db8ed0867801c93b152ad8,user
viewer,k6_ws_3189,pts_2b1aac72e6e58e935756b3be38e02ef6b0e5e91241bffb80d61df9682e7bea1a,user
viewer,k6_ws_319,pts_927e550faf7058404521e6e419bcfb44d21b2b8bfec2213b6d3d13c5e128bc45,user
viewer,k6_ws_3190,pts_d3820887470bafe15d81e04383e65840bf67acfcad0c5f7740a1bfbfa51ecd89,user
viewer,k6_ws_3191,pts_2d2f20682cc86c5aebfa8f161930201cf7afd448950fe16c2ea7959c0b8c97de,user
viewer,k6_ws_3192,pts_0a671857eb0839639940b3a143315af90e6d539e0abd3a085ca46a1c8d30a134,user
viewer,k6_ws_3193,pts_36f16d1a4eee6d088f3c89e4d8f71644eb33bd86514d3fc004d3c1e19b6f484a,user
viewer,k6_ws_3194,pts_96a2b20d5fa5551f4eb7ea25016e4237931c42606e79d5493784de942cc188a6,user
viewer,k6_ws_3195,pts_0c53c16dfc2d85a0278715d7ced9bc765d9adf9b6fa4f6011520fd65183449dc,user
viewer,k6_ws_3196,pts_9f0c6fe6ff92a419a59962f0dc84e9e4c98c7d40d464fefa2f61897a371fde0b,user
viewer,k6_ws_3197,pts_bba926a1714fc6aa3d8d9406af8d93eafa6139e08b576defd3f53f37a7e68ced,user
viewer,k6_ws_3198,pts_20b67c43e4687367a9a5e48505b09f0b211c01392527a2c683d95a98d3e688a5,user
viewer,k6_ws_3199,pts_7b2f2cb1f7e536fea9fbc3a82a7b1c29baa0cb2c2d03aa595a5c4907d0064bce,user
viewer,k6_ws_32,pts_ac46af1257a36d4550c7d946de60955a3213c3b2ab2da2f6901d24b74e323b7b,user
viewer,k6_ws_320,pts_c303766f5e6c2395a49f4e948c523227ed0712890fcd5446b5fe59b43e17e9fa,user
viewer,k6_ws_3200,pts_80b4463d56a5bfabd3b04b85125f5d311780e0a630dce0beacb030d60e62270f,user
viewer,k6_ws_3201,pts_502631d246325d097fc4bbdf4f47c311d13ef4071e151f9714600c22537692b9,user
viewer,k6_ws_3202,pts_c6030dd8a817c91b480f821a8ad784ff1c79d340b2810315bd4b3454785273f4,user
viewer,k6_ws_3203,pts_571d28de2f164f1791400147bef8be0b1a5112f235ba5b5aab4722906b007874,user
viewer,k6_ws_3204,pts_64e4a8d4c1116754f6cde5b27b7143e5ada0896e9b14dc170fa5e48242ffb238,user
viewer,k6_ws_3205,pts_359a524809cf9f35966c89eb83eb11ec099bcd817ba954ae88f5088d283bf377,user
viewer,k6_ws_3206,pts_36e3e999525920822544ef3002d9c520e8f69281f361f285770a331b9e4de8e4,user
viewer,k6_ws_3207,pts_84d9eb2fc35e4a6125ad1d1bc897331d999a6fa3ca885332a47d3ce5155290ae,user
viewer,k6_ws_3208,pts_84d65b0dc6d5c1cd6cd89543cc6e469053f6dccb4221f80c3656ab7baa820834,user
viewer,k6_ws_3209,pts_1c3bdef7c0a35a3989c4ea238c7ef206274b401dba5c7600a00a49c47958f16a,user
viewer,k6_ws_321,pts_89198eaf868a229236dfd892d4cc18df330def717a507d3365b7d785a44211e0,user
viewer,k6_ws_3210,pts_d6b8879de5ddbd2139efd183ceabf7d24f2eb5c5c9f718d162d132fc12bbe9ab,user
viewer,k6_ws_3211,pts_7075524f0a5a180ab60be7b0a33af8061dc69673cbfe0f581a2e983be3978bcd,user
viewer,k6_ws_3212,pts_b472d0852d651dd06330e6d79ff675c1f3d99847c06d8ba59fb99898f3ea76bd,user
viewer,k6_ws_3213,pts_7b2b071b98c78ec45d98ad1a933eb918bb1f3ff6b6ddc8b0fc9e1aea05cb8cbc,user
viewer,k6_ws_3214,pts_74ac37bbc700ae79740bb6162fc63de4114cdd5703628a72257be4798bcd1a60,user
viewer,k6_ws_3215,pts_48bdc63eb433315175faeb3a73ddbba280d660a6a5d6ac3a2a8e8ac861975265,user
viewer,k6_ws_3216,pts_182ef98842c98d876de2655132de377224e7fa7d0de192afa9c76519cfbed570,user
viewer,k6_ws_3217,pts_9971cb4a8132626a4a31635a84438b5507426aa2e59aea44720597eea30ba720,user
viewer,k6_ws_3218,pts_3737bc99bfeca8bb9971f53432802651a1a4894044b6518f42df150f254f5147,user
viewer,k6_ws_3219,pts_2dadf61b4fd55ca29385103299343ee78708b2004c1a2b86457a52aa9afeec18,user
viewer,k6_ws_322,pts_75dfa24f0b4826fbf87df72fd34e3df5cbd52b47f91726b7fde367122e100bce,user
viewer,k6_ws_3220,pts_efead5b78efc13a3d778ca015de921380928d0aa184a48ae6854a0dd61e4e731,user
viewer,k6_ws_3221,pts_cc09dd8ee0376cef8d33d6bb6f7cacfd546124df94a9f133e99e9a45717ef32c,user
viewer,k6_ws_3222,pts_07a382bfcde198f23ee55c231e01595875e4a9fa646f8136e81f82120b0b25d0,user
viewer,k6_ws_3223,pts_4a1b659cda4827a86c049bb239b6dfb1629e5a8a577abf906127dda1d121cb00,user
viewer,k6_ws_3224,pts_2dd04d2a3d3404ed1d815fd102411fec90c6a559f48ffca0a245dbfa6d253711,user
viewer,k6_ws_3225,pts_d4815d14144e8696fd0710df81ffe452da1689c11827916149b8ffc28176285b,user
viewer,k6_ws_3226,pts_3154b67371e270b569d2afef2ad694a3efb4c6018bf186f4b7392eaec7117971,user
viewer,k6_ws_3227,pts_f3a96f8c3db9e47309a5a33326ba22cba3f742cb793f298edc0fc6f8f5d92405,user
viewer,k6_ws_3228,pts_cf39e442ba3d03b1914e8f7deba914bc61bc2c1f8e9f6cbd17425f75b18a871b,user
viewer,k6_ws_3229,pts_f21bb6f59bc60cf02717e8734cacadb2b61ea3177e247ae222512dc14494ac6a,user
viewer,k6_ws_323,pts_ef60bdc1888b671bb5030f11be5e7b0a4dfdfa5e63369ccb07abf5653cd3eab0,user
viewer,k6_ws_3230,pts_8d3b645e7d92798ed5f4176c7e94bf8cda189d58d39b1a44b9c62dc07717ba69,user
viewer,k6_ws_3231,pts_584cba7f4e8bcd3200fb73620c842b8329065c421f30abc41c5acac88ebfc63c,user
viewer,k6_ws_3232,pts_6cba0100406982d75c6e059f67776172de9d8cb999866df8d34e4774c9038792,user
viewer,k6_ws_3233,pts_eeb2b2aa339f6b77c96f30384132973f45fa7f97d88c3dcf8781cb4444498e54,user
viewer,k6_ws_3234,pts_34eecbf0d1030b82ddd639647ba2cd1c256fdbe4c59f3611a0bcc6588b9f1b0e,user
viewer,k6_ws_3235,pts_240c744d02bda88c6df68ece56247e92d35d098a26e3262caae349f4b5b43cb9,user
viewer,k6_ws_3236,pts_94b4ece06f04a84fe12e2f1bfd4558fa035168d6e49494e0943b6749cd77c91f,user
viewer,k6_ws_3237,pts_6677ebbd7af17711896be5d3fa6ab0cff577e0f65d0c055df78bf560a0872c9a,user
viewer,k6_ws_3238,pts_3fdbbc9ded47eb1a39dbaad814f2b19607a2f0b070bad242ac1cf8b39f8276ca,user
viewer,k6_ws_3239,pts_0d0329cc0a5f95b5d55fad2a801648f5b6de66c10e0d90bb4a25d594cbb90471,user
viewer,k6_ws_324,pts_0dcd0bb3da68c238baab559371bf4098aa8a7a877c99977ac97d89afbfe398b0,user
viewer,k6_ws_3240,pts_ffd5c72f63042088058dc11a990f2467d5ed915863cc64b3a0637032ca5513be,user
viewer,k6_ws_3241,pts_cccf27153a52a5d8a66a878052d30904d6034f5d439e6322310290410b60d28b,user
viewer,k6_ws_3242,pts_43a8a1ab9f03a9fb7b8f3fb72bfb39908c7d047310595cec375235939f6e49ca,user
viewer,k6_ws_3243,pts_d5d8a983413be9e48b0965ae18744764e4c2ed6cf2bac8593354039e52439546,user
viewer,k6_ws_3244,pts_cbb704af05f4368d68de1d41e0fed0e6381520719d686574f2baed22553767f0,user
viewer,k6_ws_3245,pts_3394859f48b06d38e08df291b9dc012fef79862e284517f71b3326f5980f3886,user
viewer,k6_ws_3246,pts_dde14e00ab9f038b1d12d06e7d9bac0d24cc6a60ce71f0126fce2b90d4991555,user
viewer,k6_ws_3247,pts_832f68cad5ea97e93d80466783f9d67a1e39ad7c216e3a5fa27582131fe1a39b,user
viewer,k6_ws_3248,pts_afdf9cca334fbff33d5f0974a6f94b76cb8e58d7471621a501ec9e2d66c65b41,user
viewer,k6_ws_3249,pts_b531eab782b72598b52760be42ad6e345abe82d892d4e2aa3d06748dbff462ea,user
viewer,k6_ws_325,pts_b1f4694958f70bb0f19557fb4794819dde9bc066c6e45c96df3dc6195617e8d5,user
viewer,k6_ws_3250,pts_1ed3c000ca8d2562e5a721d206c60b5716a349d079f842fd079d6c77f5896992,user
viewer,k6_ws_3251,pts_67bcf2c12678dafb1e763c08ce548a5fbb6b367b816440bd249839252eee95b1,user
viewer,k6_ws_3252,pts_2342a7b95283f51c0ffe21798243abf4019ad54b4cba7c35598260f75cd56618,user
viewer,k6_ws_3253,pts_b0748d462caafa47be47b0bf5db3a056f10595807aba40a121979a72320dfbef,user
viewer,k6_ws_3254,pts_150b68644bd90d6961f9961a61be0dc7209e64a28a82a8e4f75aa6340128530d,user
viewer,k6_ws_3255,pts_5800794d06a29e7a808fb0daa75e7313cc2b57d3c8734df165b7a9f9a318b522,user
viewer,k6_ws_3256,pts_2f2c9cd2e48a7f725f6b4334c119d9eecb79bea1ed795a88e824d8012e298fbd,user
viewer,k6_ws_3257,pts_9daea96fbcb88d7d2e5073e2e9ceb4219fc068cf16c208a65c675a029e86a5c2,user
viewer,k6_ws_3258,pts_d3d5b87e65b393e429b20a6e761ce40fe1841c679534a9d5bc6168a7a699ec8a,user
viewer,k6_ws_3259,pts_87677148ad76ce81a5ca68915d48c845981f7628cf2f22518698e2169faddd57,user
viewer,k6_ws_326,pts_4ae896bc7da57a4b4b96972a43a5dbf1069cb5b9193f76951fe39d7c454a2f43,user
viewer,k6_ws_3260,pts_e991cb7b253b25d96fb60716f364ab7402efedee784a902685cbdc43bae2492d,user
viewer,k6_ws_3261,pts_c57438deb4ab43d5d98668202b2698fee35877a1ab6811a16297f7c6f7cb7bee,user
viewer,k6_ws_3262,pts_ffa0fe51118de70e87fe2b2c4234f4f7cb95c97784db9edd9f438a92ae1feee3,user
viewer,k6_ws_3263,pts_07b02c220ab04f917e548815ba3b56b64a6b92c4cbae1170ed8f9603a99e2ad7,user
viewer,k6_ws_3264,pts_71e64bab45c830dfec16fa3c71a8ea87417f9c9f13294279e45db8cd049ec404,user
viewer,k6_ws_3265,pts_c151c195f079eb89a6684120d18610e3c7f2135baa3d79d8ff1692c8f9fc304f,user
viewer,k6_ws_3266,pts_1dfad5ceda43c73e84c8a3acf8dd629c744930789b4f7d53d85c406b920e5813,user
viewer,k6_ws_3267,pts_501af32cab883f38b4f1d4cb822c75328debaa555c37f975122fbb7a577f4653,user
viewer,k6_ws_3268,pts_02d2ab5aa5402f30bff1687102e411b139da3de8982e0767a8682aa3980f0762,user
viewer,k6_ws_3269,pts_ded5978eb1e901997f43027f8f192922d8bf1893be576051943fa48e913a52d9,user
viewer,k6_ws_327,pts_9a55fedbea8d38d3e797e54f98288566582fae4ac1240d763f1a7437ceb41f00,user
viewer,k6_ws_3270,pts_4d70508eb204779e5fd3aa348fbfa9bd4e6ab7a3f5b238f91bc785eaac8a7a6a,user
viewer,k6_ws_3271,pts_fa304c013a7e8e78fb7c2dc21cd3cdcd05424af63dec4ed6a35911731cd52276,user
viewer,k6_ws_3272,pts_6694b39c147efd4ef9fc6a1584d6dbe0fa5a9643de1d0381a000c9f08b665334,user
viewer,k6_ws_3273,pts_7cbee61c0c92ca15a622ff67a2df81289a7affe74fee7ba388c5ec0840758f9a,user
viewer,k6_ws_3274,pts_f54cba0e156b814dda05e005774e624d938d753a68a767463f18fb07c4db5f2b,user
viewer,k6_ws_3275,pts_21b9dd2d9e08c32e51ca1a291b4776e55fa876a82516ed84e76924cb9f7fe34f,user
viewer,k6_ws_3276,pts_583897522f8aa5cca85d9018a840b2bee82d3a5519e8f342932b31bc4256c8a5,user
viewer,k6_ws_3277,pts_434297c3d3ffffac1acb23d88a28065c6d1802aee5ca61bac8bafbd169859145,user
viewer,k6_ws_3278,pts_53dd3f289627e1b15e67c6637a1a7904ae5269ef7ff5334fabe22b8fde643421,user
viewer,k6_ws_3279,pts_d7828240c7a4e3baf44792ef24291f7ff00185f34da4028c2f8bd9c38bf8e3d0,user
viewer,k6_ws_328,pts_911414878fc6b0f72917a75cb5a6ed53a5a56f4353c55b0ec76ee4b2160cabde,user
viewer,k6_ws_3280,pts_2223f33bd8ac125a53e8ea51aecb753f584874ca0bd96d0f72dd355e1d39d64c,user
viewer,k6_ws_3281,pts_d17f2f0b8c18fc187ab74f97540d0471585a490d0acf9191446bb1ebb2218f1c,user
viewer,k6_ws_3282,pts_40d9c7637830193031ff5999f3f4a11002635f086a51511c0834eb520e6b6047,user
viewer,k6_ws_3283,pts_20647a599b7ee01617bcbc027d2e23a65232c30626c89b7ab382051c31f09d6f,user
viewer,k6_ws_3284,pts_d92c0c10611c8fa85fb2ab4b17dc70cddaddd93c32215dcb5505e438f7778908,user
viewer,k6_ws_3285,pts_c0f6984cbc2604cbccd8a74dfb7c85847a4dcdbc1df42a8a6842c22e2620ad1c,user
viewer,k6_ws_3286,pts_dfb290ededf552ee612660ed7287d78456bfa2723f7b1219084244209f4aef78,user
viewer,k6_ws_3287,pts_8845441342d7e5c08bc925fd84d1d48cd43e5d3a7406f49201e95515c452e77f,user
viewer,k6_ws_3288,pts_ff7ee1729d571384f7c02ac7a91ff36ef5fa37795bffa5ed4942ba680e355fb6,user
viewer,k6_ws_3289,pts_43e57e7c0127059ea208496e564a5f183d3fbad014646b047998581108e9b2cf,user
viewer,k6_ws_329,pts_07e76cf3bfa272f55d8170d5a33566a702f70e1f448a91a7c2cf122dfeef81d0,user
viewer,k6_ws_3290,pts_c4a7636315d2b3471f8ab4390137e2d21e8920298a597d1a44265980f81c0f6d,user
viewer,k6_ws_3291,pts_ba99066b9b36229c811d14fffd9363145f21f979862d65448e648d92bae4980b,user
viewer,k6_ws_3292,pts_d795751d1e581e382f8f68b8459ca4a46235f05ee862e8c1caa6e1af61ea8113,user
viewer,k6_ws_3293,pts_432eb77afb05481995d389716132910937d96260dbba9a084958c7c2ec558701,user
viewer,k6_ws_3294,pts_c2e2798b35d974132a424e4ee6952da84558af8199b440b8efe1738a32a9f6a5,user
viewer,k6_ws_3295,pts_4565bef1f442df79468fb58cb74521eccdf99e1d51cb3a9b32a7906cd8550be5,user
viewer,k6_ws_3296,pts_8e6fcacbfd76246081a4a45a30eaf75ac452f9b5e0fc3b2719b60469b5b3728b,user
viewer,k6_ws_3297,pts_b1f03b354a0806cdd3e1bd6c2c643643efbbc2629db2ba4c9dd5ac379a28dba4,user
viewer,k6_ws_3298,pts_ebb7ae2a75b9952e7ecf1680932e7ec5f71de8422298d98c7a92199d9087ef2f,user
viewer,k6_ws_3299,pts_6a1aea200de81b3142365f81109f21682101e57a265e0e22ab68aafab5fe1574,user
viewer,k6_ws_33,pts_2cce83303e6badc864a494bcd04712031907e74793f5364033aa3f9c25b46e6a,user
viewer,k6_ws_330,pts_1e011b3f16692b0f671d7a92332b53248ec40d3a45331dec386db6a527f98094,user
viewer,k6_ws_3300,pts_028e0c691bbd17a3077e7b180f347926d6be08e377265be8e4626d81f961decd,user
viewer,k6_ws_3301,pts_78e9703eca5b44c8d34a02a24ee8c7b84a9b7b011191937613f03ce7a907d364,user
viewer,k6_ws_3302,pts_c4b2f5aca0361154a9616a184fb4df2a59e932d45da9c5dd71050f78fda74ab3,user
viewer,k6_ws_3303,pts_399789c3b2c26d1c751eb758bff72218110fada8ded9a9a555a01e4daa104300,user
viewer,k6_ws_3304,pts_16c83edcaee4a03db2b024491b57ce98b2baec9f8efcc0e40a65edb85d6e8765,user
viewer,k6_ws_3305,pts_58bb1d028ee9e8adfca9aa79aee18c02f39294df8057d9bc7c2f66a3f73f3de9,user
viewer,k6_ws_3306,pts_a249ece89b7f425531faeb5c7170d509982870157286c9d65882f4c09b9a7988,user
viewer,k6_ws_3307,pts_ebd417b2215809433bf8f3b316a2d87d5993326cec9d20d271651ed02513e7f5,user
viewer,k6_ws_3308,pts_a518ce04c39d5207f588bd882c3451f019b1851da163432219d79abf3ba794ab,user
viewer,k6_ws_3309,pts_ed1f8f35dbf5215fceadd00ad27f5f272c860eee6d28cc7f13780badcea2f45e,user
viewer,k6_ws_331,pts_7f81544ba046eddc9f77a68d72cba0c97094111e7b43ffcf75a3a4b83b8b89d3,user
viewer,k6_ws_3310,pts_ff61716ebafb9b03cf325ded96c07763621403202d8f94bc1dfb7ce43d42c2e2,user
viewer,k6_ws_3311,pts_2dbb80de90c43749ea08088b42c25f2f9ddd9458e151f699d197627b49d6b170,user
viewer,k6_ws_3312,pts_50c6180ac723778732e84306c67ccaa9ac47d0f060de5edfa028b22a73b6eb24,user
viewer,k6_ws_3313,pts_9d3742591891d623f921fde39ebff6e71f0e967122d006b2284ff89f61011bda,user
viewer,k6_ws_3314,pts_dd8ac7904d2213943e5c5cbcecf560d7842b9467f8d6e4eac9cd7160157be84d,user
viewer,k6_ws_3315,pts_3390c441c66c47343ff0f6413fd9120fdad6f82df9daaf1d375fb7133c041377,user
viewer,k6_ws_3316,pts_73b1c7f3125a141db5476cf893f4e609169225efa63b3fde16d70182e087438e,user
viewer,k6_ws_3317,pts_4f0b6008b92911b52745025c86fe6c7398547330514986e454391e79cf6e35ff,user
viewer,k6_ws_3318,pts_cbac33c9653a5720161e1d665a1c75bb2828ada9dc295336cd9d14c78382c842,user
viewer,k6_ws_3319,pts_0eb3b84e4cca811f55c9220b5ae0e168091e6165ae99b5aada51d966fff11889,user
viewer,k6_ws_332,pts_1494c12d9bab23e9e05f67722f6f791901ebd0a07d22e418d7ece67ef81b327e,user
viewer,k6_ws_3320,pts_0c67096f0de6057f207f4f6e6eab86e9ecf48471dd1ddabc90ade75b44689eb2,user
viewer,k6_ws_3321,pts_fa7eaa22161dba93771abe6c9edc8fb3f3361246d80ec5e01f6ced7b30648ae6,user
viewer,k6_ws_3322,pts_d1d9a637c28421f4267d8c1e5ac755aff47bffb41ce759c5270e0ca0ce4f1ad6,user
viewer,k6_ws_3323,pts_50442c835c613b57cf6e5d64791864b742d15f74a3824ea3bbbe3ee98fb07782,user
viewer,k6_ws_3324,pts_63ee4984363d495b35b2ab4cda1a5c35fcec02ddb7ccbf168ca93ea84b9b3288,user
viewer,k6_ws_3325,pts_c66affa7d423fef6b1c4fa07813424bf06cc15346ea82c59fafc0655e43beec8,user
viewer,k6_ws_3326,pts_82d694596f150931d22ac2138c32295d3d215d8b4c3d3531229cefc63480c83a,user
viewer,k6_ws_3327,pts_c88590e3684273752249dc73103437f1185812443c450198ea0ffdada4609af3,user
viewer,k6_ws_3328,pts_b9e8aa2f69f7e4d4dd38898e40b96be431b637fa1cd427d23cd8ccb0c296b19f,user
viewer,k6_ws_3329,pts_338b47572abda98e2da353133ad855b9616797fdb361648ed3942cd0b20211a0,user
viewer,k6_ws_333,pts_6684839d8410356dc3672f3869b35b749bd59ef10479d31b23dac957435bc2b3,user
viewer,k6_ws_3330,pts_13603e4cce4b2169cb2cddb65f3aabbb09765bd35d282047ab9fc5bf5f55b05a,user
viewer,k6_ws_3331,pts_fc9aae0a3e8e1e7c4ab6e9a20a079f5097d9a894438f92de841a31861a369439,user
viewer,k6_ws_3332,pts_ef4fad0c7822ef70858ac498204b67f9d5cc759027615a9093e6a9ebce7e2d8d,user
viewer,k6_ws_3333,pts_1416767754893151d25cac1e1ad15ec9ef24f98935112290d9b94f5422f8bf8b,user
viewer,k6_ws_3334,pts_cc994364ebbe60f30dc9e8192da191cea75f32b1c519b6ac75562ac05272e7c9,user
viewer,k6_ws_3335,pts_8cadb15cefcf9c6dfe5bc2f0676243c5133ff5a8f56b9e2517ec2d12f4260488,user
viewer,k6_ws_3336,pts_d4216ca86525ed2372c3497f2a4f4d94a67b2f359b25a6603bdf9e1ee84f4a24,user
viewer,k6_ws_3337,pts_5417768f8415ef17425859a1a1dab5ebfc28d7746fe527eb1a170d58919070d8,user
viewer,k6_ws_3338,pts_0e684dcfb68c8130de65141b2905398ad54ac7151d6c45540dbf3e11204192f9,user
viewer,k6_ws_3339,pts_3b4ba1bdf343c5d05cfcf02d56c9612a45bdc6a710bd26499782e31d9d178294,user
viewer,k6_ws_334,pts_b6c13ebadd4816365e9e366752c0afb482b8f1f3838f1b2a7247e4700aa61e03,user
viewer,k6_ws_3340,pts_86f8fb265442d00c3d4fbe1ea995ea59375e544a11be362f4d10c463d8f2f92d,user
viewer,k6_ws_3341,pts_79c9eb951890c2cb8f2b4d26a148cbda7043e7a194f4be9f5b0d0723855d830a,user
viewer,k6_ws_3342,pts_0e382d2748ff1cb320b974e9233c4bde9d8f03e187e2167b455629ee2e97fa29,user
viewer,k6_ws_3343,pts_d0789cbe87b552ed093059a67a569a1d2f4712fc1ca02765a33f828f47818e82,user
viewer,k6_ws_3344,pts_5022f2380ce93d0665b84a38717ade66ccc01316461f8e2532c4cba0671298d3,user
viewer,k6_ws_3345,pts_b5d5f2a43a03a7400da8601e8ad9776acf20eda797249ee36c3161b565fc4937,user
viewer,k6_ws_3346,pts_89165375cad7c5a2d0cd6f68d43dbce2814e7afecd12e823e3131a7bae810a50,user
viewer,k6_ws_3347,pts_7b0bfc02dfdc213259da7820a121872cee7057c6eb10cabf37927c91149a13aa,user
viewer,k6_ws_3348,pts_5c5ed317f5bd168c236b41c5c893a08e7e85369bb9d932df9ee353cbbf496787,user
viewer,k6_ws_3349,pts_2e3a697152015c05575dfe6ded81d62293070a19f411278ff2ca2cf331f79d2c,user
viewer,k6_ws_335,pts_e3dcf1b78d0fd41e85d6866220bb2a52643b9a49753e20a56388d00336be9eed,user
viewer,k6_ws_3350,pts_7c2ca95f426ab4b8329a23a6687d410b48a92ee5e1d8fbefaf5056977a627264,user
viewer,k6_ws_3351,pts_9b3e32ed0bcf12b1451926ad93d5ce95c15e5a2d72de447b3489a1515cc64129,user
viewer,k6_ws_3352,pts_e007ca09c89fa023b250cf732815556c7bbfed175cea2bb9ef1105f39059ab88,user
viewer,k6_ws_3353,pts_9d4e4bbf8a3b566ab441761f4fefe239e5d5a3037a113925eb512840b4a2f67f,user
viewer,k6_ws_3354,pts_f962321902898683866d93f910448267301c33a7ece77eb8cf77f1a0264fa7d4,user
viewer,k6_ws_3355,pts_fcb9da0a7cc2a69105c58a41b777430c56fb15fb0372c12c3fe9547665fe18ad,user
viewer,k6_ws_3356,pts_39576424cacce03fb5375ba16e3cd52f553b324e39b7bfcb3d5ecb4e15890b74,user
viewer,k6_ws_3357,pts_c50ecd127675d24a2224672b515bcf95c98ce0519c3e9b8e2e7d5304a22b5b65,user
viewer,k6_ws_3358,pts_506272f86212474f83d56e4e80401c8d370f0b1d0d2efcb9e807c2cfb31e9aa8,user
viewer,k6_ws_3359,pts_82a8ee7941622470c6ec059cc7de08462e941ad6439393871df5a59227df3864,user
viewer,k6_ws_336,pts_3be1b8db22a9736c45f6fba927df1589da53406073c8af889344800d1973e19b,user
viewer,k6_ws_3360,pts_ea4e3ce2e0fc19f7c2dbc231ae6e2a87181dd3988a7023c143a4dbc1b31e5308,user
viewer,k6_ws_3361,pts_3e312b3feb031df4679272fa0cf9ff8e00b3063262bd0023600eb3696f54149d,user
viewer,k6_ws_3362,pts_1e7230351432eb112874dfe2780ed4f600360300cf8e53d52f55ae9f59d33ba7,user
viewer,k6_ws_3363,pts_f6757ecb535c17c9b20b7956ab45816e19dfe4207cca96de2c0500e2248b6482,user
viewer,k6_ws_3364,pts_55769c79ed07454f7d04910cd81cfc954aa38d72d25d0f180204218ae0159fe8,user
viewer,k6_ws_3365,pts_e1230274ddd2fe7fcf076ffbb4faf009bbb41727c81d24d70d9049fed711aca9,user
viewer,k6_ws_3366,pts_ec556c45ee7dc09b9287456b9bec14f6d2b9fc8ac4888973d668602c10df9ca4,user
viewer,k6_ws_3367,pts_d199c341eec889a6511f81a18682f75fe7bc669c10db7df6cddcc49ee28d3824,user
viewer,k6_ws_3368,pts_8ded80bb597e7ce066cd016ccd1f3ebfde05f6f30c93d032d3997635d6a74f5d,user
viewer,k6_ws_3369,pts_05a11a825ac92cb75d560b777ee2fb06ecaa9b38219c9c4b5667690072dd9495,user
viewer,k6_ws_337,pts_8cb0139c6d0b02a01d6d48b8e5bbd9f174a9ef03fd9cfe4e4fd77d35d0d7ce49,user
viewer,k6_ws_3370,pts_f5c302a381554988682e9620baa5458e6928b80a6cbcaad659ce28a461e20ea0,user
viewer,k6_ws_3371,pts_dba917202235fcd19a45541afb573f143660510d7d65a058aa58adf955b11f86,user
viewer,k6_ws_3372,pts_e692c97454e383d48fc780cf321355adaf47ab527cbc7ee68d67836fa47b5072,user
viewer,k6_ws_3373,pts_93b50899c103ea05b726f4ccb58824f26276c85c51fdef5b4b4ac62980fc6696,user
viewer,k6_ws_3374,pts_65fd591b6783668ee75f65c2bb6a6d2120abc15073c82c26c13f9e1fd5574531,user
viewer,k6_ws_3375,pts_28ad160ffd4fca3d4a66b22223b1ce5a2908b7a677a9f53f86723e823c274207,user
viewer,k6_ws_3376,pts_b1f12c06f48b303188eec681e7adc1f78dbaeff90e48aa073bfbae9d815f65ef,user
viewer,k6_ws_3377,pts_0c384e72afc0d58937f4532e9fba1339aaf37e15ff12f47de3bcc10ae1e078df,user
viewer,k6_ws_3378,pts_bc3ca255c7ee1e56de87ee594870c64f0b54e3892e9b61246c77571112889087,user
viewer,k6_ws_3379,pts_bdd8b9d8d19cf19f9d3e3b7b416c396f6977dc55bc716d6587e03768b2739e61,user
viewer,k6_ws_338,pts_43c2ab54541644dfa1893b922d62def1f484ca1563b9bf42a80fc565b97e0694,user
viewer,k6_ws_3380,pts_7a3a1b1fdccbc21dc8aabe62bf54ed2f159b8ae7b3dbc2f9a8f24b66fe9c5508,user
viewer,k6_ws_3381,pts_38b8c57d1fff9d9862b4c984e47e0825dcdc737058a13893b8ac92160f6ed132,user
viewer,k6_ws_3382,pts_6d9e29a035808fabd48e77a05cee9bdbb5712e0e4bdce58fdff53ed831d7b14f,user
viewer,k6_ws_3383,pts_499c56e5ee05de2dd55b2c9d6c211295840c78feeb1a07e59afe5dbc8896582a,user
viewer,k6_ws_3384,pts_816749962317dbb5e04f310a094e7a6bb342018290415d3a852e6720666c8b09,user
viewer,k6_ws_3385,pts_7a5ad418e2495fb80fcd61fabda43d393b37268d33045088a74c50adbc915e32,user
viewer,k6_ws_3386,pts_4b4caca931dc28303e1f438d3c49398a7ca0f058e876e1cad6f5c461bdf604c7,user
viewer,k6_ws_3387,pts_b8259b3fe923c686d55dd6b272ff616ca4b4721c66f8b4277329a602c618a7f1,user
viewer,k6_ws_3388,pts_ef757a079fe51e0e830dc6c6126a3992c337ff8342afd64cb43861a57539762d,user
viewer,k6_ws_3389,pts_979976bbe50a7bb344565ae8f0f739ca6983555f886973b58ce3d3db8ac641f7,user
viewer,k6_ws_339,pts_a9b9a740605ddef69ef432aae95826061c14bac417873b072ddf39cf59065e45,user
viewer,k6_ws_3390,pts_08fd9800232a5788adc64d9857309e732341428395346d89de16aa9d9d4983e3,user
viewer,k6_ws_3391,pts_82be628ca191b1d0be51075e8fc49a857cc468b21517f295352841d965d25ecb,user
viewer,k6_ws_3392,pts_08a8e2e7156bf416a91dcf037d43109ddc5dc395aa66df4526c52333b4d5e579,user
viewer,k6_ws_3393,pts_96cb1f8170b2e0a2daf6139756275e04a1fe627a0ce58fba7981ddbe50735911,user
viewer,k6_ws_3394,pts_cae10a613b5a7f75edb81bbb97b18283385653365c1db3a85d52e32deac6c4cb,user
viewer,k6_ws_3395,pts_890fd44a64ba1c8017591fcab82a58f5b04f3952cf975ae49a3d46f3c8a4aea8,user
viewer,k6_ws_3396,pts_284a899472b863ee49e6c48f93abb5363b1378778103518e5b97ff18c301f5d9,user
viewer,k6_ws_3397,pts_a958be5c3dac653be81ae4922cb0f3deb8387b755e431f7dc0b608886c13ca60,user
viewer,k6_ws_3398,pts_97abff290aaf90245b385b57bf08b4d57ba0f42898aabbbf2dc1179c11f32844,user
viewer,k6_ws_3399,pts_3ba92c6f4187f417bb476e5bff77bddb86f8788b58246ab4a956dc16484c1c3e,user
viewer,k6_ws_34,pts_2acb169bf7f62f79f751a60895b469d7c7da450b4e8ff36ace38e01c71b39742,user
viewer,k6_ws_340,pts_2b195c10ca867975406df9726a9eafdc7164f3624def397bc320c201533f4898,user
viewer,k6_ws_3400,pts_12bbe973eb7d274aa1303cf4a47786de65bc9af8460d41e54d764e61bebffca1,user
viewer,k6_ws_3401,pts_1bf94016b67b6de62cdcdafcc076d7c3b72785ae4cbe9d604fe0a9b7030a700b,user
viewer,k6_ws_3402,pts_82eaa1262d1321fbfa8a8b16860bb9927e8ff534b413484b34d7caaa795b82e1,user
viewer,k6_ws_3403,pts_e197ca84595a25f18c34420272addeba61eb648298ab31556a42308c2fc9f8c5,user
viewer,k6_ws_3404,pts_d672e11cec0e5c5354a6379aeac7269ef1d2265d9a8af3e5d8de426dea73630e,user
viewer,k6_ws_3405,pts_d5cfa561b376f688888f63b351a690320d1a8bc7562f97754b011df070b198d6,user
viewer,k6_ws_3406,pts_a22f060a947f5b084acb40abf082c55c4cb5ac8d36da023e80e4e26a471e91e6,user
viewer,k6_ws_3407,pts_a93a1529c0c4691115279c68c8996b0e0e249c1e21d1b2393bd66ef4f5d923f1,user
viewer,k6_ws_3408,pts_fddfd5c0b4505d42eaa9b2bbb5cbb156db46472991780327ffa4a645235507ea,user
viewer,k6_ws_3409,pts_5e99ed4283a2cff571c20e65577631f4eed591855e9d82b066f312151c0b332f,user
viewer,k6_ws_341,pts_da51c76fc01d51f1e126a1122a0bb8a0fe248e5940273b3e5c578f97f5be002f,user
viewer,k6_ws_3410,pts_5624581fef18e228e15147b70cc19e6b138ba6a9eff98fa4dc2aecb3051b9b1c,user
viewer,k6_ws_3411,pts_3f0ede2bc158dfa986274d9a9ffe2d0f3b389aeb149f2ee9a87274080db44c65,user
viewer,k6_ws_3412,pts_06cf24d803bd087744ba4035b9791a2ebf394121e86352bca1d49a0eff6c3b1b,user
viewer,k6_ws_3413,pts_5eecf0493e6955f4152636f444e8c2ed043ef32d2b8dc0e5d45929978d7223f4,user
viewer,k6_ws_3414,pts_5e8f39b16d068382cb516ef2177ef718350c515ece31569e3a1ba93cabf62f9a,user
viewer,k6_ws_3415,pts_10636e92c7c117c3f6670675edc87820e32376a2d1e9b52681a63daa4309d99d,user
viewer,k6_ws_3416,pts_975e19317607c6fc1633270d8f089baf23f3e65ae5aac2edd66aa8712a8f56b2,user
viewer,k6_ws_3417,pts_b63f8fe1661b5731ea16f2feb5580f99a6280a147b1daa79379917ef01c3d8f0,user
viewer,k6_ws_3418,pts_fedf9c2bd36fe5a9cd34ba833c1f78889c6ac128d01231d88d0be72318c5b37e,user
viewer,k6_ws_3419,pts_58469eba4326784b7ff3098d149f17b6574359c1ea790155d2a6ba9d891a7eb5,user
viewer,k6_ws_342,pts_cc81a5ef808683829a6462fd5fd916947c163008f23395a56d72bb8c6fd1a8eb,user
viewer,k6_ws_3420,pts_27a428275e2c2ccc2eb958a7b63d0a3a5f68476a85c1f7ec4b669bc806ba1f8b,user
viewer,k6_ws_3421,pts_6a9a3a66ff430909abbc0e85b7782512aca752bf5b159f5351a9a8c68a1ec2a2,user
viewer,k6_ws_3422,pts_b2b6cc71a69920406634df7a6977054f7482a401c11e13a9185a7a05c64bf0ba,user
viewer,k6_ws_3423,pts_bd5bb05610590e3ce3356c379b068b12d536a19d3f2963c638d7b071519e5806,user
viewer,k6_ws_3424,pts_a528224cd4833ee6e729731ca00cb38e5bdc4ee4f2939185f8744dfdf9d66efd,user
viewer,k6_ws_3425,pts_8c2f9bb5ffcbbaf1af3bf8f8f3773fec12b2ff5d343c406b9613a1279f127997,user
viewer,k6_ws_3426,pts_4faf8906e3d92929755a3ade970f0540972257cbfa14d63224f2cb74af614da4,user
viewer,k6_ws_3427,pts_710eed87ac0f3303a93c9c5cb4e52fe5128a2ffabb6f37ad8d60869d3c61ad9d,user
viewer,k6_ws_3428,pts_8b4b878951d79ed589c1392d025810a25d0f893918d1f54de2c7e8764ea7737b,user
viewer,k6_ws_3429,pts_c7a0c950dd482ccadd881bae530f32f53efad291f3733d3d85aafdd4a92c0898,user
viewer,k6_ws_343,pts_bdde01d437fbd4cf321d02f7c44aaac19ed27d7cefb4a46541d63ca2e39eec75,user
viewer,k6_ws_3430,pts_a2d9ff9f54927eb2ca00b87578139d111d1890a308b5a91f0932273ff32c4179,user
viewer,k6_ws_3431,pts_43ee588bd3c136bfd692cea2219c620d67b272d8bf40f6e7cbcd480967331d2b,user
viewer,k6_ws_3432,pts_2f53b32834812a2abce1a6bba088a56dc15b32b66b04a91a64fce739d75f0e94,user
viewer,k6_ws_3433,pts_8a1d70e1375236ee043b8f72212cd6c50d18a2e1801bf88c02d63fa27d194648,user
viewer,k6_ws_3434,pts_6e719cd923879ffa6c60f6afdfdaffbfa6a1d4d6d377d2d5fdb835c7c350f1cd,user
viewer,k6_ws_3435,pts_56c098bfc3c1bec3e35d3801f58070200980097ba43f40f04c4f063b9daa525c,user
viewer,k6_ws_3436,pts_178bd20e42fa832fb948b5bd6d02424c2f51bc5f8db3a2d6d287cea0dae5a273,user
viewer,k6_ws_3437,pts_bc5c54502d698491c90235f32577989e3def205043a8f5b0a9d5917daadfdeed,user
viewer,k6_ws_3438,pts_be2e2f3859bed4b3414c9d88b4702430aa3f9c012edbde4aa2e6aac4128f10ff,user
viewer,k6_ws_3439,pts_b272981282a8e017a0ce7987f667547f27fba27fee07616a86eb1bb13d5d64ca,user
viewer,k6_ws_344,pts_b62802ed9c5867540deef295655bc1ada2b8367666528fdb9640d00c42e6e342,user
viewer,k6_ws_3440,pts_f9b5498165fe84963072ffc8e737a3faaf18ea26acda49f69b9d4349e5e08234,user
viewer,k6_ws_3441,pts_b1b8b494dd6b07e626153c0c1d44f1cc00d865d2e8c71f85a96481092029ccbb,user
viewer,k6_ws_3442,pts_ec35db9f6da40f542b23248e9e8cc6116af177586935796611634c7f96165465,user
viewer,k6_ws_3443,pts_2870ee6988f9841830d9e47ea639f248fdb09312bcd18492b3f0c11d3951d673,user
viewer,k6_ws_3444,pts_858215d392db47f3cd4689f69ae578eccde3039bf4276d517e71e09205439e15,user
viewer,k6_ws_3445,pts_f4bbf9a876738bb318524bd321cdde4e935fce9ea12bafee9a8690f551e8068c,user
viewer,k6_ws_3446,pts_cb7c7ee05e7980b6eeba998538cdcdd92785490fc303750d77f688431eacebc3,user
viewer,k6_ws_3447,pts_601c5b6956c6ae4db59376e7007a3e67f790ca720f3750eaafdb59575a8f4153,user
viewer,k6_ws_3448,pts_52495226c3c92cb91f4e945ba5dfc346cc6b35f5ff10e14354020f161363743e,user
viewer,k6_ws_3449,pts_3c34bdabe7d79d2a23b556b76d7f87d0d5dd6720f44bd6e9b2fe3ef3e6bccba2,user
viewer,k6_ws_345,pts_5285804fea293b0acaa7d7f27764370696a94d10e660e1f523221122faffb206,user
viewer,k6_ws_3450,pts_47be57f4195302b9f7d847bd2a267ca8781b1553a580c2f33e328d6912abeb6b,user
viewer,k6_ws_3451,pts_dfde11c7a481e60897421f051137af6ef661115876d42ec566f134dc60a6b830,user
viewer,k6_ws_3452,pts_fb4a13cf6976677d2ee6c42882cfec4d1b4313290f4472e153c35ec99978c1b7,user
viewer,k6_ws_3453,pts_75750798edd02a870ca5d0c4b7e83316b56d462d9b894006ca7e5072f3c39d60,user
viewer,k6_ws_3454,pts_c3f6451e07934e177b8026911ce5eab2d53591db09182f81e13264f83e25d00c,user
viewer,k6_ws_3455,pts_199b60c0a2de7b169193046501e94bd7e1662f440b34efb27a31c1f36c66b890,user
viewer,k6_ws_3456,pts_c8a7c7781256cfce1e20f154ba7b34d6798d10744be32ed399caeee18ac8a4a4,user
viewer,k6_ws_3457,pts_728831f6e5c448861d5aae96da2d5f28c4307c6504261531d85b9c7bf5378be6,user
viewer,k6_ws_3458,pts_a521bdde89e86c5934efcdbda230462523a5dae6a248d7a7bad5c8ea6f3a211f,user
viewer,k6_ws_3459,pts_cc51c91b65c92d02229560d2698f437220cc7c0494eb699d8e39e1458f155005,user
viewer,k6_ws_346,pts_866d294d02ad27d40992e259203ab9ca1357cf49e27ef5cdde65b00d596d1760,user
viewer,k6_ws_3460,pts_7edd7c7c7ad495bd653ad57bba72e0e6ff4cd2cdc4e3f22931e08228727d2738,user
viewer,k6_ws_3461,pts_1ee89eeaf73bfa433d7251cae4ad361b29edd7d323e569378ef0d3fefcb12dfe,user
viewer,k6_ws_3462,pts_a8fbcb25b8a6592a70c99a096162fcaa2b9e1198f7d62b3d002cddcdfca2c40d,user
viewer,k6_ws_3463,pts_a570081ee260940c389f5d0aa542d73998cc66d262ca78035bc7ce680aba177b,user
viewer,k6_ws_3464,pts_12fb2ce9517bfcba30622305cd689b4a424baa1a8eb6884b5192551eca7f5382,user
viewer,k6_ws_3465,pts_e46f34dd37599817b17104ff80d6302e36785f620c887a218c61d300fcc6f322,user
viewer,k6_ws_3466,pts_3fde345508999fcffc92f5168767dea62cc8378cc02a70322e80979a923dd342,user
viewer,k6_ws_3467,pts_76eef3fb72670642ee85f6ebacb3b3cdc6bdb633078aed0e9070541c3bf6b098,user
viewer,k6_ws_3468,pts_ebaa87e7f0033bbeaedab1240d3aaef532c64667fa1bf8f7a9287de74fae3617,user
viewer,k6_ws_3469,pts_b1e88f9eb98879b6a3e9a499edd1b97da36a03c183abed56195eda1f5ce9e614,user
viewer,k6_ws_347,pts_31110e162ed85c60c307d55d0e10b0d3ba157e8bd08c2ca82208f1e7c0eef5d7,user
viewer,k6_ws_3470,pts_4d88f435c91ce807cb6ca7502710c86eac3da2e2cfc5d7b1644476a19cf7adc5,user
viewer,k6_ws_3471,pts_d9d987b9597745754f9bde96f70ff41366cc6516af6bfc3b95284d66bb80b455,user
viewer,k6_ws_3472,pts_899dff56f1f5c09a52436eccf4e5b47b9c03ad95d912c3e9be20ef89497660b5,user
viewer,k6_ws_3473,pts_b23358a1b20b177f9953bbb163ec4c334e5313644b9d64fd9e856c9d53779bda,user
viewer,k6_ws_3474,pts_735ce68d11154981d3436db3b5b073dc48954c024aa391901e1cdb75735a6c77,user
viewer,k6_ws_3475,pts_33818f3aa5fb8ebbaf0606b27b56475038e26adfebb3ed01defb8a8f9c212ca1,user
viewer,k6_ws_3476,pts_727b8e2af841b93e2a92ae01a38e2875f4ef09de3b8a388a8f24110d49e388dc,user
viewer,k6_ws_3477,pts_5fa1ddf8faab5b64c46758abf18dcc98e987d95ea587bd0f46d3a254ddc50f79,user
viewer,k6_ws_3478,pts_5b3848f18cfd6e8722d85ef462548d1522ad57d2f68ec3d956d40e241ed5cb61,user
viewer,k6_ws_3479,pts_dd3edab6c6f2c6f1addb3595bd4260a0e43b1f3a06e9792aad4485525b3871f5,user
viewer,k6_ws_348,pts_cb8171d73e54d0324444a5d59e0ed47227d633d8429bb074c18e2487b8f5f836,user
viewer,k6_ws_3480,pts_c568f8be9523d5420d2144b7e87c1478acefc7cc9b73a156cbc9718e6c581a80,user
viewer,k6_ws_3481,pts_48c8b2185c17983850582dd486fe3d2158d950f8bfbad09f420bb2f51ab33e2e,user
viewer,k6_ws_3482,pts_d82d43d1841338838c5bab788cb06c5716a0e80aed5d569b2e091caf42d03fdd,user
viewer,k6_ws_3483,pts_daced9b5e7c6f537a263ee35d89378fc6d83b92a45eab7fa33930d7fa0df611f,user
viewer,k6_ws_3484,pts_9ba68719645f7260b9b39b51ed4af3076b610f30260fe123b88c9a874060eeaa,user
viewer,k6_ws_3485,pts_92b5b5ae6ee985ba091f7dc26462d1b9e313994e94b69ed0afb8c128dc73e1ca,user
viewer,k6_ws_3486,pts_659d9cfc849f80458c31f8db84e150bc256fb7b11c5bd343264a1ece994a69ef,user
viewer,k6_ws_3487,pts_dd727f40640e87408673f23c6acad58a9be9135525fdb8dcf8e784f39945945f,user
viewer,k6_ws_3488,pts_6f668e67c45d0fd9ad567e0ac9b8a1dbfc66c331fbd5eaf0e8ca1ff9420370b6,user
viewer,k6_ws_3489,pts_5f6fb1b3837359373b763798aa003000de3ba635deaabd0f6805f2e344a2ef81,user
viewer,k6_ws_349,pts_128bb0b124c3ef37eec04099d762223ef1cbb6155a2f2fa3f475c697ddb2f5dc,user
viewer,k6_ws_3490,pts_89e128e4ca50ac23732bbc46e83b445b0d4fde8b7ace256fd156d36443bf1d11,user
viewer,k6_ws_3491,pts_63a857c4b1db15dedc50e1cca65e768de813dcf7433fc40a5375b2a3e77167f6,user
viewer,k6_ws_3492,pts_23d443624843816d2c4b29ce6f341468edddf1d74f783ff9f579e7ec49b4397a,user
viewer,k6_ws_3493,pts_4f4bdcb0ea02afc1cf7649a1af55137bee153386296ccb1cefc77a97464bfe4a,user
viewer,k6_ws_3494,pts_f5417e92356da6ae7571d6168b86a326fe7be5a4fc0f52533b024b95485759aa,user
viewer,k6_ws_3495,pts_6b4d7ac621db9ef375d072a08aedb0981a45ddc78aecab26f6b32e86fad57ecb,user
viewer,k6_ws_3496,pts_95805517cd8f74fb4eacaf337ec1d4dbcb96d4add5f177e2c51d47a7041a2618,user
viewer,k6_ws_3497,pts_c4bc95b97b9f9de9b2fc27b69778dfcaec18d36a6aa8b6953375374ebd9e404e,user
viewer,k6_ws_3498,pts_b555427578a5525f5247891e2b3c98010d09c54bc61ff43690b9e53fa816d4ff,user
viewer,k6_ws_3499,pts_79fc3d99b8f23adb005b3af449c455c7d020e2376e3f6e1f1433ad5ea98d0e19,user
viewer,k6_ws_35,pts_5a77f8947bb2d522dbe26bb60c3d90d80eae1aa43f9183e207657cbda1897759,user
viewer,k6_ws_350,pts_fc068b566f77976b6e4023e8bf09ff98ac5c557caad5dccc76f3fc785287086a,user
viewer,k6_ws_3500,pts_0a4500552fc99d7cadc273db96306b59baf6b9505d76cdac45ab1d175b75a879,user
viewer,k6_ws_3501,pts_bd485f5d2a09ca9115c3b2699a391c5e7b3aa7b342cc2a3a54d41359b1c8a869,user
viewer,k6_ws_3502,pts_fdb662ad4e92001afed0801f30470069084cdca03c75e83b314a6e4c775a8f76,user
viewer,k6_ws_3503,pts_68cbf88871f9354d27002b99a4ec9984ca5a22fc76183e4e23cdbe6c2a5c4d0d,user
viewer,k6_ws_3504,pts_4610e47f4a9c1403810511965ad2ffe73842b16a6b071c1533ea82a7c2332343,user
viewer,k6_ws_3505,pts_daa2fbaeaf774024e98d0a6393cbc578c6f9153f7f212168383162595efb7982,user
viewer,k6_ws_3506,pts_83fc18d98f4b56907ed0c78fc0d15f86ef431c10abdd679e01be05c29aaee399,user
viewer,k6_ws_3507,pts_4d1ffcae4cd9dcf3383e89c03ead03d0599f7c7c991bca5f1f886bc72f7b979a,user
viewer,k6_ws_3508,pts_d319441dd5ec4cd05445b0fdb739871f28a4a633f51ff9511fd10ffc0a211b83,user
viewer,k6_ws_3509,pts_71aca390fc585046993818dc0c02b3083ee41b9eafdcbe606758127923400b63,user
viewer,k6_ws_351,pts_f5c441d905b279508cbaa699f9764c6aa054d170e326ef0b8b7269858151d2f2,user
viewer,k6_ws_3510,pts_71a61a3e0172119d49a93ec78918df3361de0bbc8015b3f43223cb4d3b465e8c,user
viewer,k6_ws_3511,pts_87578895b59ff989b0dc3e5dda6ec8b4db465cf2af860095d811057c07aea7b7,user
viewer,k6_ws_3512,pts_4e4e89116b9e26507e8ea567bce9d9ee8b1c92986fe3c859e1eb98ad62755a6b,user
viewer,k6_ws_3513,pts_797252a56c6839c895ed942204ca079e0d4100ab598251f3fcc40ddce9fea3f8,user
viewer,k6_ws_3514,pts_4c4d6036a67ca9f9d112d9fedb012910aec654b4dc9dc75f4c6356a897c2351e,user
viewer,k6_ws_3515,pts_7b2a08d3a9e345e3dc8c5266d83f7ea074d94fae257573dbd45038336e34c5eb,user
viewer,k6_ws_3516,pts_05c77b30c6576737870b5b9f54ab544972bd166807016a2fcbb5e651eee1ed96,user
viewer,k6_ws_3517,pts_04d06c3f3a2e387d783458c5d00bb26c59620e839ea3e675b5a0b620e95a250f,user
viewer,k6_ws_3518,pts_01d39d1eabe76c439bbe4559a8b6005b9f01df6de4ae86174bee6b00ea45490f,user
viewer,k6_ws_3519,pts_6d71cfe604e44eb8dfcc7f2f407711b731c6b341e31334ef5b8e3120e44b1985,user
viewer,k6_ws_352,pts_789fa3b3b630fb7e7bd9bdebaf4d5248cf4e713b27650e7ca4260bce0a063627,user
viewer,k6_ws_3520,pts_343a7babf0dfb2966fa628ec5f7a2ef5f362f83fd103019d99ce551c7bd09682,user
viewer,k6_ws_3521,pts_75778f0e2a15a5cb1853d10aa476af42b473daa7fa1e4501dfb924d14f63c6ed,user
viewer,k6_ws_3522,pts_3816ac50201ae93e654b8244560a71d2a3b7d45d445ccb01a1a41bd3caa68831,user
viewer,k6_ws_3523,pts_89b6fed9f048b0746acc4b2dee7cea3f4dda4e004252eb6532072293e82e91a2,user
viewer,k6_ws_3524,pts_14fe02c4ef35e21447790fc6f6b8a2f2e273d8a850c7fdb45279e0720b750a1b,user
viewer,k6_ws_3525,pts_8c4124b7e792428cd0b38a473126e9c433e5afeef843c7a5ba3bd6e2b27f8288,user
viewer,k6_ws_3526,pts_ed39796f4ede689116ddaab1d35270f26124f78ffe6b1cfece2f295f29177061,user
viewer,k6_ws_3527,pts_b6b4e358c90bcdad6ea6b60da365674094d6255be9d74cdcbf9bc5004a727ee8,user
viewer,k6_ws_3528,pts_35c9d3b99bb0efc50b6b21e9e769f3c153531e738b2050648ede1cebabce660d,user
viewer,k6_ws_3529,pts_2a713c1fccaa2d947e6c26e0ae522710d6e985fb0fbe17e15ae7e60a9853dace,user
viewer,k6_ws_353,pts_c39eb75963477982ce304157c6af3023ad386b07f99696ff1f3f739d23f04abd,user
viewer,k6_ws_3530,pts_c8feb81aee18563b349c58d6a73f557565f3df44676a11328d2ede0d9d15ef10,user
viewer,k6_ws_3531,pts_d7c094f0e8cd1b1571677059e4553c22b4d3474775c76feed659f7965db279cb,user
viewer,k6_ws_3532,pts_823e2c3c2193555d962b5e93383a33378d4148ae6869a14c9010314a51da8eb0,user
viewer,k6_ws_3533,pts_20d45ea694c8f676c21aac8b80c77d634239710262c062b5d8c12f4d8940ff55,user
viewer,k6_ws_3534,pts_1b122d58d7ae8b124f7a00e1c40acfc879acd5ac4959ed5d181e1c90fedd365a,user
viewer,k6_ws_3535,pts_c93d4023f0c10d64b73e2c42ddbadf17825570f73f8c1d9b10296b44faafb129,user
viewer,k6_ws_3536,pts_22285dd126d3a85bfd58f31b4b171b40558549663ad0d4af38ea2cb95afc096e,user
viewer,k6_ws_3537,pts_2e29ab71dee10f07a2b33be4251d53758c465a363c95d7a48cca926cd8e88d10,user
viewer,k6_ws_3538,pts_ccac0e68c164670105ae67c86d29f736bcb21a0c61a7c622cbb75d5f2f8d77b9,user
viewer,k6_ws_3539,pts_9ace5ebb784d23103b1eded25b4d87a7e699c7aed2f24492ab0327a9e51b4fbd,user
viewer,k6_ws_354,pts_6b05fa6a3dacaa80fa6063a0cfcafa1541e2ec3194b1b7bf9fc48a748e88f183,user
viewer,k6_ws_3540,pts_a7ff957bfbcb22af24f84da1df4ac727fe801fb12c34a7295d5cea664609b104,user
viewer,k6_ws_3541,pts_52e1873390f0fed10dad8e6706fc03ffc2bca1c82305fe250ad64e3e799c4d34,user
viewer,k6_ws_3542,pts_f8028e0aa5eed551b6e5739e87c2a8136d7cfad4b1aadadbbe57393f6f563c0e,user
viewer,k6_ws_3543,pts_42598d325bb4d3fff333acc1b3c914683f90ef9641f9b129be7aff22e40d460e,user
viewer,k6_ws_3544,pts_e8041141e73c2007ea1533b9ae497d6d6e0722dc8b48b1e9c2a372a91aeb8c79,user
viewer,k6_ws_3545,pts_5d09b2de197e919cfe3766e75d9bd2bd58232b401baca4712aa64a5fd519b277,user
viewer,k6_ws_3546,pts_ef827b9a8f78104fcde32f6d0e0397596061ddf8be83498ad12524528b11614d,user
viewer,k6_ws_3547,pts_81bbc377f42a069a405ff27358f2fedb0145e89d18962bd3db0be466edb76f6b,user
viewer,k6_ws_3548,pts_e368f5787ebec99c9e6d71d8ae014f8b8d11b2d7930eacfc927edfc6b0ee2d88,user
viewer,k6_ws_3549,pts_b34d43c7ba11e0347aef64b776ed4b475d6bce8ec6a7fc17b5f5ff4b099e6b17,user
viewer,k6_ws_355,pts_481c35546a7ee27802d9382e4f6775e6e7d7d31c4d39cc464fcbe0e71f29581f,user
viewer,k6_ws_3550,pts_c950834c5e11684f43e4af5fefd94a76b7e1bb06a3db6482f3fe7b8873f76c3f,user
viewer,k6_ws_3551,pts_a82887832e5fd3731893fd39fc14265244309f4b31c8c02194a34600ef38c35d,user
viewer,k6_ws_3552,pts_57074fcfb315bc5a4adbc6aa79ab41090b9ebf025d6e8e8cdbd285cb08d12ff4,user
viewer,k6_ws_3553,pts_909454980b64639ad1837e63ae721ac457b0dff743263571ffb2d4527ab4b58a,user
viewer,k6_ws_3554,pts_fe10938ae3749e17bc0ec24241b2334794beab249d7b780c06777d9d81553e3d,user
viewer,k6_ws_3555,pts_ec7608946d1ce613d6729ce7aa0557587ac6cd41a8633583cfb07dbea24a5eb8,user
viewer,k6_ws_3556,pts_4ee7be865b2a264eff3e2f168a0e4bd1696c530640c642777baa4e8d70e01b81,user
viewer,k6_ws_3557,pts_006802388638093767b4d4c2e98343302fab6e3f00a04f4c2c940887e7e88e9e,user
viewer,k6_ws_3558,pts_bcea8e14be0e17594cdb857e424cc3ebbfa2e3e88e3f58d9673a9c1710441da5,user
viewer,k6_ws_3559,pts_54257ed398b731a007f429ac28fe4fff25815ee6f43e2fdda93c134aec659e4e,user
viewer,k6_ws_356,pts_8a78d4526c201750c6751b63f49233a256e9d22ce3c24d1da5da8dd315588fa8,user
viewer,k6_ws_3560,pts_9d458c85e0df81d1f3552d39dc5a717681f008b66dc98fb5787ad5b34e4af14e,user
viewer,k6_ws_3561,pts_16e5a0efbc98f29591ee09f585fe0aded62b4a20f6875d36a2a86996f8625d4d,user
viewer,k6_ws_3562,pts_2df3762871a3d1afee519b2551200bb2e4e013d12bf28fc222cd256f78495977,user
viewer,k6_ws_3563,pts_4ac42340419662b1103a3766b8a049694f9ddc09b3b02e2ce93eef7bc5bacc86,user
viewer,k6_ws_3564,pts_e549b2e7cda66096b3fb03f4b8396cc5b4dfee9cc075790aed797537a525df4f,user
viewer,k6_ws_3565,pts_0fd18dffe396a88b2f3820ece758aeb0526c2de1214e603c03031eb108b46c55,user
viewer,k6_ws_3566,pts_f743673c11df61714adc2aacb1d46504f65abf13a04b21044f7b19c5e753ac5d,user
viewer,k6_ws_3567,pts_d67ea2946ec280d33f67dac6b627159d1f3b1825e6c85d72750b37bf288c39ff,user
viewer,k6_ws_3568,pts_c8a49b09c6190a3f3eff353f3ba91076d90652fda729710783c297e3fbd72927,user
viewer,k6_ws_3569,pts_38ab9e2d99bb17b5eea1508164534e4b05ac55c8c6f025feb55b1f8fff5817d2,user
viewer,k6_ws_357,pts_a293516bd27cc3229e9c3ec86c2cd40a7a47e9fb5395e7244a9d9cfd17a582ea,user
viewer,k6_ws_3570,pts_c952b2cf98f42342df887dcbb141a5a08b299998bda2c737925e6a5b97873cff,user
viewer,k6_ws_3571,pts_e3eeb1be95c033c85a843ed35387e33cc55ce383062931aa4d1a0b1f87992823,user
viewer,k6_ws_3572,pts_15dab20ad69b1637a5061de2ffe8926b8b1b257ff5b6c99bcc428b743a031b75,user
viewer,k6_ws_3573,pts_8285c4fd59c96fa1bfdc279677af60a4711f8fafaf02e381d3b8ca5e80965d4d,user
viewer,k6_ws_3574,pts_a2800591898e006b618fa3021d160fbe4ccb7173735479704583287cea0f960a,user
viewer,k6_ws_3575,pts_a35d111b00a37bf3332f0c49bbd591318e88457fb274f657da8c289ce4f6dd50,user
viewer,k6_ws_3576,pts_aa4faf1613e7816981fa4473b308eae0fad903974393522c6dffb0a213d10c38,user
viewer,k6_ws_3577,pts_f4e58c1b762a8bf73dc864211cdb4e1e00528920524fcd7bfe67bc0a9f93001a,user
viewer,k6_ws_3578,pts_b6115894d82f66c3e787ac68d38b54567c5bde45b56445145e7c841ecb788d1a,user
viewer,k6_ws_3579,pts_d4e315d21279b144b7cc4ee4ae7c7f1c8a8a89be5b4bec2f44881f7ece9d2a9a,user
viewer,k6_ws_358,pts_f4f816a3c62d684830c6d00f49f4ad7f924f1d959519402e5e4561f46acffcb0,user
viewer,k6_ws_3580,pts_aa98eff148c5b9a2590c8f21c760e18c6c5b59814fa5e1ed118a19e9755fdbd6,user
viewer,k6_ws_3581,pts_eaa3f979127e7c0692b577f90d01f0c4b5f641af6b8af63bd837be2347b2263f,user
viewer,k6_ws_3582,pts_19e6191722a60d91bd4738fd1ab68b44e27a11c776bbb97f2820f3be417a7a3a,user
viewer,k6_ws_3583,pts_3bf32ad221d0f041a32b160c6f8e40f063ef2a8167fe3dadf17f4c1fb785277f,user
viewer,k6_ws_3584,pts_8c94563a1c75ee5862a0cf8731e6458eaf165769cfaa473dea04ca4217f8bd0d,user
viewer,k6_ws_3585,pts_91e5877cffe1a96a80c5852d1772b0bab867da05076bee3ac56df39fab72a1db,user
viewer,k6_ws_3586,pts_5b9279450e8bbdaec15abd39ebfeea1c04a4c3285091826b50bf7101f017f5c6,user
viewer,k6_ws_3587,pts_3ded125ab72f8befbc07611a0b6ddde0ebfe8fa8485fddb918dce5ef7eacb235,user
viewer,k6_ws_3588,pts_4a5298b4cfb7a38c0225e41a51ffb674cf285c9591ca8b8d6444db0e21da5544,user
viewer,k6_ws_3589,pts_8f378586d513cd33a8ab3ef2378dfaae3eb0ffeee65d15f0aef159f102adab03,user
viewer,k6_ws_359,pts_3565c0f6435f37419fcb45e464c8c97ca0ca638091ea229f7c37caf853c81e6f,user
viewer,k6_ws_3590,pts_6c78a7e5398cdd8effa98f6bf455c7b2143f81672bd7fbab9de6cbc5b1fc1f96,user
viewer,k6_ws_3591,pts_dd0022d93ee930a001085bbfd5560d92f314bb083dc9e3518fbf1f953b3fa544,user
viewer,k6_ws_3592,pts_12530c1f63bc2991e6f3b9155355fb4b073d23ecb4df130dd96fd79c11f768f9,user
viewer,k6_ws_3593,pts_7645e97a8aefefd80584abf1bbc998cd367d2a08e70a7264588f2623d301854a,user
viewer,k6_ws_3594,pts_411096ccf2e4435b6cf1e740fa192a75efca02f3d81ee9747286b0a32a86e985,user
viewer,k6_ws_3595,pts_6dda856f55d7ca40169521ae2c8262b3227567df5727915951db29ad58433a0b,user
viewer,k6_ws_3596,pts_64250df35a3066ada29c8956e863a197dc26522fe1927b9a124491684e70b03a,user
viewer,k6_ws_3597,pts_3626017fa4c9be044ee29c214219d5a2aeb4fc9265fd2cf455d37504317a2735,user
viewer,k6_ws_3598,pts_30d071637ae3e6ce0c44e27cce1a99b8b48585efdbcb241d46aa1c1c9c0fb201,user
viewer,k6_ws_3599,pts_f76479bbbaf0829a3f8ec309095fe592dc10e0fd12864abbe0427aca0ebfd07f,user
viewer,k6_ws_36,pts_0f86b83eed5e8ba4d26679950de81f6665a3d72bdead911d83e5e0c966c7a02e,user
viewer,k6_ws_360,pts_7ae9fb4b1c03009d51fa37295b7064a64f7115567b3788b0b427cd3388426151,user
viewer,k6_ws_3600,pts_38c14160d4d3c9d4aee6064daa9e29d74e6a00d21dbb4fe61940547363760bc3,user
viewer,k6_ws_3601,pts_6caeedc752b9e6f16ea7fcfc37ce9d3293a763a45e33df2e0e7ab8574d9203be,user
viewer,k6_ws_3602,pts_80371bd2803d927e199e7f3e9dbc0e6467c95f00bc407b6f7091c1f80b7a3f1c,user
viewer,k6_ws_3603,pts_17127cd00841b1c70711b55dd80244d9dab3df2fa702564a20da7605c2e0f832,user
viewer,k6_ws_3604,pts_c34179c5cffe0cee27df0c8f28fb79823b5c15cdcdbeef1417fcd38e0f7aec95,user
viewer,k6_ws_3605,pts_a063351e486ce33377da5474310cbed4a29bcd2ed63595700864229c8528e254,user
viewer,k6_ws_3606,pts_6d3d527bbbf60ba25548aa931c6dc1c942261c83ba6d415f4db8176e9b310e35,user
viewer,k6_ws_3607,pts_bdbbc74a133fc1915ad2c1ef3b333bdb558bda66a830246def1f15ee4765ab6f,user
viewer,k6_ws_3608,pts_05dc763c7444af5a3acf33ec569294854cdc2a5585968a60f4ac422c0391f814,user
viewer,k6_ws_3609,pts_decd995db9e06eeede70072c58abfef1e56ef19d9b9917145a6be76a40823cfd,user
viewer,k6_ws_361,pts_5620e5b9b8190e075be6720053ffb5d81ad00029f7a1b49475e2a3b6f34f267c,user
viewer,k6_ws_3610,pts_afeb93feb5953ee1a8cc4e1b87a327d38b57e2533ee4470b3f35f0e92dda755e,user
viewer,k6_ws_3611,pts_9fef361f9bff7d40166e8b44c02340e9fe62a4cc33389ae6acd30aaafa69a6d6,user
viewer,k6_ws_3612,pts_b6b69abefd2bcca294dc0ead11b4a3b42c82fda6790ab4fe45895711584ecf3c,user
viewer,k6_ws_3613,pts_369ee8ea1669569964de40feb8c89a9cf6fca8b325256e00c64874fe7e7b7a52,user
viewer,k6_ws_3614,pts_477ff5599b29a42da4af8be51615059d6b066cc544d44b76debbb57d94d0ccb5,user
viewer,k6_ws_3615,pts_e236ff14ca9a28d41b26ca385a6d077fcf9306855c9b2858474a68cdf60aaa50,user
viewer,k6_ws_3616,pts_fa83593cf9d59714b148949e9b1322f048124601dbeccc33418ffe6891feaba3,user
viewer,k6_ws_3617,pts_dc705d1ce3130e0657a10c56a7c339f19815c782b4e4e4db9a840ebaa2a8c2d3,user
viewer,k6_ws_3618,pts_cc6c3d86dc268ce2db75d8f1709563807549378c1c5d9c6e398837432e799d6e,user
viewer,k6_ws_3619,pts_0e99c4b23ea3223ce5c28f4e7284066a8d56437f60d549c9c729220cb0ab66a6,user
viewer,k6_ws_362,pts_e49166455ced7e0bbf0a77eef9a461c81d233f7acb890d9dc47f06075833f5de,user
viewer,k6_ws_3620,pts_c7cfbc95e8a639c26d81bae600910621f16fd78087a62f9f0134cd9e456614be,user
viewer,k6_ws_3621,pts_629eda39ad7c9f08c819b8ed505ab3a0930e18d1ec929974371e59c84934a855,user
viewer,k6_ws_3622,pts_c641b28beeaa042c939ff29a8e743e56f2539bf51e71fbee5d5d10c178e768a6,user
viewer,k6_ws_3623,pts_b719a957730e9f60df088e60a9bba07888cbbd9667ebeaecbf67ebeaa944ea05,user
viewer,k6_ws_3624,pts_aed21b064f570f995857ae269d047a7c737532362ffe8d7201e3b2b35b1984fa,user
viewer,k6_ws_3625,pts_dae6f728a376d4f2a0dfea6da56d78c4fb3576eba25a2a656a8134afdb9a904f,user
viewer,k6_ws_3626,pts_4665ce267cd70d0b4e17c3d67eab619ce31cf646724d575698dc14890f03baeb,user
viewer,k6_ws_3627,pts_26642bd2c260db72a1b62c7996542cbfe5b784cbba5c4e40c4da77c505263157,user
viewer,k6_ws_3628,pts_cc995baabd8fab2e50a9e68cc0f0102914357d7adea89fad578de7d0bcb7c792,user
viewer,k6_ws_3629,pts_6ad14a0175c66bb2afe4a06689315f336e8a7c2eadfec722278920053ae5e644,user
viewer,k6_ws_363,pts_f3f76fe6767b638b641667d3295f66323b8b823cfd3df99d4254d3f07cecf82d,user
viewer,k6_ws_3630,pts_75418790a370ffe7b086a60901f0aa19536d82dd4132ecb846f783fd736b32ad,user
viewer,k6_ws_3631,pts_950cc1c51ad94fcec54b8ed88eff5340cff0e2c1a5caca15e759ae4c9ce5ffdc,user
viewer,k6_ws_3632,pts_76757bc0f746ec82955e411f02ca5ade91633de2b375a79739171f27cf96947d,user
viewer,k6_ws_3633,pts_0b7cb2e6c18a95f59763b8dd723936fa46358a6b8fd118f024ffc2659243227a,user
viewer,k6_ws_3634,pts_8235f51da32cb4ced32c93e05084508188c6e4701cba4b94f524cb2a2a82db04,user
viewer,k6_ws_3635,pts_9f1066ba0b1da3b33a4a1191d2ba0651c700f424b79edbb5a1e5e4f1fe9b6259,user
viewer,k6_ws_3636,pts_1da75dce3d704898a73c69896685ccd1f3c902796e49d6fdccbd91654d156893,user
viewer,k6_ws_3637,pts_5fbd261a09061270d2da68a36c509570e403c655c4ea93cd3dd1e81e0f9a04ad,user
viewer,k6_ws_3638,pts_9052e71ceea256b3d7b95c576588d4f466e6f61f137422120933337ea076a329,user
viewer,k6_ws_3639,pts_652b4a7478850e5226ed18fbc19a8dfe4c076df72f6a423d30b28ce98e19d8d8,user
viewer,k6_ws_364,pts_f41d40aaa6e371ca7839070da20ccfbe3530065f6eafc3ea0cac623b4054f331,user
viewer,k6_ws_3640,pts_6fdfde5cd800529712c300beacf1c6175e7a0ca8cb9c9126e195a45b0a1c0032,user
viewer,k6_ws_3641,pts_3003f1b9ac6cc92d3c3606eafd92a0d53cdc1d3343ad5aefd6060d26a80ec39b,user
viewer,k6_ws_3642,pts_c698079c24716af4657ebd2eb2d2e81f18104f9124d52cfb257c2cec9cfee9d8,user
viewer,k6_ws_3643,pts_5618f7a4c181dfa8192fcf059d228b34325cf3ff194bdf413c8cc5ab7d6af4c2,user
viewer,k6_ws_3644,pts_7e656947f6fa2f08c03fb7ce41fc76dd1d39608b76d7e34266ff1f1608de2462,user
viewer,k6_ws_3645,pts_0c8425ed0018959a0a97017d0defb5788c26501e04f823885ce7d1d3efb2793f,user
viewer,k6_ws_3646,pts_654213415eb7f838371b7152a1b486da113a4366f10e0167bf6ea03884001c76,user
viewer,k6_ws_3647,pts_340da7dae6b52938cc1b38b3b91cdc3e8be1dd50acb4940b1d426acd387da7e0,user
viewer,k6_ws_3648,pts_e73634fd340205beb67648641bb521b9fcd3d2313541cd7e38d3baf945321975,user
viewer,k6_ws_3649,pts_f301c8ed069451df9516fec7dd676bfe75bcc567e7a6e79b6890b64b53cec866,user
viewer,k6_ws_365,pts_90e3f6df51ca3950070597d4e9a6fc143ece39f1538a1b16ed9b25a0fa77e7b2,user
viewer,k6_ws_3650,pts_7f55ba6e64a5cda543622cb561a79dc59c0897fe40b5d2a061f03b6809fd7f1a,user
viewer,k6_ws_3651,pts_c416d6e317a8b43112a4d657f241f6ee4e3ec9acc15037910cb5852fc4a35778,user
viewer,k6_ws_3652,pts_9d8ea799f38de3ebfd7e238337c0cd3c43536363ead27cee2e39649745e50016,user
viewer,k6_ws_3653,pts_a9f212818708965288e47a2d6f7d4639f9ace8c07a581286479094b50b24f5a1,user
viewer,k6_ws_3654,pts_f8930d2a284ff4f42566598054445b443044bbf3cad44d70c786201e166891b1,user
viewer,k6_ws_3655,pts_9f8f43d90474ee10f715413d81d5e8353bb59816382ea76a78994856e7f1ab26,user
viewer,k6_ws_3656,pts_fcdd23fc3ef210d6b7a1f6e3bb8b7380cf0919a497f93e9fe9deaca4dfe0bf29,user
viewer,k6_ws_3657,pts_fdab3aa4d5f20faa452c7f17492c8932bbc99b4abf8003b2a21fc36d1a2dd686,user
viewer,k6_ws_3658,pts_d337ba1cb82d922dd94feac17fe5796aa4205d596ed95f922e47c08f1382a1a3,user
viewer,k6_ws_3659,pts_5aeb8113fc8bdb666abfb702168c418280c4c3879bdcb4b0fcbb20617e717242,user
viewer,k6_ws_366,pts_9dcef8a758cd29c3228f153bb7de3c6bf39bb3bcae81ae0e38efc29de669fdce,user
viewer,k6_ws_3660,pts_5c9f0bd7f14a2d66228ca6b143fae15b5607cd17731b7052306eee4ac4f17c49,user
viewer,k6_ws_3661,pts_6107272a8ea0407238cf2eda4b082b40f1fdd1e8350e626fb061855c45eac761,user
viewer,k6_ws_3662,pts_3219fe57656331812769ccf86af65ab2cd2faa6d36c2d225d1a494d9d77b668d,user
viewer,k6_ws_3663,pts_265204e0271ee6286e792f3f2431edfc6f580e53001a4206e04cdec40b81abe4,user
viewer,k6_ws_3664,pts_142c5c8786aeed9e049b66c019a4287aca74372d6de986c151f8a6ededdf4678,user
viewer,k6_ws_3665,pts_79a3af3e8bebfa11bfe93aadf806b00c8d1d2e9dd581958894ec905a7f4c1a90,user
viewer,k6_ws_3666,pts_2d479518b488ff69ca0b4847e31c81e589be77c954cd4e783c6eddb48749f93b,user
viewer,k6_ws_3667,pts_914ad364bff38dec514d132808cde06c6f7700aa14777fff720dfbb680d4eb92,user
viewer,k6_ws_3668,pts_ac06c2e48cf138f78e282e5b3c0c86aef71127de6bc303624578cf1001b6a24f,user
viewer,k6_ws_3669,pts_e668bc10eb96f796be66723249410b99c1ebaaccc086c9a9b754a135a963e540,user
viewer,k6_ws_367,pts_0d8622d90f3fa1b24e7177eb4687a898a462a736ad6e1b5dc43cb8664a444e39,user
viewer,k6_ws_3670,pts_45789dda0f3969e090dc373a281e98abece66aeab1d6c8b1866eab76bee95c02,user
viewer,k6_ws_3671,pts_5c202a09af08d3b7a4667e4a5ad08faf234ccdf7c881c620780ca65d724847ea,user
viewer,k6_ws_3672,pts_f0bed27fb1b8d85508ccf320fb16b7095028ef15d1e4f1a493d9f68111150a2a,user
viewer,k6_ws_3673,pts_6d7dbba3e58548db873b931069601898376866836931add8b527421e84c21d44,user
viewer,k6_ws_3674,pts_84d2c57b439ba552861d8add6751752d69108fcbbbbc159bba0493aa42f97ff9,user
viewer,k6_ws_3675,pts_f41a758e515e8b8ac2b2bd46d5f62b6ba49938d439f349b98f9a2076f1ad4627,user
viewer,k6_ws_3676,pts_06b28285c8152c8b778565dd063c23db5e8fce9e96c9dc75b4603062ff926f83,user
viewer,k6_ws_3677,pts_c489621300ebd92daa9174bcb9ed7f1fd8c7846477e5c837c00745790bf9ac36,user
viewer,k6_ws_3678,pts_79d6004387ac60c63841bfee7787345bcb60b0090febb430f1697b896dc8044f,user
viewer,k6_ws_3679,pts_2bf43834630593269740531e914b191af47a1681fcba1fd53fbd10d5bb45454a,user
viewer,k6_ws_368,pts_c22d85e650b726cf95fb93e2efdb831ef89786f82ac83c15fb76cb7ee893d2a4,user
viewer,k6_ws_3680,pts_79947b4e22d4e21f392a603e8f2d2bc5597deab5e53944c7ba3099d0a2a65211,user
viewer,k6_ws_3681,pts_a05bd28c8cf03974de4de6da506324e23d2fcfb18ea910e809a671e0fb5e2a31,user
viewer,k6_ws_3682,pts_6490f0698ab0eed92edd45df91bbe5b70ced7a1547fcd678a6b2d99857100771,user
viewer,k6_ws_3683,pts_8ffc1300fd9f9689fad226134fb3e20d4d0f3426b6ca04de39b8b81032f29924,user
viewer,k6_ws_3684,pts_ada7447a514f148aecbae4c73f0984a4ea82f927e5edc35820f26fb4e661b0f0,user
viewer,k6_ws_3685,pts_07d7092d54e2b03e717effdc71910e2682201d58d064e51567d92b4a0a9a8024,user
viewer,k6_ws_3686,pts_fef9993de0349b5e5adcc715df06488dbf84eea2b0517a66f39379419566855f,user
viewer,k6_ws_3687,pts_dbab3bbdc0e848eceddec2d01a94e16296811fdb36dadf28d7e42172709c3c46,user
viewer,k6_ws_3688,pts_5a2424c5ed35566cbce0323e56d0a1080b092b2922ec52dce305114060419585,user
viewer,k6_ws_3689,pts_da552fdbb02dbef18e14903b74a142bfb03f23650345c4caf448c000644ac34a,user
viewer,k6_ws_369,pts_42438024dc58591f9eb7e207619db3dafcfbe74e412f97a57a4bf93b1de443f3,user
viewer,k6_ws_3690,pts_a1e4239cb3fcc37e360daaf1e73c2f569bc629afa49c9eb2119178fb7057a925,user
viewer,k6_ws_3691,pts_84ee0a2a93597a3ec567adc8be4dabdc1f44c87b2d58bac7dee9cd6f648d1099,user
viewer,k6_ws_3692,pts_56f3e06ec893f40e4905c904fc934eb678f93e8f4b84a98e1c3552aebb21c43d,user
viewer,k6_ws_3693,pts_f16aaa34ea696ddc123a560c08625e5c1a3ed418d591c8c7f8973b20ad24d8a3,user
viewer,k6_ws_3694,pts_4c731f5f32456c0ed91d8c89dc84ac9eb11dfca05f50fc85a3363099c31aeb93,user
viewer,k6_ws_3695,pts_cac69849ba8d3a8bafff8b9358e821a92bbbf397b595dc88ffdeed8b5ede09db,user
viewer,k6_ws_3696,pts_7c4c83a1103f2914ec69f7457fc58cfc815a0bfe95f8cb6f4f084d7ac15f5777,user
viewer,k6_ws_3697,pts_fb2ea0873e7e17d2bb3f9162f0b631377996ea8f6de141663bc777529f69f43f,user
viewer,k6_ws_3698,pts_eba599ff1f17b707a545db14f23caa72360b7df7e646f38ca08d12f8d74426b8,user
viewer,k6_ws_3699,pts_57d58cf141031207897e5dfe7d3d1adabd51cab961e105f64f38101b00fda3bd,user
reader,k6_user_1,pts_305665cd53038b8a65ada35be5af5e0c00458c78477945be485ba73a7973bba4,user
reader,k6_user_10,pts_8d3e7649c70809c953ad64fe0234404d4268ff89741799309fd7adf38c922c9d,user
reader,k6_user_100,pts_3b184ab965b6076a92ba70ebcb41b5b0e2294e4eba5f4b8902b3182f23f42aa3,user
reader,k6_user_101,pts_a4641b7e1c7d7327065b795f2031c41df7509a9a7ae142cb0c3d8e9bb5e67074,user
reader,k6_user_102,pts_6ab1d8a19a114d92208dc84c66b524da1402eed18eea306e70a474ff47b9c2f6,user
reader,k6_user_103,pts_087328d46aa91b6c5bc526d2a858582935304df8c080b47b3eab880f21434e27,user
reader,k6_user_104,pts_7b7764db5d86c21aea33f983c8704ee531016ba942b90986b135391b6fbbad4c,user
reader,k6_user_105,pts_4bc40434ba01145ee5d52585a4072820f50abebaef658a9bbd7bddc2b330fd11,user
reader,k6_user_106,pts_e4fc08cebb515c0a4bcb943b29df9f818338821ff5de39e163df9b2a85f99d6c,user
reader,k6_user_107,pts_282ad0fe6f1eeaaae1d437acc562c71740821f899a58a481270079784d0f0b15,user
reader,k6_user_108,pts_fe41726d36cb2a3a19c77f29c19a1af0f6a7ed433567ae37c8e509fb88fa62d6,user
reader,k6_user_109,pts_1686b3749dd539ad3c93d6dcfedce925f5f52b061db4c60438788d6204ddc88d,user
reader,k6_user_11,pts_318c9b6c941de0d46750a9899aceb2ed0f15f894e35885fe3fa115b6b3d98a55,user
reader,k6_user_110,pts_3a86ffcaf4080119fb4e16aa52eef990ebfbbeeb76eb88d6f2202b716e85e167,user
reader,k6_user_111,pts_74b87c6e5b6379415cfdfefc0375ce35e6faaae6e58950e2d48d7852080b648d,user
reader,k6_user_112,pts_f9b768583dc0173ed736bb1052afc5c7b0fe5565522daf0935141164c3ab7658,user
reader,k6_user_113,pts_d282288bd0312577ed107decbc5d9d7a0f77c93c3675ef0f5c389ec82ae4f1f6,user
reader,k6_user_114,pts_63a27a12ef8c7d2a98b2160b0fb7284e38476eba551c4500618d6552072e8ec1,user
reader,k6_user_115,pts_d38ba2b5eb15f441f5653457e732c516eebc45e52567972b04e632527d7b5309,user
reader,k6_user_116,pts_1dcc89a7c478c4e91777e43d471ed4c5b935813c3d78f1455d58b354c76140c3,user
reader,k6_user_117,pts_583bd991085071c122dc2d84d8c05b39d7532f6610e6e5dbb86c2e4ff8e7ae94,user
reader,k6_user_118,pts_43e9bd3c11ecedec10d519f703c242fccd896340a1bd8c0ed39a195cb72b4192,user
reader,k6_user_119,pts_75683071b8f4d24d00ce83d858dce92b017a9bf490e696a370569e9ff8e79bf3,user
reader,k6_user_12,pts_ebccee388cd470533a601447934a307d69385d7700676ed08c32312af7ce0b5a,user
reader,k6_user_120,pts_de13a2a60a8f2c9bd0e229f988e255ca5fd0be153634452a81f8e0f5a03cc0c8,user
reader,k6_user_121,pts_d38ea528837984b04392c691ac115d58b2ab6dde39a3ab2e9798ae7524ca54fa,user
reader,k6_user_122,pts_1112ee2bd13ec784433f8053b8cd8071015cd20ed82ca848ac7e22f423487fd7,user
reader,k6_user_123,pts_8fb52589eb15741bb541ab643340c9dd93e18ec0c4e0bb95e20347530c60348d,user
reader,k6_user_124,pts_2b9e18f53b6d73cdd1926eb2807701b1d9466b097e415e75e908349c50942191,user
reader,k6_user_125,pts_22f06b5d4e3ff6877fb7cb8f223b0df22d3fdf235d44ff4445d93a7f42a30880,user
reader,k6_user_126,pts_48fb99d922c2bcf7f1e4f1cdaea71d618c850c0b670f1f1d680d0d97651daeba,user
reader,k6_user_127,pts_3fa27f4fcc2c675a7e82ace8576b17579bcc72780f64ce5ed69560470f5cfdba,user
reader,k6_user_128,pts_63ac6b8a266153eb52151b5870bc9f5029a3f0b01e3833ce767971bba971aa85,user
reader,k6_user_129,pts_cbce4ad3b8e851584b7c3fb7d8e653ba461a04398d1b144e8301ebe74907d3c5,user
reader,k6_user_13,pts_6e95280666225fb17a9e296046c4f795d020f2310f08c04be15e584cc0a05c58,user
reader,k6_user_130,pts_6dc6d0b79988ab4abb3faeff25c82b98d26e6d7e28abfd3e34ab11f60a17b3cd,user
reader,k6_user_131,pts_fc144d29ec241c90e0e82482c7590e6540ea5d2e3a6a113b09ef68718c1b7406,user
reader,k6_user_132,pts_282e1cdbfc9cbf4b8b79728eb9cdcc904d7eabbe2586da9b1ee13ac9204926f0,user
reader,k6_user_133,pts_b11eef96c9a105cb78612ce6f6880140f78888d51d42704d7da2fa30edea9d57,user
reader,k6_user_134,pts_f7b813d01c1de48ba5a44b1fbf072ddf5a557c35fe5a81021eaec84eb0913479,user
reader,k6_user_135,pts_593149df11faa25194848f4d6e3cd142e09b64fa290a961416e9f5b08278a27a,user
reader,k6_user_136,pts_2d11bb8e8f1448e4b1a688f8345dc659276e48e77cbe9e5398737df511d46735,user
reader,k6_user_137,pts_bf5db149cf7bfc4c59edd4d96038de0b236b0358b8a427ae06def163c08f3454,user
reader,k6_user_138,pts_0238f9496c179ac48b0938b56ace327b8b07352ce5cca83fad8a26386471d18f,user
reader,k6_user_139,pts_fe7d15a10bd50a4a7d52c41952643b16ea1f4aefbb12778166ef9f2e9632765d,user
reader,k6_user_14,pts_4ac7c461ae7ea0a8967a37f39d17373c60094799ab0236da5a7b740c5b1ff53b,user
reader,k6_user_140,pts_4ff7d8ca9460e5dfaf46c575cf51c4d7b900f2b6c959083a70a7198dccef083a,user
reader,k6_user_141,pts_ca13b20968e76ca5dbb68ff49b7a869f3e553ccb94372f720ffb733e4dc020f0,user
reader,k6_user_142,pts_2a99b9834733cb82beb066ce81e6ff329c2f6ac18437f28ec96e222135c66973,user
reader,k6_user_143,pts_9ce9a31fe959e1ab5437a74fb6499a2fbef4d31646029dcb51ac8e06a44f991e,user
reader,k6_user_144,pts_17096a600699e8a00bb2cda1727f7e3f993ac421628ce610a63045516f48ab31,user
reader,k6_user_145,pts_19672a6a537a91316ac45c1436a499148c1d75e13923baef92f976de771ca08b,user
reader,k6_user_146,pts_489ba9501d14cb89af06f1f806a8e9be30f0a970db4a307421d736a647754538,user
reader,k6_user_147,pts_f7d781f40b640d7e6d37cba77eeb07ab1f7c7bab36b2caa73329c39827568526,user
reader,k6_user_148,pts_da905885a0b720b48470c0d01f65ab2f604d1d26cfc2abcb49607fb163fb6860,user
reader,k6_user_149,pts_276a9f16ddce377aa76d2da21c1bfbdad03842f020490e9c9376ab845ed936d9,user
reader,k6_user_15,pts_bfc0a1cc863793b0f29d7559f7ec364daf4ebc7ece076e6804e6fc1b38985e6a,user
reader,k6_user_150,pts_a543c30bc20a5fb63a4a713ec955c7c0cbaadcfcd97f015c15931b0d0394e90a,user
reader,k6_user_151,pts_f4244b38ebd3d90eb19c0b4dbfa4e26fa0c244e2760c11560142250ddc88f367,user
reader,k6_user_152,pts_13d887b5d28a2fd5395bce06ee906e50c28ad5d938cc3020172a16c5ac35ea60,user
reader,k6_user_153,pts_98199e8812b409a0423e1b5b6f035999d494bee6dbffdbb16f870d40f24d7c55,user
reader,k6_user_154,pts_e88a7aec6db80b12a0b01148248372ef4109e8a81789a5325a4862e5423fea33,user
reader,k6_user_155,pts_5714b91bccafc73eb03663eb7551e75657769355b283bb997c2712dd57f35fba,user
reader,k6_user_156,pts_52ab4c2c792c026f7f34202b5d89f7dddf2640cde63aaf3ea4bfdefc80498d47,user
reader,k6_user_157,pts_ecb424f22f26de3511dd5c930718bc91a72d7711f3085651dc5a716fd3015abf,user
reader,k6_user_158,pts_7413a548dc1750fcb78777cf222b7c2aa802544175e62dde5bed62228f273366,user
reader,k6_user_159,pts_7eb04e922e7fb2b7a15f830bc777cd348cb77d32ae7d78c60246e25add335289,user
reader,k6_user_16,pts_349fbe0e9b8da9d1fc55f6f11587514840432790e0a5613cf69ab0a4c6d87eaa,user
reader,k6_user_160,pts_c1da35504ec0b33b7219c3c763d10b62d10e2e8d4414e26197ef82ca769fbb6a,user
reader,k6_user_161,pts_051a8325d0d6d5cdfe621568e54eda73aa8b279c9bdcd2c9fbb35fd4eed34ed6,user
reader,k6_user_162,pts_b23bc91a299ea4dee239616ade5c5b46f02be9ef53a340778b6a8e600c144237,user
reader,k6_user_163,pts_5e572debd2678ef79bbf8f8d28d3d5231d9e6d002399320e7f019bf2152044b5,user
reader,k6_user_164,pts_fbcf2836c1f34249d63f70e695646bd5793672975c3b990d0900d59daecdf16e,user
reader,k6_user_165,pts_7992af09d413a5d583a5610b955b93febd166ec3b4b2e93b705672aa727cf72c,user
reader,k6_user_166,pts_bcb665eda5847e2a526784e1f899d5065f023826002f06d25998e335bd650b07,user
reader,k6_user_167,pts_5bb85877204a684a57df4ba32d16a007ad896995edf384c79bc6f54b8c685b8c,user
reader,k6_user_168,pts_c4fa433a47ad44d1b9f10ff75b4320826ebfe49e6175d105978f015c9989f607,user
reader,k6_user_169,pts_d5d83046c0d20de73e0b52344fe2bff3797d7149f2926a20f37e4ebd0cc008e2,user
reader,k6_user_17,pts_426e6dc3b2b9a3427c6bb1bf822b5826a500e3502520a6a281c4b2be91e73d32,user
reader,k6_user_170,pts_b1103a790da7d5ae5dea09d895376e66770b351fb54560f645a35a02630d63a3,user
reader,k6_user_171,pts_1e1b431aafc5c9c7b29bf6c0352245c6be30e43468677be208041120f032054e,user
reader,k6_user_172,pts_0ab486e8bab08e2cfe84cdebf5e1f4ff2a0b544a2fd87976567dfafc4289d6d8,user
reader,k6_user_173,pts_52052da17cdade237dceabbc35bfdbcfabbe4ee7e4934572362b9a2a4b501555,user
reader,k6_user_174,pts_98165165bf45a6d2fad96c01f916dc1adc5478c6074cf5c1d1cc79a0166a25c8,user
reader,k6_user_175,pts_c020153e5c35728d1ded550cbf174807766fdf9d30f6aaad397e843191a6d166,user
reader,k6_user_176,pts_9664fe96541a53ea1f21c8bf4b911d6f308f2faba84eb64581987a492d8c623e,user
reader,k6_user_177,pts_726c845860234c42d7c815fea2534ad069ea7ff73d98dd563df22ce09ec71709,user
reader,k6_user_178,pts_272019b9df138e414239cc5cf26b801bad81377e175c1af74c9b3eb8a864b22d,user
reader,k6_user_179,pts_ce5622703f647d263f0f48062079af07ace5e940f3850ff6c1589dabbbdda940,user
reader,k6_user_18,pts_93a9f81f4f6200205847e49c2a71a5898393162421d5605f765999024db57f97,user
reader,k6_user_180,pts_fac233cc77a567193012884076c2b5935a01858e6671d2b262ad81509b52abec,user
reader,k6_user_181,pts_a30d5a2457f2858fce0867f132e2974f3e286639838e73e2149fcfeefb233c7a,user
reader,k6_user_182,pts_aa5c215f5b179cfed68d1369270299ff50a7e6ab4b9279140cfea32bfe11d784,user
reader,k6_user_183,pts_b2630aa5429e32943dc555fbd5adc8faa7672946d9b7a56eb4b32a67ee56c832,user
reader,k6_user_184,pts_859738a76383c35f04ebf1823e9de209462f6063f8ae26e8843af9280fdede3f,user
reader,k6_user_185,pts_64edafdb002858f7797de7e3240dab58aa8f025ea50f40d0346c572deeb0d36d,user
reader,k6_user_186,pts_3558c4497fd2666e4a17c3d56c92b5a70f1c2018aee92c2fe5cf78e7194d97fe,user
reader,k6_user_187,pts_ccd9be4a4407a04adf71a0711fa8bcaf6cf247bd767f22986a478e8ff1e649db,user
reader,k6_user_188,pts_fc448c97c91bc0ad3d5e6e4e203438ec7a471684eb4fee24f4e2b4b03f364109,user
reader,k6_user_189,pts_7d5fc916ccfe8ccf4d0ead81ba30f5baa81a9437bba8eade8a711acde652ac43,user
reader,k6_user_19,pts_236ee4e8ff489d87e08be159f945c598456350e29fdc41900d846f8ec3cfd41f,user
reader,k6_user_190,pts_45bf1e4fc2255cf3a1b55415b7b7f49cb16e96f89c67dea375418d39d7bd80f3,user
reader,k6_user_191,pts_2736fa32049b9966054ce9b8b6b2b39d7243e28e373b603bc47ea2ca36d8e7d4,user
reader,k6_user_192,pts_01418841e9a59c92ae629cac614d6b47c49076136c296343a87d84ac356eb9e4,user
reader,k6_user_193,pts_cf3e286206c6eaddd7d8a82e10be88f50988ebf34ed16799d5d0f3e59840d8f3,user
reader,k6_user_194,pts_bc10ee07f88763b85e01a4f9a81d8f70caa6b01b057c48f5612f229d5442b935,user
reader,k6_user_195,pts_593e5f50f35df48b0fe6fcfca1b8b32a0192887217477c0d6bc68c59d960a1cc,user
reader,k6_user_196,pts_24aeee7842619155c85f76eef7c7c19a1a31b06e6efc9acbce9898f11dbe750e,user
reader,k6_user_197,pts_81d7b87b1dee491245573c02b3e50ca0a1465316ab388ba81dbb318527caf3b2,user
reader,k6_user_198,pts_60f2694dc42c21332aa195d5f74c8e5d04ec86d669513bc8dde726e81ab4b3b5,user
reader,k6_user_199,pts_4ed99a83b25b428f2dc02a70cb804ddd625ba47dda102730c542fca8a58e2acf,user
reader,k6_user_2,pts_9b822e530ca22823333f52c9bc7ddeb73ffc362fdefbcd39006c810748de3682,user
reader,k6_user_20,pts_39a4963bc5c14725d1d1c7066673700357e1e6f6c82119ae9e13cd6fa7f27d98,user
reader,k6_user_200,pts_117ce030a41aad903c93c5cc883578e37df0a8b82c36ce35de0c35dc7ac0fc02,user
reader,k6_user_201,pts_1c8aaecbfe0682fc065346da02ea893b1c69d31e6367d30f9687364fa696560a,user
reader,k6_user_202,pts_5ed84d04d1ed42fbcae6943125db8d4ad57bfede8326dd1cbf4e732004f2274d,user
reader,k6_user_203,pts_6697506c0fa4fa2cb7eadd3e85ab7364f02292de756f6c4c6ff0e392e8548939,user
reader,k6_user_204,pts_13ec1bd7dcfe66d6fd72a48c1771f187a6b201182ee9ad1a3ad72bf61fad56e9,user
reader,k6_user_205,pts_465507508a1bb2c9664f4d26eb47d5f26f2fd7979c9a05e9c964422dfaeb8e7e,user
reader,k6_user_206,pts_9f5f8c27bec920567af3174114310491ae6702e0821a8f25ae2f222c645fe124,user
reader,k6_user_207,pts_59314f38bc441aba3e00f18a2a299eff20742604e57a805b316abcef587ea692,user
reader,k6_user_208,pts_35336f4b37dcf9f0e5c885dede3eadb0ec0d4cd176d4708fb0c40d08ca417809,user
reader,k6_user_209,pts_3e9b956bd96ffb944caddd34daef5833a595b2cc408f34713b30339e9a1da342,user
reader,k6_user_21,pts_111c0111c6f4b95811de92f21d3ef5316b99829220761c2f831fca6237fca393,user
reader,k6_user_210,pts_c2d5919128fb1311e654e78d125c611a0d02d7720a59d9d7d5f594b8fd250658,user
reader,k6_user_211,pts_88a81aed4b2b04eb17e958e524c3a16735ef368c6af5a44c245b5d3933d800d8,user
reader,k6_user_212,pts_8406d10666108fa0b5fc6ba92abe8a99f9cf42bf68d96cd89430a0c946406ec5,user
reader,k6_user_213,pts_93e21f11112ad958d099e91e65a16dab4a26b1dd0ad412f9801259dac2df03f2,user
reader,k6_user_214,pts_36d4772f272f001bbc3d4d4a848ce91cc74e3d90efec6a5ce242f78ac3523fbe,user
reader,k6_user_215,pts_66ac8f4a4189085507f7b1dbe8f436694ae4870883b8028705296dc25a2e8bd1,user
reader,k6_user_216,pts_bd1d81771d2c93532eff778e9eab941f15a2b2e5778a24329ef98362f7392188,user
reader,k6_user_217,pts_4e6026e5bbd261785c9138ac1b6586181f35398f0ebea6ab5b12366cad4f73eb,user
reader,k6_user_218,pts_74a33cd93535a7ddf069aa564351f1de6e762ab53ca8fcb06746f25b26b2188e,user
reader,k6_user_219,pts_d1288bc8adb4395dd50ee85633290cc605f22e450f426751ec46b4693c3729cf,user
reader,k6_user_22,pts_5b5701a103f2408617deca4be14b4bcd3a6df073396b5ba4542ca211cb183a94,user
reader,k6_user_220,pts_7afb5925b477108c703abce89a6edfdfd9e7869d4a8ad64495ddd5b14fb4bf5d,user
reader,k6_user_221,pts_4dda04e7be7dc47b1672b1208e4d3dd31b35f8fa3ab86c541169bd7f9b4c330b,user
reader,k6_user_222,pts_6f89bb467ad4d57f97d1474a478f9e7f032acdc4f55871097d7ec502c330e1e9,user
reader,k6_user_223,pts_d6dccebac78332facec1f4f6e6ee8db4c08a0aed466443906d6ca08e2c0ce2aa,user
reader,k6_user_224,pts_78cea54069e65766cf9351fd65dfe96494379fa3bcff19c61c8be6a31c878054,user
reader,k6_user_225,pts_90acc843508e22c253971401f3f35be69b73cb1cd45cd4aec36213aea055ec3b,user
reader,k6_user_226,pts_3e8dd1fe84346625977af52a459a7706fdc26db013670d96ceda23b17ed278b8,user
reader,k6_user_227,pts_acc2e9fd11bfc79a9c74e7c5275757a2066e748baaa0f17b0558b91051a31fd1,user
reader,k6_user_228,pts_f1899c757e8f7685ec86598d377086a9b2c2ae458be1f822983e2c6d596a3151,user
reader,k6_user_229,pts_76fe0490dbaa59741e3d6cd402aeb8c27a3ac186b9dc388ad4850da9cf4fbe1d,user
reader,k6_user_23,pts_4bcaa853d0f1a5e5f3a53e2a663895904b0d7581ddce91f755b4161883895390,user
reader,k6_user_230,pts_5721229466a555acb10222e2b810758102b105cdfc004781a85917f21e569e5b,user
reader,k6_user_231,pts_a80ea849f1e49e985e0b17999b1e76372346f3cec7f12c08c8b47d7c29a0fbb8,user
reader,k6_user_232,pts_2ae26305d3b09f0c0ac74b3eda9214fcdbe1c362c0968d06972070fda40399f7,user
reader,k6_user_233,pts_520c44dbded6b25713ae8ad65524896e091c3ecf8a3f4d945ecc462712512325,user
reader,k6_user_234,pts_fccb621ed57d1817e4aef7bc61ea3a515dd0ee184d03d728aec9c6a63cd5ddd6,user
reader,k6_user_235,pts_775f891e4ec874cdd5559c80098f439135a166a4c92d3313ffa25e5508d7e497,user
reader,k6_user_236,pts_073f49189b7765977e9daf974f0f62771417d821044faaa113e4d987ef8bfef2,user
reader,k6_user_237,pts_610eb96c9a967eb8ca549fc031a722a5b82727b9e91882f25bdddce9d3f00747,user
reader,k6_user_238,pts_30a3e3c2c3a861e3c89bec8b23fc44e78603e8c43a2b189f247381467793090f,user
reader,k6_user_239,pts_53f5941542324508219dc2855d4cfa2e7b788c8e35f222ae9ce7b17c6fa6324e,user
reader,k6_user_24,pts_c57b6ccd6caae4d4383fb19311519cb1076c7af6e80f9be1d72dbe72872b249f,user
reader,k6_user_240,pts_debefc8c3aef322a0c3edc1650deedbf88396d86d6a741332d8ce05be658886c,user
reader,k6_user_241,pts_8f6b608ebd0f3651add930373f93cb81d7fc25e78e1c9f92e759c160fe8f2a86,user
reader,k6_user_242,pts_92c7ae1163b7bb94a08f2f4583f1531641b6fc244fb6800a14a4abe12a12d1b1,user
reader,k6_user_243,pts_50d6214651a41403a2eaf76f0b0be2ce4907fa4518fc5eb10fa05e3c8fcb6f90,user
reader,k6_user_244,pts_b31c506d7b43c8762422001144811ab3c329ffbb766268e3a9f85ba485a24bec,user
reader,k6_user_245,pts_ab7a6ac02322625f50d60f9ee98f6daa4df15109e016108ba0bd774f1235b6d8,user
reader,k6_user_246,pts_e9cd66811da218ef6df0da9e7d70ce5c12e5450360e8dd2eb92ed7785d1c7178,user
reader,k6_user_247,pts_08bc6b3bab6f757ee5d6659f6eb4bda732a265c9333598b43b83e5e922946d0b,user
reader,k6_user_248,pts_910ebd54b9e781eaa54cc61045ed76622a8949e98e120b1006e0cb790babb5f6,user
reader,k6_user_249,pts_5df1ca6e6631c3502cb4288aca0747ef8c2fccd93b7e5b7679f5ff6a53be91a2,user
reader,k6_user_25,pts_e114ff6848be902fdd4847c271e07c74e5d2c74133299386c51dd049faba91cf,user
reader,k6_user_250,pts_ddc01f5460c2117edb4608c3f104b6516ab3016fce1f1a08513221e087e06449,user
reader,k6_user_251,pts_0be2791914dc16914978f78326c6ae486dadf88c8bd6823bf7d604febe50cbca,user
reader,k6_user_252,pts_b75ce28cab69ff387370de333e3284c5480b1cbef78bb6097c8c783c29630628,user
reader,k6_user_253,pts_8f354b4d1a7cbed2991c2d365fea47c956f0c741d585564113cc9328e0c337d2,user
reader,k6_user_254,pts_314be38cfbf98545a449c7a92b59df573b3739af053cea1d1db651b74cce3cf9,user
reader,k6_user_255,pts_cf4a1cb576edc89fd29be794c68f7846d37727328aa6e3c8c97ab90026470f2d,user
reader,k6_user_256,pts_e86ab0305dd70abdc7067a2a377e92aed2442904591beffe0d80898553ec7a74,user
reader,k6_user_257,pts_51c0735237ba491efbeff1b3208e27df5fa6e07873306fab4ace86bb6e6e86da,user
reader,k6_user_258,pts_de642ce92d717ca336146e8a465ea11e43329f11dfd1902f8930c881405428f3,user
reader,k6_user_259,pts_387314c911ed3b0810b4e150146009bcb15d85facfeaf979a9546bc11941fe32,user
reader,k6_user_26,pts_a4811c1dd8162c7158e8fd49b767b8c79235fcc831f69ff622e3423f44f3d464,user
reader,k6_user_260,pts_35221430ae499bfdfc81783022faca9796cd95c70e447e3e4704b262b7965d27,user
reader,k6_user_261,pts_e98e24d744de529b9b5d4c86896610bc82abe344945c466afb092f317cf7576e,user
reader,k6_user_262,pts_095b4736b607bb2a663f4a94fb40436f3f24cd3cf1ad18f18eced1b4c6583c63,user
reader,k6_user_263,pts_42ca000c3747d4450e8b6f95393ceb046ca7c3c92d974ab6b96166c5242f3f8d,user
reader,k6_user_264,pts_b2801444cb01462b5977fe87cd50fb4aee55df099820a8ba3eba58425812f417,user
reader,k6_user_265,pts_646d5330e5e0c28cd16cdefed77477babdabd743aa63bd312fd1470ba500222e,user
reader,k6_user_266,pts_6c7f4012bcd638f47a691e42f98e6262e7cde6e1627fc871f17214750739d702,user
reader,k6_user_267,pts_77685dedb61dbebf5557383f626d5356f9df59a8d6c3c4aed03345b1be4d88fe,user
reader,k6_user_268,pts_f020cc38a2cee75d1c7307b56f7a05cf59fc974015fa78d18be1d7ade570c3ed,user
reader,k6_user_269,pts_2706842b1d0bd3094d8483a1bdbbfdb34ae45e274a1cef3dd47e19bd2ac851c7,user
reader,k6_user_27,pts_94ea645b4bd7e017b05c69d064d1e6c25195dd48d116c2130eff3f9b13ef0b6d,user
reader,k6_user_270,pts_0283effdf5cd35cb70ff0f6318c556865e1c6a50514866a703ec760f7ee4b561,user
reader,k6_user_271,pts_6f4249b8f0e7fbef5a19e68474ca4277ff40a58cc1fc3e38a52b8336f9eb391c,user
reader,k6_user_272,pts_486f74f9d053bd953f2e43dbd22f3fb206e5067f7cd677a95b0a84e13deb0dab,user
reader,k6_user_273,pts_11f684aceac822b8b66afa38ecb92def02c685bc6bb6b50c809ebffcfeb2da25,user
reader,k6_user_274,pts_9a0c9c7f9ea023277b9b012ae6686dfb979ad54c325510e0eb1171f6def93c74,user
reader,k6_user_275,pts_41d83f93b727337c0537113c5c324f7577fa8217b085251c0008904f55bd3386,user
reader,k6_user_276,pts_acc3c8f09e52b35093d53cedfbc921aa00e1be07e12f00469e8aa2c34cb242d1,user
reader,k6_user_277,pts_5044f1dcce35651178f3797c527e85c2340adbe8ae35ae2dc4007189ab35e4e9,user
reader,k6_user_278,pts_62b8e553d9d754b9f01a32f5cf33fb1cbeb503888659ce2693b3d3e8a1cdc38f,user
reader,k6_user_279,pts_fa4adabbeaabdd4b2bcee8316241aab6c76bb0115bcf2afe96f40fd533adc6e0,user
reader,k6_user_28,pts_fcc91cac3af8f46d774ca75b231eb9657164870efb2ff943bd95b5b068db0e33,user
reader,k6_user_280,pts_cde765aa9c4d8ac7b9ef42bf07f7a0189ad1deac131fd7f588ce22ee85fd1417,user
reader,k6_user_281,pts_1bf4c60197a6ffee4720163c262696139c2c60922bb006bd77ded43bba529434,user
reader,k6_user_282,pts_3423535d4eaad35b622f6fc56401151e2a6ee827129f64465296e477537c47f8,user
reader,k6_user_283,pts_a54b12cfab3311667d7ad5da38a210a6f423c23d8a459b3e05c9f21bce56f551,user
reader,k6_user_284,pts_f12b835dfef5f82a1ca807289ecead979c6de4cf64cf30d306c81ced1036981c,user
reader,k6_user_285,pts_2650d358bc838024d0b97696da3afdbdb6cb49ed0543051885a5ff305252fa33,user
reader,k6_user_286,pts_3558b7000a8a80c6f9f3f205f40d7682cb58342d9b3360409ac7f79f1a18d841,user
reader,k6_user_287,pts_0dd66e0d5e2d4271f994a60386afe9c428559cf6c6bf0087200bbdd9cf352bb9,user
reader,k6_user_288,pts_fa6c95e2b95e062c3e7455d57e6f2b795e84b6a28ab80a37da94ec9a72869fb1,user
reader,k6_user_289,pts_b6682329b2fcbaae31f64c6c709a4521257c31fde22f67fd1fb7ff59de78e9d6,user
reader,k6_user_29,pts_d0123baf477a76970453a742fefae36b5084b6f18c17bcee2366071aecbde5e3,user
reader,k6_user_290,pts_23a28d13154abce32634d7ff353a8689a16a87d5dbb561114152f0d338bce0a1,user
reader,k6_user_291,pts_292655de99164501cb450b7f0f9a6dd0c0ae8df53ff601f0b0ed9d166d26793b,user
reader,k6_user_292,pts_9e3311774498edceab9013d1ce11d14994d59b16476b74aba30abb04032af0be,user
reader,k6_user_293,pts_66beaf0ca5953ae95c4b672c170b99bdf9e9a0f20ef0832c05e985694051740e,user
reader,k6_user_294,pts_2f15009a3e5c2ad6e920e7c0f1a865ef50dd7c860b42fcdc3f3ca646f872f087,user
reader,k6_user_295,pts_bc7090f5b66949b5ad092eb8b0c8f81a23d75c3a6d6311b819ad282bd5b8e691,user
reader,k6_user_296,pts_5b574260aa8829bdba49012a169fd4265e036d574818e1a5e42451535cace0bf,user
reader,k6_user_297,pts_36ad7696f259d3f21dd75406fc6e42d5d46f828d5eace0380316de00a68a3f8f,user
reader,k6_user_298,pts_f231da0cf0a5f1d33e57f099b52c84cc22cc5055eeac32ef47453d22c5b6a10c,user
reader,k6_user_299,pts_5291b7467ecd8fd30a477aba85143cfa516a88aa43ebc674e64c9666aeb99994,user
reader,k6_user_3,pts_438c3d7cbd19ce7bf34a72bdc152d7930159cfe70a0448cf0d364f98fd664131,user
reader,k6_user_30,pts_117c69cef7b63789131740ef263a3c421a07665a85732e18dd11714f039e83fa,user
reader,k6_user_300,pts_d8637c1301e0352be372cba399cf0c3552e66063fe63952b950f10f3acdffbae,user
reader,k6_user_301,pts_22848aadebed999558febc22d79d6f18cdb90ed2c445ca01eb1b4d0f5315f007,user
reader,k6_user_302,pts_5818d06c11746b0eed5cf089e1507b6920f65bf0f7de17dbc0d58984a3753d78,user
reader,k6_user_303,pts_139a43690cbef75a5f2a0a8f20455fed7081106a304fcba6ddd2e5d410f3f828,user
reader,k6_user_304,pts_7956394799c4df60cca607ed281b12dfe574107e417ec2b0daf65ce06f53a274,user
reader,k6_user_305,pts_9d768508f9166dd0e68111765d4918eb407b0875650e27f49fca42ab9432ff9c,user
reader,k6_user_306,pts_d476c22557df83ec68a764263f4887000a5aede9eb6cc3829011e3fd9524a907,user
reader,k6_user_307,pts_93ef42831b0552179bd35a5e34e0140b20d5a7e0084e2f3fb3a5e07a556d7ed4,user
reader,k6_user_308,pts_85cd0c2313204ec1b4ec728412a1009fbd391088ef5a5bbe1cdc97cf3ed00b9f,user
reader,k6_user_309,pts_3e838b00e92e4c3c26c8ff72e4f56b7b8e3067cebc24940ae77ce8669f77a8c3,user
reader,k6_user_31,pts_28499680e04d8c5f904952d6b4b66217c30817af931a753889a8090012befe8d,user
reader,k6_user_310,pts_e05180c539a7d38af3458b70389f1c92b7766ec94d52abae80416459c3666320,user
reader,k6_user_311,pts_673d202f6230b52540338debd2ba03545b0bfc36ec76d76d20b4bb0f55bbec5f,user
reader,k6_user_312,pts_ea601b3fa8da17a965fd0b6d1c917c3a043fbfdc1e8963456b8005b67848b4a1,user
reader,k6_user_313,pts_adff7a8bb33e50146197ac27d536dbf67fcc20a4eed6132024aceb4b0a478438,user
reader,k6_user_314,pts_88936b9af631706046b8f88e6e1c16a9caf391deed576be19d7d39620f809a85,user
reader,k6_user_315,pts_bf8d2af38dfc5844c74dce766432a837100ca9dbf778b3cec23ab9b5fa792c94,user
reader,k6_user_316,pts_7ae50240ac7bb05c4f26ef44b2e75cc2dc50681c501e6b230802dc5690e04ce2,user
reader,k6_user_317,pts_55478a26a878b1814bff45c5b51b56f5bace99764d0ae96f2537a2e123b66b42,user
reader,k6_user_318,pts_7a0d63a46465301950987e4dcae79d23a8b33a31c2018b93f3e33f73efdefe5f,user
reader,k6_user_319,pts_accb43ed152bd0fae07fd00fe2060600575561a3884c1beba6b8d6d418911334,user
reader,k6_user_32,pts_a84e2a868957c1b4c720cf060dad678d9ce810ebd799fd3509a158cbe2fa5196,user
reader,k6_user_320,pts_fdd548a4c5f0922ae5609c17011d482c2a1becffbb6b1842acdb2960a5a22df3,user
reader,k6_user_321,pts_6099620f6a2c260d03cfa4d3e8ed800fdf08d2b29b667e1ea1967060a29ebf3d,user
reader,k6_user_322,pts_3ed66317998dfeafa4562bf096ab361f1402e65c16dbda9291e8a80f426cd326,user
reader,k6_user_323,pts_07965ab9c57b251e6dead4397d798302faf7cdaca529a96b75417f3a3bcb911d,user
reader,k6_user_324,pts_e165fc9d8489c87f2fa9b61cabf22978c97e4591d8e793923712dcf2cefc2c22,user
reader,k6_user_325,pts_b4f9ed028beb4db98282959e4b2b74b3d52ea72fa4efb1778c9c4d43fc82a7aa,user
reader,k6_user_326,pts_2bf0a050134623d4563aac569188cfd11a586d5e3b24c1aec436b44052a051c9,user
reader,k6_user_327,pts_35569d89a1d40357f74ef4d27839bdcecdd254435be49e7c596b9d61336015b4,user
reader,k6_user_328,pts_485473fbdf8bb466732d5501e0318b57d257de6367a8526f261302433be2e001,user
reader,k6_user_329,pts_047a184de693441adb11a01afbf43451277b27f47678b142447a152971314903,user
reader,k6_user_33,pts_9980cf7373478a09e6c3ec9d890c914fdf602b874ffc31564abe8361b9a546f3,user
reader,k6_user_330,pts_b8d69b9850c3fcec6a00a23b8608702293d1f9097662d05f2e9caa8ef390a1dd,user
reader,k6_user_331,pts_32aabdbfe10c3dd8e7588ef97ed5a72af8ebfab409f817ac4adcf9dbd2457f57,user
reader,k6_user_332,pts_d5b694957dfd14459be4823edf59898a3e81e9382a600426b65d47d2f993b139,user
reader,k6_user_333,pts_26b7b4aef234f2c8d2cfb8c854621cb927bce81ed248f5f545f04ef3ec98db77,user
reader,k6_user_334,pts_b62b55efaa59e458635b55012adcb17892926b8c9aeb49d78cf64289a38adc05,user
reader,k6_user_335,pts_69ba997e408ccf88e2127c9cd9a41e3589e5877852a0b68617aeb874408ae3c7,user
reader,k6_user_336,pts_591efbd57aaf04d5a00ec5d9efad3fcd0ecaaf04a78f4d79d4559a3f7c8e46f4,user
reader,k6_user_337,pts_523119931d619cd4bc60224dd49e74e5193d3b11b3bd600794460c2c5531dbd8,user
reader,k6_user_338,pts_13061a2f5996639ff4ea6a97cc7e5532a717174c01af223c86722b83c70bb859,user
reader,k6_user_339,pts_afe9574f5d645f063402d974ef17f9eae72cbe5f3106d5b9601c192556f4aefb,user
reader,k6_user_34,pts_b97dedd541a6a9e5d6dbf5e7ccbf68c9c2896d70f7a1f3983735d44dc8b176fb,user
reader,k6_user_340,pts_2be5600314442e0c6d07b4a7221f0d9382af05bef0ee72be892e97a9f4ff8c4e,user
reader,k6_user_341,pts_f4c30a0f3d947de7a4afbd1fb9ce2a7f9dda9f4ef720f948fe0e5d1524327c3c,user
reader,k6_user_342,pts_af398534ae90e15479e3c849573c15e59cd4b20e1b4f8370d6c76add4adb4fe0,user
reader,k6_user_343,pts_c3857938c1a540c9d1453d7f54b1cea1a40d7237f84b497bd0ddc444b746eb3d,user
reader,k6_user_344,pts_e453f490e5d680e7debb4a63c395a8152aeb28827cbb83971bac2846136a6026,user
reader,k6_user_345,pts_b590b4dd9560e49408dae920a99bc0d6e83abe1c58f3ada6a1570b9b7a739719,user
reader,k6_user_346,pts_de07b98462a259db6ed51170dc017cf1091f2b4e7ff1e9652c8ffdcb203b355c,user
reader,k6_user_347,pts_6d0c1d083db6db701af6202494b1bc9b35f5a616401688659223ce5d80ff32ac,user
reader,k6_user_348,pts_93e198bbc920ee1cd5e08f6bf86af4fe93216ac11bd5586c3772cbc75e935244,user
reader,k6_user_349,pts_7b3d28b40bbe7124c4b13a1f431402857fdf48c7241d7970d6ddccb190dc859b,user
reader,k6_user_35,pts_0a4d462fab9f1e4192c7009eafd760a33243b3d388819717d24550f464e0bf36,user
reader,k6_user_350,pts_6cbc44044e28ec61f6d64b1133ea0cbcf0b3854cdd3a46528e673127dfa3a50f,user
reader,k6_user_351,pts_548d9463e95a339dc424adc288ede99c07aa5b3b72275078dd7f430f85689d93,user
reader,k6_user_352,pts_b0e7830439e978505c0cf5eb814c8166ab601b207f870608c2796905c90058e0,user
reader,k6_user_353,pts_ec87544c5c70f54fbe3d834b9528a45f111f1dbaa5b9eb8ffcac5b4b6537afe9,user
reader,k6_user_354,pts_a27771c35df018c635c21cd6a4bc6ab2d5aea4167b26f8a7549731fa113404ae,user
reader,k6_user_355,pts_1f6a7513637b948680e9afb51bf09421edfe1e210543c8eba20151307007c6e4,user
reader,k6_user_356,pts_80392be5212f2724687163ec51d8bebbb9e89d706d1558b77f9f279434e64c0b,user
reader,k6_user_357,pts_e35b33d119a8cd7ce232096cad8f5d31916b7bb42dbbaed2bd61e3a3ed80ad07,user
reader,k6_user_358,pts_e1e39d3d2d7b726e99c11f6568c2960a3fd6908ba18089f220a8faf833c7bf1d,user
reader,k6_user_359,pts_7eb304f0b2fb2782508ad57a75daaea9a8fd0d52300f33d85223a390aacd6bec,user
reader,k6_user_36,pts_b4b385d8f9713a812dc210fec3c6a48fab5dbb2ec31a1e7cf28ffb3c839877a5,user
reader,k6_user_360,pts_fd767d7f19034ed14575518679219b8ff38cb1edfd15322439016acbf44926d2,user
reader,k6_user_361,pts_170d77be7eda84e5ea37c3ffec89e6f1fe7b075d1d50e0ce9b4076e07fa8da46,user
reader,k6_user_362,pts_fc9863b688a6b29644f5c4853164637eec63c6a4ff5e9ba5c1a05b4fceee21d2,user
reader,k6_user_363,pts_de499eeb93a91785b9211eda4374a73dc0bd9a34f2686d0e5a597ae00be55ae0,user
reader,k6_user_364,pts_4376ded60a3f870d78df84db758a9a7fe68199d414c5ae1e0e719026077efecf,user
reader,k6_user_365,pts_90dd6f2dce7236c1410a3db03b9a4ec878b621e324f0e8d32d1d78be3fd9f158,user
reader,k6_user_366,pts_00cd8e82d9fec7f477be21a5d7702a9fb81124b4fd2224506ec783a3e5dead8f,user
reader,k6_user_367,pts_c559bb938070a4c36ae915fa8d56682e71755b9b25a981257836e53eb79320c7,user
reader,k6_user_368,pts_62da733e8ccd96ccf89abf6bf9df118b8239bb8bc55b2780dca7f16e68934940,user
reader,k6_user_369,pts_6f7459c1ef446117899536210ba138e32d25783394e4f296756919eeb64a63b8,user
reader,k6_user_37,pts_9157b354c25fa13f373835aa8ec90aa1edd7cebf4935f54e19da7cca7766d325,user
reader,k6_user_370,pts_a91a7e3f87669de7aabdcc7ff1213519243e39fa3b22caffb5cf1a93c5172a01,user
reader,k6_user_371,pts_95b79643d328a9c8ec4b669da831f2bc93ddf73d44588a2bdc74db62b70bfc43,user
reader,k6_user_372,pts_8838d5e86bc2f62cd2de463dff4a731db8d47519f495fb7da3eefd315419c2a2,user
reader,k6_user_373,pts_da536d753d34117a2bd979aa1b858fab6ec8ee88d14801f46bcdf6a09691b2c6,user
reader,k6_user_374,pts_39398f2d3426b3b072c88195363f6e02bbf3c7331b80c14d65841aa707b63c2d,user
reader,k6_user_375,pts_7c74b51b3e387810cd83688a2ca22bf8cacf732de4fa80e7d060bc2e6fea4535,user
reader,k6_user_376,pts_b8721ec8b6c71e7198ce63f8ce9ec654d0f5923bafe98d9345f7e228a55538ae,user
reader,k6_user_377,pts_67c3eb1f6133e16e9305471f6de19eac722479029ce01f4f73586f3987ac17d6,user
reader,k6_user_378,pts_ef25063ed53daafe8cb0b86abb50c81f35d234d50f5cf4963a12bf157c18aa9a,user
reader,k6_user_379,pts_06d66e349bea4752faaf034c8215d3bcf4f678883a45034a3f3d43efdd4ffe12,user
reader,k6_user_38,pts_9d35addd90d1e1ab9afacc9f8a5ddc60552823fe2cb39cda9098a7bf4d0b3973,user
reader,k6_user_380,pts_0c825e57fca6d28aa7ae8bbf24d4f5b97f9028bc0dafcc4553dc8ac4fa5585f4,user
reader,k6_user_381,pts_9450f9b3b7bbba94082cd60c67b221cfe32679ffd5feca629b2d3ecd981fc2c0,user
reader,k6_user_382,pts_9fc52fe7429695e09048b8486afadf35626afebc74d1a20413c1e85c2750763c,user
reader,k6_user_383,pts_1fbd5dc0dea34a1da6be8c7e6ff71e7d27a2d629b7540b9bae1bfcf333f53738,user
reader,k6_user_384,pts_92a404b1a3b1dfcf5137d867588e36c8baa388b8f7ed74b69b8d4cca39634abc,user
reader,k6_user_385,pts_2184010cdf70069769ebf880587d11ef76c3721be5e45f3d8c68dfddd7c84e96,user
reader,k6_user_386,pts_cac8470bbd52cc4055ca5bdf79031b17ec3fe0d429ccdfb2c7ea445d3986b20c,user
reader,k6_user_387,pts_7a349d98b2c1ceb4e2c5db5304198d1d88a61c27d0cd7e806644cded161b3be7,user
reader,k6_user_388,pts_458cabb7c2a7958bf521c683dbab77e6a1f6f08b117cf5a2974199bf0915d6a1,user
reader,k6_user_389,pts_7df06d7641c7cdc940f8d70b7520ac9b2999bf2363a344da4e1381c6e9c82fa2,user
reader,k6_user_39,pts_63772b53021f48593738a1233021d0f0ae14231bc782551b5c85f9e554bf7eb6,user
reader,k6_user_390,pts_64c0348c008a44f0eef34f5d33dd2113a018c8af4bb013d7a62716e67a4c2b52,user
reader,k6_user_391,pts_7b1121261b38f8bf1a63ad631d9ba4546a4223a9f8c192ca60d8c1c2aa0a6dac,user
reader,k6_user_392,pts_d7bb0d37b511e2457715ad1f6263ab1189f3c09c79599e0cd39a70289d33cb58,user
reader,k6_user_393,pts_f02af780a851bbfb8f3a78d45e7c60abb9c5a77539266214e0c553b27dbad63d,user
reader,k6_user_394,pts_c2e9813217b8a198040c2fa21438e618aaa01a83b145f23180dc2f625d39aa6c,user
reader,k6_user_395,pts_7351753c4117b7c9ce6802df55c5d5b3e04c3e8e0a9e0129a0389462e99d03aa,user
reader,k6_user_396,pts_f2bd4809c2e780dcab91c3d5d35d2bc3a7f12ce5ed985040e8bc1ce0e2651ba8,user
reader,k6_user_397,pts_a0181f6b62ff96bb08c549d8698b771edb3b19558caa7e583f421309ab7ea273,user
reader,k6_user_398,pts_1e4fffa4b145ab2f8f2fecc0656df2c00d6491d3059135b9366f7cfeff7198af,user
reader,k6_user_399,pts_14d1196d36b865030aa028eb591e40b5ea6b267e4b57e558e9378a2105b4330c,user
reader,k6_user_4,pts_5b7d171e04f094c3887ff6240d2da6ef0580da2b558dfd4ef5e721fe3ab3c595,user
reader,k6_user_40,pts_2b157d960f8b70d083bf96f59f5e2f96ac87c877bbf44e8a6797dd9ec69e3783,user
reader,k6_user_400,pts_3adb833a8d59e6d09bc6edbd57770d49fbdab3a83edd183a630430911a574cab,user
reader,k6_user_401,pts_59c84f38576915fa9e819e37c1facc485bbe9f9a7c7eb2afff3d0e3e1e2d8f55,user
reader,k6_user_402,pts_311ce7a97c45db0916ce572cd19f30de819613bf190b1d9ca84db1cd819bafa1,user
reader,k6_user_403,pts_53f1d6bff97b8bb290d56e06726e4abf0b6232e550282e61c947efaa19bb362b,user
reader,k6_user_404,pts_fa47cb9cb2076e3597eac4c266b541944737005ff80b9a325c0a3a306efd1a14,user
reader,k6_user_405,pts_58487cf86697c607906e729204b8620ca5d0a852135cf1407d83560da3f1bae7,user
reader,k6_user_406,pts_1233b29fee97b7acde94da3268c9377c793ac826c04ea96b106e87c1e7838b74,user
reader,k6_user_407,pts_91543f19b37c874fd6e7589ceaed76432c8a16d41a899e7e3abc3fbffa8b4a9c,user
reader,k6_user_408,pts_6b5161f68860b31db5d4d2e142b9b28f00062a7b21f50da3fe5bc100ae1dba56,user
reader,k6_user_409,pts_6c7c2a9e773c0dcab4f1799bb8e3f76b86e5ef45c8bc8d4c1c5ac6f1100f0689,user
reader,k6_user_41,pts_c0d1863f07889672abe669836b834c44cc80c66595f6314aa151f741f91f1d0a,user
reader,k6_user_410,pts_b2ed90ed3c98e055b390b8408d281a5a4cfb5c8923b9b29dcbe2bf515a668e1d,user
reader,k6_user_411,pts_511025462f1e4992d2bf53ea211d4185bcb3b92fea9bbbdbd7183c36264d8506,user
reader,k6_user_412,pts_15f97e0a494be2c96c05e1b208559e616ee416c8bc94b8e907505e251c226cb3,user
reader,k6_user_413,pts_625f020e0cac858cc3a9c56aa5061e0e5dd83e6b5e3401749f27594020e3d461,user
reader,k6_user_414,pts_b3e0cbaf1448cb15f69ddafb615fd8a7cbe524e323da207e6cb6974b9e90cb04,user
reader,k6_user_415,pts_50f5ef33032c190040aed8285079a88c0c0a7a9ad91dea4cd9eb75ef23b4ae28,user
reader,k6_user_416,pts_c7cdab3ae44c21dcab307fd71b067fcfd561dc54b46ea464c027da8edfc16308,user
reader,k6_user_417,pts_851a81d63b833621a86b5b77e27a20f07acbb7c4a79048a73e7da93133fb8415,user
reader,k6_user_418,pts_5ea8e66170a327c38eeac8bf4d460f9123e544fa5e31716b31faae8fa64ecfb3,user
reader,k6_user_419,pts_0a2d9418ff9fe4ce5c87a479dbf0f90394e5c4bd540005b8f9bf5fad8750090b,user
reader,k6_user_42,pts_6a96ac460dd0a4ddc0129819849a92de5cdf1f35a042a178f55550166441444a,user
reader,k6_user_420,pts_1c3ac380eb2abeed528b7b72ebd7feec9781c7b9268775e0723f8114ceea3371,user
reader,k6_user_421,pts_1c588160476660aa027f041c5a99c83b23bbcc58b8c6e49c31450e434485ae7f,user
reader,k6_user_422,pts_a924230f725e02a66b2aade1f952f14fd9f4872b7f56af81396dfb4599920162,user
reader,k6_user_423,pts_5d87138416c37a13505e8f98b751fc518b2dfc8b4895dcb3d0416a5ef488f5d7,user
reader,k6_user_424,pts_c829d7ac777483bebcff15092f678540fd2295a54774aba0d2ad098b60e62cba,user
reader,k6_user_425,pts_ed486149bd63e399a21d000970321d1bbf3ce092b5d84d906acbf33a4a4b53c3,user
reader,k6_user_426,pts_f3005a4202facc247c1b980e0f49bd4baa67b08fb901d2d83e621bdeb1766391,user
reader,k6_user_427,pts_04d754eea1765f1511536dbcec70a9966baaf5e8a86bd6ec2a9181839145ede8,user
reader,k6_user_428,pts_6a330254a2a19fee5c9e88ac6aab699f6152a38726c0793712555d3bb9fa06e0,user
reader,k6_user_429,pts_630cef5d4132db5b6c80fe80fd5394482ed9c1624d289fa864be999adb5ca84e,user
reader,k6_user_43,pts_2fc8c0b4f422c783908b3a8aa7fa2660690b15c4ef6bb5ae4181739b9facd368,user
reader,k6_user_430,pts_df6f73173582ba63bd8d6874a5211ae8dd6daf2327dbdae8fe56fa3efe050dce,user
reader,k6_user_431,pts_687177ce727bcb2f3aaf3f3ae69ba8c80e819bed9299214eb5adefd7e37eefc7,user
reader,k6_user_432,pts_5d9e2e7d4e8d07e7849860117f0d892c660a2fa91d3953799fe0541860d98e32,user
reader,k6_user_433,pts_c72e43f75d078c682ac9ec3076fe3aca6b0bb84cb8999d2b1d288d52d7655307,user
reader,k6_user_434,pts_96d90fb28df5139b377d2b263e24674b5994f25b62b6d88f9f5588cb8f3b2317,user
reader,k6_user_435,pts_400a6928b6be9145f42d04a38a5aa7a04d0e8c1fa3bcd66108d96f91c8d3bc76,user
reader,k6_user_436,pts_9091e8c87b7b07dc390a2364e48d597eaeebf8cbd66aaa6b40b5adb7d02dbc62,user
reader,k6_user_437,pts_22a1aa10813f5de3a126bb876e20daaa42b9a23360b44590f88c61bb81a8a7cc,user
reader,k6_user_438,pts_cf682ce968adeaa7f7ede69106a1e9e16099ba18b5afff307e7608c4303f4881,user
reader,k6_user_439,pts_3acb2a63d63789d3577a8e4a5284d1de2ca7c7bcd0e2b73462c2b324ca375117,user
reader,k6_user_44,pts_670523c28dc975e3013e3a06fca767153d08d945f9877975bc664bf8692a7b17,user
reader,k6_user_440,pts_a48715c2aad8d74f32b25bb640f3f4332d5872c6b3f4242c91fa8f4cdfe6b853,user
reader,k6_user_441,pts_9118cac044cfc3a9cdeb82d20e196b23888247702af8e88d36352f1ddfc0c797,user
reader,k6_user_442,pts_31daea36c577b3a2f47a1ac6f128f95f735b6901aa6db84b52378810c0979b88,user
reader,k6_user_443,pts_1b7463a4ae49d0b2237113698d266ad4ca7281084fadcdf487b12e4554b4cec6,user
reader,k6_user_444,pts_9501f1602eb1f913137dadc9d63226017a01fa2fc37dddbc85dd2764ce768ca9,user
reader,k6_user_445,pts_4e45bc2c34ddc387a8a29dc4bdbbd4e4dead446babd1b2220dc1c9a1bd88db08,user
reader,k6_user_446,pts_a78cefbab12e6a72fc2d3f444feac35000ed34ee4599d04d1bb793d7fba93d66,user
reader,k6_user_447,pts_7433737c23b5a56163a8767877d1aae4165fd794808321c2803cfca56a54d5ef,user
reader,k6_user_448,pts_c6a72ba9a9ee1e094bff6ca7ecc6188ef9c177c3ed083b3621684a8f0a3dfc5b,user
reader,k6_user_449,pts_f0c67ff20f79b13ac08000f7deb3f28cd0554a24957cf3fe3defa2f0e0c40f69,user
reader,k6_user_45,pts_37017217aa84abad1f781aa3d7588b33bed7e5c68cf2b2a99b78eebb2595a2f2,user
reader,k6_user_450,pts_00ea7f62bb45ef76c78d482c9123bfb429f5493742f156cc1c39e825b8f26655,user
reader,k6_user_451,pts_2307c1f0cabe9a67a7088b3e7a926ca8655f9555609dea37ddd146787a2970ab,user
reader,k6_user_452,pts_872029a6c163dec53c3133220a8a99a20d3780ca55af1c7126b5f624846ce199,user
reader,k6_user_453,pts_011ecdfb3441465d0c834ea2059ff024071f0a0bcf9e0ea27f818f2585e8b499,user
reader,k6_user_454,pts_1c8ae277d202209fe88842f1545a5b5e78183fb0c1469db1e273b33cc9c4f714,user
reader,k6_user_455,pts_e5bf74c094ff82ecf3b3fe0a1edaf09d1be5d98b860c8a48c69a740013c55bf7,user
reader,k6_user_456,pts_48c35bae767ba5ad730fda75975dcd31d476f8a2d12ab68345cee63412718c9b,user
reader,k6_user_457,pts_f4cd3dc4f6a76e793689e20f05b5aea15b53b752f837e46ff8a21caa303d0337,user
reader,k6_user_458,pts_0f4590c96e110e91ceb109929aa706edea80fb72c18eaa74adda3677f9b30237,user
reader,k6_user_459,pts_e08b2f25ae828fe84e95ee993523e66b1c1505416cd558285d892e4fbbb209ac,user
reader,k6_user_46,pts_82c9f193fabc9ecbf55df209a0a2d4f021921d3bcf0684caccee14e73affe005,user
reader,k6_user_460,pts_886f569dd22bbe7dd02273064d6fea2e7ae8ffa9b88c9f2db00b9d2df1d2cd63,user
reader,k6_user_461,pts_c840bb396a7aeb0a6089fff55a0e991fe05fdd86b1c3dd3751b7597ecf917582,user
reader,k6_user_462,pts_9ba663cdf7f33f842bec8203f86ea57ae735a1315d553ddc35f2b75ee0fa6c89,user
reader,k6_user_463,pts_9c577ab4951a754c0c95deff5cc0e229e4171782d6dd17157f794bdb1b4e92d5,user
reader,k6_user_464,pts_78ea495cb8017d927be952451298c3533f280954f6dc3a5403199673be6b7317,user
reader,k6_user_465,pts_fdbc9a3bcdcd9bc8fab99a003d00cf9afddab0ae42e8f445a07662b24158fd2a,user
reader,k6_user_466,pts_4b954d799e9de646133045b6725d7371a79a75cda317f07c2c0b7cae963c09e4,user
reader,k6_user_467,pts_262f002db5c46f4ab2e0089759ccaba4ecbc3eff353b57e235101a44fb12f2ed,user
reader,k6_user_468,pts_1537e160adb7fb79196ba0a64ef87838673bf6b926de25ae0e378eddfaaed84a,user
reader,k6_user_469,pts_3a367bb2d581c1afbc9fac251a5b51bef2d3b3dc944b168040b483593dd7efe5,user
reader,k6_user_47,pts_ca37322542a8666dc75a41bbc7937faaaa74cf34005887afc134043f1442a700,user
reader,k6_user_470,pts_2aaca8c8b5ff58fee07f4b9e7f982661b69620b1e4e0e5a8804cecfe8a427a77,user
reader,k6_user_471,pts_2e15a5cc86486b0cc380f800d111758ceec8a8b7415885fd357f9d3d7d389868,user
reader,k6_user_472,pts_39473f1901698b0c266dbdbd38606e19a5472a6650f5d11d2f8b9324261487e8,user
reader,k6_user_473,pts_9f62ce176023a33f45344690dc331522ac0a382be18d087d3664722e18075219,user
reader,k6_user_474,pts_f9c70a3e8534b0025d84b062ade2ba67da7ba3f706790a4240748d5b93fa6af9,user
reader,k6_user_475,pts_a5d9b6ca83d0215744638edc94c4b68ddace194fda5d66347121784302bdf46e,user
reader,k6_user_476,pts_f84f2dbfbb12e94983c3b3447b24d8839eb49517449115fb0d083f0a2a198d1f,user
reader,k6_user_477,pts_efb2a134d6f4bf9be4b5436b776123c078621c061be567b37c7a6d663407bfcb,user
reader,k6_user_478,pts_59cdffedcd5e8449a1ce05412c7708a08f0bab9eb15589be9b20c5b11d97914e,user
reader,k6_user_479,pts_1aab01f9aa2a625c54ba2b2cdd6217df3dcfd6e3626d708c0ec118517e89f847,user
reader,k6_user_48,pts_e725e58846273786f20f5dafbc058a7eca9836e0cfea29b4576feb2e6c421643,user
reader,k6_user_480,pts_552e9bfa1b19eec8dd05c2b4d22c32d1c1293e5bc29503acf3fe6dd7fc9e629c,user
reader,k6_user_481,pts_f653f4b08ccf2a5930d465081cf0db4dbef2110738b69db6941da752de39b215,user
reader,k6_user_482,pts_7b3f4fee7d9e5d7c8219250c5a926809063a3d4b591e61ea04da75f1363d9839,user
reader,k6_user_483,pts_5038f4fdb9a3e1cd0092b7f122726d83139fd50cfd23e71678413ac4970ab7e0,user
reader,k6_user_484,pts_34995179914d7ac61ee1d0b466b76777bc4463fdf4f8eb5dfece44bc0c8614b1,user
reader,k6_user_485,pts_860e99daaf772a041fde0a53e0e51bbf5e5eebd891a572702bcf0d3688819f52,user
reader,k6_user_486,pts_50ca583440740e8b0d15f502d8b9a9a5fd6ec8fb0159999b9293d1208a79b9fc,user
reader,k6_user_487,pts_c423f00b347fdae57b826e662d48f9855727c358d6a5043df579c62e8ab4704c,user
reader,k6_user_488,pts_d02772a24a602defdb26959887e96be39a1538111667a94f783f4d4aea2c4574,user
reader,k6_user_489,pts_dacd5c45be59518f4e0fb9d56a86a2950b800259aab485196cf1484cdb192378,user
reader,k6_user_49,pts_138a85663a02eeca9515b3447ceaf413e83a682f606f7d7277b47eb337a0e7c1,user
reader,k6_user_490,pts_3e0a7f95cb536c5a1d4b79e4c4dbd28cc0e98863206713381adb374a03491539,user
reader,k6_user_491,pts_1ae19bffa542b139c1d1fab5182b67174460ed803c26e4baafb6ae5393a72b82,user
reader,k6_user_492,pts_12775e383e52ea533046641a6f025aaa44a3a26e9fd681360aadb08587a9a041,user
reader,k6_user_493,pts_9ec2b852ed392e8dfe233031ff194ec5e99f56e675eafe995d2cc7e997f1307c,user
reader,k6_user_494,pts_404dccc36722d45dd67327af709d1acc96390dda33f1fbe42cf4f58066303ec1,user
reader,k6_user_495,pts_32706f4db267d2979b23562113f727be5649453e3826cb953924c98329a5f406,user
reader,k6_user_496,pts_65497081277392a050df66d04d631e317703de1577f6bda152dc80fe6fc6ab76,user
reader,k6_user_497,pts_82785f14af3f2ae3336f2ce70e407bbe5cd1837e3b4a5a706259b4f9e6c80f72,user
reader,k6_user_498,pts_084ee5fcce308ffb3b92234d994577a39f2116850dffc58687354b90f64a32ba,user
reader,k6_user_499,pts_3a2485a001e4ec35447b43abe30f3cb25e19e989d99685a57cb145932c3747fc,user
reader,k6_user_5,pts_9072a74500aba00ed86cfbacb248b0b41d2dbe3e59cc9cfb5ef6063d597330ce,user
reader,k6_user_50,pts_1294a95f3148fc796dfb4c08800e4b589615e2ff4d0e0ef91bc2357145540210,user
reader,k6_user_500,pts_22e539be8b3900441071a583c298061531b9d58787bd8a0f7a9500adb1c8a63e,user
reader,k6_user_501,pts_3271980af0f9b9e8a644a5d0411c32b42f8d944773732355ffd5d82c6b868c4d,user
reader,k6_user_502,pts_218081c8eef4da5fd2f106f488cddc6d75b72bab0e9de9be07c930661727a55c,user
reader,k6_user_503,pts_790735a21becf824d3ac682ba0431eb79025cd8dea414141e1c3eaad2b8fefd7,user
reader,k6_user_504,pts_ea80b5310ae7ecde9521122159eb84d177a1ac835c7a7bc7e194621fc245fcaa,user
reader,k6_user_505,pts_19590b76f43f0f322634682562d2590b55e33d777f965f8e242af143e788560a,user
reader,k6_user_506,pts_a9e67c291a368c9815abb40ade30ffa8629b1944686104d2b6ddd4f9b6b7da87,user
reader,k6_user_507,pts_77cb465e75f0623ead614dc9832a0f1bca04e1522b75fcee92313514e40ece53,user
reader,k6_user_508,pts_9539755aa15aca9c00d5b61314ba39c8cbb71c97f62339608916938ab13c2c64,user
reader,k6_user_509,pts_2026646fc6fae7736857a7eb7a417f29b73c1a1d116d59f535c9a92648c150ea,user
reader,k6_user_51,pts_d6d6eed1a458a468c43fd0145265a47db1dbb0818688f13d5ae29117cd88015a,user
reader,k6_user_510,pts_2025416abf62b56f1cec9d595a5aab21a5818d4b5694a4e431337a7fdd3ea450,user
reader,k6_user_511,pts_cdeaf0c3ac7df08714576d8107e536235584f20a601311c1872814f8eca947e8,user
reader,k6_user_512,pts_3ce5e2da9b8fd64c955dc03f5dc94f142f248fffb84394751ac64b47c8323086,user
reader,k6_user_513,pts_1ba3841f351e8ffe836c7d67f5d2f220fc9e96e630405d49f984b5b83ccc1771,user
reader,k6_user_514,pts_3b87dae44abaa38f0c7a21d8488084f6e5b059cc545e9340290e4701e6f7627c,user
reader,k6_user_515,pts_c64edc8b10a60df36238da27d37d0a0424f0067b1fcc561183d970f4595885cf,user
reader,k6_user_516,pts_439583d2c862c4edb40474fdbcd2f9639ce88a99677f601effc0d4bced589dac,user
reader,k6_user_517,pts_e57354d105e49dde94def0ef54e96d38e5dad658768dde7a9a91121a09171ebb,user
reader,k6_user_518,pts_c5937a8d4ace55352bfee08c14eedf1081c6924ecb66e47d94ee7f0bb9377102,user
reader,k6_user_519,pts_a079a9c3c8dfc90968f439360e19ff0bf7f049e266a6fb5762d17dba527f9401,user
reader,k6_user_52,pts_7e07fde903066aeca5ed53bc69632ede765bf1bbda90dca30063709791aca024,user
reader,k6_user_520,pts_931f6906790df370b2956536e589c51620205ee42c185534ba9eb2e42dd4c77a,user
reader,k6_user_521,pts_3612aca3289664ec75bc497b15eb516732239ea045f28941c0b511773ae4f59b,user
reader,k6_user_522,pts_ea565b55abd4847c6208a9c824cd1d138a2d22697588f506734cc0b35934f4ac,user
reader,k6_user_523,pts_34c32d89ec11fd5a0e95ebcb21971c7c8a6a462e10159ce2311a6ffa70d7b920,user
reader,k6_user_524,pts_c499077b009f1cf253c5dbfa2b377b578e0b5519a8c96843a0c53d5cbe8b2135,user
reader,k6_user_525,pts_83192c9be84d181142e6c1a61dbd567a7c96e64a7023dad620fe62ca04d96534,user
reader,k6_user_526,pts_e318ffd05d491c47398237b5a093a14d562042c12b6c5c42da10e1a911d682d3,user
reader,k6_user_527,pts_9b8234a5fba9a87442f9415fd710774cf337ec7908e47a195dcbbd9f428344bd,user
reader,k6_user_528,pts_9731a7f414aa4288eed80ada9a103ccf268724a9e5a9ad844382151182debdac,user
reader,k6_user_529,pts_e22718e37149b8e2fb944f041c8d50d7f40ad2a70e33e776954adc1d5ec5e14d,user
reader,k6_user_53,pts_9568fe84e107b6551e10e97b233ac95b14806bab297030786d330ef5f9eaef03,user
reader,k6_user_530,pts_94a5f1cb7235ff378c9e681868309745d5e39217bc85d6e9958c825adc073b56,user
reader,k6_user_531,pts_21bf98177d6759e00f16e94fe3d95e5d2f61d0d0024c0864899c0611b7198aba,user
reader,k6_user_532,pts_4ac0b825fd4f0868543a69c77d3a1e0d522b94d630bfd4dddf48699b02ced056,user
reader,k6_user_533,pts_5cf5ff81cae35b892ae0c05fbd4b687d5beac523ff29ded1db67870da7ec173f,user
reader,k6_user_534,pts_aafc52a3c1a5a0eeeec5815ce22738fa72d2dba504d743e738c97b6b13ee77d8,user
reader,k6_user_535,pts_7145d8542ce5c9e3007d944195e2572139f55d794c474e2f88ae0ffe77075597,user
reader,k6_user_536,pts_34740940271991c7abdf952d3ff9f97c432e5dce889d0ab0b83c3afc40b369b0,user
reader,k6_user_537,pts_b345ad3ab6cc780d7b0d07e47e388e19bd0156af63226537d174caddac2b6446,user
reader,k6_user_538,pts_d3a38b24678da6e0a49985d2dc214c1316339d00d64e6f218b8782cd59256ec4,user
reader,k6_user_539,pts_d036300e8d4270aab6dd6eadf329d4e2989b2cc5057241a25777cf28133b8629,user
reader,k6_user_54,pts_ca9911465c36bf5bd306a5c8e6d91a68dd23683187ee6270d96174809f393b7a,user
reader,k6_user_540,pts_9656de370ff21de68e9f7d9dd1ad6651bbfe1856e30df0a371aea875b0d5010c,user
reader,k6_user_541,pts_c2a56c085dd63f817cb26426761e508ac103f5e0b3b4d6ec645f332ca815ab3f,user
reader,k6_user_542,pts_d7cd2c641a3748841ffb46cc17e378bac3703e1c078eda44bbe2327b90fe8916,user
reader,k6_user_543,pts_c881bf701f440b5b809e77410438608c7de395b16832dfb0dce961cd58ac1041,user
reader,k6_user_544,pts_45ed77ab50fac416c1f746e6c15086f15a6d233f37769bbeefb2af69b74c7e28,user
reader,k6_user_545,pts_9afb5b75b0d83db30779eb82a03d243e6a909533d19468bb9fd4ef9e8498e605,user
reader,k6_user_546,pts_9b193999f486aac1afb1d613bf21cf9c898cca563113b7ddceda8b4f876355e6,user
reader,k6_user_547,pts_16bc7974b1dfa9f1318bae7ae791dee9be289f9fba2a9316cdd9d20b00723604,user
reader,k6_user_548,pts_75411f5730f66f4433bacd246991129251ac8ea575319585fe36839487c77df9,user
reader,k6_user_549,pts_aab2a08b081d5783a9dc4cff4e9a1c6d24050beaa0300f742ca5dac787748d83,user
bidder,k6_bidder_1,pts_292c3852a710a3d90c2c17d727681826160448abf848cd50dbef735565f1825b,user
bidder,k6_bidder_10,pts_89d69d30bf064bd64d83a9f4e01b223e546b0296431f84fcc002e6924a2861b1,user
bidder,k6_bidder_100,pts_56eb2d052049e48c92ad33192ddd80021cd0fd83ad046afe4a1580a79e9ce11c,user
bidder,k6_bidder_100_0,pts_6268fba2946b24524712e0129e7408d7d24f445aa1e601295e169f2d15478226,user
bidder,k6_bidder_100_1,pts_26965ae7f9985eaf79ee2c526081c9f89e2e3792e52c935e9725f380839bdc54,user
bidder,k6_bidder_100_2,pts_1fbe0d86fa3622d29ce6f0cb8df1632eed8bea0c430a4234736b771a487fb2ba,user
bidder,k6_bidder_100_3,pts_a44b34f4232c247ee160095ef85b1755fa6bcc307f0aa1bca6742550143054b8,user
bidder,k6_bidder_100_4,pts_6d705ae4c82b9fbe8ae1626f96436a0866e2b1d2c134d2220c6496dbbffdff5d,user
bidder,k6_bidder_100_5,pts_04c17cfbf58bb7570c2cbce9cdaebd37a90fe1bd75033b9eef8393781d914655,user
bidder,k6_bidder_100_6,pts_7ecf8f5f6c1b50f068d534e76f6ba2b5a75c41604c3ab1443f78014e5a183c5b,user
bidder,k6_bidder_101,pts_47fed115164283597e4b60175fd4c8d379981aa95993024dc546d9f8001e1ac0,user
bidder,k6_bidder_101_0,pts_7660422a485c2183ab8c64d1dfb35ee5fd19f84798c13ce448483f19e612bb31,user
bidder,k6_bidder_101_1,pts_02402709dcca1ec72952e37d587fdb505fd01621e37ed7143a6b3001735bb4b8,user
bidder,k6_bidder_101_2,pts_90edd1d0db1aad36b41572d0bbcde906dfd63f5924d2d5bcf5b815573aa6b697,user
bidder,k6_bidder_101_3,pts_6b8233bce2209cd171a3064560195e1156b670f5287e374ee2ae0781c8bae170,user
bidder,k6_bidder_101_4,pts_dcfa31ef302aa0e821e66bf8077dc602496b0200282ef825af47c7a7aa013474,user
bidder,k6_bidder_101_5,pts_60aecb7625964f5e52c492a6fcbc4c6a42eb5069a8002334aae84591f0dd8b77,user
bidder,k6_bidder_101_6,pts_9f9d57849220b820bfd131f98d0adcfa8085bf5ead44cb2c5b64b275704dd634,user
bidder,k6_bidder_102,pts_302ac8c9e74e05b2d15161740d927a5d2f2f30e3a4829f79e8f560a017fc0bd3,user
bidder,k6_bidder_102_0,pts_899efc6981ca9e7ff4b4357789f2a6a54dc8eebb09dcb58ebb5ae6c847224a0f,user
bidder,k6_bidder_102_1,pts_b22485d4dcadaf88a239ef35c73e27cba79b7fd49f475b17228855c7c81a5077,user
bidder,k6_bidder_102_2,pts_7030f2c5a5bd567f15fb046ec44df1f3fdb85f77b591b1f5b682c2721c0c5e07,user
bidder,k6_bidder_102_3,pts_1ad964bf00218482ba8bd526108583f7f2910f9cb22d02e1b7fba8be92909037,user
bidder,k6_bidder_102_4,pts_312cf657ff501015f7383bfc85eb92201895399a435a29bafe151e7668ab0d07,user
bidder,k6_bidder_102_5,pts_0dad7a1bdbf6279485909f34af245c4ad75000eb1b094749341ecbcaea302ea7,user
bidder,k6_bidder_102_6,pts_2be17effbcfcff8bd967407be411617e427cb684d8d8969440fd569055392188,user
bidder,k6_bidder_103,pts_8543e7d61a9e97af65f1cf5404ef27d6e98ce628a9f83624d85f74ef1e0b21f8,user
bidder,k6_bidder_103_0,pts_aa4526de481bbbc774d58eb8ad3457577f3cee1d05964767047bca8986d9492b,user
bidder,k6_bidder_103_1,pts_087ac68a7362800e9054531c56a150e559cd12c7ecfedb5b0d5f46d5bb546a7d,user
bidder,k6_bidder_103_2,pts_098c50d22ba1e58eee660a65ede1ce9a2135b25a8ed7589853d7c8b5443c8880,user
bidder,k6_bidder_103_3,pts_e1e03c994fe9fe2484de4718bce4675e240fb1e805df52067f88443de0c35a9a,user
bidder,k6_bidder_103_4,pts_eb854683a5c7eebecc5d6a91fb17434d31700737205dede6b5b4190b52ff5594,user
bidder,k6_bidder_103_5,pts_fa16218ba5c86cae4c69fd4f7bb8d89c48c7df46665e08225325c5d2c144ae4a,user
bidder,k6_bidder_103_6,pts_eeb5bf01b377acd407919ef5af51a1d4d22abdde06ed504b59a2b87a3fc5fde4,user
bidder,k6_bidder_104,pts_850aa64eca9176ea315faac6feb18de242db7f8f07404df76db25486e38bd9b1,user
bidder,k6_bidder_104_0,pts_6b463993bb20fc94578561a3e30802d17e9bfde348b97a0e9b58d0177114ddc0,user
bidder,k6_bidder_104_1,pts_7c40b3776d4c193ae89ac41c6f98007b3a2189612192c93ad4fd114103b83b1a,user
bidder,k6_bidder_104_2,pts_c1e46d44a2c807162a5979b3df9496eeb8b8d7778689c81ef02d7178f55bd42d,user
bidder,k6_bidder_104_3,pts_24209a8c6351e16765a99b1b767f965baebaf2f41c649f2dc83f865bdb849f63,user
bidder,k6_bidder_104_4,pts_62650e8fa8a776bf79e4eefd90ba2d1b7c0331e52c81675a94119d7c0c7ef5bf,user
bidder,k6_bidder_104_5,pts_cf9b2126a43fc763d6b08b0fd800b6cd8601cb7af9063a10b4524d23a2617540,user
bidder,k6_bidder_104_6,pts_6281b93399ab807e359fa84809a5be7671362110d3888430f657737d5fa6d02e,user
bidder,k6_bidder_105,pts_3fd650916cda68ba3e4d809fde3121867e941793331cc9a39ff56bcf5cb95aa8,user
bidder,k6_bidder_105_0,pts_e9cd804909c671358fabafc5f29d47b1ec4fe19f03de93f7a1757e66ef15ccdf,user
bidder,k6_bidder_105_1,pts_56c17142f6470e95076cff0e93aac08754f410b5d7171ce343d79e31cc8aaeaa,user
bidder,k6_bidder_105_2,pts_aedbf4e4696dcc77fe10b27d939abafcd0ece5fe36b362a0bcace3f280f0b7ce,user
bidder,k6_bidder_105_3,pts_4e5e93390c08b1afe150be07ba66c80311310a9f692b11a3d815d928bc965d30,user
bidder,k6_bidder_105_4,pts_c8f06342d3f39c67158ecfec5ac56891848df24a66bab0aab2f8702d75c5ffe1,user
bidder,k6_bidder_105_5,pts_e36d1289bab23dea74d16d3b5b515fcf64d396229552388def9342ebb617eb78,user
bidder,k6_bidder_105_6,pts_209ed8b0d6551312bc1708d3a6757168f63419a692dfe21ec3107a1a0b34bd62,user
bidder,k6_bidder_106,pts_22823c2fedb2aac28aa847b106e39e7cd061e193815e59fa37aac0165a843279,user
bidder,k6_bidder_106_0,pts_4de3e65b7c58a2052e6b8b5ea22643cfa892e42401f4020a9f7ca9ec6ea18233,user
bidder,k6_bidder_106_1,pts_b9b49b47defd30dc0b3889682b01e5ca45fe9b2f36d7eb86e935e8a490c00ec4,user
bidder,k6_bidder_106_2,pts_1db08116ac28d8c8ffda200dc6e6638cd5bb8257287dcae34fb074e6120785e3,user
bidder,k6_bidder_106_3,pts_08a704884ed496cbff4ac0c267504a1c5e0ac16cb8b69c343c7edba5fb84a8f9,user
bidder,k6_bidder_106_4,pts_9805bb59ffeb51ce4ab8f21a7017ca5461cb132087e211c6b899417682d48961,user
bidder,k6_bidder_106_5,pts_b587daeb428d7f0118420b20e6f6b050f48c17ccb5e6ad47b2bab55fb4a38bb4,user
bidder,k6_bidder_106_6,pts_5d337080823b78d81faadf0e5a9ab54e46c89e5fcbbefaaf92ac8169e8b7fac3,user
bidder,k6_bidder_107,pts_e081a999c45be764b2e222b09a45a493cacfdd70e6fd7e50b08ca4dd1b771fa0,user
bidder,k6_bidder_107_0,pts_875c36f3a253cb49c2da91cadc50c770087a5cb1e2bb44f35c33e02959292c49,user
bidder,k6_bidder_107_1,pts_720b96b79561deca449446eee0286c71c31fea5515a7d282ef8fd2876420d6fa,user
bidder,k6_bidder_107_2,pts_78e3ba16f137615c437fc48bd977c2092e016e853f6689c812a5c437fd26e20f,user
bidder,k6_bidder_107_3,pts_8fa41c7c8b24b9521571e5d84493bcef3bf4cc9ac61815fa46fb2541982fb854,user
bidder,k6_bidder_107_4,pts_92015acc174f7d05bcaa8939ad7077806339e2a59517f12143bc0a78658ef3ad,user
bidder,k6_bidder_107_5,pts_ac77bf3ab291384ffac2c0da473964e947540584f2ffc0685da3f518f3eab9dc,user
bidder,k6_bidder_107_6,pts_0c10a7ef000b93048552c5307e03c53206dbc5dff9b8cc95e9a6cda2f5e9fcdb,user
bidder,k6_bidder_108,pts_3415441be84c15588f871cb23a447478703c795cb7ba4a05fdda675b8f06f46e,user
bidder,k6_bidder_108_0,pts_6b6d3f35d8fc1711bb2cd8aae9a4101a75fc06f88ba07a9f599e02ff2bc714c3,user
bidder,k6_bidder_108_1,pts_2e523281c542ed31d6e252c8f24dd5b3442f605d8f7873d3ca19491079eff23e,user
bidder,k6_bidder_108_2,pts_999341ac7f5130975fb842a6b13e2da8bb1e08e497742918c13b187b5a917065,user
bidder,k6_bidder_108_3,pts_066be7d9b8b5794ff852616a8ef895c48fc43161d8527f6ccf588c0052398b08,user
bidder,k6_bidder_108_4,pts_1e977524679ee99888638c445b73893c0b1cd306a2ec281560c4d355a701ee79,user
bidder,k6_bidder_108_5,pts_f37d06d87fa7818fd0098c6f3d3a5a2e92424ee6f7cfe3ac8281fa95c2b4ee76,user
bidder,k6_bidder_108_6,pts_250914e24b63cc08d340c9c9e5f0d4f8f64690d19a8013f4ee094e8e0eef3358,user
bidder,k6_bidder_109,pts_2d8b3c8335761056f037eccacee1053b85541f795aa66269cddf1cbc8fa70201,user
bidder,k6_bidder_109_0,pts_8252644b5f0c50861ba6a8597f89d8d6683501a2814c53dd67d1411591f7ef9a,user
bidder,k6_bidder_109_1,pts_c70557241e92964cf15ec778bb20487ce9c5edd481470ebe90e1a5bd4f4d92c1,user
bidder,k6_bidder_109_2,pts_4b15143e9439a6d510743f705b330051b9f70267d72b29d3d3d3a62f3a1b8aeb,user
bidder,k6_bidder_109_3,pts_671b6a0ebbe2bf243cedb9c9e6420aefb7e6ac0f45ed822d0cf59756fd41caf6,user
bidder,k6_bidder_109_4,pts_64ad262553969cddd8a193f44a25f9f6765bddde48675cfe22905c798f6b6d0b,user
bidder,k6_bidder_109_5,pts_91c3a885c2aa3c41473e142c4939fd9bb78fe961cceb995c80db9d5032a8cac1,user
bidder,k6_bidder_109_6,pts_1835a8bf97ea482ca9b158b1f3701dc72332a86aad3f14181e6325095d734322,user
bidder,k6_bidder_10_0,pts_52403c59703b62b4e56fbeff35503172f86933a99a5b3374675035249f45d2c3,user
bidder,k6_bidder_10_1,pts_a75a2d3ea45a17e2a6c741feb37f4e5c9c9b12d0e64564f4175c7da1519c4f15,user
bidder,k6_bidder_10_2,pts_6922b1b5ab8295acc8c06791b65435cdfe612cbfd1347738a5f250a25e219ee7,user
bidder,k6_bidder_10_3,pts_19ec214eb48541d936674679cfe2c5d15e84d1026ef1dc4c61d08c8823a8f7a4,user
bidder,k6_bidder_10_4,pts_178492b39788bdc1d42305647c64aea27e1047d77fe6f63904fbbb4253db2ee8,user
bidder,k6_bidder_10_5,pts_ba10eebf384ca32b41ab5abef9c393c5c21bba0212f75cf013ce5de8b5134ed2,user
bidder,k6_bidder_10_6,pts_d2ae3d0e35594dd63994a61bd167243201b4b7acbdf6bd2e251cadea9908e910,user
bidder,k6_bidder_11,pts_548cd4756454a83b5979977b8ff221bc16601fcf63bf4959d8f8a4bc0b1930e9,user
bidder,k6_bidder_110,pts_185cd59558e8a2ae026ce3eacadec73aa92189c1ce5d77bc544028ac951f0cbc,user
bidder,k6_bidder_110_0,pts_c52b907d4bb24e2f0b0c6f152fb4cadf6bb5be985a79422e25cfea00a55d2e98,user
bidder,k6_bidder_110_1,pts_fc6289196765d45c660970ee6c9dd3ac2dcb64499ee195ddf32beb22f5b8750c,user
bidder,k6_bidder_110_2,pts_7096971e3dfcc4fd473eb5e6220ef6e219a80156c115d807dc8d4ba59666ca85,user
bidder,k6_bidder_110_3,pts_4807ddbabbee1b3dcc896b1e9e0ffb0cbba15ee66aae952a21b0833569ddf07e,user
bidder,k6_bidder_110_4,pts_051f364c79642846cdc50bf45a1c03eb1710e160e6f0c21c837043ed85e38a96,user
bidder,k6_bidder_110_5,pts_e57d91cd93e2a178e3bb4da1dcc2f2427abeb882730c952b197ff254b14a3548,user
bidder,k6_bidder_110_6,pts_10c8b68d3b7ec5d1860da787653b0a331354118d00450faf2f292c8a7c2302d7,user
bidder,k6_bidder_111,pts_1ea1a38c886f25e2a6482eb07f97a5218294d8fac2fb69618f9f2eb61513b936,user
bidder,k6_bidder_111_0,pts_af499215a162b1b502532ff203ba82980bcf9d7fe8a41c72c87df8897df46727,user
bidder,k6_bidder_111_1,pts_484fce5e112076a843defff1a7ad87fb7171476748003dded7dd01b57f49ada9,user
bidder,k6_bidder_111_2,pts_6e6f085ea0b900a9eed0c43176fe9fdf196decda9bdddafb6a3deb03c827452b,user
bidder,k6_bidder_111_3,pts_27576bba156e63e55ffcae52b92f6ee9729ba6d62c91face288ed958b8a19fd3,user
bidder,k6_bidder_111_4,pts_aeaa182e939ce8c2749f84424f57e2f506aa07fe8a7695f6c51eb4718183e165,user
bidder,k6_bidder_111_5,pts_fcc7f313076a9d035703edce87e4e5eb9f891f19c628d469da03c342de27c478,user
bidder,k6_bidder_111_6,pts_7127036a55a1dd4e7048b2ba7f1cb9ea22ae2f0d4265158b1ef3b77ccc732a89,user
bidder,k6_bidder_112,pts_7063370ec750efc37d6580a82ef55eaf3a71260a73b5888b37d2bd0c246c53e8,user
bidder,k6_bidder_112_0,pts_9a8ff6a25fe1bf3c4a97fc0be2926b7e721a9ac401595c192f49cfa5edcd11d4,user
bidder,k6_bidder_112_1,pts_8429e8d2fa79ec749a8e62f036dc09a6cc0fd6a795485b87da6ae9dbc4aafccb,user
bidder,k6_bidder_112_2,pts_9a8cf108785551887c5f8af5a98588c5b9e0d6aa60061bc61474debb074916c6,user
bidder,k6_bidder_112_3,pts_b1d0cc7dfe8d964baa5851b012a24e30259b555fc0b7e1cc8c9e61cfd601324c,user
bidder,k6_bidder_112_4,pts_4f31344461ddb9b2b8d4e3a3b80127f1274ed2d39ae0222ef72c92b9488c8936,user
bidder,k6_bidder_112_5,pts_5e6a389a5e84b3cb69cb41ebf91c531a12ebddfca2ba4d539a9485b69f8cee27,user
bidder,k6_bidder_112_6,pts_cea191c2667a07f07887d9a6d0db6fef16df476ad1c01b0dfc033d951334d12e,user
bidder,k6_bidder_113,pts_b79eb7e7fcd218be0298c3a937d2b823add672dc589cc475e0dc298a2f2d69e4,user
bidder,k6_bidder_113_0,pts_b3bbed6fe0b1110d94d7c17cd9ef9a3966217189cc0dcdbf87f6048e7475844c,user
bidder,k6_bidder_113_1,pts_888b5cfb680277a6159258f8031d7980e598ab85cfa6ac5bcb03135d8e2831a8,user
bidder,k6_bidder_113_2,pts_a5b8ddecdaef6b203d98b07b5ba2d676d8492c668097f3617dc014c7dcad5a49,user
bidder,k6_bidder_113_3,pts_48f9efa8161ae7a1655981ea20b92389847056dc508c59e817b5acaf287ff00e,user
bidder,k6_bidder_113_4,pts_eca98b5905ad0f68dece571b61b9e952e958e01d60101c652c8a22b4558b8a91,user
bidder,k6_bidder_113_5,pts_aea72b8912639d16abf4d7927967978c67650b1c18c14882799d387940c89276,user
bidder,k6_bidder_113_6,pts_a06daad62db53d264aae57eb8dcebe8e843d178c5649c4ba35964818a1c9de46,user
bidder,k6_bidder_114,pts_ea129aa9761a35c16e4e874c7bf7166f39f9ba93928ec4b985261f493cbb9095,user
bidder,k6_bidder_114_0,pts_ee1594a08dc8af0ee3d51a977238857ff632524abd7db303195e54943d2a4bad,user
bidder,k6_bidder_114_1,pts_459c098c3d7a1e7e7c1cc3cd505e14b544ce13f8ee866ecd7b543846781743ba,user
bidder,k6_bidder_114_2,pts_b30d0074e5002acbdf96e1b14b53c4f188a3ea91639b7c5f8f35aa186fd2bbc4,user
bidder,k6_bidder_114_3,pts_c0d92885e323f05fc6a8b0a6d681640a3023e7eb7342bb5714a42ab5b5245c7c,user
bidder,k6_bidder_114_4,pts_0db0c49331251dd44c940bf693e89546749661cc5faef3843afe96c6aafc265e,user
bidder,k6_bidder_114_5,pts_d3000e7f395c32e039ac825c98e62048f0e8bcdb849ddde3abd76a754972ae17,user
bidder,k6_bidder_114_6,pts_3328898d06a4dcee566a743189189cbccc2c5fe6bdc1788d2c8aaff8f31fa867,user
bidder,k6_bidder_115,pts_764e0c1dad940e0443b952dd9c221a292a596ed63b528eb4136a1be90738049d,user
bidder,k6_bidder_115_0,pts_60d3917e1db88ec432519601b5518bdcd5a2a1ef2141f655a83a0aa8cbc6e2aa,user
bidder,k6_bidder_115_1,pts_8bfefbfa250ede173fc8f7299cba1c568ffa7a098394d6c7d60f09362d8e93ca,user
bidder,k6_bidder_115_2,pts_2443b3f98bd85c0581506d7b77f8ae2de0fb807b92114d1be64594bb59dc64c4,user
bidder,k6_bidder_115_3,pts_67d2750d2a44181f9b806ed960e4eafd32abbabb5ffe74fb249630cb7397ab38,user
bidder,k6_bidder_115_4,pts_cbc14afcd478949ac0aca017bac609194170090502d402f49721fed8615091a6,user
bidder,k6_bidder_115_5,pts_aeac4e38e8a794874b1541aeb24dc2ae879aba513479038eeba4072845927a9b,user
bidder,k6_bidder_115_6,pts_3f3c3b9bcb9fa8976e6bba2dd9588af74be4ec5fb1762d5f50efe852560efcb6,user
bidder,k6_bidder_116,pts_514f67dfca0ac3848eb29c5b967943d917bcc3ecd2e8e544c20af1d3c2938c54,user
bidder,k6_bidder_116_0,pts_29b97a46ad64328e27a454016d07028d3b890f994183e39a4d9ea3b58f6e9d64,user
bidder,k6_bidder_116_1,pts_9a0513e197889e45f9d5b32608d5be101ce2e5e7c6d2bf6d9220d9d35a77bc03,user
bidder,k6_bidder_116_2,pts_308c280e806d45566d7ac2eed83c132c605f914698f88a20127642e9d94e7129,user
bidder,k6_bidder_116_3,pts_78da09232a66f2d19680cf2ab9ee0ca24a27713add5a6eb1fca4c884d7bf5eee,user
bidder,k6_bidder_116_4,pts_ca0e8108811939861858fc3598819d436732d73ce71a3c41058889b0dc0ec00a,user
bidder,k6_bidder_116_5,pts_ac94aa4a266a93b7e52841553cf8823f5309b997bbd5cd8486bd2370e4bed549,user
bidder,k6_bidder_116_6,pts_8406005d1ebc0b2f0236e81127a00f77f6250c4bf9ad4442547a37643b7e07ff,user
bidder,k6_bidder_117,pts_e2bde456c78471bb662d1dae7f9ff7f78726b05626b8a4a67abf99a642963f19,user
bidder,k6_bidder_117_0,pts_de1a5b8179d26703aebe94d2eaae19f180e9891601cb13289eb8ed1541775ee6,user
bidder,k6_bidder_117_1,pts_d0028022154a8d29ec8d160939382d887aa1bce28c30b22c7893d5c071feae34,user
bidder,k6_bidder_117_2,pts_556c3347dbce191142dd7f24fd2634663d0c9788bc16a2e1c6311ff7afde89c5,user
bidder,k6_bidder_117_3,pts_848fd7c58eb4a198222020ed34be1b9865d8bcfcdcfa093408c93414a5d3ee4a,user
bidder,k6_bidder_117_4,pts_30a8cb3d8d07736275a1100e74799909d053271cae02018f48a24ccb826da7e4,user
bidder,k6_bidder_117_5,pts_d4464ee376d00debbcbeb3c05b2411bcb027b4eee5e504328b25fe9dbdbe6426,user
bidder,k6_bidder_117_6,pts_a0af28625e38d5f5517d5a29630e051738160aef14833477437d047edd0cbfb4,user
bidder,k6_bidder_118,pts_7ca3dfeeb4cfa84a7fa395fe101c313f5f663e200e50629ef00025eb88d096fc,user
bidder,k6_bidder_118_0,pts_ddeeaacf987e16abbd9c5c5928c8054767b8ca5b7a7b9f0bccee2eb846c8b605,user
bidder,k6_bidder_118_1,pts_173cae08a6470092b1ac73ef4a0309f8ca000481cb3a0f5addde080679829f9d,user
bidder,k6_bidder_118_2,pts_34547e54ef04235f23d231023364ca05e755ec47b07bf3b1dd948f6ec8d2c028,user
bidder,k6_bidder_118_3,pts_bd3097de20858ce1df44e8035d8245bbad901a85116e3f98c590d972b1898ba3,user
bidder,k6_bidder_118_4,pts_19106780b8953318ad023cd915f6f312f1adb36ae3ba7d1abed820030d54a626,user
bidder,k6_bidder_118_5,pts_ce6e7f8c7643bc50660d17e6a1a9b0f5861467777274b222eef9e4048849f7ac,user
bidder,k6_bidder_118_6,pts_94500d47ae292b30cf677dd43df9123454d713a54dfec43c2522b40870773de1,user
bidder,k6_bidder_119,pts_91b96bdbcf3d33113488e176697ed27f3994338f2f2aa4da2c1fd974c94121ef,user
bidder,k6_bidder_119_0,pts_504cd6b13fd5d40735cfb2aa6d39812dd6b29d926c931dd8f71e9aa7ff78e8b7,user
bidder,k6_bidder_119_1,pts_5adb4f3848dadf2985318d0f2ca43b98119e3a28a5892dd60f4da25a8b5c95d3,user
bidder,k6_bidder_119_2,pts_2e30125505a52613b7bdedea5e5677a6bb74c5935b630ea6a448b4f79366f6f7,user
bidder,k6_bidder_119_3,pts_6e8f169ac8fecd42665424434290192e548a401b589a7e40d4304a5dcbc3cc52,user
bidder,k6_bidder_119_4,pts_710706d0c4ee16408a4db972b7d4f8dd2fce5bf365ec4eb7fcfa2bb54604aca5,user
bidder,k6_bidder_119_5,pts_8a6ee3e9f60c89486476309e37ff780e3c43e34793d0e774c82ec6296775cadd,user
bidder,k6_bidder_119_6,pts_32e4299b053c96e95ce9de1367f1064f52db230f85c71f1889d98acee786bfab,user
bidder,k6_bidder_11_0,pts_3723e72a466fd0fe8d69c4bf8f163ff6587f75b985f40091172e39564039c4bd,user
bidder,k6_bidder_11_1,pts_17c9f59df0bef28778dab347c76d65e9cd65848f0a52b6aadc89fe86ca7cda70,user
bidder,k6_bidder_11_2,pts_c16fa0b14196a23619ec2c096c1c3de323eda387bf75193a44164785dea132cc,user
bidder,k6_bidder_11_3,pts_df07359bc864e6e1d112040230681adb1f91f077cc70e1ef43b238f4dbdbb8ee,user
bidder,k6_bidder_11_4,pts_a6be43da7169feabfa11f8b613899d8feb2710cb250de753a6b7bab9f11d1235,user
bidder,k6_bidder_11_5,pts_6968b23e1f8d110187a9063b68d05345b0ea4a2f9d4f2dd62ddec5bea8213e71,user
bidder,k6_bidder_11_6,pts_149e738c520a9b1f2a13bf67a858cb1d5e44c8787e6059a742d4600ddc90d515,user
bidder,k6_bidder_12,pts_5b25474772a443f7279abd638b452f4d1954b9f86b21b385acd10f5a4d899883,user
bidder,k6_bidder_120,pts_741eb9ad9ff102e2be3786520860c6e73b716e8bf8c4eea37c00e866744143ec,user
bidder,k6_bidder_120_0,pts_64377dc870c38f537ae35fac477f91e53c7ac76498bc7a8088d78691c39ccf2f,user
bidder,k6_bidder_120_1,pts_fe3c7421ead42720a11590400063450f511fa305db85a5f65c81bd7074635e77,user
bidder,k6_bidder_120_2,pts_73152d64c8fa034f76cb313cb2ef0eaeb0efd7335124806fd48ad462dbe01899,user
bidder,k6_bidder_120_3,pts_d9a5b9c784bb12a17247131b06c9ef0917218190106ccac5a8b720d865e93aa0,user
bidder,k6_bidder_120_4,pts_30322aeac579680d0ab248eec5d5e3e0615b603b6ff911f489ae2432570e1da5,user
bidder,k6_bidder_120_5,pts_17841c1651c9ede2ecb1fdedc2f3065a4783cc2f44f1987b1ff5a5e1126b314b,user
bidder,k6_bidder_120_6,pts_0ad1754b8e29ea8b622add159aaba0814c9870d0ed8e3f6d60a26c4815fdcbcf,user
bidder,k6_bidder_121,pts_dcdd263c26328fa1085f4c1286b9d0521b3cf0463e7b6f3e1ca4a177bc165493,user
bidder,k6_bidder_121_0,pts_b322e02057a8fd3b737c6643544c26a8da1956504245689e6c55ab401ece6a5a,user
bidder,k6_bidder_121_1,pts_a7ba61f48fe19f268304764e901b696f000a99db0cafeeccbb83d311636f6493,user
bidder,k6_bidder_121_2,pts_d2c6c73c610c90975040e3ca301c937851b780128f5afdc0827911a5ddb95234,user
bidder,k6_bidder_121_3,pts_af35953b1e54f5991eec2a58581b4d4c5f5ab7c420561b2bb8dd646f60532dfc,user
bidder,k6_bidder_121_4,pts_82fbd123c1ab0b92564de70a320257a5cb3d094f947651912130f66a04217393,user
bidder,k6_bidder_121_5,pts_fcfe1864ead5b6fb2423c396d03a4ccabcd71cca415df055b969d1fff456a6c6,user
bidder,k6_bidder_121_6,pts_7c7ac51c4199114a5d28cbcf131709e9987ad650ff9c854e91afa87c409e2726,user
bidder,k6_bidder_122,pts_1204ca496e4e993a90c2ef7f4405439f98600fd60c9e03bc95fe10b170c9dcba,user
bidder,k6_bidder_122_0,pts_c89ea18094e4b886752ce643c2462a44db5084c359a0b3aee4f56162e56f104b,user
bidder,k6_bidder_122_1,pts_acadbaa22a51a9955c8d5b8665902c0a8c6f8a0a8b5d2a788232d23c5f1aa23e,user
bidder,k6_bidder_122_2,pts_bc2960058f1a9fd2bd781225bc76fbc1d9cf5ac3bcdb1363a262d4f82664c3a3,user
bidder,k6_bidder_122_3,pts_306ea7af8fc2b8bb7aaff1193e3a5493b4bd5b12e4ef7a58851526df1e9ea4a7,user
bidder,k6_bidder_122_4,pts_19c6625b771f4fcecd398ea49a6dcbfdc07991c978583515a0556c413bf46772,user
bidder,k6_bidder_122_5,pts_c39923b926f5812a897b932a358441fd3d7881c153b250d8f0c82fe8b7dc1ec8,user
bidder,k6_bidder_122_6,pts_285782b5aebc1e1b53fcce56f9311737da20c41c3e25985aa5b4ac159d2eaf52,user
bidder,k6_bidder_123,pts_4a46b79d2109211e1a96821d37476c41b085faf554e8d8f08410ad9250128a9c,user
bidder,k6_bidder_123_0,pts_ad70c4cf2692fe2523b4ce49a69357bac571437228720e7460dce60d60f97ffc,user
bidder,k6_bidder_123_1,pts_395b4842379146c8b568aa6c2426d2fc6e8325c88c04fe062ea4e3abca437661,user
bidder,k6_bidder_123_2,pts_48d274151a2ad65cc6a7f8179853271b7603d68e6ecb35cf9f4ad7a44416c611,user
bidder,k6_bidder_123_3,pts_f15ce3bc29725cea862df7b5d3d68e21c7f91cfc5aef87fb8f73a9877f48114f,user
bidder,k6_bidder_123_4,pts_ad6ce0667bff3c3cc728a5fc0e5fc563a725dcc3203917133fd756ecdc411fc8,user
bidder,k6_bidder_123_5,pts_09a02aec752363c4572b26b0eb5f2ccb9bf12478ca255fe8837293052713e9d7,user
bidder,k6_bidder_123_6,pts_1c66c9de2424c6c328fb3a9e118208ce296f8a51846f181a6fc8b1015d4efe9b,user
bidder,k6_bidder_124,pts_6054d8999cae5391aea8dcf18c03c93bcc0c7cda5c5c4a3248b4400b3afc5c95,user
bidder,k6_bidder_124_0,pts_4870e81ff4542aa89ed023284d798e41e308cbe5593194aec160da73316ccd9f,user
bidder,k6_bidder_124_1,pts_0bcc6b1e4796ad72a60cde8bca76eb15f1ba88a48e8b5d24f1b89a8a2533e496,user
bidder,k6_bidder_124_2,pts_a4a2cbd7eb7ede8dfedee9682e2ec10eddf31e8d65bd9a01e6b688e74f2df229,user
bidder,k6_bidder_124_3,pts_27d0f35b1bf0b6f1edc3ef9776fae137befbcd629e0f123c5dd2b487869e6e71,user
bidder,k6_bidder_124_4,pts_df4a0f4e09cfe9dd23221e851bba7a2bc0c7e1e55391f6f13f3ba8eeaca46ec9,user
bidder,k6_bidder_124_5,pts_3fe1eaf3b9c01780edcaf856bcb68b58b9759c60930b995da1eb2163beaeb8b1,user
bidder,k6_bidder_124_6,pts_800f0e25ecabc85c0a65eb468ead6313f3c7965849013f62953c4fc2c0f64af9,user
bidder,k6_bidder_125,pts_375596c6bcb507475c0c47d342498e08b82b4c1825fc1f1c8d5cc4e547ec76a2,user
bidder,k6_bidder_125_0,pts_4da7dfdcc6e06358e74f160c2e0320debedd7c5e57fb40cae245df55c010c0d9,user
bidder,k6_bidder_125_1,pts_da6f4f16ad55546d9aff8d47f69dc44923cb2919079128ddbb61ceaed6f18d3d,user
bidder,k6_bidder_125_2,pts_caaf05782813febf7207858c0e8d1007dda3229c75c8d8d3d4f15ccdbbe1398e,user
bidder,k6_bidder_125_3,pts_00816be5ad25170a5d7d55eec5c68ae0f0de536c5b725265f1a44c56b5f74b04,user
bidder,k6_bidder_125_4,pts_c4ac20fdb4536ff779bb036a390f266d9f409e5064f8a13a6a1d06311029cdf0,user
bidder,k6_bidder_125_5,pts_4e48259b0f4a951d7b78f8897428d6f3c12d57c4325cfdaca0b85765a022147f,user
bidder,k6_bidder_125_6,pts_9aeb34a2d69a864ba76c08bdec1d851206f67423dbfe672ccfb8a49f5f9b9044,user
bidder,k6_bidder_126,pts_bca8b8bd6e9d6cb04e5026bb479ce0b9985c27f84f2d1a2d3b806fde4f8dd901,user
bidder,k6_bidder_126_0,pts_925f95008bc881703f8bf2427f604e913e016543f9d02cc7336a7412f65248bb,user
bidder,k6_bidder_126_1,pts_60f3bbf5864779bf7626bccdfa1f7ce234e051c0efd073abe2a7515ed236977e,user
bidder,k6_bidder_126_2,pts_5fcd9ec80a247e3e2abad87632a0d845c2a329b5aa98c7de63ef1eecbc62645e,user
bidder,k6_bidder_126_3,pts_60f00656db7bd6f4c9e3c6211a10bc8ee64ba3cd54aa4f53b860f9a69c2b76e3,user
bidder,k6_bidder_126_4,pts_fe95b7f9edcd2193d53aeb0588a0938e1927fa20614142cd2728927e465e832b,user
bidder,k6_bidder_126_5,pts_2f1083e76bf6a71271186c5b8698dbd4a48725e7f2d4a2f6183e08d7c72b3ec6,user
bidder,k6_bidder_126_6,pts_7c8094cb78a1b656de43bfe69bae18b58682dcc18f2ec308e76fdbad0d3dd600,user
bidder,k6_bidder_12_0,pts_8a41d537f00b578927fa068d0171cfeffbb81372692d258dcc6b626fb682534f,user
bidder,k6_bidder_12_1,pts_6c9c89a5632a1ad06b6b2dca8377bc118c173553cc8d7d88502c5a794fe3f724,user
bidder,k6_bidder_12_2,pts_661c6f059d2ba0c64470812c9a82e2115b9d22351a028257b73686ee577c2e4d,user
bidder,k6_bidder_12_3,pts_6b8f666f6e3a0ac28d14686d300950e14dd25bdb32c88bcd9ffb3c36a79798a3,user
bidder,k6_bidder_12_4,pts_4938a8cb4562b49a8b4842a5bd457e5c555ad839820ba2b2b69a44953411f014,user
bidder,k6_bidder_12_5,pts_5f358224c0ae02ebdd506c7e1353642dc80b0360fdefe6c55975a2dacab8ca40,user
bidder,k6_bidder_12_6,pts_c188c94db995e7f2cb8642d913eb356bb8ed8f72e5e1d75feb9e8334895111dd,user
bidder,k6_bidder_13,pts_41507e64bfab4c4c532deada60540360c9fab5f9eced23c805357147f2db5db5,user
bidder,k6_bidder_13_0,pts_9e5e41ab161795c2c309d09bf885b263add8bb0d8b7539e275a4de938fc81c6d,user
bidder,k6_bidder_13_1,pts_ce87cc304b201f248a5ded20324a06dc51177885ade4e5bd2db5da6c4c1f6343,user
bidder,k6_bidder_13_2,pts_fd57ba0a8dc30cd560cb36e3a468ff81d8b199f96feb5729a6507ee0da54064d,user
bidder,k6_bidder_13_3,pts_df84090d009757b99a081d4d668bb9e5376b53a9a2121bc8159c1f004636257a,user
bidder,k6_bidder_13_4,pts_95a83a95121a7a4a11fadfd60d652dda7c73cdede7b85a2d1dad0def177285a7,user
bidder,k6_bidder_13_5,pts_5960af5511e9ab82d728f7ef840c5c72f216dfe3540912c4cb90b864394192ab,user
bidder,k6_bidder_13_6,pts_fd78c1c6be869dd64193128a57c3a661205afd30a1f5d563344d2eb83ad0ffbd,user
bidder,k6_bidder_14,pts_28ca41e33b79a8ef6550ae66fe93210c516a26737e947dfb981570073cf8fd20,user
bidder,k6_bidder_14_0,pts_28f631823cdf3807984d16fb14711069d2adac4fae8bfa428558ed35282efd49,user
bidder,k6_bidder_14_1,pts_6281456e3326632572abc00f90d526c94fc6fe4947ded417af8601e14a83f219,user
bidder,k6_bidder_14_2,pts_e7c4cf96ad546a32ee501c7fd4c40e862ef4042a0002072d78cdf66dc36221d2,user
bidder,k6_bidder_14_3,pts_d2c02bd9bc6d8883e8afa1256f2f0f03e207c184ad2631e50a0dac63523dfaac,user
bidder,k6_bidder_14_4,pts_2ce8901abaac6169e27ec653664102c7e12a9067d2664ebbc4940dbf8af06bae,user
bidder,k6_bidder_14_5,pts_08781943986fea2b9d63b0e521f80f86ce1242ae2934ae9a61c71a5a23a3e805,user
bidder,k6_bidder_14_6,pts_9e9c55eb8613f91dd28869fc0897f00a36746e888fa315c39b86c106e6eeb422,user
bidder,k6_bidder_15,pts_380c72c982735611db4d44441a7af2a662a9d907c7037aede809b917200008f2,user
bidder,k6_bidder_15_0,pts_16871603b465fc2ae02e2d2e6baab809731712eebf355d8d4fda4d650fc2b907,user
bidder,k6_bidder_15_1,pts_830e2ea48268af22333f78fbf5b3a4b28dd8f1eb60cc063884d80079403bce50,user
bidder,k6_bidder_15_2,pts_7725a8bc685da7dec4609ada011dc5423612eac5a512feb9a1823ca523cc3c7b,user
bidder,k6_bidder_15_3,pts_b6a6f433e7e9704ffe1df93009847c07b2236e49396e76da888c50779cdc13a1,user
bidder,k6_bidder_15_4,pts_80b0795c5fbe41e57638352677984170456244dd6e2ca53effe274371df8d2bb,user
bidder,k6_bidder_15_5,pts_60b91f245b18cfcff4d8dbccc4120e931e2ef5986c7221f89b023bcae7050579,user
bidder,k6_bidder_15_6,pts_2625c4843412973e7f797814e64afe3cbfeb2e4ae1a06ae5dbe31bf1c0535317,user
bidder,k6_bidder_16,pts_5e71b40335760fbaca9f4d77f194585c8112747e25fb8b70673d56626f4369bc,user
bidder,k6_bidder_16_0,pts_d60adc0aedd639563b2bf284f17df91a0ddb8abd3a73de31e896b5fec34a58ae,user
bidder,k6_bidder_16_1,pts_804cd3531e102191ac37084878866cf6a0d8fe97b0bd92f5016d7cdc0900e297,user
bidder,k6_bidder_16_2,pts_2d7db18380cc8f39d2c700bfd65ad5e449fe6a6783d9592fb9c8d2f68036cc1e,user
bidder,k6_bidder_16_3,pts_9081c0ecb1b8c358cfa085296ef7912b5e2b9fcabc580945532d1aa3b021af31,user
bidder,k6_bidder_16_4,pts_4742844dfcdaec9aaa4fe928a3680603e6a55d2219a5a2d9af01e5ff8b2ba0c7,user
bidder,k6_bidder_16_5,pts_a31aa5ed5283421dc9263879e68c077dfe6c81c6a6dfcdfe725f7ba6d26a44b1,user
bidder,k6_bidder_16_6,pts_29d9c44fc4ad94a3ddd84584a5f07478462a433fb45e4964a8f805330f9a9828,user
bidder,k6_bidder_17,pts_8981e6e3717c415786f4ef0104b8ae5320d0dbdf4633745aeffa8cb96aa8a55f,user
bidder,k6_bidder_17_0,pts_db6e94c97a352db1ed935df7774e603c715eeed84c6d7654d9cd4ff9ee2ef216,user
bidder,k6_bidder_17_1,pts_8f23088fe9ffff69d4ae327087dc98d247770a44052eeb17e0197fd885a840a5,user
bidder,k6_bidder_17_2,pts_c6b7fddf91e3e4a5043ea145d71871a83b751fbb828a69c9110ac20b80beed6d,user
bidder,k6_bidder_17_3,pts_d91f96fc59afdc905c20a57d356c5ada231bf3911f8ab616c6f2013072c618c6,user
bidder,k6_bidder_17_4,pts_1edaf89610610001e410ce09c94ad51d4ce1387f46d3e50011c653d55292fa13,user
bidder,k6_bidder_17_5,pts_f84be3eb499102513dec4c452a80239c4ae1fc1125ccc8f4e57ab628c129eb4e,user
bidder,k6_bidder_17_6,pts_a9309703d1bbb26e5210d86d574dfc04783ebcac546465b4c4d9d9d0cd41d4b4,user
bidder,k6_bidder_18,pts_aa94f8ef2de6bf51c35f7fd71b34c78360c85a734a6f704d6d12b87820630e9e,user
bidder,k6_bidder_18_0,pts_140b46b89343cf5ce9f2035ec8298976264149b296bca0d7d20d1d2afd353f84,user
bidder,k6_bidder_18_1,pts_09fbac5819a72b8a654de4775391fd063f499c624545f50c72c8412bed147146,user
bidder,k6_bidder_18_2,pts_7a83bf42758961a853a0407c6cac934328d1a4a2595cf9382cb758eed8790d8a,user
bidder,k6_bidder_18_3,pts_052b10212763e94d3b2cb8cff4b81d37277547d187ef83435a093ca7f269fe50,user
bidder,k6_bidder_18_4,pts_a2dd8c7964358b5a1c01f72a2a4ad1adb73e55b6dc90a893573e551c7390ffc3,user
bidder,k6_bidder_18_5,pts_3064fe0230da8bbe4de52829798c77db7b2247639a67799f8b2a9ff9854bd3a8,user
bidder,k6_bidder_18_6,pts_aaee5fb5133a36f2b4a68e424584b299b1f4b4bb29c8302236180bbddbc63e53,user
bidder,k6_bidder_19,pts_855f066ba184ee437681185c1cf58a1cd9f2137983607bf5969f26d5aff0a131,user
bidder,k6_bidder_19_0,pts_4d1d17db7d01816560c277cc752de495332cc0c8df89ffa08a1a65666b333fd3,user
bidder,k6_bidder_19_1,pts_5f74cc02bbeb51850dd7242b5ea1e1c26052aa224e021fe4a412f75271ae4685,user
bidder,k6_bidder_19_2,pts_8dfbaf7dc577c8fa4b789df691488ff7af767f24894e6c00f24a2c319b5db5b6,user
bidder,k6_bidder_19_3,pts_b1654c170d46d1aaa444a3cf808cf1e65e272e711c4ed9d7b108f4d271fa2b7b,user
bidder,k6_bidder_19_4,pts_28e02d6b00f4fd5e077e4688dacce7b42ce37ac5a0d1ebf9e021085e0cd31d23,user
bidder,k6_bidder_19_5,pts_2850a94a85fa59fd6707f9cf6d2215c5630094f3fc73f246f86e967115c3e708,user
bidder,k6_bidder_19_6,pts_d99567e7c4b578b4963b13bfa5891f771afa1b65139ffaa03b7b4d4e5d163ab3,user
bidder,k6_bidder_1_0,pts_19664ce68881af04e59a32c8edd83f7e0379f50096f507f330dacf35c53af16b,user
bidder,k6_bidder_1_1,pts_8a0fa3ce50c9f25ce31ab9f12fab7c0075816485df250ba0b7dd91d107aa043d,user
bidder,k6_bidder_1_2,pts_6342b51859d5ad733fb4c1487fe5b46cb4f011d63193b9eef016f7f64dda2088,user
bidder,k6_bidder_1_3,pts_02fc6fd72b60626048b3cd6621500ca447ae260babeadf62615a3527c07a2333,user
bidder,k6_bidder_1_4,pts_c9dea1498952b88227ca23af66c92d6ffdd8710d4572add77a72b8734000c4d4,user
bidder,k6_bidder_1_5,pts_a7c3d5af7d815756f50d0d33d15b90e46d93563a8069054c761c113bd22f52f2,user
bidder,k6_bidder_1_6,pts_f6b99d4c9a3a75f1e7c333f84d57f6011668a3753698842c03d10196777935e8,user
bidder,k6_bidder_2,pts_760d0568d04f36e942e9a0b724ddd3b22e15fa36356de38925cd406c7cbbfab2,user
bidder,k6_bidder_20,pts_a71094c6f65c58c19c4de101d9e74a9529aae17ee5ed94b4ffebb83788439f96,user
bidder,k6_bidder_20_0,pts_1b0521e0870fdea8796e853e435f7714adce3b3369e2cef3fb5119421365051d,user
bidder,k6_bidder_20_1,pts_1d2c9e6b71e3f56c94132d84cf1aad205fdbfd0d12cc6123f647662a7d9043c3,user
bidder,k6_bidder_20_2,pts_07006ee70476580b29804b29abceef196e6d2a11e70c0eae87fd04da9cce8869,user
bidder,k6_bidder_20_3,pts_7d863813285b80b22530170ae353e16e737a1aaa745a61dbd9e61824ae3c9f69,user
bidder,k6_bidder_20_4,pts_8afaa93b8a91ed181807f25400352fa1987bea1144fc4837470a4831ef56a5e6,user
bidder,k6_bidder_20_5,pts_9919d0d7c9237852edbc0b85837faaef375596519e3e11b33da32354ee4caf26,user
bidder,k6_bidder_20_6,pts_bad2be9e3f62b738b58005c1704f3177d941bbc759e613f98a60891ecd76d037,user
bidder,k6_bidder_21,pts_6846a9ad90a23e2a0fbc5656511dd952cb5a8637341ca8969eda1ccac716c35f,user
bidder,k6_bidder_21_0,pts_2ad2e15f391b33986a02727ba27a8aa91cf3a7cf9f8002be8e07b25add6df421,user
bidder,k6_bidder_21_1,pts_eeddb4c51901802ad07d3bdcf9da23d1def92c0cfa48641beccf3de1722d9795,user
bidder,k6_bidder_21_2,pts_98bd19c8dd2abe688e49b48d1268869749d84ad95984eafaf1d2a895e049b7c0,user
bidder,k6_bidder_21_3,pts_d7b3080c1ad23abde09e4c453765c006d7c57e08b136990159a0a72a8c04790d,user
bidder,k6_bidder_21_4,pts_4432051494cb488e1649f676c2d35b0427c201b798e48b692b333746c3d88215,user
bidder,k6_bidder_21_5,pts_2625a42e4b5f875aee0d3a5538f7c6612da0651e2daceebba678305a61265759,user
bidder,k6_bidder_21_6,pts_7d1f6a1470a1f292f8bec69b2d21d2ba8b20ed7ee386edd8433d858055505cc7,user
bidder,k6_bidder_22,pts_b597f16f2f23c3e9412bcaea53695db0689e4bd893e642c0f28872b4e3a06fcb,user
bidder,k6_bidder_22_0,pts_456c75b8570b1c9603942a15af857d58a5e7d1f5bc03f409230d523d8f5954ea,user
bidder,k6_bidder_22_1,pts_b7b98eae4b3ceee8572c6c868aa98ad6b9aceb75dc4534e10385a4a78a45e741,user
bidder,k6_bidder_22_2,pts_1cad0065cb919f386e8dce6e3d65e331c2e2b72da077ba2db07e0b0f275e60fa,user
bidder,k6_bidder_22_3,pts_da5271a1637a98af854a2b1bbb3a7a4059fd532a05240513e3170918585389a4,user
bidder,k6_bidder_22_4,pts_c4ed1f4cef14bf895559d86e448b6d338a85d1ac4a614b3b316f9c038cd9991a,user
bidder,k6_bidder_22_5,pts_27cd6eb242b5c3bb3c63e9ed2e5983ce09f426e8f7c97232c93b3dc6819b8585,user
bidder,k6_bidder_22_6,pts_6c322eb224bb18ad314560384153e55d2f82c9e06598226e3f76e2db3aa4f117,user
bidder,k6_bidder_23,pts_ab6f85591ababdfe7f7518b3e8729d97d247e8a07678b2667618decae86473b5,user
bidder,k6_bidder_23_0,pts_02725a8922188e55aa31245fd607a9208006917c03a9955d054c39f681f7424c,user
bidder,k6_bidder_23_1,pts_be1eb1b5c801262a5cde1d9281e107012a61f109a62faac7aa63fd0a089cf254,user
bidder,k6_bidder_23_2,pts_77206c2ba36fd24187fdf8b1f2efd75591ff9a31b329668efe9d350779ea769a,user
bidder,k6_bidder_23_3,pts_fab2d4c663d901480eeada343be40633a8caa7f8a9a4304d73d0221847efc6a4,user
bidder,k6_bidder_23_4,pts_28df3c7a6ff02c2a486e8d5a703bf6fa283d8f54953b7b87edc13f71eef9fd68,user
bidder,k6_bidder_23_5,pts_6f8e0e4912c83230e8003c9b9394fb00261f3a38838ce3943272155dd1f8365a,user
bidder,k6_bidder_23_6,pts_358e4318b12f4bc1027566f436aa89db583eeafebb19c28a9c31118332e7597d,user
bidder,k6_bidder_24,pts_618bd4952cee9253ee23e0a47a3d5b7e91754738eefe0c69a21731e4accc337c,user
bidder,k6_bidder_24_0,pts_255a8e9de0855c85005539f5dfbb66da2bf7e5c132507cb18371147356688673,user
bidder,k6_bidder_24_1,pts_2b1f0d393244361dfb24517a539be37a5148b27b78dee610cb5c825e775ce3ad,user
bidder,k6_bidder_24_2,pts_c98f5ae7ea944d79da33f6acf67598fe88f007124d6be578eab4797849c82d6b,user
bidder,k6_bidder_24_3,pts_04b70979dbce4aea3881fec1a76e88b29a103119f4bd9dbf19b2706162e41c2a,user
bidder,k6_bidder_24_4,pts_f95b4fd3a667c560136564d8ca6e49c01988651dbc5453327a32b7497399648f,user
bidder,k6_bidder_24_5,pts_ec0719eb82dbe2d2319e23c371c3040fda6322d688af9bbb2d0834bb85c0ed3b,user
bidder,k6_bidder_24_6,pts_c89730c8c0112870f419f6443153cc153af01b9261c068d41c6e63ef1b1133f8,user
bidder,k6_bidder_25,pts_075602a03d9c55f242c524dabf7fa34f74f12f43b891173b66d3a07bbe27c366,user
bidder,k6_bidder_25_0,pts_378f65bab529e7b9bcf30daf43bc6619ee7aa41ad31ccaec5f60b1abb0ad45dd,user
bidder,k6_bidder_25_1,pts_80dc1e82863e3bc81ca32b41ca6cb36394dd456a0eddd4630eba60c3e1baa642,user
bidder,k6_bidder_25_2,pts_fcad63940558019896383cb90ac385535057a2e0c0fb00f5eda70540eb6bb098,user
bidder,k6_bidder_25_3,pts_3ecddaaafe70578992e32012633ef9ff231cee572df532c4f433eeb23622ecc5,user
bidder,k6_bidder_25_4,pts_fdce9898560fa79a6f5987d1a60aedb81d4ff14b73a6328f8ff9a2b015ab0a03,user
bidder,k6_bidder_25_5,pts_c88327e219829ee311315a61d74a51a2424319a7e6c74807451de886934b4cb1,user
bidder,k6_bidder_25_6,pts_5de4da60b7c45dc5d648c4281b22a2d3528c79ed05731c168d5e7c07cffeb705,user
bidder,k6_bidder_26,pts_5c053d3cd83b8152ae79ce787cf67efc31894eea3b1a22f1ff718a08510f3f5c,user
bidder,k6_bidder_26_0,pts_500b567a2b0c6923becb19aa6ed6165526df944f78e59f59c0b9adeccfd23910,user
bidder,k6_bidder_26_1,pts_4fbc3e897f488af437fce39c95ba5806a5b0b0f26b41f5d6fd79711ba13cc10a,user
bidder,k6_bidder_26_2,pts_544c3722bbee0939a8e6c4f2f071edf3424682c08c4631a23b2fed07f3d36e3b,user
bidder,k6_bidder_26_3,pts_8487178efb225ae8fa1b2f3ea478101836e6bb4bcaf9e0ae2972fb59aa5149d6,user
bidder,k6_bidder_26_4,pts_d9a0c76495706f56c2476ff182d0513b6bf62bdb9644ae12a7f488d022ed0d3d,user
bidder,k6_bidder_26_5,pts_635aa9e6d31aff67ed77738e800db1c91c8e8f36f066027eb6448c09119953c5,user
bidder,k6_bidder_26_6,pts_d6a0d76cade06ef2bc00f19ccab4bc07b2585135adcdd8f9f67f32e8b89676b4,user
bidder,k6_bidder_27,pts_de4060e10f5f080b3ffdda6db1b61b88141dba75903ab1af9b11a60792011ab0,user
bidder,k6_bidder_27_0,pts_1fb05f01feff94159b81ba8e4a933ddf4f9a0029d171c2c547b93e5ce246e931,user
bidder,k6_bidder_27_1,pts_97998d2d4fcc2e87ed57025673f67f2eb53fd8e7955f381ad33957ef21d37d18,user
bidder,k6_bidder_27_2,pts_44ae9e77ff0b4fdb26370525761f7dbfd74ef40d6928df1162d14ca9cb2f8f0a,user
bidder,k6_bidder_27_3,pts_1d9925e45743a059bf9c2739db296b2188ba64c08ff0bd5bdefc4f586cb023dc,user
bidder,k6_bidder_27_4,pts_11d249fc4d38855bddd1bff410ae8862cbdcda0a1f8736edcf49bd74cb4bda5d,user
bidder,k6_bidder_27_5,pts_1e5e30cf9c8e0b7967d3d8f50499c3665e4d249035466420ae0cd2342e836ef4,user
bidder,k6_bidder_27_6,pts_f926102204a94d6bd89668a64ef45749c623c0a88c20742f483a16f145fd3863,user
bidder,k6_bidder_28,pts_05efbf0f7390bdc5673a6377952732ede95ebee2dbf4ea00a2397948f86a152d,user
bidder,k6_bidder_28_0,pts_e277ee7c6223f8fb12f0d0c572d4f7caeb7938538b94e9957da1bee13dac9593,user
bidder,k6_bidder_28_1,pts_114d97c94b05d315ded4b7abfc1ee397490ec3a9af82946b5b04009fc1d27b8f,user
bidder,k6_bidder_28_2,pts_bcd157b0759f6ed9aa407796568663dc8d173fd1501c9aa7b2110abafa4772c1,user
bidder,k6_bidder_28_3,pts_b659c9112caea38faf282578997f8d05ff018f1ed918a83d9971cb87db6fac74,user
bidder,k6_bidder_28_4,pts_723edae89ed58f8ee886296c0be7f1a721701e5632d4882e58e57d770c447106,user
bidder,k6_bidder_28_5,pts_7c79e1b46d8cebdf89bc699899322f3caabf30347c28abc2de8aae0a404dccb3,user
bidder,k6_bidder_28_6,pts_814860e0a8bb9fcd95865d94d1d28dc2ebe76ecdb7eb7ab64b44fcb03eee8757,user
bidder,k6_bidder_29,pts_6532ac0d4d50898e012e3a329a5332e1a0ab722b8121d697e577c219c588e884,user
bidder,k6_bidder_29_0,pts_c1a01d8fa505be922409bc7f70685f736c6764604d0bd53edaac62c0c9c0d572,user
bidder,k6_bidder_29_1,pts_9fc724a6cecf93d2e85dd076e2bb8593c255aa8b824b2774e98415e2efddddad,user
bidder,k6_bidder_29_2,pts_4479440426c34e1b99a2937718658b2fa9c879e12307387b9ca50258fb6f2086,user
bidder,k6_bidder_29_3,pts_d7b4abf479b7c68560944b1d760906af7bf63caee2f2c284d2deedddacdad0da,user
bidder,k6_bidder_29_4,pts_d1870fec53bcd1558e87fc8cb13f8c68643359e4d33d2c0f4436d40763bba98c,user
bidder,k6_bidder_29_5,pts_ab7a6aede0d4fbe9aedc4fb041dfd148c42565fd044d0a6eba3e0fd07184db95,user
bidder,k6_bidder_29_6,pts_7e18424eb73f7cbba01e7876269104010db62653f8397238290cc86b0d5ac01c,user
bidder,k6_bidder_2_0,pts_23544ca26ce54da6e5dde1b0a65c6baa0a52855f44bf5cca678164921f457ccf,user
bidder,k6_bidder_2_1,pts_aceaa402e7e8c81ff7734629deb2e83311c93d188b9356df66a210412d965662,user
bidder,k6_bidder_2_2,pts_1c5c2e64b6fed1e7fdaecce09f9d62993f0244e4f2fefda1bb736ff47f9adf94,user
bidder,k6_bidder_2_3,pts_fc839b766d0bb08a8c709538a4cd8f50c4d3a9c8d671b223680fdc3af724c583,user
bidder,k6_bidder_2_4,pts_2165f49ca392902957798d8d60046ea3142f11171934aad7ce7d33e52f2dc448,user
bidder,k6_bidder_2_5,pts_762ddd1aa10d6876a74f044c5e3c930eda08e7b6f6460f50c4c4194c556276aa,user
bidder,k6_bidder_2_6,pts_8b8b3f1382d7fef2b5be07be729c0321400471aa2039603047887b5e3e9f0045,user
bidder,k6_bidder_3,pts_967f25e084a76e380ecd3bc3f1fbcade1cb1dcbc6181b2cf0ebb49d2f95e0cee,user
bidder,k6_bidder_30,pts_68f40046afee77ec79c88fc84baaee0eb66b62d5f214ee9d2b1a75de8bc08942,user
bidder,k6_bidder_30_0,pts_fba19c6d990ee642d0cbdbcb168ec98adb91899fc0fb9e8d13d9d1be794c6546,user
bidder,k6_bidder_30_1,pts_47ec5aa744a82de27dff48118f95185104541642eeaca99be4bf179d51492530,user
bidder,k6_bidder_30_2,pts_3541774d35fd022d776eed6f1d614e28706fc8f29117a7928c405f623b0a0c59,user
bidder,k6_bidder_30_3,pts_19a01a15ff3cf3c996037595ad0b27d91c3e85cbbe7e20b6728a2bf6128b161d,user
bidder,k6_bidder_30_4,pts_d7a66ec29ea90c1dd04f6fe812d6d9e6255f4dae9f3e39cc76321e3123591c91,user
bidder,k6_bidder_30_5,pts_479d5b3c1475a1c42ffcca66f65c124ecad67995704131522f1ff8a45b70db68,user
bidder,k6_bidder_30_6,pts_d69357a873074b9ed9f00afc70f46701528a3b82e385f39281c542bd129d8e7b,user
bidder,k6_bidder_31,pts_f9308c1097c3c9e1b0802fa35899a3439b9fd05e92111be700045575eaa4cd15,user
bidder,k6_bidder_31_0,pts_76185f59a2bab50512a0c3e56a559a27788ff3574df18285be80fc6672a64a40,user
bidder,k6_bidder_31_1,pts_1758d21ba536eb33c4d2baede109fbbe0cc565445ba4977cc167db1838c96944,user
bidder,k6_bidder_31_2,pts_0b6f549f95439af697ca9f06fe6e4e6b7599413045b0bda0bf767fb61b4f9d1d,user
bidder,k6_bidder_31_3,pts_f5f7324e27109b686f0e84f02acd59a0a684c63f4f9398c969b8bac0692dfd94,user
bidder,k6_bidder_31_4,pts_eb13a5487d6e0b59a70c2b83452b1d22e96f194a0526d1bf698e79c2e2798aa7,user
bidder,k6_bidder_31_5,pts_728fe85243bcda8f241ec041b8e3fabe49ad5a136121ef2e112dbf8effbfdf88,user
bidder,k6_bidder_31_6,pts_e3abb606cfa34aefc2bd9f27c87174a9c377890fdba55a5bb3d31864e2f5e4a5,user
bidder,k6_bidder_32,pts_c9d677e40758031c3a00c2d9ba0eff5cc1aea38914c2668ae509c881ff396566,user
bidder,k6_bidder_32_0,pts_ebdb7c6826fdfa2d967f666ee941580095c84380beafa2ae559771bcb50b7261,user
bidder,k6_bidder_32_1,pts_d17e500813b345b47f0b307286e30efe999dc33b02eee7e01febb8a20bb988c0,user
bidder,k6_bidder_32_2,pts_aca829049e1a63a6cfe4a8bc6812cee0034cc212d8c80c1bc59ce1d3b600199f,user
bidder,k6_bidder_32_3,pts_486d46a65bd24f9efd7c3a395a9f7c81e46571519fe476cb93d884d97459d5fe,user
bidder,k6_bidder_32_4,pts_d213840116db0016d86369ee2b3fccdc30eb9057bf005e77aa6e8ee51a86e10d,user
bidder,k6_bidder_32_5,pts_08f2f1d8c61ffe06050a305f955bda1a6d3471f54441ba7e157bc0a71ca6482d,user
bidder,k6_bidder_32_6,pts_2fb58b854674ccc9ab1256ca5adb364a338e961a934c6270b660ce7b6b4cd17d,user
bidder,k6_bidder_33,pts_f2d6bbc536620976143d70ca6b1105410b3dc335f08ef754c4e85ded3c4bb238,user
bidder,k6_bidder_33_0,pts_5dced2c17b56ae8f62d46abc62ef203352edfed200cc7e89e72f29687ec5d668,user
bidder,k6_bidder_33_1,pts_3a8af242ee9e594f3d58bdacbeff4c32723a2812300d584300c3bb2b14061d3e,user
bidder,k6_bidder_33_2,pts_419827080cac78f4a87165a597511e99f52b7024d00af9197d4961d401d2433f,user
bidder,k6_bidder_33_3,pts_13389099871771bc1a8a32e244c8c16979ab44236cdc844067aa8d57331d67ac,user
bidder,k6_bidder_33_4,pts_ae4f5ca0e6b3d089a375c2a33a9d5822330fd672499f0762efca3b738ccc5ed4,user
bidder,k6_bidder_33_5,pts_3297582013d1138f01546886e250e406574c02d9067ff03a08ab9bb25268c1a3,user
bidder,k6_bidder_33_6,pts_a43eca27d7df9979731853aaa9663cebde2fb5d2f87f4800fd025ad28302893f,user
bidder,k6_bidder_34,pts_5b8a0e2fcef3f28e4b140c1d7fe72030456b9920ccdc26f870185348e15297b4,user
bidder,k6_bidder_34_0,pts_7d3c96ae8d3ae9beaa39f0abc7af1aa2d489ae438efca9072d7386edf499d024,user
bidder,k6_bidder_34_1,pts_e77dfa876b2e051ebe054f1e8028074d111d4fd802fede412411fcf88e7d31bc,user
bidder,k6_bidder_34_2,pts_767d2b0553f20b5d5d70f63cd8374a4c84205ed1bc548a9c5aee3b59dde76ad3,user
bidder,k6_bidder_34_3,pts_07ac6bab1d9362888a5ddfd25aff56089d87039cd2999f88fcf842e6971c5e5d,user
bidder,k6_bidder_34_4,pts_decb282dc8a141f2ec6e0e0294de858ffd6fef60cfc0b1e8436ca2d0153659fd,user
bidder,k6_bidder_34_5,pts_ffa73f16814c5226e5b88ab45ea95b19e38f041815e473c432f8c4c6c1830dc8,user
bidder,k6_bidder_34_6,pts_fc76ece73439c489b97f6957b9c689b01af3d5738925eb0ec629ced00bcce7ac,user
bidder,k6_bidder_35,pts_43136416548db279800014a86458e06786e11cdc3f3dfa56719202ffe1d5300d,user
bidder,k6_bidder_35_0,pts_679b2f95c4f3bd41fc8f7dd00fc84392feded9649e9195c94bcee7498f619987,user
bidder,k6_bidder_35_1,pts_bb7e710c9bd9e0030819f9b0f2c688ffbc9e928d973895b9f69d6bf3e6d51fe3,user
bidder,k6_bidder_35_2,pts_99f9aa62b60508e419aac2dce39567b53c7ad6385ab3070f49f745418ae56e30,user
bidder,k6_bidder_35_3,pts_d47ccb2830555ab9e2a4a7ef46e85d94f116a48944eaf2c0e172162c023d8fc0,user
bidder,k6_bidder_35_4,pts_c2cf236fd4f33c3cd8da47c682898054bdd8a53b0ff21325eabd1febc5503547,user
bidder,k6_bidder_35_5,pts_3a01854cc80465d99caddf959c7c175cc538e52aa78954b42bfbd65e06168656,user
bidder,k6_bidder_35_6,pts_d5a45b5103ec93cb0484b686792262bc8a332db2bcbd1b54be18b0ff8205d30e,user
bidder,k6_bidder_36,pts_17a7d686ef15937fec611ed6f1e439f0027b2b6643896888eee51a3ececc7b03,user
bidder,k6_bidder_36_0,pts_da88918b6c5d3105850063ac75e448fabb25d80c914d62d5683844e4b5941eee,user
bidder,k6_bidder_36_1,pts_1a605d90a785c00dad29303de939d3451b4d4f086f2349fe19a75a1f9fe8d8b8,user
bidder,k6_bidder_36_2,pts_ff10578ea99f39c2ca5bc5f1eab0a19edbc3fb14fa8f72ba7046228629fd5f7c,user
bidder,k6_bidder_36_3,pts_9527390e33a6e81fb12f9234fb64e92b5cc20c7b81b9a8bebd018c8bdcb1b7b8,user
bidder,k6_bidder_36_4,pts_91d2670f4f22984d29ffa4e3724e32ab9c0944b1de934ca3b10d858b976cac16,user
bidder,k6_bidder_36_5,pts_fd83cb4090a360d4381485dafdf61b052eb6955c99561b388d154001f1fc32ec,user
bidder,k6_bidder_36_6,pts_2e61ded1f5b9b1fc36ce9e65081be314eeb6bb38c121298d97cd99f5c6ea1872,user
bidder,k6_bidder_37,pts_92c60f169dd1fbbf1a01aa3ebcf198e8eda3a4084b6f4f530c40b01ac0d46592,user
bidder,k6_bidder_37_0,pts_ea03e5ca5db60648fe2ed6956968e9a6ae200b34d1b793a244b5ecd75fb788b8,user
bidder,k6_bidder_37_1,pts_cdef0f23d6fc9df9f863b4b2a1726ecb9e79937c8a87aa6ad2309d0de2f854a5,user
bidder,k6_bidder_37_2,pts_9a7d8a4b61a48e2a4c5f3b85e5f14484bc8b352f2715dc1ff5fe1fe52f191782,user
bidder,k6_bidder_37_3,pts_aafe36e5019316a19669efe386245662fa85d168b5592592e6a8eed3df606db3,user
bidder,k6_bidder_37_4,pts_caead9b26aa8bbc59fca16b475d3220e81050d88d7edcadac950f245186978ec,user
bidder,k6_bidder_37_5,pts_5ad57e3e66b9a80813e5a2c47d335752dd3bb301c439b36e02f0ed4715f6dcec,user
bidder,k6_bidder_37_6,pts_525ac51afbd8efb94520aa02821b040795213dfff2a0ac9c3a56f8f6cc7a946d,user
bidder,k6_bidder_38,pts_f26f85cb8180dc2db58b44bdd5d5fe8844edbe6b7b1c64d557546a023df03db9,user
bidder,k6_bidder_38_0,pts_ce7208e9603c9b20d714e3951acbc3d244de5c667c2af2f3501d5ee871a3c8a0,user
bidder,k6_bidder_38_1,pts_92ee48e3a45b1ba032f0b89596bc699b39262d81de81b334c7172bd21905f02d,user
bidder,k6_bidder_38_2,pts_ad78af29923a02d2ab7a4e303d544d2bac4bc8b8c22365e7f1c26601dfe50fda,user
bidder,k6_bidder_38_3,pts_3de59862637074a4e80cbd1ba1637970593f6dcbc4386c17e2a04adea7616002,user
bidder,k6_bidder_38_4,pts_ef327de845d2985d2f18dcaf4eff5c748191c5f16813918c0215a9442500e7b4,user
bidder,k6_bidder_38_5,pts_64cc961dfe6c72ec6f5e489b1b414f0d9cbf001d8c50a88fd94ef5a74c3f8124,user
bidder,k6_bidder_38_6,pts_5e29e79733a1120f0ada92bc865eb036eb99bd44ccbb60a3bd0a6ffbe2b93b9b,user
bidder,k6_bidder_39,pts_5030a505ef25357e41588a6179dcc14a709a40ee15e3386ec7cbfd1800cdd985,user
bidder,k6_bidder_39_0,pts_76874ead89f5e56fb58092e5c9d5152076355ae1d5e5ead047a89b2b80b55e80,user
bidder,k6_bidder_39_1,pts_417e5f637ee2f69c3ad7510b95798b6b770037ecd98337fd6f364576ddfa34c2,user
bidder,k6_bidder_39_2,pts_e0785b001e077b420efb55a692115ea58979b81e9484ca4d1a2fc4ea9372375d,user
bidder,k6_bidder_39_3,pts_f2ca0c3aa886de15330cd80bf814e22f87dc95e90ab64539ec3aef539ea5ada8,user
bidder,k6_bidder_39_4,pts_79bc621f302792681e4042237bbee0a75f1dc8989fa0386199cf00069f4707a1,user
bidder,k6_bidder_39_5,pts_1c3b72ff1fc8f41f7e93ec2d8540feb8d375790965047008003e1b243a061b5d,user
bidder,k6_bidder_39_6,pts_d108e335782ef98506882dcec3bcbb093ad2a8b5c7a018c5bf86297f5d823fd3,user
bidder,k6_bidder_3_0,pts_8e074ab1aa04ffd5810991cf44d97a965b11e2bfffb4da44a1b946eb74270382,user
bidder,k6_bidder_3_1,pts_87bb75fc660fc19b2f9cde3a9afdd96c9500e86f18e2d1be032f09fa9287034c,user
bidder,k6_bidder_3_2,pts_28534e9510fbca26dc0aec2a3de7a037b209fd9efd72c9a32900cbced5385a43,user
bidder,k6_bidder_3_3,pts_e93273c61194f10266d985a245fa8e8511fb1437f3ac31f56987ce8452b83989,user
bidder,k6_bidder_3_4,pts_db590acb84dbe393f0851e85a304420a2d55635c3a933c8f122a4249645fa014,user
bidder,k6_bidder_3_5,pts_56bb082f6679f09e75f77a0abb3c64564a1b94bcbe1f4b4d6e35d5bade4ad2ad,user
bidder,k6_bidder_3_6,pts_fac98f8c2b2ca44bf74ab75889e2edc833a55ac3fc7a031f166a6614cc6de5aa,user
bidder,k6_bidder_4,pts_ae24996cd2e660f7ad38bd51cd7b88689be27fc627767df723290d29cbe264ac,user
bidder,k6_bidder_40,pts_ec49085893e198fa00315f3ea5733d0305e6d43b0ddaba5f595143d3a482d841,user
bidder,k6_bidder_40_0,pts_958e851b356e31021e7caebece5a34f55fb494e2e531146fe2d0237b27159cd6,user
bidder,k6_bidder_40_1,pts_9661d391f1c2df0b3482580250a6ee6cfa8b9503bb39fad6f7f98f1075d1b59f,user
bidder,k6_bidder_40_2,pts_3e09d928213b5d0813f6291d26a34ff9f12f6101082c5f3f2ce488ba9dd06fb1,user
bidder,k6_bidder_40_3,pts_9c59d54dc1d262dd6203e4aa0f1c44f0779287ba3ac214853f2bb59bccc84e40,user
bidder,k6_bidder_40_4,pts_e03faddd88087163611e6338f31bf3be3fa2e137bee4aa5c130961d0da290e51,user
bidder,k6_bidder_40_5,pts_db3e39147cc593adbbb970c7cdc4aaf6222641ace504aff0b6f7117da37ba366,user
bidder,k6_bidder_40_6,pts_b7274e22d94610c0dc9f3e71bf75a32582b47e9307b137443e0ab59be74581dc,user
bidder,k6_bidder_41,pts_7e78bb81adf61366c322d52ee83bcb29330ddc1c17db69b89c32b93712668d73,user
bidder,k6_bidder_41_0,pts_36e6cee0f3693f39f5deff58c57cca1ee611a0fc4c22323b22208d39b62a5d4a,user
bidder,k6_bidder_41_1,pts_704f720b072fd229b7babad206cde8c739abbb40b9d3dfa8e33d5cbb2da098b5,user
bidder,k6_bidder_41_2,pts_07818c6917fc3d7e9b11c5b4be33ece3d1d3c231c316baada618a3f078a7c81f,user
bidder,k6_bidder_41_3,pts_85656b15984dbc2bf9b6525c628bd85264b19993f2c9a748c58abd6e943e9132,user
bidder,k6_bidder_41_4,pts_aae6f897b4b8c0243a478d51a9406eb97e52ae86a0f71d66caa9c04378834b89,user
bidder,k6_bidder_41_5,pts_1b62fc3e05df8e9aacf81e214eeb2be84e5e3e9715100e988d39c871fb1ff8c5,user
bidder,k6_bidder_41_6,pts_c7cb4bba2bb4a0232112465c1a955a742b62558399ad8c7dabaef2b7d90b165b,user
bidder,k6_bidder_42,pts_dede942ceba25671c14dad973430a0c5d766fc585c378ef322cbf08c940878ed,user
bidder,k6_bidder_42_0,pts_b00fe375bd8a5d37b54c3b07fa7e97f3a5760e152e9c2147eb0fc5a9976ff3f7,user
bidder,k6_bidder_42_1,pts_8547cef645fa4c06ad2edd50495935fe5be3bf33ae67470306dff6d920f409d1,user
bidder,k6_bidder_42_2,pts_6e6b969bc29113c41b1c68a077eb4305650f04c13f1fb1c10f921ea37fbf6888,user
bidder,k6_bidder_42_3,pts_0523ac97d127ed776ce425046ee7a2e65a7b127986131591d8e6404c0e198fb5,user
bidder,k6_bidder_42_4,pts_843dc772c7897c34875197e7b528df09ec1f426ea15c0ec4944f33229c0d346f,user
bidder,k6_bidder_42_5,pts_a29a1f02065dd57468ec3f81c0cc99403b0d9437d9779f4f3e11a8feaa0f2d1c,user
bidder,k6_bidder_42_6,pts_5e06e4e49ca94faa101d808c66ec3f3a96ff4e291d28834d587e31f2ff8323aa,user
bidder,k6_bidder_43,pts_e120872944dd354356979021d835e05c2c547e35ce4f7c32e171b8870065445c,user
bidder,k6_bidder_43_0,pts_84bbd5db46cd713186f29ab85be1c2480f4157b9012ff16af13c9575e1e0d83a,user
bidder,k6_bidder_43_1,pts_67cd62030ca40cdce468e52488dca3ab9abf4927451c07c4219a57e6bf40a571,user
bidder,k6_bidder_43_2,pts_4674339f12d5cd2e8e9d975278b66bf92342122c13953ef1a2503e7263ada653,user
bidder,k6_bidder_43_3,pts_7a64db54d5c37b4d14e6002bbaf4cc538ed906594cfb4e654b76eb599faa7676,user
bidder,k6_bidder_43_4,pts_1187856fcaf9dff378f1cc068976aece2252ef4a94d014632216f0982c4130eb,user
bidder,k6_bidder_43_5,pts_f3549f5649e6a3b275430837b26579a123edf90bb7d68afdd6eabff452700d17,user
bidder,k6_bidder_43_6,pts_5c02b38e7eaddb1872659d5f2cba02cf2b14d6b97d2f34d6b7a80783b853a718,user
bidder,k6_bidder_44,pts_c6375eac79b91730d30b6bf670fbf00deaa84851fbbb87aa3fbb8fe74bc60def,user
bidder,k6_bidder_44_0,pts_0f6f847490d8db3f8d17ec69267e9c35fce5132fcc1aa73f67457fe8c39099ff,user
bidder,k6_bidder_44_1,pts_74a086c5629debdcf51f24e201cf55585220631fe586c2872df963ab45a2add4,user
bidder,k6_bidder_44_2,pts_f18519632b61feee682f3e11a41139f7c3c34063249a4ab27848d6a27a6f86ab,user
bidder,k6_bidder_44_3,pts_4e07c0cf798f21520812152ca8eccac403bc6d0c4b5da9dc7ffc464c3155f7d5,user
bidder,k6_bidder_44_4,pts_d100e8816fe4209fbcdfd61a48c108cc3aa4f59be376908470d46517f1eb130f,user
bidder,k6_bidder_44_5,pts_abf9b88328bdb81a79ae27017f485544e9503ce7a589a926435d5402d155906b,user
bidder,k6_bidder_44_6,pts_e99d7f02ead08f5fd7bb740df2e0afdc2ac534d78e10894c5e17e7689f75737c,user
bidder,k6_bidder_45,pts_5e557a9e8149a69a90e6e998ec32d2f9633dc352b92a41e5f1b75b1f32bb3762,user
bidder,k6_bidder_45_0,pts_70513b58aa27de178130706c5ba1a8c693eec499056f687d1a3303a5088b3bdf,user
bidder,k6_bidder_45_1,pts_72ca076dd2a1954dd8c5083215b928821da855d763ba8c2e63468a4848610306,user
bidder,k6_bidder_45_2,pts_cdf5b09310f20d62def4bd5152075a018329b411f9f9927359a69588168ddeeb,user
bidder,k6_bidder_45_3,pts_4eb44cb50f3909238bd38d65697a086cc85384ef667bb53ff3b14e6ced73d6b2,user
bidder,k6_bidder_45_4,pts_b34b9906f8fca50b913b2b866aaddc7251abfcdaceec29bef40d8cdde40591a0,user
bidder,k6_bidder_45_5,pts_009cb702554df83df2c17e8edd9ff5f6b4c1bfe1433d22b35ac9a817948eeae9,user
bidder,k6_bidder_45_6,pts_1998de07b853f6536ca14d0aacdf68ed1872e52a4b282fa0e582898a760c8355,user
bidder,k6_bidder_46,pts_b162af974b833b2d4b9f895cc120beb2a3e47b5f5f63711bbe5927159f90281d,user
bidder,k6_bidder_46_0,pts_66ce0a597f62786d2fa62aea7a43e8e9adb70fabf87a2c1c73c3362729fed429,user
bidder,k6_bidder_46_1,pts_a223dadffa2dfe9354ada9c74cb21ec1271d84c501fc35e281a5628bc8cf3907,user
bidder,k6_bidder_46_2,pts_f1a0caca5573e7c1caea7a18cf1369d0f0f0712dc0bb41f770d2b8a9c5b67cec,user
bidder,k6_bidder_46_3,pts_32049e1d6e314aeb97887cd00f5902172b1b233eed90cf2d3cf8d01bc0fc8372,user
bidder,k6_bidder_46_4,pts_119f9067a8762cac060b747135d84a52b3c5a0c86c284dcc9ae82c90d548440b,user
bidder,k6_bidder_46_5,pts_b9f38512a4f8b7472d44c725198e3115dd7cb360add45f610f47a962918f4ea2,user
bidder,k6_bidder_46_6,pts_1eb43ceb1a88ac90f6058c3757c55d8a862caa6dec0aa0f583294868c99169c1,user
bidder,k6_bidder_47,pts_d985ae7311ff3c963d109ee2354b76f14f2dbd88c9a36cd11721dda3a69bfae2,user
bidder,k6_bidder_47_0,pts_d030c8d1be8116554f5ff2b30469c6b93e253af4a9d3ce4f80be77ff53c326ef,user
bidder,k6_bidder_47_1,pts_6afcb60369a74a2a391c9fb3eea63ebe846ed0b09751e38a07a1a5329c41e981,user
bidder,k6_bidder_47_2,pts_c02367edb77d920ee93026574fb172c9d99834e04cc9f0c5c26b94f335a65308,user
bidder,k6_bidder_47_3,pts_173adee06b09432553b8e7420e374f193807edc856028a3bae94e3b718869e35,user
bidder,k6_bidder_47_4,pts_4cc96f87cc446b0f05ab512933a3c5ccc49ca8d8e56fc10ea62c6f55c388a31b,user
bidder,k6_bidder_47_5,pts_eb13db9d472ede9a4ae5403bf689cd887a725ef9756b6defb904c0a2daa88d24,user
bidder,k6_bidder_47_6,pts_1f53256531c9d467cd27211517ed8ee35f8dbc2cce0849b1e7367bed27df2b42,user
bidder,k6_bidder_48,pts_0cd415d83d01b40a629d7f98d11a90b720a87aed115c9119499aaae4e84d2ce1,user
bidder,k6_bidder_48_0,pts_f82c96a01d29be856d3006177d9894a6b493b91354f440c7eed63ab39a3ccbf7,user
bidder,k6_bidder_48_1,pts_be7400a7552bc7d015d2c3051dddc8fee35e1647303c2d96607dbc2c2f3f7c40,user
bidder,k6_bidder_48_2,pts_728dc28424c917458d81d7d08ff9bf655a0d4d4a4186cc04a01434e7af732ee2,user
bidder,k6_bidder_48_3,pts_d7dc8ae7d0c55b105541739c169ddab57586f8f7157c159240bc74727e23faf0,user
bidder,k6_bidder_48_4,pts_29cc234745c0afd0c6681c3a323ef31f43b8dbc6eff202f49ec4eeb52b72634d,user
bidder,k6_bidder_48_5,pts_45d1d53538f1ffe156f0cc17ffa745e514dd38ab8ad8e4c5957b497faf6fa5a2,user
bidder,k6_bidder_48_6,pts_47cc5225f6f4168759beb7ebab89149856b2bc20dbc010b9290c95bbb1b56b96,user
bidder,k6_bidder_49,pts_595017aac0c87c09f2e28eae4629dc332e6e179053c1fd0bfd046e84bc4882c1,user
bidder,k6_bidder_49_0,pts_e5385ec742e9996969e500540c012ed7222301d044fc66ad51f2da138954d05a,user
bidder,k6_bidder_49_1,pts_8fa0a58066ff11d525cbd1487139305277b942fcb72d411108068219e13e1c49,user
bidder,k6_bidder_49_2,pts_6e1e6d56eea66a7fa6231b74ad82a9e919b97d60b8d12d5adcfa6db3a73b8209,user
bidder,k6_bidder_49_3,pts_2c15e73325eda0188e0f42a425cab1094134701b16e9f12b644bd2c28da126da,user
bidder,k6_bidder_49_4,pts_445d06aeb6ac12f2afd92f886441ead547693e01371b2a04562cec557b95e317,user
bidder,k6_bidder_49_5,pts_20d7d1a47c2ad874a9b71de4ef6b3b6b506f892cf5501c5a32b4d080acbda132,user
bidder,k6_bidder_49_6,pts_106b74e131fc04a0664fb84d5a47b546a6b4a163136b0e29bb97f537036cab95,user
bidder,k6_bidder_4_0,pts_975d362a7f899a7482a4a8179d1223d664324b2fe26f1599125b532029dd2464,user
bidder,k6_bidder_4_1,pts_518139eecbbc7301077f61a198e09d6d9f682a97f504c6b3f6f8b7f79880052a,user
bidder,k6_bidder_4_2,pts_b7697ec8cbaf9cb003bad964a05ac37f660811ae54e342246e2fc738d5e9fc70,user
bidder,k6_bidder_4_3,pts_30973d573dbe9e1913a4648194d1d26e53ab15fa2efbc5cfb4ab9acd5467cace,user
bidder,k6_bidder_4_4,pts_9b26c954c9b041bcdf2f0789e0e7d115392f147bbd5c7720705db69abe3aca1f,user
bidder,k6_bidder_4_5,pts_d45fc1f6f179d18e207ab94e530b75cf66c05fcc76da0c4ea8b85cae819756af,user
bidder,k6_bidder_4_6,pts_cff4578c388bc3e9dd7b4e96d8a635ce56ee8a8d141ec0c7fa3e25cb120e66f7,user
bidder,k6_bidder_5,pts_28d4add2db2bfa9cfb816d773576382b44a27965da9830321658f829904e0158,user
bidder,k6_bidder_50,pts_fe524e22eb86b2633470589e69a907f8becd38cf845d49f0965522e307f0646e,user
bidder,k6_bidder_50_0,pts_7b4c79942a78f2532bf0051f14826f7e72f978e3498476451cbbfd73e72f4b37,user
bidder,k6_bidder_50_1,pts_296f08d8e579b8c0ffcd89129193634db3938e57ffb4a85929fa9b86730363ad,user
bidder,k6_bidder_50_2,pts_b35cffe786e9a1a98e9f7b25945e181807accd7138235b9711e9ffca33b98536,user
bidder,k6_bidder_50_3,pts_c5d4f694db839701dd569ac7823d96c97fa3be23c333b1d1b2f2dbdc3a430e20,user
bidder,k6_bidder_50_4,pts_cdbd1ec5f4cb0c01b779b070772192be7b90c275a5cabe219ef99021c8d28e97,user
bidder,k6_bidder_50_5,pts_a6c235f2f207a4a9f12f0ebcec10e7a0a8c7f5757e7590190cabb233cd8d0f85,user
bidder,k6_bidder_50_6,pts_8396d60ef6a995ae44378d035547e2c0b4ea343fef2948ef18be9ed93e1b46e8,user
bidder,k6_bidder_51,pts_d372f2ce571f35c97bf360f24752368d16fd71d618986621ecd98f6b99b452e0,user
bidder,k6_bidder_51_0,pts_9bbce79b746d438e0226aafe05fdf12b899cef1e5cef35e7389f82d4df646a2d,user
bidder,k6_bidder_51_1,pts_52fc0a86f7b6af48dc2f1a50893a971b489fb457f3331946e0ac4bbed89a7303,user
bidder,k6_bidder_51_2,pts_46a530639844c0326180a7f506ca718a9d89b168e28de91d8d80d98d8115e0ac,user
bidder,k6_bidder_51_3,pts_34a119d4f633aa3e4d342547ef4589939091df48007fbcdad3dba568e9ac87f7,user
bidder,k6_bidder_51_4,pts_b9e6e2b7b0c6336754581f722a4a27eb4b63cb7c77312e35777370d84f2a1a87,user
bidder,k6_bidder_51_5,pts_3cb2c58951ebd31f3757d136a6e3462ba7af635d2a7185d208a0a5969a1d9a6d,user
bidder,k6_bidder_51_6,pts_aa3dcd728603c4b61e8619f07f8a1c59af2a0defab8a5d575246c21e930c11be,user
bidder,k6_bidder_52,pts_43e3c119b07dcfab14de07508123b20bc9f282a6c1b3bded4c9ac6414f76271d,user
bidder,k6_bidder_52_0,pts_759f14b1d824a60aa6c60a0674824cd81b65050360644e15b3c4e924dc8af0f7,user
bidder,k6_bidder_52_1,pts_955edfd84ace8fc9d923177b497a8791c255b04a3baaf5d8195e072d03e7d093,user
bidder,k6_bidder_52_2,pts_67d99ecfff2d51b32f9d30507dd7dd3fbd428e5ffc56faec5c22daeb765dd69b,user
bidder,k6_bidder_52_3,pts_1befddfe0447bf5209024e73fbad564df4ea21fc07c0dd4f9a4d82bea0ce330e,user
bidder,k6_bidder_52_4,pts_9e0bd24f41ed026a8f6469a2739fdf506c58dfe3636c6a884e80fe610b8aae70,user
bidder,k6_bidder_52_5,pts_83f3aa500d44337f6a2ebd49c2b3a9a75573dc94e587dad765486a2d54b43ee5,user
bidder,k6_bidder_52_6,pts_428b5f3a0b68380798bb60b1a6f0d2ffe9ad3ef288622a1275ee14a6b377543b,user
bidder,k6_bidder_53,pts_4b665047ee328eaa1bc614f978e1287444b17cec6b329684bfc880b91942ca2d,user
bidder,k6_bidder_53_0,pts_b11994961b3ea0ad9ee618296a48f99eec1b172fae4138ff1c086c3b49b87461,user
bidder,k6_bidder_53_1,pts_971258fde26b95aa4b73e08d07f5eae17a21ef6e825c3117b65386623e1e81dc,user
bidder,k6_bidder_53_2,pts_e4a0fc02132cae85bf8386303d6e3efd377f8ed8b26a6f59d20ef38bb5bf031d,user
bidder,k6_bidder_53_3,pts_6c18595a809f51cab9967ef97e7e6ab2ab1153180aada9b5bc118dd85e833135,user
bidder,k6_bidder_53_4,pts_76d41d3b2771a14b7cfe0bd25fd1ef35b3fbf13e31ba23f147905175ab801e0e,user
bidder,k6_bidder_53_5,pts_85d5e57d51a4ca9d5b833240ef5f6b2f6054a30af4938b1a525ee329e5aad101,user
bidder,k6_bidder_53_6,pts_6d9a5d0cdccedce1f8a231c787015e857602cc74f7e2b38e34902764f64d2013,user
bidder,k6_bidder_54,pts_26f5bc8c1f89488e3e23bc96e8eece07cfd202dd887550b09b08e36323861d06,user
bidder,k6_bidder_54_0,pts_cc9400fb0b81b2df26e135dcaa7297a88512ad1e2fb32871f011af8e783fd18e,user
bidder,k6_bidder_54_1,pts_247beb29eb5f5c1864cecdcb4273ca859839dce53ba500b92eeec2169b74f33f,user
bidder,k6_bidder_54_2,pts_1d1e91ebf36d984a4959a8d76d543fd7f1f49c0bd974c01be9e7a36e74d918a0,user
bidder,k6_bidder_54_3,pts_0821b8645ae7266d2b4e9c2189896dafa50610212e9795f4a56ee7269deb15e7,user
bidder,k6_bidder_54_4,pts_e3798a5cb214e3e04d894248b7a51b137c54a87d512b3db6b95b7d5a6631126c,user
bidder,k6_bidder_54_5,pts_316d9e6e45dc79ecf39369ebcea1418f92d1436e738f176ad8e1b51c816b948a,user
bidder,k6_bidder_54_6,pts_8c9b207149e0a974e26ff9109ca8f9b67f5c0a39a682f139060bcebd1c609f3b,user
bidder,k6_bidder_55,pts_0637974d264c332dc4b17fbbda03078e0266726a5c0539249351142b2c6d20cc,user
bidder,k6_bidder_55_0,pts_b54f675630058113a047399186fddaef4106a93949e43743e1714742eb09db9c,user
bidder,k6_bidder_55_1,pts_eb06ec14741bf3cd880d92e892d4da36b0af0859d87a543b3debf7fd382f0c16,user
bidder,k6_bidder_55_2,pts_53af5f0d1c14b7111c0163ab5f337e31d8685712520571b44a78d860bcfd743c,user
bidder,k6_bidder_55_3,pts_e0d479f35ccce0c0047321e5a3327434857f8636ddfd086e31aa0bcecad2480a,user
bidder,k6_bidder_55_4,pts_2764d77f4633d9b77cb87bc621807e2c0f7c6cc8a5d403f34be2b6927d4e8acc,user
bidder,k6_bidder_55_5,pts_b40909842c4b9cff4a74d7882a406d4b483bb6f15a0a1e66b0514481c5fe1a58,user
bidder,k6_bidder_55_6,pts_ec3427d9cd1d32096958cb697d31b845f62bc81714d78bc1717ca71cd599183d,user
bidder,k6_bidder_56,pts_321b84859ec58c7999ce1f9ee5ed5821adeb25f065535ef70226cd976e1cf577,user
bidder,k6_bidder_56_0,pts_0a32a85f6bfb4697ec203247c224fbd8f7bd02d82256d8d9e73ce2970c395fc1,user
bidder,k6_bidder_56_1,pts_23bbd87e4d9dd5c3fbaed86fd0d3676a304da9cc0c8b797e953a641e690112e8,user
bidder,k6_bidder_56_2,pts_889789f7b7b4972392439e9873df995dc7184e11256bf564d01f322af1d5216a,user
bidder,k6_bidder_56_3,pts_aece7da26109a1a8f810a55abf65811063dd1a88e9b439d948cb24584b7e70b1,user
bidder,k6_bidder_56_4,pts_9226067a6699a3442af52912f521214e6b72234237e00f7237f21c92791fc885,user
bidder,k6_bidder_56_5,pts_25256b905461eff0e3ed859a6850c464f533394fc661ec4a0c6d85649fcbfdd0,user
bidder,k6_bidder_56_6,pts_ad731e519763343598480639efa378f4cea96a45532b892cc7eb2762b031c35f,user
bidder,k6_bidder_57,pts_abb509fc3b10d6af18bb46fbe2623a47ad67132e3cbe3b3de19fe828f218e2ec,user
bidder,k6_bidder_57_0,pts_3d9af971a4e722470c447b63d905d9da985a72792eb8b532ff6e6fa3854ac0fc,user
bidder,k6_bidder_57_1,pts_b1743fdc340873eaca898fb77d22f6438a5e81c73ce3806f7b231efc9fa1d5b0,user
bidder,k6_bidder_57_2,pts_10121b0943e5f8691e7346b009341d73f339bc9c1916e8f826f2d0d70cb853e3,user
bidder,k6_bidder_57_3,pts_2601ef8d758e00e3f4a6871ba792f784da5dceb6f82d40d6de719f009610b49f,user
bidder,k6_bidder_57_4,pts_01fa57e6d287074391f6e1f112c43802770a29f45ed78e26c5091e005107041a,user
bidder,k6_bidder_57_5,pts_d621c61e4aa6dcd30dd28356d3a5b5d20eb2a445b66a839dec81d1c0cce958c4,user
bidder,k6_bidder_57_6,pts_08598c3be73a993aad5e025641df8a7d9984f5344ce4cea6060c4b225902d0ce,user
bidder,k6_bidder_58,pts_abfe706e7b1ce306d35de8b6bb6202b836ed3e705a04cb3613e925aa87ee2624,user
bidder,k6_bidder_58_0,pts_d81f2e147a82bb7d502c9695c267b9f897edb0146605de3dcacdf33ffc7ac9ce,user
bidder,k6_bidder_58_1,pts_d738b33cdad8e432cc3e0d7ecf76f6038766c246ce9a3ff3f858a3838d6d9b2b,user
bidder,k6_bidder_58_2,pts_38829ed77bef0a17f74583e83dfc26c18338f0db162d6a543086ed8d95db23b2,user
bidder,k6_bidder_58_3,pts_82608e3e39eb739f32802a746fc3d8ff8f39245c535346cb693e00e9a44a7874,user
bidder,k6_bidder_58_4,pts_c2d30a84220d2c62bf19cec61b4ab0f50031c19d249cc66a736a33b491537b38,user
bidder,k6_bidder_58_5,pts_26e700e3a337944b8cb1c83fc5186c7706c762f1cb1e709b110b2f5ba2d49b56,user
bidder,k6_bidder_58_6,pts_6f5936dbb6e016a8f5ab99e1cacf491e01d3a4de579d7ca106e0369d2e1c4d4e,user
bidder,k6_bidder_59,pts_324ed67ce5679b7daa584f4f25683ec182dfb45810a8ac8770b8ea091ca84dd2,user
bidder,k6_bidder_59_0,pts_387e0bce9e72568601c951e8db60b37d16acacc8bdb97c47e5511c596103fbc1,user
bidder,k6_bidder_59_1,pts_dae0a56bb8477a1d695b98823eacde08068d59cc0d90927ae0383fdff1b7357e,user
bidder,k6_bidder_59_2,pts_042f881dab4ecc8f13a5aeb84288864b1c1255706a4a14377284d5095f714aab,user
bidder,k6_bidder_59_3,pts_23a582454962d89e8b70f04136124b47084e5589e60cfa170fb0053ac5ce543d,user
bidder,k6_bidder_59_4,pts_3ad28da2c2cd7b7dd3fdd7c29d302ae5b295a649f7928c884f448724290887d0,user
bidder,k6_bidder_59_5,pts_93df2318d0fefa798e3ab49ac73d2598307b6969906ff694f57c062415072c40,user
bidder,k6_bidder_59_6,pts_4e962d5f176a81e24e4250a4ca2c6e8c3eee7828648b509875592cc7252dca0a,user
bidder,k6_bidder_5_0,pts_7fdc20eb86a3b19f026a8506455cdced9347e14e21135d4e6b44cd977e9b015c,user
bidder,k6_bidder_5_1,pts_5629829fdc31d91111aab959439110ef6d5ca317e79d7540045c62fdac1f1621,user
bidder,k6_bidder_5_2,pts_2b9f450fb60b71e84a1795cd6d4484d55bc58350b4e516fe80b66bdbb76fcb31,user
bidder,k6_bidder_5_3,pts_352c89c258371c686deac32498d7f81625f14c1dcfdc6353c0bd3c53360c0876,user
bidder,k6_bidder_5_4,pts_b06513ef1e239cd447968be1c7a7cec492d4d11f770f50c11d2b3a3acf8da79e,user
bidder,k6_bidder_5_5,pts_a5a8b6086892af779785033f5347755e0a740191572ca69f5213ccc8b7ffd3f0,user
bidder,k6_bidder_5_6,pts_5f0cc12fc779d6eb4c2e4fb82f67da37ece8c9615ca52c425c08165d73e0d0bb,user
bidder,k6_bidder_6,pts_4cf727895b218956ea167d3fee48d030a63451c3599aeaa5779686405e19a0b2,user
bidder,k6_bidder_60,pts_48e9539a47b4b0f1804b73cb1cc1731e5d7364bdf2f08b1ebd8292f958384198,user
bidder,k6_bidder_60_0,pts_6adecf6703791e467de8a80ebc05233bd4a8728f4b9dac540ee71f5bd86471a4,user
bidder,k6_bidder_60_1,pts_215694dd09ef0b5c6d7c8873cce61fc79d43078e3eb9d1b0ff923d39336c6d5d,user
bidder,k6_bidder_60_2,pts_8a1259d18d1a483ceb7bfcadd646bc67af686743ac4935f6dc1c15cc87d338d0,user
bidder,k6_bidder_60_3,pts_2ee570c3d768c1b851c8f86f4fb7e3b78e9ff57d4ef6a80bf99d3ad7b99efa86,user
bidder,k6_bidder_60_4,pts_ead2f8df1471a9d33ce8da52976c5d9c5a6cd53c86024c0cde2163a406bcdfb3,user
bidder,k6_bidder_60_5,pts_91b37b8ef90a7b0fc947711bb72534513e18f2702c6d77e108cd88fa77a04854,user
bidder,k6_bidder_60_6,pts_97206d2c3604d42120ff74fb5d34f01ceebfc207c064a5274583a728570a5dfa,user
bidder,k6_bidder_61,pts_07cb154e42de42f1edcbd59a2283e8d7a6e07c06e725911c42ca16782056f6bc,user
bidder,k6_bidder_61_0,pts_8f1ea259602d92b52efe195f63c6e48e9128de4cf07b01e3f42e1ceb9d85aef0,user
bidder,k6_bidder_61_1,pts_3e36e2ab8d146c47d24759e7468eac8cb64ea388b0125dd98841c68844944786,user
bidder,k6_bidder_61_2,pts_7f3bb796cfdbf87c9714fc2e88a0dbbe164bc5eac1acf7b247d8b69ded6e8a4d,user
bidder,k6_bidder_61_3,pts_ad888397c03c88ef428c5d199ebc07213922b4c9237aa69884ed771bf9a28d4e,user
bidder,k6_bidder_61_4,pts_d69306c1dbc07744d5b4698af1f37e3cebea3f848a3d95f234dbd30bca6a282a,user
bidder,k6_bidder_61_5,pts_b9e624b7ec554c4627839368462f39be8a568ca9aa8281374c8d187813f7622c,user
bidder,k6_bidder_61_6,pts_c2681a5f6707787d403733be511827599a0346976481d9c57aa85ced6e33379f,user
bidder,k6_bidder_62,pts_1d9261e8568ae0bd3a74ad5a390a8de45b4343cb50b315910bb74e7fae62be61,user
bidder,k6_bidder_62_0,pts_110d2020d41c2229885b6b473a422cb9f5de72b029384e0d6ae1698d544f9f0d,user
bidder,k6_bidder_62_1,pts_be5f1c42884b1d434d4fede3396ce04fd779de1d56ae4d6402d1be4fbf38c28d,user
bidder,k6_bidder_62_2,pts_63b536b0ef08eba762ec6e7778d35c709bf318ddc5b8f89a63dae158dd6b4569,user
bidder,k6_bidder_62_3,pts_4a1126a9717052cb9f5f47294bfabc6b0ad313ce868777f8eee643266639b8c0,user
bidder,k6_bidder_62_4,pts_46ad6e1dd05536b2ee6d5742a0919e44a3187d4d576d9d2451ad49c968f925e3,user
bidder,k6_bidder_62_5,pts_187ebec099b1fa8b882bf94b1aa3e00cec06e3c38ee5af5e73b157664547d04e,user
bidder,k6_bidder_62_6,pts_0186da6e6d10354855f5c9f55dc905ee6a9d8ab7bd54d99870d1d6a59021cd40,user
bidder,k6_bidder_63,pts_6135f7461a8044654c563a80fd3dc0782b2a3c8693389b132e427227ba5df951,user
bidder,k6_bidder_63_0,pts_7f3c18245e1868d81698f722ea09cf2f822348b92f5630e6e14d10678af1006c,user
bidder,k6_bidder_63_1,pts_f5ff11e81856c0af284fcae205d06496d2c68974efbaf3209e57868e970ad2f3,user
bidder,k6_bidder_63_2,pts_ef7d45c0966ce77593967c4ca2840bbba18372791cea4227a2d41c611cca8b49,user
bidder,k6_bidder_63_3,pts_7fccd33005f76132a1b72240085b137424bd22970f81ada3c8f6f82255a8b42b,user
bidder,k6_bidder_63_4,pts_1b7841add6a209d9021f0c1ca9256d87d8cb3954a52166c80122c7b6aad75289,user
bidder,k6_bidder_63_5,pts_b612d50927addac0016003ae6580f355780cf9ab9b510d5550655325d33df536,user
bidder,k6_bidder_63_6,pts_ed9950b079b456809b194fe07ce34838092550c50647b1ead3bdd478f578ffe0,user
bidder,k6_bidder_64,pts_7ba9f26c8ccef74e076570269d9593212e0127f6e247272934ff381036fa4710,user
bidder,k6_bidder_64_0,pts_039df6b8cc6e08584317dcd79a56faac7e9d46db6e98271abb972848f11a4d3f,user
bidder,k6_bidder_64_1,pts_c6f53033f9189964047eedeaab57ed392a740b261f4051d1f35f0a1fec07a0d4,user
bidder,k6_bidder_64_2,pts_efbbc7ff43a5d5116358ff587b69085324e6dfb907abc3bff2ce6966986d87dc,user
bidder,k6_bidder_64_3,pts_45e2e3953aec1e83a01f54be37bd415884543534ed60721cb90d4cb01d8e9cb7,user
bidder,k6_bidder_64_4,pts_6cd0b82ea8cf3f07dd9419913c999ed50715a0554dd1c276828b8a8be7fb0a97,user
bidder,k6_bidder_64_5,pts_4a968538655ba027fc09b26028043c29b37f24aeb76d72e3e76476345a8f5591,user
bidder,k6_bidder_64_6,pts_c0ae9ef54cc078c2b8bc6fe6d6475c1a4f7d5bc1c2f9591c12a0edbb2141bab6,user
bidder,k6_bidder_65,pts_d97fef4ec4c529ab78fc13febc1cf4748afcb72a360e6fdb43c1f0c8d215e88c,user
bidder,k6_bidder_65_0,pts_4e8b990f98bf24fe065185b0a85740a181db6abdcbc9377c5a571533f3238284,user
bidder,k6_bidder_65_1,pts_4b0919e85fa31a90dae1ae53e9f130f9ac3a3438766a7e9d32ace8f76a826f8a,user
bidder,k6_bidder_65_2,pts_74e1d9c398df5e47927bb6b458e9561b47f4b15fa17fd5bcdb3d16b084f0e69b,user
bidder,k6_bidder_65_3,pts_e6a351e8942301703c51e4566b2ae1a22429aabeabdcf49b37c599d19b268ebd,user
bidder,k6_bidder_65_4,pts_40a2e72242319eab218340a7c5261f3cd18750770a2c28ae0b193a3bb08e2101,user
bidder,k6_bidder_65_5,pts_d61cd514defb1d4f3a32e8f77928d65e615f23d35d793e66c10640d2c0a2f7af,user
bidder,k6_bidder_65_6,pts_20b648b9ac2fa392e38c523afcfb59eff84fc0f27710ca2bf1be703f098465c6,user
bidder,k6_bidder_66,pts_52e89076170d2a16ba85a291e0ba598b2ec3dd2193322814e9dff271797b65fa,user
bidder,k6_bidder_66_0,pts_e67d7d7d12b7f981cf5ff3ad87584fe0187b9a4b9b9fc850f1ef7543839870b5,user
bidder,k6_bidder_66_1,pts_4cd67f20f29d494728e828c370a548f1c19fe018ddd6cb1051dd61096f11dd8e,user
bidder,k6_bidder_66_2,pts_dcf4f554e0c295a4cfd00672fdfe5676d4ac8f93c74900a9a222bbe8ba347d99,user
bidder,k6_bidder_66_3,pts_a6c9749f4b63dfe603a34e1cd0368e29f729075bed54cbbefcb30d33a01bacaa,user
bidder,k6_bidder_66_4,pts_70c81194789345df0fe318905c98bc6291c990513791bd862a31dcc79ab6168a,user
bidder,k6_bidder_66_5,pts_5acbeeacd8ba7f70406a11595d90d71796ff8b8f5a9794f52eda5bbe7fed5ee6,user
bidder,k6_bidder_66_6,pts_d1fba31aab4c16f6b99f2975488098011f96e1e7f7019c92dc52cb672e374896,user
bidder,k6_bidder_67,pts_1560b9eee7c40ff70749123ff8b3771ecc49a7a8dcb0f22f337501a90c1bcf9f,user
bidder,k6_bidder_67_0,pts_60c8f912703bc41acb962ba4cd6f820238124c4c3e5378957da15aa5a9189116,user
bidder,k6_bidder_67_1,pts_eecbd17b059549642bea11a870f7237314a7f7721bc7adedea5e5496bbebfb35,user
bidder,k6_bidder_67_2,pts_543fb7dac7ec244574032312b1815b5a51200c3af422754dfd4d7d483259c6d7,user
bidder,k6_bidder_67_3,pts_bb30d3fa92009ffee5ea12b068e2f3e2c342e095a44afef85934b576b367262c,user
bidder,k6_bidder_67_4,pts_51f0d4edf68c0342e5498582a446e79e90046d52eee4b43547c457485fd91e93,user
bidder,k6_bidder_67_5,pts_354308824c8ba411283601e4bca6f51beba57ff258798b03c9ee973201f20ac3,user
bidder,k6_bidder_67_6,pts_3182d5b6fb99b5625c0effbbf22696dfc94bf76ad8de87160dcf4a95ff6cd626,user
bidder,k6_bidder_68,pts_badefd163a180bee8d61b207e08bdf8bfa088f67fa90bd5c675ab41ea55d20a3,user
bidder,k6_bidder_68_0,pts_9da2f42a3c25528f2286be4634dff5c0f3e1f2fed49f21825425aad025f8bb4b,user
bidder,k6_bidder_68_1,pts_e5771ead2ea66cfc81721da6dbfc6c4fc09073e9c7e9eee4ca5e1f1a5b27d920,user
bidder,k6_bidder_68_2,pts_1c9d53dc6986dd9e2c0f1387a01e40b67efee330e34ef9f24f40fc9567cfff5e,user
bidder,k6_bidder_68_3,pts_5f59995bef51060804fc28b3faa879e560c6c94fffc0e978f7fdef5f7bfa9582,user
bidder,k6_bidder_68_4,pts_f4971a653adc7281cba935f2c7078f285cb12186e45de3d2a8909d667b234609,user
bidder,k6_bidder_68_5,pts_3baac0df0bf354efe9bda5e44b98a55ce8a50f3d67a6248b3b7fa1d364fd5248,user
bidder,k6_bidder_68_6,pts_2be5a5fed05c1f9622160db5cb4a800c073953ecab33cb78ce00b7fc1d3fe901,user
bidder,k6_bidder_69,pts_62d5c7821d226576d2e3065aa24fa17047ead0947094fcbd8db505550b04f4f1,user
bidder,k6_bidder_69_0,pts_730ea96d03c115e9e58340090912eea2538c7684c3ddb330c0a704bcfaa85a06,user
bidder,k6_bidder_69_1,pts_051b03f846447b3b405719a909434a3e585253d6a1365544926930b5b1656248,user
bidder,k6_bidder_69_2,pts_5434a396c1a4e5ab7018d967c16986f9c98d2add8eea92aa2f6695bc5ac498db,user
bidder,k6_bidder_69_3,pts_b99f25de81a981269928b66162ab0058c58917f536987e36bd045f2cc8084db1,user
bidder,k6_bidder_69_4,pts_2ea5e4fe99608fabeaf17dfd1018485583df309f447d42016a53e0ff9373542f,user
bidder,k6_bidder_69_5,pts_ccb43cb59f52138a13659b8d453543688638ba23f47f08a73040e50bb0a84dc3,user
bidder,k6_bidder_69_6,pts_c1d2d3f7ce1151ab6eee812090d9532859d07ef9acdeb5fe4af8b4ff481ba6af,user
bidder,k6_bidder_6_0,pts_fa5b333d539d711ac4baa391e77f417b9ced96eb2f26803b598730478ae4cbdc,user
bidder,k6_bidder_6_1,pts_4d4e65c9cc8485b6b6fc3e9e1e3d7ae1964c6880783d166aa848eb3ce2b4e5f2,user
bidder,k6_bidder_6_2,pts_650d8e77a628c1cb6651adb77c7f9164324d965bcda58b7a62434b61a187007d,user
bidder,k6_bidder_6_3,pts_a0ebfa7635bb4a19f8874111dc7dd7c55429d95e7d486b49410151e11b32234c,user
bidder,k6_bidder_6_4,pts_6a124e78a068aeb9981095a88fe074ee7f707bc8b97246c52583ba68deaf29ef,user
bidder,k6_bidder_6_5,pts_915efe679a0921fae2e9d1e3021a9ae4899a65b9bb07bc7955ec15761a25b026,user
bidder,k6_bidder_6_6,pts_8ebb319ad9ca29da7252d1ed8ab763dcaaa6038355d315b73e3b66c7c7a9b85a,user
bidder,k6_bidder_7,pts_18ca998dc4c972bd48df9ffe3226ccc36f5367c8db3cc082e67c8d7b21ee076a,user
bidder,k6_bidder_70,pts_c199c8050006170da0a57302061898ded073d9d3ff703e13335c0fbdcea4656e,user
bidder,k6_bidder_70_0,pts_a15091e8feb74f464af095e06b7c8cc18e51f7e9c71d7eb64c73ba9b81834e09,user
bidder,k6_bidder_70_1,pts_6bb4c4863dc2c4910b0f52e5befa51b55b8219b162e47a9919b94dd56aa8f189,user
bidder,k6_bidder_70_2,pts_cade085dcd213c5f9dbd971c7a7e2d1ef9a7cd4cd982b547558d0091182d5608,user
bidder,k6_bidder_70_3,pts_75b36f9001c1ea7ed8dc40a30ad81af3d7caf2c46d2bf48697bcea55ff796d35,user
bidder,k6_bidder_70_4,pts_8cf683774a91b36571c9e11bf9511f24f5ba34b090213ddf36aa49d4a06a20ce,user
bidder,k6_bidder_70_5,pts_924d5c4786ed51e6474f04cbb51ad5f03db5e2d69c98e54c1125cdc0bb8771f1,user
bidder,k6_bidder_70_6,pts_202181bfe98de0329dd248949a95255feb5236393c79b70f8880a921a7652968,user
bidder,k6_bidder_71,pts_651715c11f66e796c7e99935bb89b5500395191a60f2158f705f7742fc690521,user
bidder,k6_bidder_71_0,pts_7b67953ad6ae665f4d584cb7146a2271725686ae3f8018581fcd6e07f440112f,user
bidder,k6_bidder_71_1,pts_5e8e6a13a97c4d5ac70a6855be5f5a666d885aead84de4c91bbe523779040ed8,user
bidder,k6_bidder_71_2,pts_4591651932295e93b805966bcd41e5a8701bf3ce346dbfeaa5f2446182578bac,user
bidder,k6_bidder_71_3,pts_1d33ef0600592419e2b90df77d823d01f3d2e6ccd6389e335883d68da98f9067,user
bidder,k6_bidder_71_4,pts_c28c0443b3cd372574f30fb1279aa3210d93452992da33433c6f3f624d71a209,user
bidder,k6_bidder_71_5,pts_bb24cfdb137a26515ad7f901f2e1738fb4201f319a44a1a8907be935cec724ff,user
bidder,k6_bidder_71_6,pts_123d4203bc0e1d4e8949be816832b477552cea69cfe158e3ba5ccf2c31a0a29b,user
bidder,k6_bidder_72,pts_753ac3325b486a7ad501edaee108587b2224e13b16b7e93a65471c92de2caa35,user
bidder,k6_bidder_72_0,pts_e3045ab2386ffbc9e59d29428847bdc3be92f210378b3e0732aa6485352925e2,user
bidder,k6_bidder_72_1,pts_ce40ad3b8068624e8efefc07cbcf6917fcd234d149fdeb9ead810caf57da2bcf,user
bidder,k6_bidder_72_2,pts_fff05a3444b784a861249513ad94c62ef8b431444282223c600205489bfed497,user
bidder,k6_bidder_72_3,pts_14ebb23698de82249b17761185901f60f37390bc08667f107392fb573caa3d1d,user
bidder,k6_bidder_72_4,pts_806e641d6a0ceaf91f13d059fb52e7f0e41fb3f1ce51de052ae9091a4c1dc038,user
bidder,k6_bidder_72_5,pts_ebb40bd3d2d1cac867a424b6b4b16f7fba3eddcc236ccc35fbcc7c841f7285d7,user
bidder,k6_bidder_72_6,pts_84017344900c6da873d3dc177362ac086f710f6a59a9f99679322a2cd6a35261,user
bidder,k6_bidder_73,pts_8bc4943388f88fa7d270124a35747361141c775c188335a953ea9b760555ad57,user
bidder,k6_bidder_73_0,pts_e7fe8d9e195de4fcfc0c43494f53ba3b90485fdfcbbb1177963e6fd64eb162ba,user
bidder,k6_bidder_73_1,pts_a4f7b257d58cc1a64f8486cadffaee443413437c3205c13111e2a016d9081a1c,user
bidder,k6_bidder_73_2,pts_f457c4d847de500004596b5657ebc9793117dac3ecd345cc9dc767e1fcd51862,user
bidder,k6_bidder_73_3,pts_d439fc9e314c75afee985a51d356df3988a5da199aa0d1095c0f28d69cd3d5a1,user
bidder,k6_bidder_73_4,pts_a6e605493575128ebaa1b68c8d895710bdafca10d09b23bc6845ae975ea3dc90,user
bidder,k6_bidder_73_5,pts_2516cb39308c90aba590e819d822edb94345b8c2fced8969d9ff1487457a0c56,user
bidder,k6_bidder_73_6,pts_b1609e861ee02c2923907e811bc79c2825a6f72b448af36ceaff5cdda999f1f8,user
bidder,k6_bidder_74,pts_df4335c306ec53280d010d44d8b12d6f0fad3356a4ee95c92b00e7af613a00dd,user
bidder,k6_bidder_74_0,pts_49cb27b44bc639801cc2c57012dc5c523bd308dabb4dd8d03b10ed4029f03649,user
bidder,k6_bidder_74_1,pts_8a4bc1db7ad90b88f777c921c726cae799cc2f5e73204f00e9e8d1f87ec0ac28,user
bidder,k6_bidder_74_2,pts_45e48ded25c6421d0d9696a0096ddaa18a7ebb001bb6a61a8ff8c63fd10f5dc2,user
bidder,k6_bidder_74_3,pts_7ca2c642281234df51ba1401d40e1fc44190ce5a5dade86bf0243bfdab66bdbc,user
bidder,k6_bidder_74_4,pts_7ca13012f6176198d6aab3fdfbe2dc3ff0d7a1070806566ab360ab1dd3a83a9a,user
bidder,k6_bidder_74_5,pts_75afad470f039f991c0ea02aeb3c9961011c8542b74f66142a9b14e93be7f4ad,user
bidder,k6_bidder_74_6,pts_222136bb17fc182c4f63f88959ccda1f9f24f5c6b2bc1a2db297d5b60e0cf91b,user
bidder,k6_bidder_75,pts_bb1df6338482d6d3414339875b0a1e60b5bc4ba4479d140a109ce451474fc4bf,user
bidder,k6_bidder_75_0,pts_0de47eaf94dfaeb927b9ef367182432af0683e2a1f41602a4654cce79c1822a8,user
bidder,k6_bidder_75_1,pts_e1e813f8405634af8e064e38fe4f8ea9c713f8edc886cce64692089ae8373d31,user
bidder,k6_bidder_75_2,pts_1a01c88a65e1dde05240a916f6e40ff4735307dfd218c806946ca1a7ac76c306,user
bidder,k6_bidder_75_3,pts_6158cd7aa2f3683e9455b074267a4607349a494e38117eafa92e6ad18bb47dcc,user
bidder,k6_bidder_75_4,pts_c076a450d35b277e108bb0adde0c0b26479d7f3e28c0c8d23b08647bd63d339d,user
bidder,k6_bidder_75_5,pts_f338ca845aa4cc79f5f78600565faee68ca5d73b1235b5e3217301e2496336bc,user
bidder,k6_bidder_75_6,pts_61f793e0e2b8f5f382b3bf9a4e79bdf86c2b9a86203be764631cc8ef3d61e305,user
bidder,k6_bidder_76,pts_8592f3d086aa34d8740c127efa298a3d94bd78fb0a631f2b0a31edd23a808388,user
bidder,k6_bidder_76_0,pts_9d148fab79b44213f9dc052e6d2c7cdcc661c89102ea9b5243d55dfedeb7f40e,user
bidder,k6_bidder_76_1,pts_3477642d3337f9116b4649a859ba10b385ce62da08a80283df3c6234d527a34c,user
bidder,k6_bidder_76_2,pts_35edb36935bb2662e25a105dd0820230c5cb562efdd04a0ac7d016efb3ecb374,user
bidder,k6_bidder_76_3,pts_9437517a18aa98b821ccbdc09c1e717456bb46cb6e5318c4821a12d288548e22,user
bidder,k6_bidder_76_4,pts_a5382b50c858988cb37306c833fe664bdbae4716d31e5ceeb16ac345fba6cf78,user
bidder,k6_bidder_76_5,pts_3b2158f0cc478dce26ce343c052e7ced6f7ba198dfb8487cfbd8ec1d2903f437,user
bidder,k6_bidder_76_6,pts_5d1bd6f09aca310a9a1606eea8555403fb9cb2b018e2116e84d403532fc8feef,user
bidder,k6_bidder_77,pts_e7ddb668d1e4050b94d37258694e8a4740b51cd0b920b9935019443184f8166c,user
bidder,k6_bidder_77_0,pts_9c6e315db5e2d0ec700e1b54756ea2683a3f36b194eb6bee4ee6b8a0dde8c4cb,user
bidder,k6_bidder_77_1,pts_818d2f9448dc630a44251c4fa1bb35678cadb75041084e54cce0eb3f2e8f1d38,user
bidder,k6_bidder_77_2,pts_e610ee1ca718b46b793721719f85525dbf414a0d73eb6014bdb0404480d0805a,user
bidder,k6_bidder_77_3,pts_1a805fb54701a976fcc3b888b80e056c392afccdade0f3c1a723c1e4c94324bb,user
bidder,k6_bidder_77_4,pts_02aeb178a7e48b6e65cf56ea48afb0f5b5f85f68a2c31d4187adeb1d6d3051e8,user
bidder,k6_bidder_77_5,pts_d61466b6ef6e0cf5ab3ce532af5a567c636cbdeda6839566df4fea1693386403,user
bidder,k6_bidder_77_6,pts_c071affff1dbbe6e9b3fff0282efa89feeff2e157ee791c48c841f4068a03ada,user
bidder,k6_bidder_78,pts_a97be2134864186a5b3b6245f380df09bb0623274bdd20989d6421c39da50202,user
bidder,k6_bidder_78_0,pts_1f22c2ba8d5840e02d8cfceba55e8cb67a16b98e767af44bb0fec151897afc5c,user
bidder,k6_bidder_78_1,pts_2b0b8539fbf969ce76b4cae6fb14b9ea4320277e3fb42b86443f9ff91926b181,user
bidder,k6_bidder_78_2,pts_512ac2d44b0d2b8500d11ae15fdb168de981a9725ba49219e8cd3019eb329fcb,user
bidder,k6_bidder_78_3,pts_4d78a723c127030fc1fac988e82bdd31c8823a51505a9c2d5a525fcd8768a0d9,user
bidder,k6_bidder_78_4,pts_bdc0eb21fb71252716029b04fb56863134a4258bfcee2020580593861e6d7899,user
bidder,k6_bidder_78_5,pts_40addd6e42ea79ff61c1092a00a3a325fbccd86db948851740aa2ccff51597b2,user
bidder,k6_bidder_78_6,pts_cb26c85907d3abc747434e7cabbeeb9aa1616d5d67a83e74583642d637f3fbb8,user
bidder,k6_bidder_79,pts_61a3122e851bc9c887e23525ea4cc155cfa39059317de5a9621d170fbdd6168a,user
bidder,k6_bidder_79_0,pts_8cbc71175f0bb38b2d6c81e72974d680be015a59a36e65633dab4627033f9da3,user
bidder,k6_bidder_79_1,pts_94596f1aebcbbe6d540aa87f749e4426d3640d50f8e5fd396923ab8a2dee0804,user
bidder,k6_bidder_79_2,pts_6dbd95373635a6baf52bbad85af76fd9ce450e03b755df0c9aab2f39c5d90713,user
bidder,k6_bidder_79_3,pts_95a3adf68e432d5820d2735fc08c323870b86b68b97b34ccad1602f804448e0d,user
bidder,k6_bidder_79_4,pts_398108b2a2c6407200a59ab8b10d7e59b9031c6e73f7cc63e08101c56dc04887,user
bidder,k6_bidder_79_5,pts_b219c7eab811b1652f4803a3675b64e63a7340f0bf0997f3a9bf43efb64c2aa4,user
bidder,k6_bidder_79_6,pts_6fa17c29a00a8831710d768a41c7d7075690f2cbdca5e051fb8c74185f5615c2,user
bidder,k6_bidder_7_0,pts_c95e64a03f7625fa04007224f3083e06bcfc27d7aa515c909528e4512cb84a1a,user
bidder,k6_bidder_7_1,pts_e8699cd99798282056ae8bc55449489f5e47ec55d742a233535ab1547c2194cf,user
bidder,k6_bidder_7_2,pts_bfbc3d22968c214fc95d9709c21f4a9355bc7d24677f3c3eac15ea130a301e51,user
bidder,k6_bidder_7_3,pts_696d2004c6d1029afd242184aae1e567444298c6efa145f1bc5ea1d18a4b5352,user
bidder,k6_bidder_7_4,pts_b260161d2f770097570e5eeadd2d840ac1dc956c47988408a788ff1152f61cf4,user
bidder,k6_bidder_7_5,pts_7abe8dc2aa31dc440172d3cb5dea71a5ffc6db36c9199899cf024a6eaed43846,user
bidder,k6_bidder_7_6,pts_19a5b534a13e66dd37bd1a9812e4984ee0d0a8c777628e047fc7a0d412283533,user
bidder,k6_bidder_8,pts_43c32756d8c11cde0b713d0ef5c7bb65700756d5c8c2f10583f71848156d5512,user
bidder,k6_bidder_80,pts_5a5a3f2512244852af9212497b55181dceb4d88519fcc5ba88319e34d97fcbb5,user
bidder,k6_bidder_80_0,pts_8cb579ef37bc2354e68c2bc697d4adf1d2345c6bb08563f380ebc14276761b5a,user
bidder,k6_bidder_80_1,pts_532bdd9bc9f4b424fbb3ecbad60e1766bd6647af2587ddf622d1cd81601e86bb,user
bidder,k6_bidder_80_2,pts_f86f98a30f97c2758e1dacbec0c8f203387f7562d315cd30bb2844b24f427837,user
bidder,k6_bidder_80_3,pts_9a28ba91c723d1e4aac3ac7aad2c4eccbcc3c9aef1e465ed5597091890939fb8,user
bidder,k6_bidder_80_4,pts_2cbba39c5d0e2b968f3d4d2f32fcb402a2675101e2e2c3b2cdef2c03d1e175ca,user
bidder,k6_bidder_80_5,pts_adc96548f7c6ae528438d6b817f238c1132a9b7d105c4fa655d43d215d85db64,user
bidder,k6_bidder_80_6,pts_fdd51c6eec12bf05822c6f6d13ddf869dd646de2346cba24c82e85e3b204a14c,user
bidder,k6_bidder_81,pts_00c87165783d2e72f604bcb984a8be8a3778e3123bf2d4545ff1a1eb8cefbf85,user
bidder,k6_bidder_81_0,pts_d1ce2216e466aee2f79af91359fb7250e26ecaf3d8255a86837d29c0226a9708,user
bidder,k6_bidder_81_1,pts_e8d36bc97d960beb2c36c53de1f5b5070572a2689cd3439d86880c0a0d15b487,user
bidder,k6_bidder_81_2,pts_9651926126ed7c6b784c850c8f54a8d3add940fbcb99b0df17da6ca6607f0678,user
bidder,k6_bidder_81_3,pts_363ca0878f850517de156cf2fea9bcb93cbb9fc30b429febe4c3d88f6250ae11,user
bidder,k6_bidder_81_4,pts_94bc0dcf83c5b612a0f7c4f6bd8234f764836abeeb5dea11d374e23da2c043f4,user
bidder,k6_bidder_81_5,pts_7b2cae2d718887b2f68f361474d8bc77fe6b8f0b954c96597f39896cfd9c2761,user
bidder,k6_bidder_81_6,pts_fe48779efa7eb2b3c1fd2a1de5c70ece972f8e5a39fb6ea19cf0c7cc683d4cfe,user
bidder,k6_bidder_82,pts_c6dad027883774d5ea77cc8a148cc8495cefcb8ff3dea3416f233cb18374cc2f,user
bidder,k6_bidder_82_0,pts_6a86719226fdc4b5d80f1af508dcc8a121aac9af809c27ed2f8c6b21e4371e13,user
bidder,k6_bidder_82_1,pts_76f0d5e7bee611cc85e047bfb5573ea57a379503e94addf706e29fef3452c7fc,user
bidder,k6_bidder_82_2,pts_fff42a90d5f27e69844d35080e7b6ee604161b4a14e0027b914416ce9338842b,user
bidder,k6_bidder_82_3,pts_06ce4cd1dffbdc73aefe4b44c72e3a79c6a5a56d77a7999c0c1620ad0d03686c,user
bidder,k6_bidder_82_4,pts_05fa25813bbc023e724fc23192694d875a9e398d579842554846f6689e1f8a25,user
bidder,k6_bidder_82_5,pts_6e52f0cbf0195d29966c3939132822945f6738e91bdb86d8e1beda872e039625,user
bidder,k6_bidder_82_6,pts_446c2b7916accffe05fa768e53f2111a870605cf7df5f6d325039c3c814bbb81,user
bidder,k6_bidder_83,pts_b7908ebbd903c2d4015d66eb0f6c49fd511e7dce19d1455ae29687048a6ac165,user
bidder,k6_bidder_83_0,pts_2f5dd836f93319caffde761b04135d4a21d9dbcd18120a9bb74a4af42734e27a,user
bidder,k6_bidder_83_1,pts_af5d13cb958dd7f28d40dcee189e60c19f3d2c575f4d226f9b52b56a6d14f818,user
bidder,k6_bidder_83_2,pts_6a70cedbfef69e508e017569459eb483fa696296b346ea8b7f805b131986526b,user
bidder,k6_bidder_83_3,pts_1d4188a79678cb546855cb7065fa0d36636ee0167fd85c9705613934c62ea58c,user
bidder,k6_bidder_83_4,pts_30171493ddcdf44a8bffb1bcbfe83ff819901eed2f5767d4381f25ab32ab667a,user
bidder,k6_bidder_83_5,pts_e074ab184c814ef2c6bb610c8b4b29202e6df6afa2a3f92682aa5a8b123d7a7f,user
bidder,k6_bidder_83_6,pts_c58c99eb74e311f555241fe40628b47156d3a29dae7f0495ad12ee25e3099f80,user
bidder,k6_bidder_84,pts_39fe00f69295cb7bd7ddc2244f25b0e344f7259e9985e7f09f3cad4fc359513b,user
bidder,k6_bidder_84_0,pts_4e26fa64f78ac674f8cc2f907d305dcc8ceaec371e8abde38b660d5db213add8,user
bidder,k6_bidder_84_1,pts_b7697e891b78c051c3cc55f03612967a1f334030cba835cf9ef361687823e087,user
bidder,k6_bidder_84_2,pts_5936b612011a9614e8cbde73734e9dda9f8a59cf6ea1697b0998160107fe5bbd,user
bidder,k6_bidder_84_3,pts_533c5f0f29c739bf844ff6b0e86111ee075b06b5cc4163bd80012f42dced9149,user
bidder,k6_bidder_84_4,pts_6043ba76ddc9ace5e1b62faa8aadd8958d2d20a64b00010aa0e7d440ddd5e2f2,user
bidder,k6_bidder_84_5,pts_72fc0aa8760061e28d92df65cc9005095ea0f83b14b0b8ea09af3606ef911d31,user
bidder,k6_bidder_84_6,pts_c01b7266fdd0fb189a167f2c7143ecc3d03539c9bbcfa9f04e9758669be3713d,user
bidder,k6_bidder_85,pts_c76af13ba736a3a6b30eb1d934bc1cc274de2982b1d81c02b2866380ffd8187e,user
bidder,k6_bidder_85_0,pts_fabc7be51b4361d9fc22a7b88b8dc20ce79d80496ebbc3f4eb7890ef35420353,user
bidder,k6_bidder_85_1,pts_4b0998169b16a3a2f29ec4173b25a29f53e0f40168dc4c2ea4369a5b001b20f6,user
bidder,k6_bidder_85_2,pts_c3570a9b925b2d829201cfaed6e5c730a2fa6f145116139cf1ea307eb1a6c638,user
bidder,k6_bidder_85_3,pts_eafed52d3cd109dd0a818ac85000ba5bab3f9116406f8c5af941e73dc812ed30,user
bidder,k6_bidder_85_4,pts_c34ab437044bc265391e161f2c5fcf5f09bcf3f68f0d6ba44e0ac31aa3730648,user
bidder,k6_bidder_85_5,pts_347e74bf3f3e6d19b787d4d6dd2beb596b00262c47a589d4a1751e75cec48bde,user
bidder,k6_bidder_85_6,pts_74abe841f3aa0840da1b19b3d36f381140ac65d43e439d128e34ce21958b1cda,user
bidder,k6_bidder_86,pts_1eec457d44f219a10db9abe63a0efed671adda76f4f92ee10aeff5645a0ba5db,user
bidder,k6_bidder_86_0,pts_03dd600eae8308c7a7c9d9ee7a63e5b0b190ae0be685b6aa1d864169bd2936d4,user
bidder,k6_bidder_86_1,pts_8ba6b34e3c464056a1de3e41710a268a887ccf22eeae6d51279ce239b0810640,user
bidder,k6_bidder_86_2,pts_65cc7a9adcf0e1ffa21e39fe01ef8bdcfac2dd3ed976d330b86367f88cdd2f8f,user
bidder,k6_bidder_86_3,pts_1fe89d047546d6a119dc0375a209fc008cab37dc30ead3935f333537adfdcf34,user
bidder,k6_bidder_86_4,pts_815daae47c609e61e673c6a525db4cdeeb883259714a8054a396d4e2efffd4d9,user
bidder,k6_bidder_86_5,pts_de5179ed8aad03b7ea20f7ecdf7e15a896f30a5b04c565f0cc19a5be2fa6636d,user
bidder,k6_bidder_86_6,pts_65f5a7e0cf6af36cfb747637deb80d5015618104f273665e5092392c8c26499c,user
bidder,k6_bidder_87,pts_ff203ecf750e94a1abe83adc16c34e2c27814995d45b42c4e3d13160641e7417,user
bidder,k6_bidder_87_0,pts_f356b442ebdecea3256b1b9d63e5b59d9e312c4c0ffce00550ff4f0bd9349945,user
bidder,k6_bidder_87_1,pts_c79a383eb0a156e2f166074520e70ecfc36ea49ecf748a29c1136db6a9c1d748,user
bidder,k6_bidder_87_2,pts_04ed0e4948e494d8b498e29b4ead9580aeecf16a888b3160a1678df0b04e1bd9,user
bidder,k6_bidder_87_3,pts_7931f4974c425805f78ca3fb6e25c88a915f406fb753e1fe244192858f9911e5,user
bidder,k6_bidder_87_4,pts_53c88970c6c128f19b355ae4b2be75fbb8150f96a74ed225e511d3069271a750,user
bidder,k6_bidder_87_5,pts_908ffe85ede85227c91b519edfc27161e803515171193740ecd2e0f1f3556d61,user
bidder,k6_bidder_87_6,pts_15fd4d0e5f53b091da1d098b0eb8c329838f8ae3c4b6ecfe9aaac5e904bb0db4,user
bidder,k6_bidder_88,pts_49715c26cc2c9ffbd4d174c75c7ef74a845667e9060450810b6091acc00e1081,user
bidder,k6_bidder_88_0,pts_53286fbbcd60e70df96dbe69e815f328549233f5fd27b22b1f61b880c45a3dc8,user
bidder,k6_bidder_88_1,pts_89c66401fd59628310ee13aa359b51c0159649bbb52f353fda0056b5e1d977ee,user
bidder,k6_bidder_88_2,pts_23b7ad0884976f74477dab5df554972f4d1cea340a17ac4bad3625fe2bf0da87,user
bidder,k6_bidder_88_3,pts_1fe4d8b511dce3038142fa671e4667044858fe39cdb60ff7a29ab5333990a026,user
bidder,k6_bidder_88_4,pts_95ef32dd1a96463b456a0f5e40eaf6b48515b61a3d62d579effb926486b1174f,user
bidder,k6_bidder_88_5,pts_4ea8fe7f63172514bdec5f5f51417358403aa5627d5ceca4f1b1c1b0dbc71120,user
bidder,k6_bidder_88_6,pts_86dee0d29a0d3228ff090a5000b8c45201320fbc59f5d4a739ce747d21132e1e,user
bidder,k6_bidder_89,pts_2fa39f9a78b1088f44383f606255f528d115870dee071905d03532bbdc436e6d,user
bidder,k6_bidder_89_0,pts_eb069d1d0841a2de87915b2a7a29f5c87d56e42d3aa108622d88ae1b77ba7d40,user
bidder,k6_bidder_89_1,pts_168cd4b60281bf6bfabbec5ec8a75d6213f178a354742a2a950469068c3f9dfc,user
bidder,k6_bidder_89_2,pts_0a58a22e1df0c92aff4082762d16fca759fc553cd88154e26d20bbe9e56a8dd7,user
bidder,k6_bidder_89_3,pts_da60d883a0c48403d836644c3672541d77220825962e4f5aa149919b300f9910,user
bidder,k6_bidder_89_4,pts_5d17b86a9216c6dc7f6f30fe1e89c0ccb120e1bac3c023a6d8be07bd623edace,user
bidder,k6_bidder_89_5,pts_1993b621f85c9616f39c07a8c2039984b8e00385daa9d8e9867ffb011e550e0a,user
bidder,k6_bidder_89_6,pts_b77f61e413ab1baa98336b5f6142054e8cf659a3289e0d1e682058dee62a0f8b,user
bidder,k6_bidder_8_0,pts_b2a63a5b7d3e2fc6ab0d64c45087c249fab76e74f2c3d58cb36ff381cda3a5bb,user
bidder,k6_bidder_8_1,pts_c9a33cfccd3bd0c6cf4f49187632d4fb41807fe6c0b3a51b6f409a5a3e01760f,user
bidder,k6_bidder_8_2,pts_73784e495ba5013ecffe82e647a41087d7d8e2050558436eb78d5ec5ea494dc6,user
bidder,k6_bidder_8_3,pts_c4e411794f2aa7e488dbd2f8a377efe4dc42ebb636455f6f03dcc8d579787386,user
bidder,k6_bidder_8_4,pts_2203e7e575bdaad6578dbfdeba09566abd8fbf2ce6e2718c53aa8ba870413a1d,user
bidder,k6_bidder_8_5,pts_219f5d1afa53883e1a61bac2adfc8f8fa0f3eea73dc6e6c5ba5a786cfb139deb,user
bidder,k6_bidder_8_6,pts_cb7a1efcd4ee32a0e9ab488c0edfd358995e035356b24360960d396e0ec883fd,user
bidder,k6_bidder_9,pts_dc504367c0334411326a1075c30f7e62e927046d67d5d0b5cef1c800c34871d7,user
bidder,k6_bidder_90,pts_34a09665485baa6e7a279e74ed8e6fc181dacfcd2a073f692fd6671f9205508a,user
bidder,k6_bidder_90_0,pts_7e94cc499c74b28ee69e07e37929599c2a0b740180f21af15b41ccd1fe2542f9,user
bidder,k6_bidder_90_1,pts_aca5a8e2db9cf1fb1c95cf3b62009918be8987303f4af126a0106bf190acdb2a,user
bidder,k6_bidder_90_2,pts_440a0780a84e6239e2d8773ce4c5e545ada0dd5ea73572d706d9d03eee24d78b,user
bidder,k6_bidder_90_3,pts_ae94bb719f7948f2fad6fffede5ac042e626641d2a6de96fce50ea9e8fc6b43d,user
bidder,k6_bidder_90_4,pts_e080d1914dd8e1e8e212aa11d330772b1965c647bcb15abd7bb1bce00941f6b7,user
bidder,k6_bidder_90_5,pts_9c1caec464bde40d11fe4b9b30e64a8a944f18edcc8a3ac15afbacd21e979e63,user
bidder,k6_bidder_90_6,pts_21099b11c6d83f21c75290931e7e19e138a812b6f546f49fcec472d0b486963e,user
bidder,k6_bidder_91,pts_74e3490371bdeb6e4d63785208f9f2def3cf7f88e15d23f588073eddcc524b51,user
bidder,k6_bidder_91_0,pts_99d4cc96dadf349ac5427f832d0c73b0519fe2d0471935dfcca2aab7aae74058,user
bidder,k6_bidder_91_1,pts_47417ebd66dcb874acab48adfc074282c6ad354af630c3e8399a95e5d6527615,user
bidder,k6_bidder_91_2,pts_33a3ec585d9071f881a656679574db855e2c6113105b4dda083be9b970d83401,user
bidder,k6_bidder_91_3,pts_8d11a225ef63c596225f5fb06b48f9b977f1faf06d002312e79da2ec67c0b5ef,user
bidder,k6_bidder_91_4,pts_1c74f3cd84873cdb84cbaec478d9cb9abe7d1f95c2a49355e763547e311c578e,user
bidder,k6_bidder_91_5,pts_4e566de2250f06451e641d9ad908abe5928e96b78267a3a5e81f0b31b4a8c1c2,user
bidder,k6_bidder_91_6,pts_7b545773e7725e0d0890e86d06a8478df4c89cea0d1673db71c89d66b7da1434,user
bidder,k6_bidder_92,pts_8bafb76e33233500c37f930da586bc6d05e578a0d1f4d2f3f5e4486ef319158b,user
bidder,k6_bidder_92_0,pts_34327a8f03ac785b1e954b4849ad964fd458f585779fa63791b14373cb2f9d2b,user
bidder,k6_bidder_92_1,pts_15ce24a94b32bcb47fd07980983524d9f30b2ab44ef0467fcdb3852c8dae4e9a,user
bidder,k6_bidder_92_2,pts_1495b7b6e9cce02dc2a68aea238625eada2ada356169ac70df705b088f781afd,user
bidder,k6_bidder_92_3,pts_8ce67ccbb7264fcf6c4146d1db9ea28185435101cad61d22be2db90f84fd53a6,user
bidder,k6_bidder_92_4,pts_b0ace4b07d9814ecadb5d12d69439ee8c88365de3cadcab70af1c41e21e4d886,user
bidder,k6_bidder_92_5,pts_a7a5801c9fce15dfaa279c2ba66f1b138a45c5eccb173bd6543a1f7f4fd01ab6,user
bidder,k6_bidder_92_6,pts_4b6f664eaef432a658b83edec0662bec595081d11c3bf8d7c7c677e98969c661,user
bidder,k6_bidder_93,pts_58ad15e743e372bcfbb70215c7ab9418c543be47e2f4581c0e6c3d10af878701,user
bidder,k6_bidder_93_0,pts_bbf3457c4da034a01174ec22da57a32b693ce94d1f94c429a9e300ffe4a05e3c,user
bidder,k6_bidder_93_1,pts_a246b2471071e5ef2c382a3196e1f049d07717d3279bd177ced6f53f89a44e70,user
bidder,k6_bidder_93_2,pts_230b83b88c21b949820f8ec5c1a2e7c362d7457b41235963bb62d6af1817e047,user
bidder,k6_bidder_93_3,pts_b64aa39700d053980907d74ce67f5fce136f98ab3e762c7eb2c9dea5cd4e9c25,user
bidder,k6_bidder_93_4,pts_79006301944e7b70dee707a04894b6a76e1df2e34a001591c0ffea125bc79865,user
bidder,k6_bidder_93_5,pts_8939076bd8ca4be3e12826675f98fa97158dff262783ccd84a8dc5629b455fa1,user
bidder,k6_bidder_93_6,pts_fa693b69e56d23aaac5698b5307bdbffbcb56f84d87906dc153ff9dda1e4d582,user
bidder,k6_bidder_94,pts_9c28ab18c0da688404d2fda32fb2372e8bd1e7db0af8c6ea07fa8c1f42af1b5d,user
bidder,k6_bidder_94_0,pts_6c4e9715dcdd02c92ffaeb139ba816500fd6a91b1bd61c8f98aa13dbecec9745,user
bidder,k6_bidder_94_1,pts_ed22036ee95a859e39585cdf0eb5fd1cb9859efbf0452978a0368cbcaf80a77b,user
bidder,k6_bidder_94_2,pts_2e491c491bb9bf3cd7ff66a6aeb91fc44f64956d149b158d2b04752242471ae6,user
bidder,k6_bidder_94_3,pts_4bce5dd658fab36324c212e3775ee92fc9b8ba52f057f5eb0dba3c1b827ae750,user
bidder,k6_bidder_94_4,pts_0696a8ab44919fa1bb3b1eb739ec8c84f7b6d361b9574995b21ac5370451c59e,user
bidder,k6_bidder_94_5,pts_8d97d13597756ee16cf92d70b6c62fbe732a77b31638b0cb994cbb6f9485ef46,user
bidder,k6_bidder_94_6,pts_94cc384f9abef7de738d3e3579e6376b0565608e6bbe9309237b3d607aa45473,user
bidder,k6_bidder_95,pts_64c9e0a3c2cbaedea2bab59f62cbe998a46ef3ddcbb2fe7b46da388092493525,user
bidder,k6_bidder_95_0,pts_3a5e3ac3059bb93b99f23309df59aa5e8b25ae8394426f47dec905524f75533f,user
bidder,k6_bidder_95_1,pts_3c114664469b54d23943808859b80b51832281633b34d41b3d718ac1de53ce69,user
bidder,k6_bidder_95_2,pts_9fcad36d7d3b02505f3713b048cf99e0eabedb35cdc4102abd22cd1ab77a2d23,user
bidder,k6_bidder_95_3,pts_57e85f9fe3e7703a565304c35a1fc0974d562670177b620cad003c732c0fbb3d,user
bidder,k6_bidder_95_4,pts_1ff22981bb5389c0b7cb47a48365dbfb4f59ba42d6574e3140b5eb5072da2739,user
bidder,k6_bidder_95_5,pts_c61e273722a7e6c7a6c79b53796467b1f6b1ed38ebff70023ed9b707ea5b2a59,user
bidder,k6_bidder_95_6,pts_e6235b9f1f5de26d7168525c16693f80b78248baa27032a3b1a4e4bea2b05696,user
bidder,k6_bidder_96,pts_7c118a183a6aed01e37e40c320f6e4610f594fbc045e0ee3234ad45915f007fa,user
bidder,k6_bidder_96_0,pts_bad67b939873c27a93f53b8735b98a526b1345cd6e13294b3d3ac32e7898c662,user
bidder,k6_bidder_96_1,pts_e99d3543930e57f102d42c2b53aacfa5d9c3373dba92b20d6af13be919708726,user
bidder,k6_bidder_96_2,pts_296b8db4a20b4b3766371928cb6104da2a8f09de37117123e0b8f4e2af9cf5df,user
bidder,k6_bidder_96_3,pts_a948f3258148ea3384bdd47431de5154b831e25c772e1203bc5c43281d4f3ad2,user
bidder,k6_bidder_96_4,pts_b1ca820eafc1a045cf92ebd4ec7f19a3682b88e5757cbbface58af520808c373,user
bidder,k6_bidder_96_5,pts_b9609ad28b34661001dde1344036fbc410b6f39caeb973d71b171dfba1ab8925,user
bidder,k6_bidder_96_6,pts_71ab5064b3c360463ff0fd50485339d99d448621dd6400a552a88765b105b3e0,user
bidder,k6_bidder_97,pts_89c2a9e96b693d44c89049dbd687ba1f6e98bc7c3f1d099470ad0ad942f955b9,user
bidder,k6_bidder_97_0,pts_a130ef65ffbae1b163eea61ffbfcda3518a200b1df29fcf3e7435e55f8e95b95,user
bidder,k6_bidder_97_1,pts_59c82dd900a7e5239a0cc50eddd0fe8fb406ab679839856356852093634576da,user
bidder,k6_bidder_97_2,pts_cce3a928ead5305653af293caf18dab99b2369931e23479606af8da8fb7e8295,user
bidder,k6_bidder_97_3,pts_cee2c19a8618acc6af38269c06dcb62b283ccc573a01d70dbfb98130d9c7ffa9,user
bidder,k6_bidder_97_4,pts_831d05b72a83652f6aa0c58ca1cdbcfe55accccf8e62f5d5a8f291738b14495f,user
bidder,k6_bidder_97_5,pts_7cbb51b13f6caa97941e1aa1a5c365806b0203409890c339f75a3fcd8c974369,user
bidder,k6_bidder_97_6,pts_58a6341fe4be4c61f927f5d84f89f5ae888878f9b3bfa7ee5ce4511e481ef47f,user
bidder,k6_bidder_98,pts_e86f6c6029e940a370370ea06a25a6bf1aa559bc5165440ff471780fe02aa0d4,user
bidder,k6_bidder_98_0,pts_c9493e3f39a5183ca357b20f2b0be4410b597be2fba569a349ed10963a4952fc,user
bidder,k6_bidder_98_1,pts_5add84dbab92d6b9820d94e4dea713697acb330d93cdb95c1b8ba4a40def3986,user
bidder,k6_bidder_98_2,pts_558245732261116fca1cea724cb21a76a9f844cd5a50eef7ddcd84559c05fd9e,user
bidder,k6_bidder_98_3,pts_28f94adf22555498d79bfd8cc18ad61560964f286eb2f51f134518184da82708,user
bidder,k6_bidder_98_4,pts_c959a628d08ff0e088d6c8b3457a48711ae84ddaae342e1fcf7b964155017a10,user
bidder,k6_bidder_98_5,pts_493f0fd8c3e75bcb8f55a4dcdd6567d1c51296766fd442ea7f4a392d390d30c7,user
bidder,k6_bidder_98_6,pts_1c86ee21c7989362cb13715b5313c6bc31b89f11bc448006d7ffca803d1f4093,user
bidder,k6_bidder_99,pts_9fcdba0b7b9220a87801af867e68bce3294435bd3fec9f023aa0bad349692226,user
bidder,k6_bidder_99_0,pts_bd946c143acb2d8e6ecd335ae0cece3ed967de79150588fe540234d975f8dd8c,user
bidder,k6_bidder_99_1,pts_bf2ad799047dc77b38ea7b1d43c79135bff544f94caee675e06e5620aa802276,user
bidder,k6_bidder_99_2,pts_2dddbade2c943a7f002fab86a59f1172c5b7b0e97494a47c8430ed82ae30d288,user
bidder,k6_bidder_99_3,pts_25e1328e3473bbae07125fbfaaeb1471dd46aca96783dee7e2aff36e84ac5bd7,user
bidder,k6_bidder_99_4,pts_f1aaf9ebc78838702733882473b28e0d6644a0217899ca0231f1f4c9e27c97b4,user
bidder,k6_bidder_99_5,pts_7f345278b9a5c17cd4b9cf1dc9ede07f6daa398e66a0cf90e941b1385e10c405,user
