user_id,token,role
k6_bidder_100_0,pts_3813e9f4926cddf36d6166256de13ec2b30b3860f7c8b6552c64932c0f6e6173,user
k6_bidder_100_1,pts_7238177d0702d258f0e5493014476a74346403d8a00f995fe9ec7e9034f73149,user
k6_bidder_100_2,pts_103157e9d0b4ee09ed794759e5e0f0549821fa5a60caba4e49e620c498f0e814,user
k6_bidder_100_3,pts_68addbe31123f1b6f79feb75cb924d82f0dff3999d32388274359acfde3e12bd,user
k6_bidder_100_4,pts_f83a19dba59d3ee0f83cad51cd849faf2bc9f7eac6726636673628129b55b621,user
k6_bidder_100_5,pts_45ffb795ea6b2f3a183558df379c7c75ccf7c8d3d1425b71d81b0d266152bd50,user
k6_bidder_100_6,pts_ba8c72654efc521d424ea7488be339a81bfff1a11929eafce0a0167ada5e0718,user
k6_bidder_101_0,pts_0749897675ba3e170b89689e933d9d5cf1fcb387ddcfe86d272b5835703c10df,user
k6_bidder_101_1,pts_03503260dd0c70aa68d7da7ca6fa9127013e54eb012ff6d87801a0b5bc5132bb,user
k6_bidder_101_2,pts_2c24eea4ee336c7e4a2feea632941da8e5d4fd8ed882b1d57149cca46213eeaf,user
k6_bidder_101_3,pts_9052524924b5fd4ccae88800661d276c619cd8d00266d1a1fa2a7f39bb94ccb6,user
k6_bidder_101_4,pts_4074d6216f534e64795af1131497943ee4bf51c05475922d9561607c033d4e64,user
k6_bidder_101_5,pts_fd81c501583d15780f16ef0397d7811dfcf4371f559e5c8af6a065f4a93223d7,user
k6_bidder_101_6,pts_5b9937673ebb33e8500c84188cc85f64d0e69c58ef2ed23ecb7d31015a6af0bb,user
k6_bidder_102_0,pts_a60f054185f8ca93a3932a6b67156638f1ae146196b93ae338c95879ca1ce472,user
k6_bidder_102_1,pts_5d02e471baad6d823bc5bdd7da863efa80b558a26a8940a3299b129a4d24f73f,user
k6_bidder_102_2,pts_da84f30855f180da3fb00912f339908a82ea34c1db1e01b018a989cf74250d1e,user
k6_bidder_102_3,pts_fedd8064130b24cb76ca8497612d80d1fc63b31856c45e90ed65f1233e60a13b,user
k6_bidder_102_4,pts_24161a18c652b86bfa5a8c72c0d4bfa099d8b55793b416300f32653013761505,user
k6_bidder_102_5,pts_2468ec7036e5a90dd3cc84a0b41d6ab597f87afc6b7faf7007d6264c8286b097,user
k6_bidder_102_6,pts_df35602a8892bbf0e47f45781f64cff52c90cd3b41425df9554fbd21eb6dc610,user
k6_bidder_103_0,pts_991658df152b43fd1cd06c9b423b029f203d85c56fa0c50c6482e412d21262d7,user
k6_bidder_103_1,pts_5f151800323849d2072744655e3c9667178de9a6774fb18deadf148e917fb00e,user
k6_bidder_103_2,pts_1906f928672125cfa36d101d7778fa47b83314896c217ee5aad561c27b5bf790,user
k6_bidder_103_3,pts_5923d526a727f058c88bcd150067b273ab039a981a5331ebf2a8497161107e9e,user
k6_bidder_103_4,pts_c986414b4ce5c029582802ed661fda03a56250054d7acf26e024282291e7c850,user
k6_bidder_103_5,pts_ebe54e69c9841a9baf5f6a2de4a55cad7f99ad70050895f544bbb4232bac606e,user
k6_bidder_103_6,pts_65f5ee22730cdd6b2567399118958af0d35c051768c527e2dde654facc1b52de,user
k6_bidder_104_0,pts_f064c9581698db6899cf4131361c4a20b07895881c95d725ae2d9e6c31bad40c,user
k6_bidder_104_1,pts_cc8b87c5afe1968868deb1ead4f54edb2b4517a733f991dc047be0c183b1a4c8,user
k6_bidder_104_2,pts_7bd57b405ce3632bf480f5d2e9b6ba8b85a0bd8674de524a790b2904d831491d,user
k6_bidder_104_3,pts_1293ba506649b9848965c9fccef36df9f7d01043bf1c4aee7b8dac6d24eb1f30,user
k6_bidder_104_4,pts_c12ce257050b631106422c511356ff2496f46edee628a99c5200f2525bd339a9,user
k6_bidder_104_5,pts_0ec843219510219aad60cec982ef92161ad02c6d3ad2b44b748bc81549a19d7f,user
k6_bidder_104_6,pts_2e707f7f03b61a746d41f421556296d089d5152feec0c3c035f78cd31a05b793,user
k6_bidder_105_0,pts_e4343ab9603085d1520747fd999145c7aa762ae0b7e1c8de33c5d8dfd7b5a979,user
k6_bidder_105_1,pts_1c075c69b6388854e6fa82b939e883efff10d0e28a2fdc06d442680468d6cb5f,user
k6_bidder_105_2,pts_aa538d9ebd99a5e0514d93e4e770cf5f6b71015e5ccef9d893b5ac10c270c00e,user
k6_bidder_105_3,pts_59ea31a6e06eda3f4c390c43c97e82a38a08c0273b9fd869a023a8ad1cef98fa,user
k6_bidder_105_4,pts_d87c221b7cffd2c9ea70a7dd7965b50cc5579caad856c408bb2eda9ddc1b4d97,user
k6_bidder_105_5,pts_b8291bb4ae23e3439ff7ba51468a20aab771b1047db748327aee375cf0b66b27,user
k6_bidder_105_6,pts_ebad121317495ed5671b4bf3025fd86dc51c6b4cff7658f5f67fac2aa7aa643b,user
k6_bidder_106_0,pts_c59521ca357ae66bebc19f56da77d503913b83e495cd339d98e59a75e2b33b01,user
k6_bidder_106_1,pts_d4751eea69cbfdc84a3737bea09b8b812e373470c349cdbbf31d99de55cad9c1,user
k6_bidder_106_2,pts_0ba7e32ed5e0f2ad1bded819234b30292c2df7c25f5fc275326be64e75371dbd,user
k6_bidder_106_3,pts_7c940a33c403656ab391b0d13a5292da194062ec292bc4d7cb273d3bb272709e,user
k6_bidder_106_4,pts_c20d9da7676b04a7b36e30a493ec75df2032d4bef5d78fc7650cd275191b1282,user
k6_bidder_106_5,pts_8880cb76a0de023e9c81290c0427a68de297e3dd97afa226ecb5e2a9bbec9051,user
k6_bidder_106_6,pts_72974c08c3024f29ee6f994c768389e38dfe5b947c6479a1170f27e0e0d955c9,user
k6_bidder_107_0,pts_2e1f2d5d5e5b6601f748e2bf34b67a6502ae8a51eefe428330e02aa4bcb6bfe7,user
k6_bidder_107_1,pts_aa4405ee3f07e0d1d5f1e6c510878b4f42945f04617c8185574089b0dddc3eba,user
k6_bidder_107_2,pts_a0cc6bd2d15499e42c7be2899a5d727d7e44412a6bbc760aec5d80ecc4085913,user
k6_bidder_107_3,pts_a8b627ab094ff945378a354d713fc841f02e8294e7857224eed9adde71e3c0b1,user
k6_bidder_107_4,pts_5e20262491dd72235e835a64edd6c2b7cf0b27b1f8d6a0de48f332984bc8fe55,user
k6_bidder_107_5,pts_51e5c46f2f727e02698b0a4afac2eff4383328cbebb2a21338a8c69f354cb2b5,user
k6_bidder_107_6,pts_aa70b2d2c441744be73b10c4c94aeaa0b74e880140ba3b3267e4f596d16eef03,user
k6_bidder_108_0,pts_060f697adfc2df0232852ee67a1a2f5c2c545f0e532b633791b725eb5de97947,user
k6_bidder_108_1,pts_413fb7fd37de640b1a0b07cded0a846c1a48be152c27c5f615cf0455ce762f66,user
k6_bidder_108_2,pts_0eb1b6843dc3fbb46700f7bf0f6b31030d07f3a403ce85892864ec6ffbf57f24,user
k6_bidder_108_3,pts_f498b347b66ced9e6553cd0d3b294d2b3b482e225b48a222d441d53476f8a5ca,user
k6_bidder_108_4,pts_922211a75461236485014f4083ece712feaf03399660d3bd0acbddc6dce3ff55,user
k6_bidder_108_5,pts_8b4bbeeb382404c089ec8ab8f8269fa6c1aa2b26f54cdeaad7c7fc3704f02f5d,user
k6_bidder_108_6,pts_46ceecd8b1a141642aba1fdd9b7e78a604cb0ca0cadec1598dca806670f558cb,user
k6_bidder_109_0,pts_fdac531ec794299ad9f87ad4507ef96b2b76b0b6c71d6deb2d504d06689aad9c,user
k6_bidder_109_1,pts_5605b10aed62877a9ffd5ec8dcb8acedcc98898dbbade4f62cf05372faed2abf,user
k6_bidder_109_2,pts_116c3b9cf91565fc77337d086192a763edfbfc3163eb30e5362fad5a8584446d,user
k6_bidder_109_3,pts_c35691d4dc2420b07f726336e32a03306dfcb674211bd85f24a7646d7326b280,user
k6_bidder_109_4,pts_13c1ab2178e02d1c7b19172c058ac66748bc021e3358a137bfcfb08545f09c90,user
k6_bidder_109_5,pts_5a4850df4dad049f283c69941f790e3cfc5d1934c170ca8fc8713c237611af46,user
k6_bidder_109_6,pts_b6d0a686f416df15275d9339056359b7d8b3d52254f4f8db8ed941f8d214ce27,user
k6_bidder_10_0,pts_f89736880488c40bc7bd20ee101bd20d60e3c359446ecd9823a002125156639e,user
k6_bidder_10_1,pts_f0b183c7d8ad7254450775b6f7f900f86fdcfbef2b68d85435de0cc2068aae5b,user
k6_bidder_10_2,pts_837e865d387933388c32606a99b825bbb35521fbf8be3006f919e5a89b7e923f,user
k6_bidder_10_3,pts_6300d18fa382ead11bb9a37bbcd666bcf6d0763d24f2e81e9ae9245b7102e3ce,user
k6_bidder_10_4,pts_4342a4d92e3c409348bfe718836389f6a86b5f8df17cc166451b92e2fecc0d85,user
k6_bidder_10_5,pts_d22551ec1363b20ec8c446ce01493e1bb04b5d615d8d625b853475d157c6c577,user
k6_bidder_10_6,pts_4ba3c5560b0677036ced82ddf3d4681d4d5a19ad0da8bd1fdea8bce8702af279,user
k6_bidder_110_0,pts_6229c7f32ec4fc2c5c88778028f0f6aa6a9c1b4c3d3741b12648c94dac345daf,user
k6_bidder_110_1,pts_bebb15ef9aed74d7b529468066606dce18934aa3c24a80b6123e28be2537d160,user
k6_bidder_110_2,pts_aa21d4d81119449c479a2a473628177c7bfa0738e1d608bdfec69e63c29ec31d,user
k6_bidder_110_3,pts_59ae5614dfc6dbb858382496e1d1419006593a1f8a3f6f0c796410a31ba55d6d,user
k6_bidder_110_4,pts_b8775ea17da10e17a66fdb2f97bc53d0e9b339b8d75b4d694590b47835807ca0,user
k6_bidder_110_5,pts_71fb26c711e4e6854fe378b4f8479438c0b4916182f371e35c43a4bf986e9f2d,user
k6_bidder_110_6,pts_973019bcce645723d39dbb9306fb245b7c313b810668e1e02b14131c23e03659,user
k6_bidder_111_0,pts_7b4ace663a3af3aadc2bc61cc48f0c534df7acc28a0ffcf63011d8c7a0ae1b0d,user
k6_bidder_111_1,pts_70a2f42048e67813e36ba382f67a5374d088451066e83400c27ad775e60018ae,user
k6_bidder_111_2,pts_3c88107434040a9c95c41d6071744f93646da8cfafd719fe34ff2ae3b89da744,user
k6_bidder_111_3,pts_89ffe59c71b85627cbdcb43f12b9289aedcaa384a49588ffc322c6eb8e132c08,user
k6_bidder_111_4,pts_a596aa47897f7857c39ff39347728cf23f5287cd566eb82e189404824c8acca1,user
k6_bidder_111_5,pts_fb71505e04b6ba161041b7d0b52deb2f03cdf3a39fdbe623321136b1291a0e64,user
k6_bidder_111_6,pts_e2047f5f07d0097b8a327fa446661dd9d474231f17fd4ebfbb556452cb3035c7,user
k6_bidder_112_0,pts_85ad9d8ae04f627eaa4750a98c19eb8651df6c0ee73ae8181a04370d0f2cd570,user
k6_bidder_112_1,pts_26aea4693e5bf6d9985e7746e317832577f7a1e2b439c885c9ba396cb7e68c11,user
k6_bidder_112_2,pts_e2b0ea26c1a189fc0da8dea18797b7feea9d5e46f6ebabe088d16995721a8434,user
k6_bidder_112_3,pts_41be5cdae711957775e951080796ecdb5f00877cbd843e9746948ea50920209a,user
k6_bidder_112_4,pts_c0a5fae0396a71cbc48b46c61ac9c0cd431ba82f180fa26c39ee44e8c8aab9a2,user
k6_bidder_112_5,pts_73bc43bdffaba439c5919b22dbca34e4776115256861a451d604e4f7f8c33476,user
k6_bidder_112_6,pts_9479339c3d805df7d453d160c0eea8ce0de48c6e75c7a46c12583591bf6aeb3e,user
k6_bidder_113_0,pts_672dad4cc7d8559d4716f7cad2c8a43db719b29cf4ca07aa9c0839029115d0a6,user
k6_bidder_113_1,pts_e86b3a8b53eafed3a3454f949788895b0f4f7fb93dd53a5e647b4c3a914e0350,user
k6_bidder_113_2,pts_cacd525dfc6c289bf3f8e90055ac44298ecc22eae3750a7de24cb83524600181,user
k6_bidder_113_3,pts_0a8971a4cc363983282692e134060a5b54d620d05051e9e08a75e617488465cd,user
k6_bidder_113_4,pts_4f0e43577dea981f859a38816d90abd1add51879223c18bedb980393be72d03f,user
k6_bidder_113_5,pts_f3e409b99e08da6c03342255133e0f974cda271a2fbb8179bd6aa375282a9ec7,user
k6_bidder_113_6,pts_c87b4ac7405a0a780676cef506827997f68a1ee77d052120f3958566d2b9723e,user
k6_bidder_114_0,pts_8365ab9387558c1bb4d5583c7d6ce86d7e7ad120eb7b11cb71a9298a1b05746c,user
k6_bidder_114_1,pts_5ff8a87ef12b1e2fa6277ce747173c68a72c3ed4b859b36afb24b93cb3431f77,user
k6_bidder_114_2,pts_cd71a39fdacb21a5c82b620167481924761287198bc6e185a953f5cf97c828db,user
k6_bidder_114_3,pts_932d89e83ffdea972b40baa805c98870558bee7c059d0f793eedb15a77b32604,user
k6_bidder_114_4,pts_abbbdc63a86bf7ebc5c273efd45cb92bd31be57e44b1dfdec238218a52bda32f,user
k6_bidder_114_5,pts_3f917aee73e51a9f72c061f1aff077a5bdeb88b24137f3b84c839e4154278c49,user
k6_bidder_114_6,pts_de7fceff77d5a4706cc565c08920ecf420d329e97973a526e596fbbeee2debf0,user
k6_bidder_115_0,pts_6e2dce4f2e06a39e0a569f691a09d744c99ea80a7f841ce6401024d5ebac7b80,user
k6_bidder_115_1,pts_7301d8c5540ec048d5e3776f7816b70a54022cfe9af2f632984fb9479ab240a0,user
k6_bidder_115_2,pts_6d1da2056e8053c0b707e1fe7f2478a63dbd78ca6c8e975fa10da4d0ea6ab2c1,user
k6_bidder_115_3,pts_3c48301377d7f69fe1cdd74c84c5cc03bb0ba21570ecd58a184e4d538cbaece3,user
k6_bidder_115_4,pts_6cb2b0072426549841e53afe79593e7f63f9bccb2701519f9c2a624a24af2a11,user
k6_bidder_115_5,pts_9c11f227d7e23f0520b254eb20fb58a54c88b5a91b9cdfe4bf8f10d4ae21e20e,user
k6_bidder_115_6,pts_2a6379eedfe5857e8cfb73ebfe9461bd2469ebad8a5e2e493e4fd221538daf03,user
k6_bidder_116_0,pts_e5fd053522c994dde887bddb58a1d04125b0c24bc73c3c5a8ece8be38dd35c0f,user
k6_bidder_116_1,pts_da51d3e7787a2cc9fea509d308d5e20a9424be59e6668da9e6565c350bab94b5,user
k6_bidder_116_2,pts_1cc58aefbeaac3b03ae2ded17fdfa14efe0293591def375f97cae51f60471584,user
k6_bidder_116_3,pts_7395056bc4b3d491c827d7c04b24ba47f9830778cc9cfca720de610b2291be23,user
k6_bidder_116_4,pts_27481dff084e3217b87206e1258f44d9b4368285e28afb0e7fe899c69e99f8f3,user
k6_bidder_116_5,pts_db3e4ba47481d83a2d9af6b93f2fc3598d1b0c3614b1d64c901d0b1bffc10c1e,user
k6_bidder_116_6,pts_a023f252f32cec49e336a11535f1e81de9e9bfe28c512009a90514175b9c3a00,user
k6_bidder_117_0,pts_25e3cdf280e2cea5f478222a9d331cd32bfeb3f66762667ed330123085a1bd4a,user
k6_bidder_117_1,pts_18ea8f432b24fda88803ff4404ac27bd7ead8e85cc3e30345ae701d4c21878c8,user
k6_bidder_117_2,pts_4b7f78cef3dde21293514e837cbe27e0f8c430a04bc7f85a491373083526aab9,user
k6_bidder_117_3,pts_c1dc803e5546fb7df3cb1554ff9c3a1d3e2d915c1728521a0d18a1efadb3b74a,user
k6_bidder_117_4,pts_b47be8b750c8e6bfa8ccd3c4eb58cec19cbc03c435e99f0f43f075fb967a25e6,user
k6_bidder_117_5,pts_58b326bf166fb6a336a6d004932795d2b6740ce7b381414a8d27b844b435b9e2,user
k6_bidder_117_6,pts_8bdd1031eb3233842f18c29679b6a6f251614fdeb60e279ead78669e23336d55,user
k6_bidder_118_0,pts_333777e1bd00441a6d15b06981071a310d560b5ff3806ff0bedfd5612ebcb3de,user
k6_bidder_118_1,pts_8304451d82ee6b8b1b27a6ae79c900d810fec93281056837975ff7d5bfcdd57d,user
k6_bidder_118_2,pts_cc420110af01bf121dd1846d684e615a19389d943db247ce3d7a35b502693365,user
k6_bidder_118_3,pts_dfe77fd5e6d26a9876eb44416578f30cc420c7c0c09206b888177c2714d708ec,user
k6_bidder_118_4,pts_e5c9ea42b381f0c2327f689e9cb73313bea1ce451e12fb393b90c2cc7672896d,user
k6_bidder_118_5,pts_15e129e880123b50608115cbaf994df78739950c565da8de53e3da9d3c158e64,user
k6_bidder_118_6,pts_827496b42cda770427e299ecb8a19856600abe22ca9d02e309d7bccc9a84d6d4,user
k6_bidder_119_0,pts_6af999fd313f5e832fdfcf07761623c231418ccbaf6b87b81fa069c26f13aa5e,user
k6_bidder_119_1,pts_8e1cb81e9887ef33ad3a2292b62c786655104235028034323024cecc4f3f3564,user
k6_bidder_119_2,pts_390e700b5ce3690c324970397cc9c46bed99d544ef61665ef424e658e83e150b,user
k6_bidder_119_3,pts_3f7f7a012c7b12fbd33059503721b17bee4786c9e1e988d5cfc9a05ed8127e5c,user
k6_bidder_119_4,pts_7d6c0e400eac08edb92ca0b72b28521d4e52806140597d48e3dd1b73ca9d0efe,user
k6_bidder_119_5,pts_0867c6942a8e05081c16aa5ea0af3e83e789fa7358342cb53fbec239880140f2,user
k6_bidder_119_6,pts_d070833d64f7838e5a0a7e038b5c2065328adaf5be00a9fc4f0503fa7ab779a9,user
k6_bidder_11_0,pts_7ad0c0d1d6d28aa70e2da3fca5b0251807078d7274841cbddcc89fe00d8d5b2e,user
k6_bidder_11_1,pts_48abd36311f72243198121f5c46df5412f3c1186e98cbc7f89b21d756095fac7,user
k6_bidder_11_2,pts_e978f3bfae80f54bad992c159c474a4dfefc2d05e9210610c6a22d6185ce120f,user
k6_bidder_11_3,pts_ec9809100ec7236066250dd475c63978c361756f0dc3f4d14356565d66c99e59,user
k6_bidder_11_4,pts_dca7ec2984a2050c24ed37e4c632987a378aa72af373fe4805baa350bfd274fd,user
k6_bidder_11_5,pts_f57334e6f1fec3548ff05eea76f2931280b29e175fde6a4aa944b27f5c1265f5,user
k6_bidder_11_6,pts_8de76203dd1fc5a69fbbcb0e715ec52c4d0c6a7d6a86d21e01f1325e26556a4a,user
k6_bidder_120_0,pts_7d5cba91c6630798dc3cd7c14baacacc2356d84911a47b2fc697037d7c3b387f,user
k6_bidder_120_1,pts_7ad5934608e10209ea40ba660f8d50321e54c79def0c3c323c2a6bad4c465ca3,user
k6_bidder_120_2,pts_b278ed446b12f05cbfe278ff86783fb360dc77dffdb029c9e8858f198e22a3bc,user
k6_bidder_120_3,pts_9fceaca3d82aedd14c769404c92e8473c5e7d17686a541ba0d9d5a48f50e3784,user
k6_bidder_120_4,pts_0626ae1f359a482fcca3135524be882d85443986275955592843d502ea5afb26,user
k6_bidder_120_5,pts_98aa5e50ee9b66c6c4584f64035fb12f8ac8e2ecf65f073083ae730c58c90725,user
k6_bidder_120_6,pts_89e8a8457ab5a46566a1ef29bf07514edf680b6093d3e9af1a138230f699eede,user
k6_bidder_121_0,pts_494df8ae4ddd862ba33606d111eeef6ed444ade05a89283532502a91be05fab7,user
k6_bidder_121_1,pts_655e34015c9939e74dac9dfc707226ab4001f58e9c7c1b8c8db1ac241b8684cb,user
k6_bidder_121_2,pts_72d847c747235434b748b166d5c2bc7fbcaaf32ec78de53eb0bfdd50ecd7de90,user
k6_bidder_121_3,pts_3373cb5d421d77d88290518952990260a9b6447cbb2ea191e3c651ee159bb2b0,user
k6_bidder_121_4,pts_efbcaffadd2b6c53b0dc15e3f0212cf4cc88c5409fbb6b7cd8e5743ef540b814,user
k6_bidder_121_5,pts_73d10f631e58edc38f8601b25285571fb2dd3d5aa02f801c3f0f446b69d6dfba,user
k6_bidder_121_6,pts_7204035736ace274e698e6b65fb24a72997dc9ba40860bdcd0d7e8adb9f7b2d5,user
k6_bidder_122_0,pts_baee9572218bd50c9926c2ec42a40430606892b8edf032bf0699d9335b21d8db,user
k6_bidder_122_1,pts_c5b5f47cbfcaa5a6887766622b0b0cc8a48a4b6dd85bc753c1fed25f7ce31e42,user
k6_bidder_122_2,pts_a1a7fa5ec2e496da991ce2931c3dfb298236d29bd941e309a7c14b687984cf60,user
k6_bidder_122_3,pts_cf9777cb6069b7fc82406b31a1de7f780d7cd532928fd77707c8fecb8bc23f53,user
k6_bidder_122_4,pts_9f81e3aaf75861c65fd5dee844a89b4e0ef9a3eddc6db71915386a314d7e5782,user
k6_bidder_122_5,pts_0dacdbdce9ba79492711e880e12b3ec4b1a1fd34aaf4ca066997a24ef35547e4,user
k6_bidder_122_6,pts_2bca55759f665243dc00b11f6d4ca03197859f679ecdfc744164d55f805d3b44,user
k6_bidder_123_0,pts_4cd4fb6e6c6429b3db2334a1807354fede7a7bd9987ef6b624030309cb3aa4cd,user
k6_bidder_123_1,pts_9007a96ea0c1fb040b61ce8896921ff1652c79259b87df36444c0c3fbac08507,user
k6_bidder_123_2,pts_1bfbf9bb4fe90951bf865ee850b2c9f2dcc96691ed2abcacaca641e6b0e294cf,user
k6_bidder_123_3,pts_65adfb0efe35ad1089c04305a4cf472df52f59e27fb08a384eee23e3b68dc8a5,user
k6_bidder_123_4,pts_fe19c9c5810ca3651874e2b0062cb57d90b1107acf2e82200b54b0750c0a3e7f,user
k6_bidder_123_5,pts_d7549aaaea6eaac4dcdb8299a6b76e875cace51e5bbab28bf688710ef75597f3,user
k6_bidder_123_6,pts_f179be49baea986294e3106a57bdc356bd6e29c1ef3d2deaba14e07fb595393b,user
k6_bidder_124_0,pts_49ae969b102cb274afaf44f63a86319c3ea5547b33be9d2d79f42b1225a9c1e4,user
k6_bidder_124_1,pts_5ef09b2844a10ead8d933462f39e7e55dcda0ea8827cc6a6bd677b884016437c,user
k6_bidder_124_2,pts_277688527a3d4b6af90ec4ce1e4b611fb5c3cbf4921e52806e3d2ea300992282,user
k6_bidder_124_3,pts_b5f516dc7358370b172bd59667dd1c9b5fd8d5d6c7e01e0f65219c1513ce310d,user
k6_bidder_124_4,pts_4c3ed570b5ee6b9aea88c25eccb5c27074441112ee0d2fa574ca5bce00a41bb6,user
k6_bidder_124_5,pts_7734b4030437f87bcdf99114cffcea87c8c18da47a77e0d3a0ff521179a64fce,user
k6_bidder_124_6,pts_4c6aded8f3abfb07c582a144256ee2dc436f0604e087d7bb5d78a380432331b7,user
k6_bidder_125_0,pts_ef01615285d843b7ba0e8efce7d3e184d3a66fd4f6b5a80a3125dcf032c3008f,user
k6_bidder_125_1,pts_d1034662cedecec78cc1bbcec6f90ded066f2979a2ccd4d619324a7443e602fb,user
k6_bidder_125_2,pts_e181afb705ac0b46166fe2fd71ae638dc49d233aaaf3b6b19d283808df188bcb,user
k6_bidder_125_3,pts_9856c909111ade52df94116f23ef0b6fe9125bcdbc90d8262c529eb028fa2eed,user
k6_bidder_125_4,pts_e5e29f43dcbe750a9335b02ec8ff70cd3cf4a4465508dc81e6d0cbd5ed978268,user
k6_bidder_125_5,pts_a5daf6dba8f1719f7d1d8f7a9a7652f562869af66dffee17e5f381107a2e57b6,user
k6_bidder_125_6,pts_4b17cfa02a5af7f001065fecdfd02154955b501dddf7ecc5511563fa2f3aa050,user
k6_bidder_126_0,pts_2a692157c2bf7f73582185852b2a2524d93d678eb76d6166f97a56c91fe1c1fc,user
k6_bidder_126_1,pts_9312d01c643819706d01d0610c15266c56a302ce8746b7c9685afe6dedeedff9,user
k6_bidder_126_2,pts_f9878dcaaad766e9471ccc049abdd956de3c431f7530074f109561633da80ec5,user
k6_bidder_126_3,pts_a79678d582d309d2cf8db26934a5efbb643249b620336a619202d97e4be87ae1,user
k6_bidder_126_4,pts_0b6486ef11bb19649044ee81ccb0eccf7ba5fa539327cf2ca8b25b21b81a16be,user
k6_bidder_126_5,pts_505d57fa8a8cc8f1becd2629b20b1d9eda1bd872d67ad36b33cb79fa6dd27b24,user
k6_bidder_126_6,pts_18b33ce884079e4b542eac52072c299883598b47d47fcc24c7379f2fe7ce8aa0,user
k6_bidder_127_0,pts_051a8b00deeb224cf7e0289293d7af7ab711ff1590609a4e6babc8df0c608a24,user
k6_bidder_127_1,pts_02fed0469ce599ad7dd6d29532b88be8cfcb8ee18fb2598dbdef48a7875e6ada,user
k6_bidder_127_2,pts_5d5d23930b310176ea50058e992a2e9859a3f64b73f24c2df35dc1a80a411356,user
k6_bidder_127_3,pts_1f435fca1b22392883e5ec478f2cb0fcc6beb41295d9c3176885d7a7112023c3,user
k6_bidder_127_4,pts_8c189096e88c34648649080b039bbc7e7307867056b454fd147e7bba0ace3982,user
k6_bidder_127_5,pts_0331c36ae6e0777f2f65339ce32b1e1375fdbf6dab9b4f61ec8021341be09ea9,user
k6_bidder_127_6,pts_ad14ba586bb3f61a395bbe31fa1896ae60f8f17e714474cd7c2c2cc81a537d02,user
k6_bidder_128_0,pts_ae1afce72b1ab44a678c8da9518890d58b1d23735c6b72ad57a7d4b22d5170a4,user
k6_bidder_128_1,pts_52ca8969fbe3299dbb660eddd3bd16a9d523405b45c9b05c3d68ca6c40b35298,user
k6_bidder_128_2,pts_97ada99374ac628801f0374a97f40210c3c838e94201479daf82599d7fdb0565,user
k6_bidder_128_3,pts_52458c13af9765b3dfa042817d041c6419ab4d61874a0077eed2ba7325d1fd44,user
k6_bidder_128_4,pts_02534fc96dc856d82f97c51c827303692cdb73025d7de01560442640cb0c60f6,user
k6_bidder_128_5,pts_11c9591b9c365709d4e03d0e0e5ad84fccdc8c190d5ac968937f01355a3f66c1,user
k6_bidder_128_6,pts_3d601a19d41abb905597180fc3b8c194904f864c2bd64c82f73dd634fb78491e,user
k6_bidder_129_0,pts_e0c8914048ab621222fd71d9d180d40bc0a0ee88f141e93bc643b4e672a4da94,user
k6_bidder_129_1,pts_1ce5964b5449beaf0073f27109f435682f3e9725289e401dc1d68e511a4f36a0,user
k6_bidder_129_2,pts_728569836e21c6865c1fd9eb0348fce11ef52fe18132b73652bb8d6851454c30,user
k6_bidder_129_3,pts_f36eb9bd12044d3f34ef58426dd7fe928373c2c06499ed184f66fd870c9984ee,user
k6_bidder_129_4,pts_14d71620590e823d2dc75d3f5bbb361df3ebf13ab42d55b8a7ed4a84f32b10d1,user
k6_bidder_129_5,pts_067d79c34afe844a1ce20883c82b756b1e36c75c814c38dc25904c2a4dadeb7f,user
k6_bidder_129_6,pts_7bff472648a0b52f227574e86631962f2981f1bcf8a3fdfe5eb32cc1f22ea3c3,user
k6_bidder_12_0,pts_fb9c397e1b942cb506fd77c558ef2113a702c0637742093003a66ba0bd798838,user
k6_bidder_12_1,pts_a085c6a1882ee205a42bd50990ba09a6b95287181f9e9ec06431c4344d1d6dee,user
k6_bidder_12_2,pts_f1f133abb4902dd13fbd599b3f520d852bcf684ba4f5dcfc6864467cf70e675e,user
k6_bidder_12_3,pts_6f0fc822bd778895b48e7477e6dac39358b5e7cfae3bc4338bccfdcae9bd6e4b,user
k6_bidder_12_4,pts_b7fd4ba3afc75edbeb5814aa1bd7f05340d141c7badec9a95ebaf61bf9c206f0,user
k6_bidder_12_5,pts_6541bf5137ce7f14ff07c83b6b549c574a6310d08047316b423276a1421999c0,user
k6_bidder_12_6,pts_d76ee3e2e17349a6019644a57a40b4b558841a0f2cbd548adb959ca2ae6c1c00,user
k6_bidder_130_0,pts_e16b9cd7cd57b5c4ce5e107814a7696277c30ec0d175efa1908fc5464237f2ee,user
k6_bidder_130_1,pts_14fef9321cfc5a0ecc4827ad1e6ad959d061265c0902457f545acc921f81500e,user
k6_bidder_130_2,pts_3be720bdc9f70257113490364f9df9758ffe5be201285acf7b2650c8e23f6601,user
k6_bidder_130_3,pts_3a116e4affc8155f23c67e14551db08bd2a5ffcb8e16e12a37fbfeee8881a576,user
k6_bidder_130_4,pts_401e6b0d6350ea6e129c62248d38099e23caf3ccb9406bc46c5308ea6bf9f145,user
k6_bidder_130_5,pts_c182084d5828261f83c1d3a183b9b9de38261962cf568993f1ad359af4fef69c,user
k6_bidder_130_6,pts_784e8961e7a1585d3356daac6914c398c02c4febb4021954f19c01fca585ac53,user
k6_bidder_131_0,pts_101cd938f04774bd74ce8b0e9bfed69bc2d90df664156429b3577a893a7b05e6,user
k6_bidder_131_1,pts_630d28e11243dd76a0bf8ccd86aef25e12d1f8331efe9e20115859df8de1eb6d,user
k6_bidder_131_2,pts_e022834e6a376c1f3ad18c43af8cac7887f368ef0faee159a97b3223378660c8,user
k6_bidder_131_3,pts_6a12f25b6a8f5505e2533b5c3f4c5573c3fe8721b1d7e76ec15bc1f99d012d14,user
k6_bidder_131_4,pts_4ada2482e827f001099717da3fe398fdf9db16dec3aaef671bdd32d172ab469c,user
k6_bidder_131_5,pts_f6ab68d3a82ad0dddaf66cfd1577174e80c4c9eea5474df457b79f3e1b451527,user
k6_bidder_131_6,pts_1f1166518e2d7c816c88ecd20124aea34a9db904faa9dc6f298453cf797c028d,user
k6_bidder_132_0,pts_8a25fb4527885b8301db13ceb1d094e2e9d38fe954b089206db7714b6a9a636b,user
k6_bidder_132_1,pts_629cc7ec185326fa074f5f7904c4ce52199edaffd196b0e3bc2cacc82d739d77,user
k6_bidder_132_2,pts_eae565a8e8046365ef4e8bf327dc68abb39fd227a68e57182f0b65e0ebc6538c,user
k6_bidder_132_3,pts_4ccd0dd652484f90d7921adf910a892aba0e693362e3b8b57cb7ca6042d37121,user
k6_bidder_132_4,pts_48a1063823cdb22799794ce56f8d7780c42bc7091ebd864e050fd9e0c10e7e58,user
k6_bidder_132_5,pts_5595145ed6006a223eba8c3f5c164d0a1fec6cd0c931d9c42a7cbccc36c9578e,user
k6_bidder_132_6,pts_85640f320898ced1acbcd7fb49faebf40412f8b6b25a780d7d1b5032c0ac0847,user
k6_bidder_133_0,pts_a7200fad60171528066c4c48f992f4c14d98d785f88ed0df18b15e8b2118d2ec,user
k6_bidder_133_1,pts_ae46f4a0f89d517ca726458aa01e39e3dcdaf51ccb68f31bd8d9ee6dd5870871,user
k6_bidder_133_2,pts_6870a9ea0c54f7896dd314b352c1fdee725d1b43d2f21901392841bee7d4e1c7,user
k6_bidder_133_3,pts_41c927c71e908343ef266a2a08d98c8937e05aee76f851120e050cf06e6e7942,user
k6_bidder_133_4,pts_2574e5c0895ee0b27e1d854d3eb678c843e19d6eaba2829a04c4f9ee953da227,user
k6_bidder_133_5,pts_0984c8003bd91a7afac66738fe4c8a3da7726e98f63eb5dc8ba11930eddcb6d5,user
k6_bidder_133_6,pts_0d32a36392f26f70483fb29346e9eca6a185d5c8e7df8bb35c6017a685ebe100,user
k6_bidder_134_0,pts_f1bd87594e1518fd138187d8639454c35ceff0200199c177225485d9bcf5dc20,user
k6_bidder_134_1,pts_bed1ea2d20c07e6adeb3982a5e6a1818ac6f34b025d50daae31a6ac4e5350260,user
k6_bidder_134_2,pts_2577a07bdb0b2d066487d9ad47c3b42bef8b4c4244b512130f696a6c66e12454,user
k6_bidder_134_3,pts_2e2a789a2285e75b74d12752157509204a0dfc6dacc4199b6fa47e2eb05bd930,user
k6_bidder_134_4,pts_e47320ae577c274ec9ae00d1a81a827dc0b014ec682a77a899652d8e071d3800,user
k6_bidder_134_5,pts_89677c379c82a8f861078cbcea5125d179f72cef4ef9425e215b4a2945defbfe,user
k6_bidder_134_6,pts_92336257553069a8bd2ab3e953e26290739d7eb5041e702205d4718426f19954,user
k6_bidder_135_0,pts_d522e09787ab050476f8eca7a6baa5613fe9c8eafaddd5feea285f5de937e78b,user
k6_bidder_135_1,pts_078f5099184becf8e92e455b76ddb0b4738b61f38557b878bf56a1b6886a29b1,user
k6_bidder_135_2,pts_1f52a222ed797a9e246ee263c705ab9b26a9225bab662fe35fe54101dbb720a2,user
k6_bidder_135_3,pts_7e85cbcd105e537d7898cf198fad761d257a4cc3606961ff3b69a629ee68b85f,user
k6_bidder_135_4,pts_06cc08b6b0b479cbb0118fb0ea86c0d02f5c66811983d7a9170bb6f88f2d6d17,user
k6_bidder_135_5,pts_4cd6abc8214db87fb953ce4d3120282f3a7170346247ecae19f3af206541825a,user
k6_bidder_135_6,pts_ce2e4541ae9f420dcc984d6c8624faa81a48dd880975e2e06598421a8e1dc855,user
k6_bidder_136_0,pts_7d8af62904d785a8fc0fce69146b38ca680edabd0eb5aa9ff99dde8be668541a,user
k6_bidder_136_1,pts_cb78ca313b4913e90e7a1233b07a760ce3761202bd8115af7e0c1d2560ad61f1,user
k6_bidder_136_2,pts_808bb621ccd56b7d01e2861f2c37feda0047a2adb6a68826309eec0a5b651559,user
k6_bidder_136_3,pts_7d482cab36b389a2064cb619dd26ef7d5cf96c234454d26140e5e2e1f265e18c,user
k6_bidder_136_4,pts_c8b5cfd2ec60325bc472eecc4743fbcd605e1fc45129959c3264658a22c50f18,user
k6_bidder_136_5,pts_de42bbe993a6ec7e2f1067d7f40a39ba6d639d1eda15165cd09401c8b15ee921,user
k6_bidder_136_6,pts_fe1114d57c03817a0702e4279c50ccfd02f6952b6b765ab3df2aebf586728f03,user
k6_bidder_137_0,pts_97ac15500d3ac61003abf33fe41a4d31936e1f661bb894a7d60d4242507dd83c,user
k6_bidder_137_1,pts_0e74e24cd3b4ee0b8b563ef226dd6e7bd0aaf8c024497223a99a845d0c4cde1a,user
k6_bidder_137_2,pts_628da260321a97c7c148e0526560bbb07b8d4e195a536ba3a9fda854410f4b8a,user
k6_bidder_137_3,pts_0afd00c910a162d33c9fd6e9aeada5308e14cb815a3bdaa9a05d05fb55d6c2fe,user
k6_bidder_137_4,pts_2dea022198cb527ab8265fa5b3cdd8b84e1d28fac5426ebde46d6ce06abd86c3,user
k6_bidder_137_5,pts_c349472aab3a0c7e9aaf6a48c7e8d8d6ece15aff628183766fd62c5ecd0448b9,user
k6_bidder_137_6,pts_9f8444d292536b5bf7e442363e21b008c7cbd61e9cfd2a83bcdfa7ed177b905b,user
k6_bidder_138_0,pts_6798a91a1197f7c6271df91c97b46c231eccc737b974ba28fcc641dd77765552,user
k6_bidder_138_1,pts_030a5df4d351f3523e7a54c10a288adadc1e5a368482b118625eb79fd75f90dc,user
k6_bidder_138_2,pts_048ff3dfaa6ded1d5cde03fe11ef3208390eed52ad8739a636bd5704908c0af7,user
k6_bidder_138_3,pts_01008802c216f3db4157de24ae947d7d3f71e8ac417acdcd5408e9448ae79df6,user
k6_bidder_138_4,pts_d02558beffc7644f2b536a223b91f283f5bd2f88b9ee21d6bc9b284533d56f26,user
k6_bidder_138_5,pts_72e19d3baa7e60ac157ff12868a180b9eac6aa3324b1ace5b2f23ad9a5b73f37,user
k6_bidder_138_6,pts_d93a0a992b77cf202943269ebf4a4fb940b2633aeaef1041109967809da194f9,user
k6_bidder_139_0,pts_2cbf2ebe8fffbeaf3aea437664937411fe291e915c432a097cbf04e4a5f5f60c,user
k6_bidder_139_1,pts_c73e77bc0683dc9ffed5f0c3dbedbd84b0eb3a120412cfa95054f032c5354e15,user
k6_bidder_139_2,pts_44e58864bb552b725ebbde9b4846d813fd0dcb4b5f00e8aa2438ba37dd394406,user
k6_bidder_139_3,pts_7fc786f0375fff67c73fc4679e98c633e25299d5b27295d09440224c7283146d,user
k6_bidder_139_4,pts_159046d6ca00e2a1d94939198e7d1e6424c29b65e3dc3d20709d6ee0f97e2375,user
k6_bidder_139_5,pts_b8f2255d3f2313d9ee3c61b951737b1fd3e38ab89edd847391ca386904916d27,user
k6_bidder_139_6,pts_a011b19bd0051398e03798330f95ba46de5bce6f4777a4f57e6f864e67381dd6,user
k6_bidder_13_0,pts_999921210e641aaefb7d73f5bca0b3defc454dec1c1a5ac7001500c1b0b4b154,user
k6_bidder_13_1,pts_7c7cf871cde43a96f6c6fa82953a0b5577e40c73ce06a790da5ffc81b07370ed,user
k6_bidder_13_2,pts_58345c5508f313bb61b8fb45ea2ea7e9f7b1c390fabc9b942fbc55752a8d0014,user
k6_bidder_13_3,pts_78cc87f9eaf3b70a842841136bcef3586bfb20b33d034dd410a6f69b639de438,user
k6_bidder_13_4,pts_4489736bda4894ca2a92fbf86b9f7a6ef1b5e336de73c0ac840cc67b340d1f60,user
k6_bidder_13_5,pts_5fd073ddf41979b4a9c4686fc85d576c2b0c4b54f84a82de97806d1275402dfe,user
k6_bidder_13_6,pts_0d520cf037595db4d20a195f68f7447b8e24726e79106306a58d514dc1d67420,user
k6_bidder_140_0,pts_c0478caafac650cc1e424ea6631001b5c3b56d1757c8f38304bd5896d6f4cc21,user
k6_bidder_140_1,pts_59a3ec8f060deb1086df9f9ba0b2cb64f0372e8770b8e8f60b65ef4b0a7c3c45,user
k6_bidder_140_2,pts_39a390bdba2e381f74980e0f677547577a167fc976dfa87ef5e8508d8bc7b581,user
k6_bidder_140_3,pts_a595e793982590d6d9facd16fac3cb97281504206b875891e6d07808c4d6afaa,user
k6_bidder_140_4,pts_a019bb2073fc501fbf65cac96c8bbf5634cfc257a6e7ee2a868cb3f46f090fdf,user
k6_bidder_140_5,pts_a31771647d26b081eab0bcb46396d21dd546584c8a0257f50e9487fdc62a90c3,user
k6_bidder_140_6,pts_7705efde95f94b83e836fc08c692345eb3547b49eb445314108741eb68fd3fa8,user
k6_bidder_141_0,pts_73e62e928d2c40d6f5b346d202e112a941889dc4b47d3b6f14f3b6ca3530a605,user
k6_bidder_141_1,pts_1a251b7b84c4b868fb48198361a583153c732af080520bfdd4935639906f279b,user
k6_bidder_141_2,pts_b97c050400c813a00bdb65b151abcf0f42a9851eb2b1132ea7b88598ba77dc01,user
k6_bidder_141_3,pts_c7000d38850996e3ebc3d12e7cf43888830f14c206169124b7c4378a1c4cffab,user
k6_bidder_141_4,pts_d62bf920769302701a683b4bf4f133be0e3b46ca4475ab5016dfd08d7fe05ea2,user
k6_bidder_141_5,pts_afc0d68067cb88cbccd291d622feb687890497b3688fbd819c4ec966e0e2eae6,user
k6_bidder_141_6,pts_51711f359bbeb42619d188df217e4e91d36e0b411573bf7614791fd966671c64,user
k6_bidder_142_0,pts_5f481fbd8b14e44ecaf965bf5db9db03b71e7a136785ce13c6ad00a4d83af431,user
k6_bidder_142_1,pts_496a52de25c07d091c0faf95f905b7a78dfed6efda5b0248885ff4bda1350ee2,user
k6_bidder_142_2,pts_e9cec56143cd88b7b4f6cb712df6a45f52f3055b5ef8aaaecd4fd66fa62d15ad,user
k6_bidder_142_3,pts_c84584db5c1c364bafe91ef20ffe1d0e987bfda755d0d6c035e3dc3e9f9fb2dd,user
k6_bidder_142_4,pts_2d09d274b2562edbb813c43dde9b268ad675b84e2d957a62efa5c19bd48ae50a,user
k6_bidder_142_5,pts_f06df632a324d7566d6c508e975618861d7cec7afa496d163b00f9ac7800bbfa,user
k6_bidder_142_6,pts_05a479a5480656ec7f96b256e3c9cac52afc76381a5a1fb6c5a91a8c294194c3,user
k6_bidder_143_0,pts_6e15b98eb14a5ca773bd686ac2e3b905fea5ebe1ea04337252bfb6dcdc403ed0,user
k6_bidder_143_1,pts_e7e5ad6b264b12d398761d3255524690593df127798fbf3579d0d504bcab6ea2,user
k6_bidder_143_2,pts_b43fd1daa93aaff8d0d7bd73df103b01ec1fa8af170f4d6e56d5d2d65cebae9d,user
k6_bidder_143_3,pts_927b6d1244ade23dc78b563245bdad81f49a5d440774ae05ae37beb330574cd5,user
k6_bidder_143_4,pts_9454c833fed2452978828b90e6d8d163d77bfe036e47f79b649d14f636c4bc55,user
k6_bidder_143_5,pts_df8217e54c038e7952c57602885c7d543ca7778b60ccf486031f4a12a0dcf5a6,user
k6_bidder_143_6,pts_b214a45243f9ce6e667a684917335105f24b280caa4ab38ec18d2ca9f7f547fd,user
k6_bidder_144_0,pts_aef2ff19a6d4794701f89603ac05797cb2e2944c8508b552078964b51e7332a2,user
k6_bidder_144_1,pts_6ccaf7bb7f89cbfdd39f120292c22b1ae2c22653fe3d3352d9b4a7e6de73a4b3,user
k6_bidder_144_2,pts_63f39a4783bbe0f66bff6bfcccd88c76729d371fe436de9d525494621f8d8479,user
k6_bidder_144_3,pts_d8cf6bffd301052251db4710652ece598e69d7578e07e4312d243863f557c98a,user
k6_bidder_144_4,pts_bcf25f854a1117655a91c99e6012801eadca1f57129e44a37230940c100236ee,user
k6_bidder_144_5,pts_80d70b4213b33378716256f209a78a92289c4516ce0663ebf26729a1a09b1b3f,user
k6_bidder_144_6,pts_3b9cc1a453a9ada234eafac95a85fbff21b025ea2ca7760671cc3f6134c0de54,user
k6_bidder_145_0,pts_7d25eb8e606b2afecafbbcd8a48adb91c8ee0afb34a4bc020f32349fcf8108b0,user
k6_bidder_145_1,pts_bdc4150f982747b7e2095fdb00fa13d9aadbddca94b8d3f669aeaf5cb06aa7e3,user
k6_bidder_145_2,pts_2acba69c03a0f5579473aba5c1fec96651b4e97e8a134191c9845ceffdea2575,user
k6_bidder_145_3,pts_ba2fea2866b9b780cf02d27014a899ead1b5eb8cc1f9a1362398ff0718c8a287,user
k6_bidder_145_4,pts_607e63703f41f60ef6325ab6ef82fbbe7c1a90ab9535a108f52b246de1b51e97,user
k6_bidder_145_5,pts_713d3bf8fe9559fe5c84b6117e373287011cf11d6cc95bb256a5a1354db680c8,user
k6_bidder_145_6,pts_549b3c9ec2f7915cdef73c1aecf8c4403af8b522871ae7750732a84ae2f0a014,user
k6_bidder_146_0,pts_11131eddaa20feaa3466615bf9fa8df644c2b3741af154c79d74ecea737ddcc0,user
k6_bidder_146_1,pts_60cba9e82de6f62125b53e17495e5356dee4782c1644773dc83c3f538e6d9286,user
k6_bidder_146_2,pts_8a48a6002e9e202ff7696de346bff68cd797963a0520bbe2b97531d8734614df,user
k6_bidder_146_3,pts_0de099a35525aa7b6a460ac6e9e0bedcdf3557aef00b34fc72b162d1e2ec2cfb,user
k6_bidder_146_4,pts_566b930f401c86a635d08c3a0dcf8dccd43c8f3998f3500060747a6c769fb362,user
k6_bidder_146_5,pts_21ada9c3e8af24c5a69523446fdb6bbb2feaaa865e48aa9be057a9f812707ab7,user
k6_bidder_146_6,pts_2de1098865173ed15267bf8e16bb0a5eca40b31a6526a4d358ab2a9c9774ac93,user
k6_bidder_147_0,pts_1cc5dc3ddb8b47412d4b452e7dc33fb340c7805e51d0506d08fbda9c73d16faf,user
k6_bidder_147_1,pts_411cabb40f476b39abdf05ac587082f88e951bcd85f0979ba2db368993090483,user
k6_bidder_147_2,pts_2ab267c8e9be5c2ee22e15072a139ad3c8aba33d0504755ece761b7deb92116b,user
k6_bidder_147_3,pts_9ec7bf271b4a1c91d647e86087041a45fec7d3212e2c26bf69bb44fa3b74c005,user
k6_bidder_147_4,pts_4b741e22f2f82177f10b8f77584af34a81f5726aa9834c200ddcbdd8c5fb7447,user
k6_bidder_147_5,pts_117f4f3c164bd34a16034fe01996d8d9857c730532858a66ba3c361d80f72bfc,user
k6_bidder_147_6,pts_d0c9d25b55d87d144fdd9c88c2b9215d09d01c9b1d05414eab1b5afab54d0322,user
k6_bidder_148_0,pts_4740698e7554cafa90a15c85608938629e330db3f917870470bba2b8c6d333bd,user
k6_bidder_148_1,pts_5d580dbb7caa6f9fb6c9a5204c23c6feb36696ab5c71a62366529184d696edd2,user
k6_bidder_148_2,pts_a44b4d1bd2c5acaca5cc452eecb1a3b2e02afe62e73b173cc801903ea175826f,user
k6_bidder_148_3,pts_a58c43efb360a94f0f6dff1f3c7678473c1c6d5aa753374f4c9a221bbf8869bd,user
k6_bidder_148_4,pts_084e51ca8b136725dc14eaa9cc1c349f336d93065e2e9d14728c168dbec6133f,user
k6_bidder_148_5,pts_2ed8c829ceb96ce3b5050b6a4a0a8eb48b7ae7e394f52999350ab2410950855c,user
k6_bidder_148_6,pts_b8cfabd33d952bb9f3c49d4d8858aa414ac33561d5be7cd542201b6ce540843b,user
k6_bidder_149_0,pts_3d58203d3036afb4d00981359e520938973d7052f10a78686da0660d6cab888b,user
k6_bidder_149_1,pts_fd3df352e61cccd1bf1f252429b5990bf820971fd15ee81a6f63ba6b21d72ecf,user
k6_bidder_149_2,pts_d591d9b16c5be9d0ffe83985cc90b9bc9bc4e22fe987422a6ef969bf3fbef304,user
k6_bidder_149_3,pts_f427e098afe18bacd86b7dde044fe857768da9c5a3ecb89eb8643a96401b1c6f,user
k6_bidder_149_4,pts_c9c761d5f5d41286d11a0f9b6034053b4879c449c6d17e0c02d5536080d2a809,user
k6_bidder_149_5,pts_ad90e7c82b10d062103de4b6d0564601fda2f3aa4a886d7ef9314a17a873d0de,user
k6_bidder_149_6,pts_33db3bd5e0b096564ed2f26988317cfd12d0232ca4d0c5cb3d41fb9946ef32d5,user
k6_bidder_14_0,pts_b8c3b49d6c7e8270c42284ba72f5f66b0017261e078775da0d5f6364ac73576d,user
k6_bidder_14_1,pts_1e2a28dc0831cdb8a4ef59fa8bb92b289f34dee65762d8f4586af5ece104a4f5,user
k6_bidder_14_2,pts_73b8e22be80dd6cbe7b9921b38310fbf9d3bab2cb5cae03eed4d415fab94d547,user
k6_bidder_14_3,pts_0aded8a39afd71968aede24d94aa78bfee29cda54ffd86fa5a1424727615d0c2,user
k6_bidder_14_4,pts_a68fa6ea845240d8230b22a0c26304e1406595d7babefbc409a08895bcf4fd44,user
k6_bidder_14_5,pts_899c5a0378bb58d9d5ab7dcdeeba9560878a1f51a6959a3be8c50f9dd821de68,user
k6_bidder_14_6,pts_86638d9c49445139936810d546d2387b318df73b05d47297825ee39c551c355d,user
k6_bidder_150_0,pts_d9858f942f98cc7f03938aa507a865f61a51d3eada989fc59924931a563f24c3,user
k6_bidder_150_1,pts_338c29676e28452bad2963788041c6765446078d71a90817a119eb79f37ef792,user
k6_bidder_150_2,pts_2e56fd304e5c73e7e810ab13c1211c7c4009c639adbc5aff66c94510c2d9c305,user
k6_bidder_150_3,pts_a2b0ca6ecbf625c331dfbee98a264abf039a1b259fc75778a9a09836fa0e8f36,user
k6_bidder_150_4,pts_c2a8acc7b944d951c36a22e104b1479fd38db9039fb9202b80d55ad7d12a16bf,user
k6_bidder_150_5,pts_6286754487a7b7e7f36bdfe16633d03c6b2a3be7abbda3f2f84629d0d01b76f2,user
k6_bidder_150_6,pts_94e5db0b5649510d86e5eab0ad9e94bfa411c02a7e0017e59741d8bc38b244e1,user
k6_bidder_151_0,pts_5a9cf212c3ac3a7a907c48db322dd3f6593cca0a5e978a35e471fab27909cf69,user
k6_bidder_151_1,pts_7944a7fdd4db742ea0426ee20041fba6f2c42c15183917ee9a3856018c52be38,user
k6_bidder_151_2,pts_c28abee2126e0db141025ed554911cee0cecef3ced2ecc47efd45bc7dba5abb5,user
k6_bidder_151_3,pts_f9bfd92f83877b569cbcc2fd4142d6e32825437602b184384a2a3eac737e6786,user
k6_bidder_151_4,pts_94b7b1af9476c759422ad0b7494c870be17b18e3bffc2a4d71b5a013147525d6,user
k6_bidder_151_5,pts_270f269343e89d32c8bdf640d930bb2ba3296ba14e1b141e075c9cda12f008f9,user
k6_bidder_151_6,pts_04ffef41c24a1262dbe062e33891b73132e8a9266075ebc10037e4355c20a680,user
k6_bidder_152_0,pts_ae04313fb5b2f7cf0e62ca7715a37898f29675a4592a3beccca8065ac95c4e8f,user
k6_bidder_152_1,pts_b3e851aa7e1ca129767b504a119ad2da9a9dfe3ddf7815d7aa246108c598ea9d,user
k6_bidder_152_2,pts_ec308878ae71b7e2573707ac083754dad2d5fca7a6d46d28c98639b5dbbc6768,user
k6_bidder_152_3,pts_985a2a507386fab65066529237022604289c5b86a052bc133dd2dca7dbc8b978,user
k6_bidder_152_4,pts_98f5ed544c8d913fa9ef6aa8bcba52fc41a81150ccfd319e56a65e54238a5e31,user
k6_bidder_152_5,pts_cb02653c6294884ea59444905201110fbbbf1d891a36a65c626844995ac0fc56,user
k6_bidder_152_6,pts_1d8a94f9dcfb5e3c429f65df8d555f4c428db712df7077bb79abcff44ef0c9ae,user
k6_bidder_153_0,pts_a4e4c8c7c8807e4719dff3015a377af9001b1c9b9558548e6d261d5c560a13fa,user
k6_bidder_153_1,pts_4b5f4f79971a91be5ce3ee296f7386e3e1ef7f334b69b9264782a3f06af97856,user
k6_bidder_153_2,pts_bfef1e4dc85ffa518b0bf263eacda8cd9288e26bb2c9e55debea9fd61001d749,user
k6_bidder_153_3,pts_761404736e1b2609b0d70f0ea1adf4060168136400d28b5cd3a545fbc6a1d448,user
k6_bidder_153_4,pts_9ffdf48c9c06a62af0786fa6ce3f447bd3104fd61c74e7dada30169f6cf2b1c2,user
k6_bidder_153_5,pts_53880be02724ffdbf0ff939ce31160c1547780804053ea140404d223a3cc116c,user
k6_bidder_153_6,pts_34e4571dcec79dc6c4d724e9fcbf58177b187dc09d3d5d86a45c3f90624a931b,user
k6_bidder_154_0,pts_3c76d726949805d9800c5720d725f6381eb416cd84124f06380d04b4cebdf196,user
k6_bidder_154_1,pts_8545d78bb80cfb4a5b163b2f765ff91b4405431041706fd82ea6aa070ad17a95,user
k6_bidder_154_2,pts_526aac4f252ace7b0a1f2a3cf068103268dd121e13a3ec0e3183b894fe7bb21b,user
k6_bidder_154_3,pts_5a2176738f328b067de24f05dc12e0f6e69e7224dd5f8f6c414154ec6f68bf37,user
k6_bidder_154_4,pts_1463a232b306d21dfd1846cf0e0431814748dbcaec61f231865c52dc7899a022,user
k6_bidder_154_5,pts_ada80d35382dbe8c1094258f5ae9d91ffc939c0549fc015bfa2de4161353f025,user
k6_bidder_154_6,pts_5a45c7cc9f754d033048eb6fc332db181fb8ea58de9353011eb2f4c607561c1c,user
k6_bidder_155_0,pts_a060ffefaba13ac98d440a286a4f51fb4ec2ce99c6156684e62b31b488bff93e,user
k6_bidder_155_1,pts_b1d8c169b81896afa275ad81226aac1abe469de09c7728165fbb52cd21e0e8bb,user
k6_bidder_155_2,pts_b3f889f7f39d4a0b065d7e73c83d76795a92331c0cc97ebc14790d09a09993a5,user
k6_bidder_155_3,pts_bd6f778d798d914cf4eac007f6f20ddd56d792c51219728de1c1ddd703786292,user
k6_bidder_155_4,pts_fd602f0049997653a0034f9b52be5d70eb389ca168088cdaf9210dea97d0e650,user
k6_bidder_155_5,pts_f9d889e7566f6b0a49ef55d3ac7345a6f3d25e35b964ac4c56c5af288d3762ff,user
k6_bidder_155_6,pts_7ec5f1d464509d021f338fdadea89d31b7556eac313219e7ed85376d5eb91453,user
k6_bidder_156_0,pts_5bc2959bd488984f505dde5171e6475f0c869276718bbc8edbe308bf0827f1eb,user
k6_bidder_156_1,pts_d27fa78ed826a213e1cab4a1566a5efa6d800aafff3a104ddd65dd881a2df3c1,user
k6_bidder_156_2,pts_8bfe47edb6d69c1c6d67cd0e8042d9131f02b7a400d6654257a3627a7c12b4ad,user
k6_bidder_156_3,pts_35c84113c4728ac7fa176456ab45596a34c6f6971ccb9d86f113a913e5919f7e,user
k6_bidder_156_4,pts_8b1197a1370b418b19905718f44466f3fad00bb789f95be87f8c17330c996ed1,user
k6_bidder_156_5,pts_b5aa0f538415c1b18234c5538d0e39ebc61d3f0190fefda36f63520682f2eedc,user
k6_bidder_156_6,pts_77b3c8f888a8b804fe7e08635f586d5e7f810156c522a760cc16883935aa22e9,user
k6_bidder_157_0,pts_4157fb3ac4d1497ab84d047944bc40b51711072a269761d8614ef950e28f0fba,user
k6_bidder_157_1,pts_d22be0e8051b322b97123a39b9486e9633d330bfbf9a00d18420b69268d33347,user
k6_bidder_157_2,pts_c66798a0ee7e6467ff0e0bc4fb21d19dfd948c54602f7e7406de49986c8d66d1,user
k6_bidder_157_3,pts_04ebc833d63ec74ff21807273856ac8b257cbdda563712281d3ef8b08fdeb775,user
k6_bidder_157_4,pts_dea32de8bebf55c0ada124a784180cfd70f53704c39c15adee848d4cdd679839,user
k6_bidder_157_5,pts_c69d629824df7c8b359403dece4d3e8d27d46aff24fc2e39e4e0064d91783d75,user
k6_bidder_157_6,pts_85f7d00af290b3289c389626e87d5f36ff1a9440f1146866c26ed0108fac1426,user
k6_bidder_158_0,pts_4f034a7fbd83aa679030f32226412ab28b8874470df436d4df2a193f60321923,user
k6_bidder_158_1,pts_329dcf2e3c310528b1c714ae3bbf3b6aa1ff8791307d8b8697fdd6a0d2a63120,user
k6_bidder_158_2,pts_c1dd3de99922a52f2f4e60bb0c89c09daf4eb04b03aee28d702b41ec9e50ee17,user
k6_bidder_158_3,pts_87a5b1de63eade5fbb0ee33b8aac8604df6117e28260f4fcc5dd987b6b659be3,user
k6_bidder_158_4,pts_33773c0bcaefb3b8d4d0e0ebe66e2a40347e4ca5f60a30b6964f46241690f776,user
k6_bidder_158_5,pts_7fca9a0e250107f2875c3cd3ac7910c1d84df4a206e637a00723a6c3e9cbb002,user
k6_bidder_158_6,pts_c7fe85b3499f53410acbc6614970920680425f200f72759485adc1e42ab55bdd,user
k6_bidder_159_0,pts_6df95b57e8e9048860eb49e94a45e70dcfacd5862c458964840e471daecb4f17,user
k6_bidder_159_1,pts_73a39320f5f20f2fc98cc836ffcc8c26b134c733a62e552b737d2e6ab154c0a1,user
k6_bidder_159_2,pts_3e03c5b51e12ff503d0c234b167e0198eed8ed0b5f7c348cfad1203b789c2cf2,user
k6_bidder_159_3,pts_b86ce9fc53c3e6491c0853c87aaf122248a8f0c6cac4d6eca2c65f43b25a2113,user
k6_bidder_159_4,pts_3e70cbf0ff497dd18902fd713c44647fdd8f81d5af18ce614e5bcaf69dabdefa,user
k6_bidder_159_5,pts_09577879309022e65bd2527428f9ab94b3d0a6f830a6d3fe5c05cb977a124fd9,user
k6_bidder_159_6,pts_6111b717280a74ddcda00a1e36d956aee1d45bdded50d01604ee359c6eabecb2,user
k6_bidder_15_0,pts_0d3db969be5d1b8bf9cdb5363d2af8235fc5a9dda484411066d8c1e87cd163cd,user
k6_bidder_15_1,pts_23bfb22d9d6df7b73574dc6ea36a946e0c10cdb28b118b53bd26890c736bdafa,user
k6_bidder_15_2,pts_fbaf83c00ad894873be469c4c98aeb8b6e4a2d1f0c70509fe38813d9577783e5,user
k6_bidder_15_3,pts_64cb9d8bcc02407aa76778cd6f264616bbc57642419c51a1d1dfce339676ed7b,user
k6_bidder_15_4,pts_fa76f7d852e2da1f9b830e2dd4c2a72eeb33fb3273575facd98fcf5dd1330866,user
k6_bidder_15_5,pts_63288a36c84cce164e3ed707cc92f4b0be3dafcd193b9ef9d26f963d23d64c74,user
k6_bidder_15_6,pts_a31a23e956b4b43341ef9ea3fa987ea0abb30036d25612231747baed6582f49d,user
k6_bidder_160_0,pts_d2af269b635c25f624b18a9cec1245673c04d22455531c2370caab07552d7b79,user
k6_bidder_160_1,pts_90d78689d84f1f710e8fdbe334bda12cf20b0c9c463598fd413f7a6130a7401d,user
k6_bidder_160_2,pts_9629204374a4313e7cb1d83df07c84841b5bc3b4d0a6c5d58bd8bc9f1bbcfc44,user
k6_bidder_160_3,pts_c5d39478986ce263537508f7584de5d26597e60eefa7160d9a168d46f5892eaf,user
k6_bidder_160_4,pts_761a06ea112d7c577958e547b4635a42a15129c5a7fe399f037ea890d8a52a9d,user
k6_bidder_160_5,pts_0ad96102f2bdf2d6ca99dbb0315b68a0ee93ff16fd96037f552dab20a97adf22,user
k6_bidder_160_6,pts_2d94a4a9cea68d987092cd7ae86e435b7b2487ee740ca5530dab4e9e9c44606a,user
k6_bidder_161_0,pts_0478c3d19a4c1df7dffde0ec16e7efd32902d87dc5bcc89060a76ff7a9c5dcba,user
k6_bidder_161_1,pts_a327285726bb65e78fb4cd47d0ca21439ec667e979cb7dfe0986e3dfc6773de1,user
k6_bidder_161_2,pts_fa2914e280ea4ff247871b7a0440ba6f509ad8da9fa2dc6dc6f788795b5d5bd3,user
k6_bidder_161_3,pts_b1631e2389918a26c0a9ab0d44eea2a76efb13646029701ae428244d7afb16f5,user
k6_bidder_161_4,pts_dc6e9b9739f847137c2a0fb5bf22faad7d5bb7ef631cfc3c9b0b6d14344207fd,user
k6_bidder_161_5,pts_36a94f7f8c1807e2918830288dda49234c38c031e85e7dab9accac4a86b2ccdd,user
k6_bidder_161_6,pts_cba1045418068fcdfbe63f231665287fe45dbfd11847d4c940240fb022ec5c82,user
k6_bidder_162_0,pts_4b80e5f119db98e156272487ca5752341f34f0e7e47c73fdb19f47d6ef185662,user
k6_bidder_162_1,pts_d706cd8767e4f5b01cfe5271fdf7df2e3d70712688afa5bd84d87b1254860fc6,user
k6_bidder_162_2,pts_3bf32701998ca15ace64f92ce1128d504bb0884595ec8f818459eb6998772b39,user
k6_bidder_162_3,pts_8065ba588fe783a9315a4ae85fc1cc0acdf9413076f7d4fc95d5c66a837c67ca,user
k6_bidder_162_4,pts_bb51f1dc4487bc22319de061f7cd1a271b703b5b59fcd1bd474550bc18e330c2,user
k6_bidder_162_5,pts_6d005c92c911da0ec06b22454361ed1b86f2ae437c104ad4aaaea60a3e6e684c,user
k6_bidder_162_6,pts_d7aebf336a94360cea70bfc2f35f34765f6c7123963108575cf24162307a233c,user
k6_bidder_163_0,pts_5e2a497e2c7a69dde85ebb7ec36983cfacede4671d610aef82acbd00a2178161,user
k6_bidder_163_1,pts_24c3d02fd9dd99e164d6eec4215628c2fe5b5a81b02c052fe5b9a37d1897c059,user
k6_bidder_163_2,pts_813713348360a11638c137436b9ed9f216278c429ed480efeffee1c456f8a185,user
k6_bidder_163_3,pts_9a933832e187919b9ac13ac6f69fd65d64173e66d05253f51a57a1850d91ed29,user
k6_bidder_163_4,pts_ed021be48efdf5243fc83bf987b1a3116cdd27beca98529124575f4d1a18549d,user
k6_bidder_163_5,pts_c71ba8fea5cd939f81612bc28bed1f57632375c6aa1df301ec71a98946afa9dc,user
k6_bidder_163_6,pts_245771ca9c47ba07318b51007c2ccbe2b64b0de4549c90737bdc5180d5234f96,user
k6_bidder_164_0,pts_33c47fbaa42caef4348aac198a4d6c2bf8b30cf6dd35a15dd59c01f1b9ecfa6f,user
k6_bidder_164_1,pts_d80bbda6b5f9da1985a39f22f4d620484652448957c28c56b9b7c33c418db037,user
k6_bidder_164_2,pts_163a2fb4b2d28a423c2051e2f72c99603cba4e7f69e03c3b290ef47639c76a9a,user
k6_bidder_164_3,pts_79bf7694f36f1fab05cf52697c09d7bae368fef05859dcee6331be55401f174b,user
k6_bidder_164_4,pts_c14850b6b330e0f6354ae04bfad4083385059a6d2d758ff3edf4bb16d5e03819,user
k6_bidder_164_5,pts_b382374b3dc86addaed3f696c6c9a559bcea9df910acf3885f0690d09729355d,user
k6_bidder_164_6,pts_bd723ca45261ecb0e7a91d3dde7e4e743ddcb11fb1e1c134963778e625419664,user
k6_bidder_165_0,pts_efe1cd009dbf6c1b4dd2e3e22dc25451c42af76748b2256b5a1b127271ad5b47,user
k6_bidder_165_1,pts_e42ed041a628ac6576eaf411505e9ad1db68c6ef7a40a9ccac8746ad76dfd28f,user
k6_bidder_165_2,pts_8b672e51d0ac673459bb00e3b079df77f751256343f84a029a93001b6111026a,user
k6_bidder_165_3,pts_fdd7f764650e4c70102300a2cfc70be79576b663e1591d4ede18b307a406d70e,user
k6_bidder_165_4,pts_dcd81973f183b5ec30bebf6354b47fcfd3e324f53361ece0e3632bc1aa05f010,user
k6_bidder_165_5,pts_c8c0a9668168933719fcddd1d565ebfe6194ea63de130ef6dc19c5ca62811b1b,user
k6_bidder_165_6,pts_be4d03a8c92e37718d4dd7cf6a3eefd3a7597d3bce025596a88df07b9780ae27,user
k6_bidder_166_0,pts_3cc1a710a45e0534ede51c61631cde16da84da657abcb7c8209df6f8f57e2e26,user
k6_bidder_166_1,pts_64e9292294bc1195bd5e47e5af9998bc0df8a6403413813778e3216b8bfc2282,user
k6_bidder_166_2,pts_63e66a0f64951df5724e4c46e6ea9e1a070d536bfef9de45c0c3efd186ed0e29,user
k6_bidder_166_3,pts_4b8c835a5354d6bb0f2f16ec06ea1b0dda4601fa9bbb609e5ce80ca29a16e21b,user
k6_bidder_166_4,pts_b1db2d326bdc2b3fcac770ec88187a7af0646805b784f842dfd3974cd91be4e7,user
k6_bidder_166_5,pts_c6216ab667c722272e5b793f39d1fb1f2b98656153ec093d51ae8e63bb4a5cd1,user
k6_bidder_166_6,pts_ec0bb88bc69ae3ef1a6b75df179be34ce2e03fea0d1c278e11544d042dd053e9,user
k6_bidder_167_0,pts_c19041488dc8174c8dc365e885834282c7e28ae76e1f4cf64d400640bbf303e7,user
k6_bidder_167_1,pts_0846722d084b3226c243face5418619943a1ebb059528726de91939938b868b7,user
k6_bidder_167_2,pts_01bba56c2ccc5871321d2e9407cf82d294d27e11f34574b0a1707c956423fc5d,user
k6_bidder_167_3,pts_6d95885789f671218fb3fc3dacf5755564b06980ec766785d2cfc4c5962a0dd0,user
k6_bidder_167_4,pts_6f49d84db542ed7298b6f29e1ea8a71549e25d56553b8ab59606271a7bcff2fe,user
k6_bidder_167_5,pts_e78e9d5dc7cf68c24d18fd84af6ec45ae1aebd760d4afc5d51064f8a5fe8f4a5,user
k6_bidder_167_6,pts_85fac7bdc7c4b85828b7f80145a196f43136447fdd91d803ba87fdb21937af27,user
k6_bidder_168_0,pts_4dda790d17831a32bcf7fcd10506a79b28667e3df8c73925d698a38194c11779,user
k6_bidder_168_1,pts_f22a33c986a8973076354adf335ef79aee929750d4549cd059bf414c083def20,user
k6_bidder_168_2,pts_b6c2c80925662a115b496e5540ed60dc66d3d1490e15fe2a8568ed8aba6a99ae,user
k6_bidder_168_3,pts_2db434b5e3c25f265b168f73dda390a2bcac5c720b347cc4616f2f32fb94c15c,user
k6_bidder_168_4,pts_4fcc8da9882bbca6387202145b34cc63b7d7cb3c7cd2c34c917d5b628c97ab3c,user
k6_bidder_168_5,pts_34ce5341bbccb051f423974362a245d4e425edf448662d9b9d81e92b1c9074d7,user
k6_bidder_168_6,pts_c2f0c683283d351ccf32c577391a65301124bb1fcda55876c760f6d25b3bab5b,user
k6_bidder_169_0,pts_e39d2b63be9744fbb344e18c830e3775d5684c9419e621c1ee7a690220633234,user
k6_bidder_169_1,pts_992b7b281fe76ce3c7fb38f32e52ea71334f40b17efc88c2d7d5e2f2c5530ae2,user
k6_bidder_169_2,pts_0c95eb1f79f54829ec97f5c04f4883530cc73bda96a268da83e97020ae914a2e,user
k6_bidder_169_3,pts_7cffab4902eb12f8f8ebc7064639504e2610ef57318c73e747409f359c1f6dc2,user
k6_bidder_169_4,pts_380b79083db7506520491def26159158808318ff4e9f11118c3c503e83bf8dd0,user
k6_bidder_169_5,pts_40d4c7309b8d97b29ca9e75908381c425c5dcdc341ef22c22230300a94517ed0,user
k6_bidder_169_6,pts_b3c0938a379300ca3aa15fa36252d4653dc10c122d4b99ff688f0c2d85d3fb1e,user
k6_bidder_16_0,pts_0203005eba25c2ef7d4ba527fbac9aa284b8ed3a70e404ceb254108b36950b97,user
k6_bidder_16_1,pts_dbae7f8062e4634bccb35470a1d0066580070eb4b0adc5ee9b8849368c3acd94,user
k6_bidder_16_2,pts_23e3a0b8b6bde180663880f8d672c62d3f7d515775ef76eadb4e2037b3b4fc35,user
k6_bidder_16_3,pts_a89ab61556c2574a1929814f9490cdffdec224f51972025d06eff237f3811e9d,user
k6_bidder_16_4,pts_366ddcf12688218f9bbfb7fec96fb096f80478962d41dd434be31a0593bc5912,user
k6_bidder_16_5,pts_d7c9f37cf5ae48b81a29309f726a10dac1202c8776ac4ebdd20d1aef834b9f07,user
k6_bidder_16_6,pts_e8d7f86a0e7a553477efa559931574a992041031ddaf62b4d807ad9b59b1ccce,user
k6_bidder_170_0,pts_3889cc5b76e9ee352092fc678fb014364018ee3616f0edf92ab843aa397e3f62,user
k6_bidder_170_1,pts_88b24ff6eeff5fa3263d3a8ad62fb2e0d6ab43f5f833a584c64b60c026b59ce8,user
k6_bidder_170_2,pts_6ccf8368820654155680aa9c67520a0e1a9063367b24bb20a2de4f1ff7d417e2,user
k6_bidder_170_3,pts_ed960ac5c5e2f96ab8cf6f96b7270c19d9699d29ba735bea333ad19d382f4732,user
k6_bidder_170_4,pts_2d36f62042fda388892dbd1f0fecda172d88dda91b951501e4d7932daebb435c,user
k6_bidder_170_5,pts_6b5aee34358a8c23c7c38d80870e53f25ecfb1cb1cad0526f7fd9261970550dd,user
k6_bidder_170_6,pts_36c85602dad7a66a1e53bbd4ed3c213b607954bffcb22c2079e5f7bb066baea0,user
k6_bidder_171_0,pts_1491d19a2e7ac2e7f1aa8f05b3d24caae7ac749d1a60d205efbbec5b8ef90a7a,user
k6_bidder_171_1,pts_dc9297bb72bb61840e8765aa69d04b5f51a59349067bb92a1a8b5bca69531c36,user
k6_bidder_171_2,pts_0d8942554ac21d25f50af24ba2dcc31691f5ded71803b8923a9e645964c2021e,user
k6_bidder_171_3,pts_1bde5d32013845eaa916c96a9fa810669184e7591c4f6456d7becbec7e5dc09a,user
k6_bidder_171_4,pts_13cca906778ecd0702588865783534e7997e72a4f5db23170358cfcd49cb92f1,user
k6_bidder_171_5,pts_31f0d825550de793cd023dc5931ccc0f7b5e272a7f37759bf5bb464adff01603,user
k6_bidder_171_6,pts_609b8aab5f2183880e0915ced9e61b97e64c3b7078d973b897fe2114db483f06,user
k6_bidder_172_0,pts_3735d77568e70d734e9f7dfca11108ce0a41ab53483df07b1ae1bdb15bab3e48,user
k6_bidder_172_1,pts_c24e60a64e0fec625fff5e2e4036bdf9f37120991bad1163d2a3e824a6a22a8f,user
k6_bidder_172_2,pts_976291759677d7419865abb1c07dfeea0dd437070ddb4702f11207ea7e6efed7,user
k6_bidder_172_3,pts_57e8f632348724d8857f50bd17710cc50d66ae6ddb3287c3c5714b2234acabef,user
k6_bidder_172_4,pts_02ba92394009838fd9eac226148b90608b0d8d07c7916040efd7652036c2fbd5,user
k6_bidder_172_5,pts_120c36a1812bd0a880f5dca77d7250b8d92b5d08df073b27fa8242b4e8e60f11,user
k6_bidder_172_6,pts_bf3c7cd939cb21e20353694122723e61988676b0a578aab940e8e4feb7c76477,user
k6_bidder_173_0,pts_22a69e9f962e44da11d461d26b94486da12b674b656130c117ad58bc22d173f9,user
k6_bidder_173_1,pts_86e5c90cb1b8ddae9cddb45187bef059a50ea73436777ed03b8857dcc8c90f78,user
k6_bidder_173_2,pts_784c7af540497b027cf51e625dec9ea9cd41b6ee8a19715a9f69f44bda0e209b,user
k6_bidder_173_3,pts_c6fc62127548ca7ec74a36c4ec88b3b0aac72f9ce71ec7198c326cdc09cb32e2,user
k6_bidder_173_4,pts_f75371629f1003c10f04d0822ba432e4c93f4ab50404595cde7b19398b923bad,user
k6_bidder_173_5,pts_1423e7a1fc5adaecefe0988d9fffd61a937804403fccdc4ff82ede722090067d,user
k6_bidder_173_6,pts_031790c4c31be8c7f7122562cc0ba6acf4f323dc6747090c5df53f9db9f004cc,user
k6_bidder_174_0,pts_96e9369b0b99d5c8a38f4f7137993dbd9853a02158bb1c9186c84d3133f4e894,user
k6_bidder_174_1,pts_e40682879094f31e597354abd58e0857934e4351c02dc2ae41b121dc726771bb,user
k6_bidder_174_2,pts_b5588cc49f9a52539e69e21a85189b835efd199c64373ec6867a2992c0e97bbd,user
k6_bidder_174_3,pts_ab237a07c1185d277a40c6a83438d174871876c798f30c03f8927099a94ea933,user
k6_bidder_174_4,pts_fd8683b8c09ab61511a01f1a168387991980e038f2dcddea378eddbc0e8077e2,user
k6_bidder_174_5,pts_f70e42d47a3b65e377ca4cb1d2476f505e90022d7c435ab773cbeaf1ce2e1f0b,user
k6_bidder_174_6,pts_ef0659467ae2cd8c31735e9806f8c8b58a55cb49b49daa0a7d00dc9f6cc50647,user
k6_bidder_175_0,pts_77f2cc7f749a94a1867b1cae14cea76306d7c71b11fbb902356227b917038325,user
k6_bidder_175_1,pts_828aa4145ce241a661f91f8e4a8ec03ae2629f4d131dfe4b9f9844f066d3f4a8,user
k6_bidder_175_2,pts_1172642d3309c02cefa42ae00094850b28566db06ab351d8cd98ee87b275cbf1,user
k6_bidder_175_3,pts_52ee7f44f7caf7f6fa1679bc963f99f40de532d705f7aaa70a81e5cb84fdf29b,user
k6_bidder_175_4,pts_c3d4a2639ed809c4b815eb040cfea199c865cbbd9d3c24749495d606632c9f73,user
k6_bidder_175_5,pts_b416a0d280699d40aefa3019573844befb376445e76d23b6e2335b7dc678f752,user
k6_bidder_175_6,pts_cadf00d49cd7aa3dc5fe57ff96ad3aaff558698c74fd20dad177347c899bfd2d,user
k6_bidder_176_0,pts_3dbb3ac4e897ea0888b1b11cf0649bcea342a70b4ec444d11fa762da193a527d,user
k6_bidder_176_1,pts_6affa5f6f4a2c3d87de6a5c19a575d183baa3cfbc13eed616fb36d2664fe0e02,user
k6_bidder_176_2,pts_1a10f139a056a29beaa8cecebfa5346392526c41d4bcec39ffb1262ef4c05b07,user
k6_bidder_176_3,pts_e24704ddfd03718388324274a1ad4198782c7438fe4261a700f4c34d2079eaa1,user
k6_bidder_176_4,pts_d029f908a0071d309f2467c2888c0a315b5d861363ed112bafb7fed88584dcd0,user
k6_bidder_176_5,pts_dbf7f5c1e0d08b22b42aae9edb3687ede61580fc4d730cc247d71585d4af6107,user
k6_bidder_176_6,pts_14e76439c62fa2e67c11a765ba06639dcabc0405e7d156031da117bae0d4de38,user
k6_bidder_177_0,pts_a15670964be899aa06a1237c0dce2c5e8efc594c5f741722cf6ddc545349810d,user
k6_bidder_177_1,pts_2ba84e685f380f938f2ef293be8b0db07ce7891b6cde177fe73da2a197bb2bbf,user
k6_bidder_177_2,pts_3bb51b299c1c8e028658992ca365190f3e23a416dbcdd6d7ece03d39e72c6784,user
k6_bidder_177_3,pts_dab774a89efb6646e99657c28e542c1e299bdf3dd7b5efaebc61716ca35a9860,user
k6_bidder_177_4,pts_9f7283e390a04a6319998014aa55b647800d7dfd8d2b275ef318d1de8e413b57,user
k6_bidder_177_5,pts_94809e2256bbb8424d1ffe5c9b8ffffcf38f3437a754c70ed5f7c469e85e8598,user
k6_bidder_177_6,pts_47eb86d0eee5b2ed88399639c38759531caa469eb3a04e9d671a4f2362683be3,user
k6_bidder_178_0,pts_8fd013481cf9c829bb22bd6530f383e6eccf330bbfded9be7d86b46908d727f3,user
k6_bidder_178_1,pts_9cad0342da34ed733e5d5e9ecf23cd6cedd6287ef5d3883a89d586924c40ac4f,user
k6_bidder_178_2,pts_31cdcfd397291184c84e3c5afb7664dd44eecac60f7f78392a9558d676ec01ae,user
k6_bidder_178_3,pts_68e8198ed545ad19818d79fdb656a2d9206b6f3258d00537e361c9b0c52b1d21,user
k6_bidder_178_4,pts_50b71a71b3fcd07e61f4499b9f28ae36bd16c2548bd80bc36a4f34749601d58d,user
k6_bidder_178_5,pts_845e23afde0336fe2f380c777639a469e2361f3428a067fc6aa68ab3e5d62e8a,user
k6_bidder_178_6,pts_c15f6d89db3d778d27f57825dbc1dda4cf5853c4af647294a04f4bbebdf166aa,user
k6_bidder_179_0,pts_bb512fbe0e717379f742c4cc35058553615543e1e27027d1e062f4eb42681e19,user
k6_bidder_179_1,pts_e2f5a5d828995dc6a57d7b84ef80307961520629b06ee7be6513821763c92f54,user
k6_bidder_179_2,pts_cb02c14c6c2fe7e4237448d6af8131aa31ecc2193e43a29a6e796e83eb4ed984,user
k6_bidder_179_3,pts_e9cfdd887a28d5d6033b30a18877fca1444f6c8533debc31954d2edc2d2bb5fd,user
k6_bidder_179_4,pts_d554c220f9333d27aa0e4cb4628aad20f7880ba0f2372046899d38f2a6c86e21,user
k6_bidder_179_5,pts_e0cd96c2fad3267269a3618c2bb4489eed1d29adfb209d796a0f72331a7ed01d,user
k6_bidder_179_6,pts_8d4a94c38379a10a978aab9c8442f8e931ac071fdd8d90da0a09d8da9673f59e,user
k6_bidder_17_0,pts_57e8fc42c822511c8d57720a94e8adb055e9419536427edb7b082b45424531a7,user
k6_bidder_17_1,pts_e1c01eb6855fb027afa506bc805c6b17863e6de4e87b434476d945beb3f59495,user
k6_bidder_17_2,pts_669e0accf91a3aa07c6a0c7cc371df92da8836cd964b937bbf9cc822576fa9df,user
k6_bidder_17_3,pts_5df9e95d04b575d810d1a602b52e4744f142053a2ddb4e78a7a820c69a24fdf3,user
k6_bidder_17_4,pts_03fea83a5c1b18124b1a47966475ac69b523733aec5fab7fb9d0d74b11e8ff59,user
k6_bidder_17_5,pts_8efb118855322d741d66e7f68869c328438eb597f3fc3541d61666f092516a14,user
k6_bidder_17_6,pts_36b01297e0ab484b3875ab077be857fcc79a9bd12fc02213ea5af893dac96645,user
k6_bidder_180_0,pts_0499727b1c11e72059ae70127c7775df90414c95373755f6479bd311a5a9a8f0,user
k6_bidder_180_1,pts_a9d0f95f9f3e9cfbd85dd6e145514d76d82e785a8b323e41a9b400acc97635a3,user
k6_bidder_180_2,pts_df82d8f31fc2423b151eaafa93f63cc15b720544819a68e182ce10cb02226355,user
k6_bidder_180_3,pts_78a14939558a1a9383c3c237b3be2f5559f0e729dcbcf9032d8cd5c0c2f4b4c5,user
k6_bidder_180_4,pts_7a12c91c286ba50871bc6266515f436dce5bab11d90c3214b6b9dd8c54d9335a,user
k6_bidder_180_5,pts_029d2f1989915dc43446a92baf8a981d127977393d822a5617a95a86b1db1eaf,user
k6_bidder_180_6,pts_bb012812b63a7de8d041cccf1f4028819d8f32bfd890db9e5d47b588e6460b18,user
k6_bidder_181_0,pts_c8d4e4cc829621bd03f53491ef98e1bb97398f14539e7f7e51a7c3f25de92fe8,user
k6_bidder_181_1,pts_d0e621d517c4c4a3ee86d996fee85e8a1875f955009f0bc9bb54ebc1c751a56c,user
k6_bidder_181_2,pts_264d6b3809e932da4b7226f6fb075779796de48f9beedda94b27f1d851708214,user
k6_bidder_181_3,pts_cbde2f0654e8d3f89d42c6b269035a85591657d6894806466855cc400906800a,user
k6_bidder_181_4,pts_1219d70e0da693e7eec77e5b098d393ec80671fc6e13f5be1c5b43beabc4ba9b,user
k6_bidder_181_5,pts_ac78812f70ac5f0ab8437598e6659b045fcc87d11bdde05b251fbbd8a589ef9b,user
k6_bidder_181_6,pts_93285c497546fa09334d2e97af82b9bfed95e3252f4a975ef5c6a4b5325085fd,user
k6_bidder_182_0,pts_c1123fc0104c1b9f0eea49da0ae32cf7ae06a665b956e9586cf2bd7ae3fde6c5,user
k6_bidder_182_1,pts_9d33d15d06be5044ab3e6e3ce6ae721c25194585fc5c678473ebcae3770cdbeb,user
k6_bidder_182_2,pts_fb5f0f0bdfa33605a018a2a1248ddcb307580bc76a677787f89a5fb3f2436c32,user
k6_bidder_182_3,pts_f47fe683958a573cf76e667ba9c351ea211ee6c1302d393aa954a8e6cf6e8f7b,user
k6_bidder_182_4,pts_cec937be6bbfe8cf127186d3c6ec32da43c358d1a2ce9dbaf58be6cb930981df,user
k6_bidder_182_5,pts_bf34ae11a8769890b3a3011e0fb3766b71b13dc5dddb3823c3864f75d6930229,user
k6_bidder_182_6,pts_0111e46580f0e020410c3b4f61ac0c480d86d05bb846768f18315b587a71d54d,user
k6_bidder_183_0,pts_6c0f051082e757d582b71c9057ad844d01ecad3f861151eff55a839087778c56,user
k6_bidder_183_1,pts_f49f759bde0fcd35b93702efaee16ec82d85ae33738b7cc0a023bfa01bf81929,user
k6_bidder_183_2,pts_d905d54aefd439c05db13638b5406f7ee714ca76acd7c0219b7c8954e54463cf,user
k6_bidder_183_3,pts_6620a40df964dee2b818633f3400358c688fc307c1b3406b758d4a4c01bc6e07,user
k6_bidder_183_4,pts_4e06723c5031302342f3a4dd29ecbf10234bf3d3da7842520ae3abd046d1da69,user
k6_bidder_183_5,pts_e04909db81d0e993117b3f83d4c5c7b2b7ccca3fb5e1c8acec9017ef461db9dd,user
k6_bidder_183_6,pts_3c02a0bc3cebd07ae847c73526f331415b35816037e33ed327a079767cf72028,user
k6_bidder_184_0,pts_5bbe3bca0426d3eefeb0c0e01afb81d4ef423e1b121419919435176e1d6b715f,user
k6_bidder_184_1,pts_40d1b39d3f64c56e0cddbaba0dfbe80a9a6d50e067512ca8ef68e15f77b1512a,user
k6_bidder_184_2,pts_7f6f1c00019f8b4c2a251b48504a7e3e19a81864db21b254640f9b18c27da341,user
k6_bidder_184_3,pts_6ecc19c70da107425925a91d9645dc002da3eee9c424ef279078a935d38f1962,user
k6_bidder_184_4,pts_56293ff889410c3cfc45c60492ea8d26cc3f65c0e7470757cc276ed669d7b05a,user
k6_bidder_184_5,pts_592274c7e14c869ca6013c8dd2b340b05479e93916164b614812605865232d64,user
k6_bidder_184_6,pts_2dee749fc6575e5f1f5362e07c8c520ed73f161901e7f9acd9f0e623974c97da,user
k6_bidder_185_0,pts_8ec8855f1413f400598837100c778197f293635583496a44227b16619597cc79,user
k6_bidder_185_1,pts_f17d64c39f926f9b9961a6c1264724cb7dea8d9eb0a5e5ed9b79f2fa8d16a3f9,user
k6_bidder_185_2,pts_1dc0bf8680c8b85ba2448fb5fcf994192cc9d3f25f090a520ede294af90ed099,user
k6_bidder_185_3,pts_e20db5f32bd03cd0afbb66c7ddd09cd3f79b405311ac6a28b0e2bebd82624f47,user
k6_bidder_185_4,pts_5ffe3e4f1a077693beec757b22f048236eb636e31ef90a7297064f658384d80d,user
k6_bidder_185_5,pts_4ec84163f8a24e3917df1a553086ae23658967aba5b2f789a89c691bbc8460e7,user
k6_bidder_185_6,pts_9a3e1597a438629006a9e9c8022959054db5af2f063c8adf3a5d4fe47ca7fe51,user
k6_bidder_186_0,pts_e528b0b371c46e4df8e716b837b16fb56305ed043ff7b7fb502875639d4886d7,user
k6_bidder_186_1,pts_0307e5b98c05778e54e0eb11b8fa66bd81e8399d5749f41dd6211fb2e4af65fc,user
k6_bidder_186_2,pts_122d4f19b82002d970eeabc052cea12155492ede400b18a9efeb156cb9895c1c,user
k6_bidder_186_3,pts_0caa84d59bb3d45e4f945ec1af5c668d95de168e843749f456517ad7864ffc57,user
k6_bidder_186_4,pts_c8b65c5217977088770cc1f0252d5d5d0d9535bffdda6a6b003ebda3f66928cf,user
k6_bidder_186_5,pts_defdeeebe6c9855c26cc7752b6b69a54704fdfaa0886266c915fc35e916ea377,user
k6_bidder_186_6,pts_5c90a87f38359ae5b20dac1bd80560511d96c5d8d125f3f46898189164e61326,user
k6_bidder_187_0,pts_3a5a66ef2bce9903ae082cfb2ad66b89091f46e298aba48c1e9f3dc77862648c,user
k6_bidder_187_1,pts_8883321f66ed7e8e3691f3336e8764bf0b113355cc5e4cd29f8d90feee6710a7,user
k6_bidder_187_2,pts_f2e2d5b305a1bc578505bbb67b19bd6086bf95f3ec10964ff9cb97a0a88f47d0,user
k6_bidder_187_3,pts_480a293ea7be5c8f17511dd9d372a5e7dbd4c0b5c8ab2458f33dbfced92efe43,user
k6_bidder_187_4,pts_eed4b3f617a4af501d575f9e3b4ad13d496b94419300d15aad9ddf901a18ca00,user
k6_bidder_187_5,pts_d4f706aea6675716abcebaf2df59b1cb167417499f4fc4ac9be6f95648637139,user
k6_bidder_187_6,pts_93b45890e6c3052fbcf03344506504654da9f3cf6a3e4ee9325e40afb3b007fa,user
k6_bidder_188_0,pts_c217437f990b833dfe27a4bf7be1dfdb0dfb144e35b617d973b8ade853b2c864,user
k6_bidder_188_1,pts_02ddd881b22869438efac21f956826aabb4cdebdf814bb2c5df9cdbca3ab62c7,user
k6_bidder_188_2,pts_0975a66a52be76de6f51ad42e6d22097e725a1b4c1dc82c66379c2f3af4c1687,user
k6_bidder_188_3,pts_9bae0abce11cd5b386b3f70b6ea8849944f4f8453eeded8f196ef3a1cf370a85,user
k6_bidder_188_4,pts_ddb9dcdac947e44fc1043e5ae13a50a90ce9d112db4886f2b0d5505c61327061,user
k6_bidder_188_5,pts_079611e93adca137ecc054d6ed8dffd81afbf1b2bf871a181ea899c4f56e5345,user
k6_bidder_188_6,pts_ede2467fc5581b115f65058c63ee2a84fecc859c39d7a0565d4a93b99108bddb,user
k6_bidder_189_0,pts_18a1e679e32e76b99e11c8d302f487cc6427bbf3345685834250908061083dab,user
k6_bidder_189_1,pts_6040dc4f2a4c86c8a834fff488fcb9d1093d237d07476e5ce29edd04441f2855,user
k6_bidder_189_2,pts_31d4444eb051236ecd95a771263aa7dd24153fef5213a4c169ca768be4691ceb,user
k6_bidder_189_3,pts_f010e204be0f1683e77ef8801936a857d92d39d23c2b5e8b34a748555c6e417c,user
k6_bidder_189_4,pts_8d9ace037c7222a3b6733fae340330f170950022b092ca13412ab77607ab2d1f,user
k6_bidder_189_5,pts_6fb5e1282e76880eb9081601e0d4a6425c0c43f29fc5ddcf2cab515679d6aa80,user
k6_bidder_189_6,pts_6e9b7e990887fd184e2fe067858d8a0105125d9f015fe0016680be9fe1cb6b47,user
k6_bidder_18_0,pts_e1de63634af3cbf4aaf7c28cb203bc9c98b9d3ac3ddc04478a2f4123c7c57371,user
k6_bidder_18_1,pts_08eda208b5c76c4fde19577590c696d3cf91933b413a98e09f2535a3757ed2bb,user
k6_bidder_18_2,pts_a7ee021fc6ce2455d132a3cf330dd4eed728c4495052c3c29c058647ce9a8e2c,user
k6_bidder_18_3,pts_1ad0e5770bd1a5f166bde31125d0f01a504f7b2e4345747b7b61be903e8bb1f8,user
k6_bidder_18_4,pts_55afb6be4281978875afef6433704c9bc59dd46318909eca2f45e78da7d26d71,user
k6_bidder_18_5,pts_aa3ee3b30c788679409e793252b675088ef0eec769dc01d52e8efa58ef045182,user
k6_bidder_18_6,pts_8a1843e88d379ea5c298468c9a27733b391b509e05885bed7a48ca78326133ae,user
k6_bidder_190_0,pts_1ece7bb0d8597f859c25d10ef07acb1dc6e204f84cc732e4a331ee75de0ceb43,user
k6_bidder_190_1,pts_ebbd551b1107eb4481931d5212b77f853908fce6b727127624dcaaf77842176a,user
k6_bidder_190_2,pts_5ccf81eb1adab42487d6dd270df54e16bb2024cd49a85baea7f96ff1f0f03074,user
k6_bidder_190_3,pts_e3a2a49d9747821af67e7588f556a4152bedcf86f4628ba56f70749c35a11ac8,user
k6_bidder_190_4,pts_cc122adb42ada4b4ae7268de4b639183129417e69fa8debbab1bebc7e5f776a2,user
k6_bidder_190_5,pts_8e371f7f54fea5937832d88493fbbc23d8fe19b5b0e8e21b55bd0a8fcfeb452b,user
k6_bidder_190_6,pts_d53ca72c114364f98953fb6a3a018e8c084fbee6c70faff2dea37ab6d7a24dbb,user
k6_bidder_191_0,pts_5b198242fb5e4e0b2bca31a977e8d71cf300a849576f741f1a972feb0df635ea,user
k6_bidder_191_1,pts_b60bfee8b5d5745be56e5f8d03ce5e0d11752a1b7a61fbd058fcb65ce7a9bdfb,user
k6_bidder_191_2,pts_dafc9108c75b6205f10e90c4b7a3042e39c194d428f97deeb02a6791cf647e96,user
k6_bidder_191_3,pts_59230243e3ba36010dfbbb8efe4eb628bf9fec7436c4e70041a00d0af0520fa7,user
k6_bidder_191_4,pts_181bc8a095e5482f2462bab429a0ef8a8ae4d5f6b6784c5fae9191d26c042543,user
k6_bidder_191_5,pts_76b99e2e4fc3be636caeff862360b1ee8fc9f95812066ba12c3f89af4ba660d5,user
k6_bidder_191_6,pts_c7f8d81c93d6fa63d49c20f53a0510a3eb8a02be233ecc7bff2982b1c26a071e,user
k6_bidder_192_0,pts_c7a453b812b019116691e23eba63e4a2f8e590d4d46d56a9ad7bba37d5d8e5e2,user
k6_bidder_192_1,pts_cee910e4f5ca794bac424634b537bbc7c1c90cce378a0f7a74046a45a1532297,user
k6_bidder_192_2,pts_4f8a46d868ab80e8cf60818f33cfc532604ef1cfa4b1d9963c68ebfda0c00dd3,user
k6_bidder_192_3,pts_69f19f5bcdff18984fb0f3c302d8449b7c756656b3aaba1d38d576b006f8983e,user
k6_bidder_192_4,pts_b543c0b925d9787fe52aff2ed019911287d6496537e98f6e4a8cbba9af0fce98,user
k6_bidder_192_5,pts_475a916953d174b91ecc1f0e2186cda5744f00185b4699c6d9f5005ba0f8bfe2,user
k6_bidder_192_6,pts_b3c66de76d369d7abc4ded78f74058c8603fe0637825426c06ed3b1662faab62,user
k6_bidder_193_0,pts_cfad9ec09fcd1ac5fe425b8bee59bb931c08b3fbe0e5a0abbacfa73c3fa91a91,user
k6_bidder_193_1,pts_e42a4dcafdc7ba8d5dcaea74641601ba43e21a26e3d49f6d13b7f38d29de50cd,user
k6_bidder_193_2,pts_d4effa1b666a65415a911267400ede661d04a19ed341141d151875205e8f23dc,user
k6_bidder_193_3,pts_22cba846ec2e19f6391c4530deb7a379cd14eb8aa904789f6d6688603d857ed4,user
k6_bidder_193_4,pts_9b88fdb4303f24335eade35013ab96027d34ba27cc32c5b87964c1514132cbf2,user
k6_bidder_193_5,pts_9f5a7cd78345705026eddfc4130ea1c79c933f403b7620a7229d3b6260f658f0,user
k6_bidder_193_6,pts_837ef77e4f0d0d66023288a1dfbb2413eaae24f5e14fbd9aa2a23e29af61b68e,user
k6_bidder_194_0,pts_fdf4ba1adf4175d216706eead80178e00beea04d0b01490bbc24b11682b1b81a,user
k6_bidder_194_1,pts_4dc1311b60407375e807f6dd6b1dea250027d9da28c3e888b6efbccd9d194719,user
k6_bidder_194_2,pts_48be40c1185f474a299ad766f7298b68edf1121e976d92f00d17405d008690d5,user
k6_bidder_194_3,pts_f560ff99d3d156ea6ee8d6ab434b744485b239ba8bf7a4b95cfc0fc0a43e2769,user
k6_bidder_194_4,pts_1e1a42c526ec1ed23e29bd93eea160449c11cad1ee2cc3b11ca505bf16d02f7d,user
k6_bidder_194_5,pts_9a47a9cd7946b13de2ecdfd571a28b8c3ace24e2328244889c5918787a1173df,user
k6_bidder_194_6,pts_d30bc9de9133f3fb203bc0aa5cb85ea22e47639c83298b4efed83e7ab698e642,user
k6_bidder_195_0,pts_ed5083252d6052fc08021f2a49618cda7bc5cbc34ba58e145829de82bdcf407e,user
k6_bidder_195_1,pts_e805942876e2c3e344415eef174404fce71a9c0bb94fcb9dca1c70b921ace323,user
k6_bidder_195_2,pts_4e239912f3d656343f1441474d30a49779affc5d132c436804cb60fcfaf7071d,user
k6_bidder_195_3,pts_e168aff2031e465f0704be11835139aa309fe6afda126a221b49946d94af2a98,user
k6_bidder_195_4,pts_7e3bdd82e6ee49aa1254bb3dd4a8f4a32ec46daeaf78662f6ec6d8ca2b038027,user
k6_bidder_195_5,pts_5b6ad4d449af26cd2be5cffa8fd36a76fecae46e04fbd8ecc23012a1c01ed9a3,user
k6_bidder_195_6,pts_23b538f9511305300f87f5bdaeebd12450644f176fe8e94297877ea6ef764e07,user
k6_bidder_196_0,pts_537d54f32b18409ba9772075a345b10619541cbe07d78fe9d9c0c76612ae7846,user
k6_bidder_196_1,pts_f82e0f5a8a232cf26c42f8d9b815cdd517b0bb4f8b05c656ba74ce7b2e44518c,user
k6_bidder_196_2,pts_89151d1f213e85d9133555948b778ae08545ebce1b926ae397ee64fe9d4f559a,user
k6_bidder_196_3,pts_013c4e7675fbac9ba15afe9e791079cfb81265c5971c0f1634de9d182fe43040,user
k6_bidder_196_4,pts_27bebc822eec2def1bd5fc4f21e2f7599194e53fcf6acb09053482c7da9adf6e,user
k6_bidder_196_5,pts_cbf91dd0850c52cf9b0de82c43065c65e1125c3244a1fae036b1acc6aa494fba,user
k6_bidder_196_6,pts_8846182b6462b686ba6fad6f1d45e8eda334ba75f4b31bcefaa25b2b4c4c527f,user
k6_bidder_197_0,pts_eba6a1e13de50a5ff95189532ae8b324ec27bc4e3cbabf4a6cc9e0ff95c41c5d,user
k6_bidder_197_1,pts_fbb616ed60c82fb7fb580fdea7f7a6e88dea8c7bd07171ef5f961297203ccbeb,user
k6_bidder_197_2,pts_d097a170f0d4b62aa35e6353aafc1d7ac23478e91cda5714cb230a4b11b37093,user
k6_bidder_197_3,pts_f787dc6fbe3f731e0e6b72acad1f1edb61febdcc2d02eab13d4c1bace5081559,user
k6_bidder_197_4,pts_3e7b8fcfce40212aa5ee419719394b4178ca9703921a556b03c695aa46e9fcb2,user
k6_bidder_197_5,pts_3d4ce35db4e8a4ba2a3e712296a55b6b2f8855891f69a6ca8a85fcfe03f409b7,user
k6_bidder_197_6,pts_ab0a63a4ec5488056a2183d7a63e8b49651771ce8c6e4fcd45b83c4799f2f63e,user
k6_bidder_198_0,pts_c4e6d9376a7c7afd575ef2e6a6043c3c2dff5e0d0c5ee442d538aa0773aa7d7e,user
k6_bidder_198_1,pts_831028ec204d545f92b4939e18804bb3ac04c6655bebf66888e225bbbf6948c5,user
k6_bidder_198_2,pts_65d093199ccba060e9f7511b5f00273cc03f325211c8a2c164d24843ea1e1ad8,user
k6_bidder_198_3,pts_a189a349d969e25f96315fa27630d4ae75da622f630aa19cc971fc632cf89812,user
k6_bidder_198_4,pts_ab50fb61b3bfcdee2e91cadd9c16c3435aa6ec8f24a1ef58edd41cad9ab3cb90,user
k6_bidder_198_5,pts_ea23543b4c5458c763ea97322eafd9dc99fae5998098e9aa764f3ac68c712d1a,user
k6_bidder_198_6,pts_e2287ce3ca72294cd38f6388cda09959ab9362c62be37269d6fb62bbe91f812b,user
k6_bidder_199_0,pts_ca106388853a6a4d32eaa65b7eb0ad6d96df37f5ded200f7347f0de658f7ec3f,user
k6_bidder_199_1,pts_2ca5cb0cbfea712ad0f148ad54dfaa8a4626a035e5488dfd975e5b853d920293,user
k6_bidder_199_2,pts_46ea25621a9c0923bf600deb53a656843fe37771d795f00481462bfde047aede,user
k6_bidder_199_3,pts_5b4afe90a189adc650cc2f580b38fe4e9773561205e7a48c8b9aa4e6978a8b52,user
k6_bidder_199_4,pts_c3cc3b31071aab7308aec1df443305e666a4f8df5255ba14aa25dfe01b19bcd9,user
k6_bidder_199_5,pts_3d14e52359b582c46d48f9a4a6ea2f186364ac737cb69f8dde0a9643125983ad,user
k6_bidder_199_6,pts_10ea9ea42c38917a36c02458a1ee5fa2eaf803429b327846e8d3b02374870113,user
k6_bidder_19_0,pts_bd7ab87aab417c7161820687d5627d9b70ea8c5ab34e9a55235efd5e8788bb43,user
k6_bidder_19_1,pts_21539946ec9084c1748b8161b50f872c5cc031e6629ad52cccd2b845e0defbc0,user
k6_bidder_19_2,pts_32fcd163df234970f60dbb9b76723c2c3554c7dabe7e039ab2e2cae020b05aaa,user
k6_bidder_19_3,pts_b24b6fc3e6ec83cd5c65ed5caadf97e0b2fd0158166a19dee4d4fee6a2bbd7db,user
k6_bidder_19_4,pts_4e1ef947c1440212d557ce200689787edff7386bd4bf816ddbd4fe9d797be0e1,user
k6_bidder_19_5,pts_ea34d4eacaf826c71ba7712d1c52269b0e52319a50edb2d3941377bc6b2506bb,user
k6_bidder_19_6,pts_04ccd1b84e7f3522cc66ffdd61a78613230ec5f326404ebf2b09f16d3a7b29a1,user
k6_bidder_1_0,pts_0351c897d4713cf4d29dbd959498c1fe9d7299fd345d5cd747036ed5cc96f24f,user
k6_bidder_1_1,pts_51b6c5faa5b92bdc8f9149b08d9a53010bc4104483fbea2845a28381c4390cad,user
k6_bidder_1_2,pts_23626bca0f0d9f9a3e4ae8244d2065798edcac930ae62b56a06f4174570e2be1,user
k6_bidder_1_3,pts_cfe611e1c3782701e1b2e4ecbafb22424f658c41def1dd4c21832997edefff6b,user
k6_bidder_1_4,pts_33012996485c78b9bc2d56e4865cf9345abf51cb7cfcbcdc719f678cfa01e2ed,user
k6_bidder_1_5,pts_b583051bd86aa86b30c4c4fde45104471fffbfd616d8a4a8347b1a02c187576c,user
k6_bidder_1_6,pts_18ea9561dfb387eee94f3ebe6112dbc37917f0eb3660a6cdb29a1bef2a201e29,user
k6_bidder_200_0,pts_534d63fcb5554484374389377dc50cbfbe4f94f4c0545aba7257598879b4db72,user
k6_bidder_200_1,pts_2c6ab93cc0c30e103821f28bcfb7459af08b54bc30a0cddb575e92200cce433f,user
k6_bidder_200_2,pts_f795de01d22c1c0bb4fb64df2102905990fb58693faee2224f6861f4ef174423,user
k6_bidder_200_3,pts_6ed697a2b9c945e694e81668d01c4c005a6631be3a527edaa5b9fc9c79650e2d,user
k6_bidder_200_4,pts_724985d01e012471e3b80c0a64e04374bcea94521b445b92d7b4266af3b01a24,user
k6_bidder_200_5,pts_a48032a2b11135a0da076c92c22d3314d4325533769e29bbe0cc42249ea623af,user
k6_bidder_200_6,pts_e742197bde753a9f31b5986e75b13a859682713b7e2ac31661aaf769581c06e3,user
k6_bidder_201_0,pts_1dc3fd854b2880a53b4e750d08d61daaf49effe723b81442911139464a2e5292,user
k6_bidder_201_1,pts_eccacafa0820d8b32c4acdc250dd38e14719d4b71338283fa0bd406a06d16eef,user
k6_bidder_201_2,pts_fcdbf0b5b835e6a6e94ec10dcab4dbc4736c5d4b25a4ab96fd7c4520c0effb19,user
k6_bidder_201_3,pts_4e7244e3924009d40ed4e2cbdc26d6fc9f579e15f6bb36526fe6352ccd84c472,user
k6_bidder_201_4,pts_cdd5c2f98199c15bd0728126bc97ed20c51dd6c016ced48cb6c96788f4ab35ce,user
k6_bidder_201_5,pts_8f2ddc6362bce731a33c5c32aac8b7bb9c241e9c3298d9944a4c29306371c784,user
k6_bidder_201_6,pts_5744eef8a23f5e199331bc107058b57fee2a2e8a01bf41baada75fb248880383,user
k6_bidder_202_0,pts_278f3dead68554f9dae76c2cc75c8afa3b64ecc412443068e298e748b99c0972,user
k6_bidder_202_1,pts_da4857ae4cdb7d4e80b0f08129970a791054ae8bf389fa9807be3b9cffa50ec4,user
k6_bidder_202_2,pts_f093ff096335a68bb0c98980ec525ca8815b145226b570ce83f672ab9e430d90,user
k6_bidder_202_3,pts_ac2e51cebeb830971b7275eab7956099e3f3c2acb3ec13d71af3eb72131b00f5,user
k6_bidder_202_4,pts_6b8bbab7136efc8a3bd935800b454238b9d4f9e51353d4d3ae4af887f370e0b3,user
k6_bidder_202_5,pts_f5d1896be3a29a5b879ca1b76c0222530d77cc449bdf0d1e14aeb5666b127249,user
k6_bidder_202_6,pts_5067a4a014bfcaccc7d0d25ef233c2aa15de9cffdea54347488c5ba6e8a6ac37,user
k6_bidder_203_0,pts_10402a1b9600e233b2b77a276668a2d71c0a4b10df2960860233cdd8a5307106,user
k6_bidder_203_1,pts_69df2ff09e213361299247c8b4293dd4c3869f5692404fb9b88ab90aadf059c9,user
k6_bidder_203_2,pts_62eef634704bb94320cd4e54d4051622a53cbe00baa359ac82222a0a055915bd,user
k6_bidder_203_3,pts_b1b8afa32c333f05f5b23581ba5fe4575cd3cfa160a6286b5ec0a344c86f4439,user
k6_bidder_203_4,pts_95603c22e41326e04a009d92d6ebba686e198d89b2cf52d4bde23a9ae399e063,user
k6_bidder_203_5,pts_90420eaab68e74ec3e916ca578cc7b4f98730d898246bacfa02b9e7d4b77bd7f,user
k6_bidder_203_6,pts_ed83d25166a5277771d83529e5c736817c49c4ccde62b535497616cf505a0242,user
k6_bidder_204_0,pts_0020ec98d5b870c2a41b378117ac7958b2cf7d00eb50002b67cb7cf6566f0640,user
k6_bidder_204_1,pts_cbb9e3338f6ce6939eaf9857cd1ef8733ff2c462fd36b93197f4435fa2023816,user
k6_bidder_204_2,pts_4376ef525d04b233e5e3da965e20f6f2fccc738fcfc9412ebd853ccbc03bac1b,user
k6_bidder_204_3,pts_baa1dad73a9ca6da0d82151ef2942ed18557be809036d88f4b97c6b0fd8bd72e,user
k6_bidder_204_4,pts_1fd31dcaf85e453ef13c4cd06c3796443758a915432912bad1cfe805b1f532d3,user
k6_bidder_204_5,pts_8d5ba7dcf675c500dbbed8fd4c8cb8948edc9c8720ab49920af86cbba2e3d3f5,user
k6_bidder_204_6,pts_fc017b32892fc3e8e943ab8d1d3e054621e6417259384140e21d47a03639216e,user
k6_bidder_205_0,pts_ffac473fbc7f9e845d70286e470caffd72089e814dfb13657e609985d5748bb6,user
k6_bidder_205_1,pts_d356a7ce51fa98f68845fc3fd35a7a7ff399a83a361b80d455687558064f2bbf,user
k6_bidder_205_2,pts_b5b3bcba2e73f2b649a6812b7aa26012a824c2abc8d5d1fb422ab51fe35025ee,user
k6_bidder_205_3,pts_08654f83bab4a191c04ea79cb10b29e44daaf1001e3b68ba5befbe6d64b37c7d,user
k6_bidder_205_4,pts_2507a57ddd0d9fd4cfd0438a8264a48641091cd29e4b9c379fffc054c336c0a7,user
k6_bidder_205_5,pts_106c3ee0a4837a0513b4c667f086cfa83595fca52d6abff547dda11005f95c5a,user
k6_bidder_205_6,pts_a60daa4350a622956fc30b932571abd00dcbedf7bd1617c99a4fcb19144afd56,user
k6_bidder_206_0,pts_54df27c93e26fc492cd00b92419b7e10ace527af50430b054b52c747c0503fa7,user
k6_bidder_206_1,pts_080ff58f8f84419e1b98e58cbe858eec12c542e2b108329bdb09170a49528a8e,user
k6_bidder_206_2,pts_22b43ea9eba8581effd01e8fc1163c713e04dd55e667399307257e7ef822ac30,user
k6_bidder_206_3,pts_11a15f5fb49f8af2c3da66041170ca79db8aa202cd7ec7ae5d6285066f1b3a3e,user
k6_bidder_206_4,pts_8b030a5c8e7735dc9fa82bc394ee8ccb5e05514cf641b5234a8848c469db930f,user
k6_bidder_206_5,pts_b2611beb81f864761c4764446620fb1218ed78db1e23aa618db3438a87745ba6,user
k6_bidder_206_6,pts_c81210d950969b1adf379ba1c67874d21f8e383992b69dd3c1cd3849ca954c97,user
k6_bidder_207_0,pts_d33e73ab2977ad00cdb9e4a80b7fa56ddd6df5bebb72f7b1f30c26e813311bdc,user
k6_bidder_207_1,pts_d32dd56a9536f3b9f00d88daab1514e0dfbd670eefcd4371c208647c935a5bbd,user
k6_bidder_207_2,pts_df03a85aa1bf73fe623565f1929763e710aac03e625ee075c66cf09d783e9349,user
k6_bidder_207_3,pts_86a017eed69c22abda759eaecb8d2c2b83cea1f9650a4e0ac750d425f193ca66,user
k6_bidder_207_4,pts_4fad1e3930bd871e0bc99d5d2aa84ef6a3e7622261fcd6bc5e0f8c94b4747083,user
k6_bidder_207_5,pts_4218c2a6d469354e9226f0ef14afd799fde21e8786ca17da1c58f7cda995ca73,user
k6_bidder_207_6,pts_a45ef9188960f1b348f85f2868b48cfa2602d5860be7c0bb0394e175e9d22dc6,user
k6_bidder_208_0,pts_2f347761677171e099f00949492a603cf665b90c34e242061d0e52c9b8f8c71b,user
k6_bidder_208_1,pts_1b59de31a7fed4f9f85024f68acda40c6f4766b2fd04dcad13aacbf59e88de5c,user
k6_bidder_208_2,pts_38d712ae1859da16c00693dbd4dc3b461beb63d04ac5f800e21be4295a46af98,user
k6_bidder_208_3,pts_44ce687c51aec59d60ec6786dc8d72cb0157adc3a92d9df93cbbe70e2ff40b25,user
k6_bidder_208_4,pts_e9f53e98517ac20cbd1803a19ca449cd98c036dbbdd5782b7db6d1870a0f201c,user
k6_bidder_208_5,pts_3aeedaf511aa8b9a5a873c431aac26c2a6a388f25ff1dcceafbe44858cf71ebe,user
k6_bidder_208_6,pts_93eeb2f12fb7627688c9c5dc516a890ebca266e7da415f949f02770ee4a93df4,user
k6_bidder_209_0,pts_c851bf93a45e341cdf266c38aef09a49c361b29cc2e2485da4f2b0fa5412f3a1,user
k6_bidder_209_1,pts_11a2f3615a283f0fabae83e0f60b0f8a7530621a3b65bfa2d87bfd3f7974f003,user
k6_bidder_209_2,pts_7ec0bf9ff5fd9881afa90ebef66136cd760d84ff3f0391bbb1ba1c8887e8dab9,user
k6_bidder_209_3,pts_188e2221b684fa40be7a227c004b06daef6a5ba7a90a86016fa0806438469453,user
k6_bidder_209_4,pts_248c52950988831a8a38e3b19c8d1c4a0c7f045dd281afff4dc07664c48194bc,user
k6_bidder_209_5,pts_d6d53628beaaa681b05b8bc3a65febf2960fd6262cca75bcb485f9a8e0c55a11,user
k6_bidder_209_6,pts_092f499cdf423be0675a713400aa8eda25d6e77836a087435aff5f4408b93bc2,user
k6_bidder_20_0,pts_776a3f7a9625336487dae12e658d0c3d11d2ffa7a0d3affdde98b4c9506f46ae,user
k6_bidder_20_1,pts_38f47aaeacb0a685f99965755b12a04be0933d1f4a89d6b671f9d603a56db97b,user
k6_bidder_20_2,pts_12c0a0ca539226532c84380d09c92c2f72263235b3f0849679644c18f58701b6,user
k6_bidder_20_3,pts_0ef6cd040dc21396ea5c3e954266b5fa1eed423d7405e6ed6ea211781a67cdbb,user
k6_bidder_20_4,pts_4ae4048fa58b524e93686bb2c24d5db29cce0d81a5240812e399f17c31b529e7,user
k6_bidder_20_5,pts_698ffe0da2a755df6309878f0b13e1489d114cbf048db0c3daf09a1e5aa6ba9d,user
k6_bidder_20_6,pts_aaf7501bf77c4fced07596bc4f39f7877787a493b15d8eb416483a750fdef85f,user
k6_bidder_210_0,pts_af2f5ac3ead80d53ae9c5bd025083ea87486311541d65ddcb1ff8cc3c271eb20,user
k6_bidder_210_1,pts_1d8668657891ae84e7913129fe088a988a05715340619eea1d6dc36bfa466989,user
k6_bidder_210_2,pts_c31140c23564ff105df5e892e13c930b5fa38d69074d9bf8f011b28abf43a48d,user
k6_bidder_210_3,pts_1a7972e0bb733f043bc2cbe4e1a50f8ba14aa859baea70cd77d20388daec04a9,user
k6_bidder_210_4,pts_6fe27ef8ead368d7d5885f5f15e46dbc726c9cd5bd953d0ddf055edba4702990,user
k6_bidder_210_5,pts_268c8871bb3bb80ad8baae7f02af729e00b846cde5ba2b76c6593e4f2fc6d32b,user
k6_bidder_210_6,pts_ae70df943fecf752cb80fe92845a30371169ac05b29627b2c03101a30e91fafd,user
k6_bidder_211_0,pts_816e032eeeda534c3e6e768e86a40a4aac7c724de185e7bc135dd60f74e71992,user
k6_bidder_211_1,pts_63f56d1fe2d3fa5b31c965f032b3df6747098c77f67ed019314c2b4c6340343e,user
k6_bidder_211_2,pts_141d0db8e7e14a0b2dd67884dc63e8a81002204df8ac1eb239c63ba7d733710e,user
k6_bidder_211_3,pts_e88bf94997d5862b59470694aa026aee23d311cf306941f397d3efd6872fd40b,user
k6_bidder_211_4,pts_053e43734ef97a7b12cb54d4978fbebf348bab3a5282fc9be2e6190f99319bc8,user
k6_bidder_211_5,pts_225b81f93e544b700a67c88f9d6ff488ae1d1bd3bda2ade1f48ce8fcd8c0a612,user
k6_bidder_211_6,pts_c9ad74f542835d576de3ae34ba38048466d57c7375e7fcdc414c2ee21ed38f5c,user
k6_bidder_212_0,pts_89b609d39f5a2eec777da857e7d22df06184425787f8a2a42fbdfb3047aac5e6,user
k6_bidder_212_1,pts_44c8b263b7a3d395b412090c3069382a2ea172ced2d26673559d34089e778182,user
k6_bidder_212_2,pts_fa2b9f2b1afd3c723762c81bb98018c24e41a34c3ec1bd21ca85df9416f656f4,user
k6_bidder_212_3,pts_6d44b74624a28a782de2915e2c41075d74f3c3a4e4a5c860a68d464ff8c19fdd,user
k6_bidder_212_4,pts_5db060e74505f0ec63890e78e7e3cad28cbc45e0e5335b8ee3bbc9c4014db58d,user
k6_bidder_212_5,pts_734b59537657387fbb198d39393a610f4ebf0a93ac7da15b37f65ae021dbd794,user
k6_bidder_212_6,pts_095d3701cf3545524d3949fe8a22dfdc467c620b5faba1696e1ff7974d5c4068,user
k6_bidder_213_0,pts_9feeea41b95f89233282b9312423a8b56f97bbb894eae5dc3d82a61311377a60,user
k6_bidder_213_1,pts_9ffdfe1d92580e4c88f63c5c420e8f80cd2875cc173fcd12eb812c4f5e8df578,user
k6_bidder_213_2,pts_961effe183e286a3b5f0a1cb3331ad23bdb0abab2329a849b0565ac532d477c6,user
k6_bidder_213_3,pts_8f36a955f700081acd9a84530e6556ac5e8942d1f3d2019871ad21ddfab135d1,user
k6_bidder_213_4,pts_0781ef83ac0d0a3dabccaf0ed4a7bbb675e016e520b5750489ffd7386b155b5e,user
k6_bidder_213_5,pts_debb7abd23c5a1bc40a3be38bd2d9f08d43f40b17a368ef7ce7d449ad9561bbe,user
k6_bidder_213_6,pts_6fcbd87b79ba626a0c4fb90ee9df9d72d9e2ee8996bb620ce5ad971fa5616405,user
k6_bidder_214_0,pts_d580829fe6240f73cd989cc14a33f0e7bb3301f236e39177b5722181e3e4cd93,user
k6_bidder_214_1,pts_04829c621b6817904086aaa4f614a4e15ddce74cd9e88780c9dadc5bbcc0c7b1,user
k6_bidder_214_2,pts_83034d25d029bd2e93e8d756287d906e67ea46e2b1890f1d13a04e9f51d806bc,user
k6_bidder_214_3,pts_5803ad235b1989c4b13dd442320e5a1f35e8b060f0c7330f339fa3075c9b915a,user
k6_bidder_214_4,pts_33bd2b31d55362d75f7bbd4303c8dee0deeb405c45dda90add9c07a6cadd0771,user
k6_bidder_214_5,pts_8f1457a7140ba3499f3d4f922e27e05666a0235aeee1a5ec8137c6bd6532e65f,user
k6_bidder_214_6,pts_9b15de9d6694fa0abf46afd1da965531fa179e9adb802fa73ea9c901e5df59af,user
k6_bidder_215_0,pts_1a254f8716e2857d0b8b6a1e044f8116a4e376b95a64067df4ff236c0f17f030,user
k6_bidder_215_1,pts_b2484dea74d06d07371f47ca2007311d249f6f463334c80ab6d98be5b995bc8e,user
k6_bidder_215_2,pts_c3f3659d15620eb85ed0aa0281cd8edda43b69c89e4c2426db3a226272882461,user
k6_bidder_215_3,pts_aa414d9ad9445a3eb6c75e345379f270a2a22e841da84f05912e094a9638e019,user
k6_bidder_215_4,pts_40d3917b70444a8dd0673fa5c04a4bc76c77155b12ee46044cf6cf34b829fc99,user
k6_bidder_215_5,pts_8a9e2a2a7637e61b9f4a5b862cb69d7129732895d2a3ad5b88c31ddb7e74fb8a,user
k6_bidder_215_6,pts_ed34c181e166caa4e8b776850d81878175d5666157c2826a628e01c70794139a,user
k6_bidder_216_0,pts_0c4704b717551bdf83b66f4df2fa910b0d7be9b08ecc7e39d46fb34df8a09f07,user
k6_bidder_216_1,pts_135054a2531e45b5fc4e3fd08136fb01791fe2aed53dca71ceef1379116b143b,user
k6_bidder_216_2,pts_ed7cceef7c459c669ce930e79276ff8eed3f0fdddecc2744978fc1b6eccc9d4e,user
k6_bidder_216_3,pts_3019a7f48b727e5548efb37db489eaff0dbf25952b8dbbf44d3a37440332341b,user
k6_bidder_216_4,pts_949d08411b7f81be1945b209e5318ac8530c25564c2b2a14b115e7590908461b,user
k6_bidder_216_5,pts_0024992a7b626ffddb87a608da2458d9e146a9fefdaae54b45f5cb93b6d89ab2,user
k6_bidder_216_6,pts_c671464464dc4d40c5d2de872e79de6fd2b6f082538ff3b9a7d06250ecb087f4,user
k6_bidder_217_0,pts_b389b498f6ba879b5d711cca1fb3fb380463d6a6081bcfc22a4fb7775c871fa4,user
k6_bidder_217_1,pts_5d31154f2874317ef455369c9d393853ad382f48bb2f3d9370ad409ff262491b,user
k6_bidder_217_2,pts_db6ef4d67f86e3146d3826e4e9faf34cf38e7f397d176060af6e70f570c8e359,user
k6_bidder_217_3,pts_909ae36fa0a17cebe5524f39cc995aed412aae297a7729373406a0fd3cba8ce1,user
k6_bidder_217_4,pts_ca8d8e604c4fcb0d438b5db7a77cc6915c748f2e86053fd1017ae270ee72baf0,user
k6_bidder_217_5,pts_4c18c8e959c2d83a37d4338d52c4bc79de7e14452ec96385af6e434ad1091ec3,user
k6_bidder_217_6,pts_57a129bc1b4a086111e2e85fa0527586bcc65d6de867d2c11210b0da4e35f2aa,user
k6_bidder_218_0,pts_6bffefd686c144cd14f9bb8fc4747190b9ad2b56dada46367a332b9059ced763,user
k6_bidder_218_1,pts_a990b838e30fec09e34c017312dec26aea886b94c7e94ece70ec7552fb03a015,user
k6_bidder_218_2,pts_4efbda2b6b213ac8405f0a1ecf55768edbde8207be9e3d31901bd75db3e0d489,user
k6_bidder_218_3,pts_55876ab5fda34446176a3b00508967f4d8682e460fe912eaac1acf408db99dd4,user
k6_bidder_218_4,pts_b122884bfd57b9c28c395166724e65d310ca934b62c063546225e8c00e5e4218,user
k6_bidder_218_5,pts_0353eaa4fd7d8e14eb1a941cc9bc6802b10c1f67e60b325cd43cb25cee0c718a,user
k6_bidder_218_6,pts_6141adc6a2871b74550da6bd9c605db8bf34d1dafbbb0c93f3bba266bfebac04,user
k6_bidder_219_0,pts_437777976758ec5308686af2207e5ac8003f16f2d6106bec6733bd06b87714ba,user
k6_bidder_219_1,pts_5e2596d5e969f8f8c4e962c747a7e4d778f1edc47c4a612f60e87555d1799407,user
k6_bidder_219_2,pts_2520663e9b2f3561671169c81380873e8ac1b7bb8c9a8777e4ef1f34c93e8f24,user
k6_bidder_219_3,pts_9d25109032c03ab21b8b0c23430915e509de6e19b249accbdba10cb7cf20ddba,user
k6_bidder_219_4,pts_bea0e86371d877168d653dd97ed2680425d8a73ad477a1f8be089ea2001251d8,user
k6_bidder_219_5,pts_2e8ae137c135ce2580d967dc7456ef3f5bba81d5fedd64b86232eb3e5391586e,user
k6_bidder_219_6,pts_faae0f58dd432414ecd51be4dc351fc1aa3a6ccbc7017709cc68ed0ddd4f8eaa,user
k6_bidder_21_0,pts_ad365353e119a2378015a1927e4af9fabfc735a89a4418a93dd40791fe90f676,user
k6_bidder_21_1,pts_ce6f571c1fa60b89d0fef6ec25a4435d6130c842f1156b90d8cd8955a5e1baf3,user
k6_bidder_21_2,pts_9b33fcb2390e92c108bb39be0406c9907e6fd0a09dde08e3f797259deb36be4f,user
k6_bidder_21_3,pts_b1b686741e19cc859f83e43551d3a7dd3d053a47867770c08b7c01e48e8041ac,user
k6_bidder_21_4,pts_31b0cdb7a15980114f34f764e9be60ca3f6fa00fe7a15f6726ef4e37d9112891,user
k6_bidder_21_5,pts_5dd01f24cefb4248f67cbc1be95a4ae2f7f92b568ff9b621913843c975d33f05,user
k6_bidder_21_6,pts_b6cf99a14d8893d2e3bf941222485a29c76abcacfe28f17bda7b830ed6533819,user
k6_bidder_220_0,pts_ed8bff37ea4d3b7a992bb3912a3dac1f45501efce7428e748d1438e6da4dc23e,user
k6_bidder_220_1,pts_5fe700d7888b99dadc4660bee15cd97ea126372b640473d674db973765367a9c,user
k6_bidder_220_2,pts_d6566fb973d5cca6b43b74845e53cd7984d7f2fd5a1fb342ba4d834c05dcbb0e,user
k6_bidder_220_3,pts_80147945d79dfd9f0e2b1cb3dd03b45439a5e556328bf82ca658e08b6f629461,user
k6_bidder_220_4,pts_b21f0648b0cd84ac3c39cd971bda978c97948387bf727fd4fe940b817fa6b5fc,user
k6_bidder_220_5,pts_efa4f1aaf9cba64f40a5fefc9f273ef42d5ec473434d11f28283b437729e6399,user
k6_bidder_220_6,pts_f19603283f1fcb9b59d19236247142be7ef9217a01136cd47e4c4af8ede73acc,user
k6_bidder_221_0,pts_0b975477ccaf1b6d42a0b52af46fe45d395f2bb5addd8049b513646c187fa0f9,user
k6_bidder_221_1,pts_fd3a6b360f78bdb52b6457194cd8b55553222c218bbfeb4cefc9e70d8aebf32d,user
k6_bidder_221_2,pts_d7504b8931967a206ca254024433c170a883ff064b9b927024d26a1048a07ed3,user
k6_bidder_221_3,pts_86558d9fe7225ab8336b49710894a22c86ae14f9b41cf59b04b861520800d792,user
k6_bidder_221_4,pts_8836b6be8d96e78ad74716d0730123894e47c322613c1609c6d88c725dd6f84a,user
k6_bidder_221_5,pts_be4fa6c6ce5e21c85dcb535bcbe4abd818e3eabca56ae8ab46078b621896cb82,user
k6_bidder_221_6,pts_a7c60d36b2b24831da4fe86885e6e2bddc34e63ed54d58753591581a29a1f196,user
k6_bidder_222_0,pts_97a55a7f772e48759822e347e08d2fb0c47864b430e187d21eac32af492efdfb,user
k6_bidder_222_1,pts_0dbbe611e87066b4894216af1becb71ac5866a83b0f97a5647a4f58beffdda85,user
k6_bidder_222_2,pts_c35c49cce41b7f1d0d81267ea810f3b6c9f4123d050000a14257caa6dde94d77,user
k6_bidder_222_3,pts_99ae15bf41d47ae4494a04e928f7181ea8ef7ba987a511f27cba5d3d32687f5f,user
k6_bidder_222_4,pts_0c95d32b977455d7123a65d78bad191d624d3afaa5282075ab1b57b4ef3b9522,user
k6_bidder_222_5,pts_b9a59687ca144ace4ecb468c8d068d385a01286879203fe399204208002794c3,user
k6_bidder_222_6,pts_63b51fb2ab3abda19b571e36c7ebf4bc1bf9e90415ec64c9e5356be5b0a3a118,user
k6_bidder_223_0,pts_879288583b772d1daac9bd0663a90a91288b6e7c41ea8fc3eae9fb3683119942,user
k6_bidder_223_1,pts_2f7f1f6f53553094a590e8ccd855ab433961cbd4d2f2622488259737e49341cd,user
k6_bidder_223_2,pts_fb1e4c1fe86ffe43beb8d46945b105c41084aee96d0384e5afb943f6486b3e21,user
k6_bidder_223_3,pts_b9b92a6adaa1d9d0644da1ce57991504520da3ed395ce0cf42cd5dc022d17931,user
k6_bidder_223_4,pts_de1e35cd3f4eafe31ba7fe9a6c8d9c365547035d21bd02048297f968451f7e4b,user
k6_bidder_223_5,pts_1b2ef52e593474bb20a46b6323bcbc004e967cec7b06fcc9df9f87bde2c5e255,user
k6_bidder_223_6,pts_1d4ee6986aca49d5328c0c9e59161e32a6d54f18c5e5f073b13e0f0ffc29f100,user
k6_bidder_224_0,pts_1556820737bcee8b489c4316500ff90d2801b83574a526d18e10e6e618ff5a4e,user
k6_bidder_224_1,pts_c6060dbf1a64bba0b50589b3f032529f179c08e046ab31d1506a9f7ed06c7a2b,user
k6_bidder_224_2,pts_18741755155465bbec7b3d2ac6a92c2e4d70cc2eab2c7c0298bea3154995efcf,user
k6_bidder_224_3,pts_65f120085f539da36d12992e2eb98de21ef2f9ffe13f7d81f8533ef9932dff99,user
k6_bidder_224_4,pts_bfe8031a2ea3bd8b2e8720117039001ceb9620ca686a979e9ff6efb8dcfde09c,user
k6_bidder_224_5,pts_90de704c0a6a5e46df234dda39e1d1f2ebebc4a05044e469d448d1f2610c2759,user
k6_bidder_224_6,pts_3ac88b1c45bc569e0186931e4003842f761fae258df3db90593e5e9f25cecfc9,user
k6_bidder_225_0,pts_c0d5126312a8debe297648f729977566596943aa80f0d8254b5580a72318fb37,user
k6_bidder_225_1,pts_ddd42c50bd635484066fed9f0603932d2594a3c14e058991b360b3df5fdb4ae1,user
k6_bidder_225_2,pts_2c2a1ab5f8727bd6f1351ca05f188fcc97f633f3a89f295db3dae8d1c1bd9020,user
k6_bidder_225_3,pts_a05a7e0350d92a730347c093486a145cf69a9f4319ac17165b8b9938e55d346d,user
k6_bidder_225_4,pts_5e8d91f7106bac416c3178e5599e9ab3ce1f5894f67e835c2b39fb4f3ab0f0ec,user
k6_bidder_225_5,pts_9d3229f9afd2948ad0f05788ff3703bbdab96794f3abbcb024b7bf9ebd5b867c,user
k6_bidder_225_6,pts_c226de6a850c2e1e80d2780f3ee7a9da5b6a5afb214f759cef3a644c5a690b35,user
k6_bidder_226_0,pts_40f91d1f47fc79a1c971a1ec46fd423b53afc0d0189e8546af433af61eb09179,user
k6_bidder_226_1,pts_74bd4b1216ab546f974810f898d2f7e6ca51f69e6e16b34c2d952e06b94f7418,user
k6_bidder_226_2,pts_ab7816843de96b7a03294e7403edfd2ec5033531c45ebfc32ff15bef1e112568,user
k6_bidder_226_3,pts_1886a2e87d1dc57e5b2359f57405274b8746f3eca080873bca9e08d3989b4ff5,user
k6_bidder_226_4,pts_a9893a3d747ab08a512e6207fc095ace4fb08297f95496b1f8048f3f7cd286dd,user
k6_bidder_226_5,pts_e7cab074d5777bb42156886841ba46e00a740411dc794e686844bbb355469e0b,user
k6_bidder_226_6,pts_887a38485ef03a45e2394bd2f88d6a0a3aead4cdcf1ac0578b40cf2be56d8edd,user
k6_bidder_227_0,pts_1b1f61793ba1ce6619e59010feab65e8beff57f317d6f83c609d069bb21afb6a,user
k6_bidder_227_1,pts_57a13982ed7a7292e23765d945ba5e36f327ee950ba335e991d72711554f992d,user
k6_bidder_227_2,pts_37fb04ab78504acd48033432f3449edf4ff25c98ead2eb7779ef5d9188071f43,user
k6_bidder_227_3,pts_2fa25885ace315e467fc4ef2b755f8c28dd2ff8501a2f30db6e37bda1d074d11,user
k6_bidder_227_4,pts_c51fedc43a51d5f5e609c5407605256904592023981494c9ebd0301349de8e78,user
k6_bidder_227_5,pts_26db746b6cce3d3c1b1cecc7b87dfa1a1c676127b44e7ae3bdbf03bf2b8eddb9,user
k6_bidder_227_6,pts_c2ed6eec733ae641b3a9f3b581edc13c2c506d2a8a9614deca26d0604141a30b,user
k6_bidder_228_0,pts_22feb156f188a45a511b93ef23808ed12baab923145b3a916422f45de20bf85e,user
k6_bidder_228_1,pts_e6b4d733554f752d88a71ec70e36928617e7a79d6bef28d5451b104562cc1f81,user
k6_bidder_228_2,pts_8488fab022a1788f31377df35865827ee9261574fce422465d3df84860945e67,user
k6_bidder_228_3,pts_4b07d6ccffc92cd1910ba24c9d7165b12ae7f6720e970d42129be3e11ad75ce2,user
k6_bidder_228_4,pts_939463a5d98f3a8068e6ac204648a549021aa6be731477511cd5369626ad9dd4,user
k6_bidder_228_5,pts_29468919c6a2a96ead066793506a691c47bda34ce0b4ff0fc55d6243b3e86032,user
k6_bidder_228_6,pts_c522d87ff56ea4c22217bba0da185f07abe970b334d5a9fe7ada467fe8a1dd95,user
k6_bidder_229_0,pts_bfbac2acf57fef7ec2093aeabfeed2c7059168e10036cdb0f6366c620ff3c9ed,user
k6_bidder_229_1,pts_b39c4143d333576243362fa11eb4d7942593d8e51922faa71076bebcfe39352f,user
k6_bidder_229_2,pts_fd162c0ab4f6a074e55bd6f23f7198f41276a373d4a7a361c4be98f32825650d,user
k6_bidder_229_3,pts_6114cadb84f5cb0b1b7a067fa821b6a4cb939c6c92c03d0e899e174aa952160b,user
k6_bidder_229_4,pts_9672a9a33149d1068412bd9c96d62842968adedcb74d7380f4eb37e4b7015cd9,user
k6_bidder_229_5,pts_3838015adfa3f0077101ed993e77054bf2c24d4020d9896e6e5cec988164dd22,user
k6_bidder_229_6,pts_5a969febd4bee48e06977607b513cd0d35da893181fb3966043d1f69b1e335f1,user
k6_bidder_22_0,pts_1f3afbc0502462edb37dfdd43333378a9c6160d19f977556833f43f2f3d65174,user
k6_bidder_22_1,pts_ef2c79bcc37ac1e5dfd295091224c4713430dc955da7ce5154a4d3cd8e57cebc,user
k6_bidder_22_2,pts_b4a28e8ae455272ae4cb719644c5253002a79ffc551ed524ede3193a0f914c4f,user
k6_bidder_22_3,pts_a1426deab2ae42ec132bd41580473729c52d82765a3e927f9713712307bca7ff,user
k6_bidder_22_4,pts_194c0b1c663dd6ff918342baec2203b1e0b302b0b31c960da831ca78e8efed5b,user
k6_bidder_22_5,pts_f866f0ab7fbc4df12918f52ba7f93aca5096758fab92c55555724c9de90b28fa,user
k6_bidder_22_6,pts_092e883105f4c87ae706792e640385a3bda09e4b89d6d8fbee4dfeac7f1bf36a,user
k6_bidder_230_0,pts_0e17fedaf0b50ddbc5dd26f199cbae9eb477dfab837b75d9f3a306e77af1617e,user
k6_bidder_230_1,pts_c8c3354dc5a358a0fca8faca378d62eabd1fe13027d627b3fdc6962399a3fa36,user
k6_bidder_230_2,pts_0c68d06b61e860ba4c9783bd7ff6d4c4a321935eef89d3e8a7d98554fb86b9ae,user
k6_bidder_230_3,pts_4bab5c7733fd3d18b5c66d10a4a5a5f26453c6b1b4b8f56993f3b61e26bc0b2c,user
k6_bidder_230_4,pts_1b6aebd6df319dd846912a5834b657d61ecb8e293c18b9632d4c4c19cc884c28,user
k6_bidder_230_5,pts_225d86e2fe8563ef4ec123843dd3e284b9a9e34b2a5ae2dc8edd498c75c489f0,user
k6_bidder_230_6,pts_896645f5515138fef7cc3b4b67105dafeac70413aede33c83b2316da57e889d5,user
k6_bidder_231_0,pts_d25b7b2cc5cd7937ba5c4bff41e394f5eaf005f5f48d53388538c7de965089c6,user
k6_bidder_231_1,pts_2cdd562075247e7724358ef540068b6e4b08b27d853189782d8c132d0d02491f,user
k6_bidder_231_2,pts_8978ac081e21a8ff21dbba026003c44bef6bd8194118580c327355ec6e6bd142,user
k6_bidder_231_3,pts_47880c152a2ec57e22124c26806936651192cd136d166566d5fe1199a1c1a018,user
k6_bidder_231_4,pts_1ee0675e6f73b375ebb22ce1284bd244a6effd77d03efd0b239c4d9266b3a591,user
k6_bidder_231_5,pts_b12a1cd0a52fb33dbdf1212c3c8d1062b863ed49d072f14af8bebf706ba3cde2,user
k6_bidder_231_6,pts_fdea9d9ab7a3416aee22f6b01092877d82dffceedb1101c745dc805be6337dd6,user
k6_bidder_232_0,pts_41064cfb9495a87057ae2ce54b332bfcaec0a2bbebccbe8d99b7b6ec334ea1ef,user
k6_bidder_232_1,pts_8063807f954f848c017137f9a29a005e300fd8ba39c047b6ddb437416d2adc62,user
k6_bidder_232_2,pts_508a9804cb390f7899635478b7ecae5f03685896499263c5052066338068fce6,user
k6_bidder_232_3,pts_f6a6a379d56f572cc87198365d017caa86307aa9304f3eea158676223d7f3e4e,user
k6_bidder_232_4,pts_6de922f2e103c42c5628734f4f029e6259f59a31f2b18b2f98a2dbe240cde6b5,user
k6_bidder_232_5,pts_f5b876b8451c5f84d18ce59fa5ee04c52561423d79dd27f446bacd6ca11f484e,user
k6_bidder_232_6,pts_9e58310f33ec1925247374943a054d362c6d5dcb2de9478fb7183c7eb2517314,user
k6_bidder_233_0,pts_16089ae7c4554b384e460f2363525e415545375a8042d467aa63523c19efcf53,user
k6_bidder_233_1,pts_300381184c6d740e92bc361bb72e6662b91ee221daca4410f4825b87da62c313,user
k6_bidder_233_2,pts_8d0de357d3b787cbde6685d34a92d29a11df8b6b3380fb644dc73b729f537c6c,user
k6_bidder_233_3,pts_4fa6d09c36de58ca9ac172cfb5ab77ad914541691f9e3ede4f3a2ad9f9783a4a,user
k6_bidder_233_4,pts_24579083b71d9e5b3a6347823e007e9e7dccc6301d1be23aa95ce4dcfbb41946,user
k6_bidder_233_5,pts_0b075a27a440db81aee1fac4c847d1f58b31e81e298a97dfa42aaaeece4fcfc0,user
k6_bidder_233_6,pts_19a22f3e75639a7ec5633178759ad5719c6fefd810ac87c2fd4664f50cad33b6,user
k6_bidder_234_0,pts_b97dd7251d6aec5736ff788a09659af98e9440716f715a3be5c8bc96fb6a4eb3,user
k6_bidder_234_1,pts_b037aec3333502fdee32aaaf723cb79ebd52165d38a3e19dfb192e5e1d29c8a0,user
k6_bidder_234_2,pts_5161622c61b24a16158f11eee82d908346eb1cf8663853120fc7b28e16782f12,user
k6_bidder_234_3,pts_fc0d70509c6e3c1b831cf88acc08b32daefcf5baf84bf0795ae73b9caedc9c0a,user
k6_bidder_234_4,pts_f4595c662eb4322546db785a5a2e2f86caef695e930a9376735fd330c73950dd,user
k6_bidder_234_5,pts_5ef76be6dd2ad7794fa82c07be6eb2e301454e8921b9bfb576952818a1fb425e,user
k6_bidder_234_6,pts_78eaf2a5da61b4bb8f4431e1f67aac87c7fc35b94196a9b04ad8306b48787ce5,user
k6_bidder_235_0,pts_5dbbae4e8e66989674011855d48da876e1abd816b6b1170435a8eb51c8d14dcb,user
k6_bidder_235_1,pts_fc50a172ce1a775c81b6b4e0bf38ee365cd69abf97754bac06db82668100c4ba,user
k6_bidder_235_2,pts_ece22aa6a80c92b97d011a04266a73427940513dbd44f7dc594f636cba5a0a9d,user
k6_bidder_235_3,pts_b554705db0402e4af8ff5b63d4a26d331417b2f26d3e78c0623ba263f770966f,user
k6_bidder_235_4,pts_2729e27ded18564cb009ba8c0ffd2a443f7fcaa7c24504e92dafbf6e960f1785,user
k6_bidder_235_5,pts_664dcc906b933247332d017270d868f4213e9e15836d839e48cf1af747ea769d,user
k6_bidder_235_6,pts_13df22c67d0a81513a1c0349e0df36a81c8e389249d1f81a68b1e40491dc88e0,user
k6_bidder_236_0,pts_c4cba3eb803a7eabd5b3f0ea7a9364706d4b3f550296c5241bb017a20d904dd0,user
k6_bidder_236_1,pts_0791fd22cf0ad7fe565ff3d66a414e1aa27c9c67682d28d5e77ee1a8102a8af5,user
k6_bidder_236_2,pts_d17ccc5e4246843224961862f26f17f674419ab7d069cfa0752e0a04bc57222e,user
k6_bidder_236_3,pts_6c51b6ac163fd9943872bdc74a746150cbbd45991e80cddd2daf722b31d14020,user
k6_bidder_236_4,pts_ebec8e22fc2485d6fd03ae63bbfd55f4d1ac766c5390e6ea0698d6807faef6c7,user
k6_bidder_236_5,pts_7c3b2ef9495fbcfdeebb27ba755797c909a08d7ae3aeb44fd83b1de045625695,user
k6_bidder_236_6,pts_35d299a59cf2fb4cb4447a706251a220ec7c90fc9ae1f8bcffc353a1d7a058ec,user
k6_bidder_237_0,pts_58af99eb8275c83f7d3839a1f68baac848ebe9303779807bcc8bb1fcec4df6d8,user
k6_bidder_237_1,pts_48a76aab1f5fe35ca5aa3880835ecc896e731000d6f9a21460255f6c7af8d722,user
k6_bidder_237_2,pts_e6b7ba014aa2a355ace637bbb61a01288c4f0a5bb7813bf0973887462c649bda,user
k6_bidder_237_3,pts_7dde82d655c88d11d03869267fd439bf03f677497f45fe4fbece7cf50a9437dc,user
k6_bidder_237_4,pts_9b37132a6e1d1d8d6f377ace0eba20f2a2ad4215fca236ceb2be27f14c2f62b1,user
k6_bidder_237_5,pts_3f4daa2fa6ee0e6cdd0a3f0b37adefe40e4ec1607d727f3be65873e3d1786058,user
k6_bidder_237_6,pts_422407e2f8bad469647e10bba9b7d0a5afd45494f02880c3b92984d8ac788c76,user
k6_bidder_238_0,pts_7057d201e7c95fc7bec868d04a2188acc10c2cfc38e1460cdf4ebe46174814cb,user
k6_bidder_238_1,pts_2703f1d23549daf699ccfbc9542b4ac1a5fa342df2fa00355930c94162939c9c,user
k6_bidder_238_2,pts_0cbb01fbd5375830e1218b17f87cbf65a74323b7c975b9717bcb7c27efb30482,user
k6_bidder_238_3,pts_82c18438cc1dc7e6919b5076ab6fff44adb665988f4d9487000a4f5fdfde7585,user
k6_bidder_238_4,pts_e6468b6c8f005d581368057972261f05683225d53e81bbfc201954c6d74f647e,user
k6_bidder_238_5,pts_c41762f1f5cac3f0ee7c8c92b838844266bf519dafed598eaa410b172e7c57a4,user
k6_bidder_238_6,pts_c8636f30a70bb24f775a3745acfe9285ce63c2849d4e2c382bedb98132f0ab8c,user
k6_bidder_239_0,pts_542eb62d1b7ed7aa6196df7251fb2a64fca0e30daf96a6e080fa67874cca94c5,user
k6_bidder_239_1,pts_74ca6fad3fbac5ec9db033e9e161c77044d262a20c5274fa60d26b134e82665e,user
k6_bidder_239_2,pts_5a1be404ce6036ece89ef89b4866065d842832a4181cd9bd0a7b0df2de91112b,user
k6_bidder_239_3,pts_74ca960a91785b4263165ffa8c45966ca912dc479b28409297a9dd383e8f30f1,user
k6_bidder_239_4,pts_268e20f6dd017bc7fc22355435076a5817f785b1ae166e78178f58a521af7d83,user
k6_bidder_239_5,pts_3ab46d8e6f2a081bda5116b23475b818f309cb54178b482ab72c0aab6ef9f76d,user
k6_bidder_239_6,pts_e8dff13b007f0938b971df06844793ba575f91fa5b5460dba46a1c8befee8239,user
k6_bidder_23_0,pts_db11a1b6c7ff605c9d30bc7c87e8840af0537147c12bbefb8c49c2a4c12501aa,user
k6_bidder_23_1,pts_ea8bc6df62374d0aab3d9820e3128d177231a01328fde753343d537659546203,user
k6_bidder_23_2,pts_8414f21648b448ee3aded376f235559e951b4e20146b32d2ff5f9d4a28bc80d0,user
k6_bidder_23_3,pts_fd93e4aa9724b7c90801baff1cfad64abab9d6015c4e84831837466e9f88736d,user
k6_bidder_23_4,pts_e1df51b31feea3d36eeafa71bfe9f9ed5e54767eb079092d95092265453600fc,user
k6_bidder_23_5,pts_98880a9d296f7631902783f1e7ab1c43ed86486ec370fcc822de05828ad01470,user
k6_bidder_23_6,pts_389a1dd36db88e8a842d14e47f71edba7a13e2dea95075757856f87457debfa7,user
k6_bidder_240_0,pts_33454ef659a1cf2faaa7ab13d1d582b63dba2a9e74f547612d19def4019c353b,user
k6_bidder_240_1,pts_1748bfbad9593db728414282f43dcb732a87b005df47092e700f10222d0326f7,user
k6_bidder_240_2,pts_804cb048b97eee750a4f8500aa55936f055dac2cb931c040cfbcea1b65e3626f,user
k6_bidder_240_3,pts_8703905965396e340c85ed74cc99db71c15627fc697827d26f25a4470da86d1d,user
k6_bidder_240_4,pts_4fdda36cc1fe538fc9936ad991006e4c1f18fc4fe1c16d6c4aa2e7860baaeaa7,user
k6_bidder_240_5,pts_b04e53f9bbcfeef8d25e733f224d54473df1c36576fbb2a11040f604ebcdd88d,user
k6_bidder_240_6,pts_ab30dd125ea9b093b40af36a8528273a8b57e5bd6d500a50a33489bff10ececc,user
k6_bidder_241_0,pts_69d398726dc17514296ad2bec954daa14a487254927fcc09a1484070f1501f62,user
k6_bidder_241_1,pts_d6f06e396160c6d5d5e5c3acd8f6c256ab6c7133d811723803acd84af1ee22b9,user
k6_bidder_241_2,pts_d67ef7337f0cf3927e761c42b420af3077cf28965f057e589d9cf34eae0d233c,user
k6_bidder_241_3,pts_8ec2b71ccf5f07b74c16ba51724c0872c8fbc92d1ffeee98594b8dfc98201b59,user
k6_bidder_241_4,pts_78a5fdbbd55b979b99dc408e6a9306f6807ed0f576719422b964bf647e875707,user
k6_bidder_241_5,pts_1febf2e3f1bda578e64fc6fd2b9c20bbf36bbaa93608e6e68340051f90076497,user
k6_bidder_241_6,pts_c8a4e5809cc292a5f071d7b454f84352290a724e3fed7448150813567d9b11cf,user
k6_bidder_242_0,pts_c02f4cd650bd28348427c2a400dbdc5440a9d81e34b3f2f249c11b48ce230051,user
k6_bidder_242_1,pts_4c328a511bf64d0de44045853d22d35a432dea65279fdbd2f19aa0d5bf112487,user
k6_bidder_242_2,pts_80c7a27df58f047eb44007333e634d09be0ffc6467f1d354670f5838fe2a084d,user
k6_bidder_242_3,pts_a7f02b28eb006e58cafc97a77162b4535f839af49fd0d54d0139fa194fb66244,user
k6_bidder_242_4,pts_5fac1eead0bf3088b5efd9491ca160c8fc0a9c136f62a60ff57f6693f275f05e,user
k6_bidder_242_5,pts_a4bd89ed99ca98582cdcb35f829a46e9aa2650ede293f48d9eaa0cb1b3adcd93,user
k6_bidder_242_6,pts_45c109eb1000f693f659f258c97ab4088dd0ada1d3ac4ffa458ce374b5ac408c,user
k6_bidder_243_0,pts_c25940187a42452c5502ba711dde06b5ecb9aebe282f10912a1c4c327bd6a20f,user
k6_bidder_243_1,pts_7e386bf63321d829d31b82ba775e777b6624e5db267da769d0b9890300d49d20,user
k6_bidder_243_2,pts_6bca610f639a7f0062e98c4c6780109fae46bed2ec368cd693020fcc67f802d6,user
k6_bidder_243_3,pts_e406bc3c637a71065b420c2a2693ff986cc88b39e13aaad34f615faa78bd2fc3,user
k6_bidder_243_4,pts_857c431fdc129df9bcc4f4f4cffb178aa0a74276f179113cc5bcac4322fb230f,user
k6_bidder_243_5,pts_3b6ee3665e8adee9725f1f77f441ee6e0df660a4c24b75505b730d5416a284f9,user
k6_bidder_243_6,pts_7fb8933d642950b23e8adb14610f0f10bf4363f640d9eb5f4f44a0bf43fc8f87,user
k6_bidder_244_0,pts_733c6c76ad72da7707b47ad7f61a2416086adb2b9d69027750bd0bddb350676d,user
k6_bidder_244_1,pts_eba00daacf6e27aed0ace6569497540de4cd06ce4834e26d65d6714e36c10209,user
k6_bidder_244_2,pts_4f39372d052414da26697348869f8927b01d2d890d7749baef4387e0aeb61bd7,user
k6_bidder_244_3,pts_219ebe84b09d60b9f28378ec957a4bead67ad58d595374cc76f542e5a8d885f4,user
k6_bidder_244_4,pts_c5c9b18af6c13f20c9ca27c97df9d6e6b3d3e2246ba6be6825712d81a8ed4e66,user
k6_bidder_244_5,pts_9ee0e79fee7ecb6f63f407748909874099826ee0a6781d121f167b9d7e78eb3f,user
k6_bidder_244_6,pts_816c574db741493c1ebf295c3ebdffac42adc3004be9ac3b36ca4cf689611ef5,user
k6_bidder_245_0,pts_f2453cab0c114ebc53b4930c89747533f9c9556418cbcd3a0f14fe6ef5d5d781,user
k6_bidder_245_1,pts_9cab67d55c3d72f8543c1dc0bfee12b4b197c6ee5121d870ccab0f4cedbfe795,user
k6_bidder_245_2,pts_d99f0fd0d9fb9e72e39b3985fe74e64fabbe5747daa73057f41bdb6324b5e383,user
k6_bidder_245_3,pts_d0d9c0c6fa4daee7575ec2ae9e1eeeb2b54a1cba4da57d4096400e02c4fa2e8f,user
k6_bidder_245_4,pts_d1eaa1d42690ffb1465bb592ebb834960d7ee3b94c26fec534db409d6fc0e756,user
k6_bidder_245_5,pts_b9251efac1c5dfd5a2f3cd8d64759491e915f418b3db1a83ae75e19537c5b1ea,user
k6_bidder_245_6,pts_f3fe4bd09e7d66ba0e7bf533a9065c219f83f9549eeb6e124221864d42035ff7,user
k6_bidder_246_0,pts_9c4bfb24cd5ba0b405bc3236e83f88dcc0941acdd0ba03b3e5ba989872928503,user
k6_bidder_246_1,pts_d850b83f6848f54dff662f234adeb8b93aadac1314a8c79e65f43623aaefdf7f,user
k6_bidder_246_2,pts_34d71864337f01275116ebc96b7656c2904ba33a096265dbcf69ae377708a73b,user
k6_bidder_246_3,pts_6be97e2f41491f70e02059fad55c766da6e3cd4b37cba6b92efa101b6c6646f9,user
k6_bidder_246_4,pts_41cd9496f6b1b3947fa88d09d11cfb60c361a085f5245faf55bc7519c55bbae5,user
k6_bidder_246_5,pts_298b4aa1c7ebfbe98094303452c3fe88f346ad0370632482b31e6d1fe5dbba1d,user
k6_bidder_246_6,pts_c6360cdc648101868c466bfba3566d187737c622f1902af71b09dfb2df153756,user
k6_bidder_247_0,pts_91913abdb4226f54d9e9c405ee69d2744839fe5ba98b63029d6c79504384ebc6,user
k6_bidder_247_1,pts_94af31b08bc6f61a3b8846a6675c9c157cf8d02777cbf1848a7481325567a65b,user
k6_bidder_247_2,pts_70dcb1b5a44744549ada94d0bb4401e574aa0c96d8c6277334c6eda942965cad,user
k6_bidder_247_3,pts_b5becbdc967b0bcc688c9915ffdec984e04d5eb8e05bb0d399c8465d303275db,user
k6_bidder_247_4,pts_03b6090a8922c255276e89a71dd1689b4b0424de79d8eecbec3209d29ab90f72,user
k6_bidder_247_5,pts_67f4d4283b616d17ee7fa30774c354494c42d88de3da0b7571c85eb30a08514e,user
k6_bidder_247_6,pts_3e280be8d6faa2e267a21a3c01e263ebc9cbe19d6021b259ab6b567683138847,user
k6_bidder_248_0,pts_75b92264b04403b3050f050aa480a1fd828327ccd71680733c90cee009bb4740,user
k6_bidder_248_1,pts_60195cdbcc4c3d609a9ccff1cb80be7c086a9f38c7e5037375fe3c9e7c21f6cd,user
k6_bidder_248_2,pts_93027c6e4df5196cbe63754656850576d8649976dcd5cdeb206a740eefa51ae5,user
k6_bidder_248_3,pts_2a37ee9f00a6ef382bc7b291e60b186cd553caf211c564f2baee6355ef022c37,user
k6_bidder_248_4,pts_fdcea57cf806d56425261e4d728a193361904db4c7b34ee903448034ae089281,user
k6_bidder_248_5,pts_7ca98bc784633525b43f5a055fbd02a5e52fdb9e77505c2fd821bfd54bf526d6,user
k6_bidder_248_6,pts_d254a7da9ee1946c0fe278741ce1263acef2b52c5e3984814044b382a729b955,user
k6_bidder_249_0,pts_a3c3db48b1db5d8f874fc6213ddfa039e650bcf980be6f328e60715e9466c074,user
k6_bidder_249_1,pts_2e538dd5957f10051350829435f7277f60b7002a88328cf5eebacde223e149dd,user
k6_bidder_249_2,pts_ecd0797ecd026f94342be31cb454fdc0824166a6738a14d843760172980e4f9e,user
k6_bidder_249_3,pts_996cf9a06f6ecfb3c243477206969ccc7f6e88b8ea101653defdd7a42d9c7ebb,user
k6_bidder_249_4,pts_3a23c8b596a6c696f23158e929fbe5ad465578e4a488a1f522f53eb3db165ebc,user
k6_bidder_249_5,pts_2734f118179408bbbcbfd86a16ea280424c38936a368b18634e7746c68a9a3c9,user
k6_bidder_249_6,pts_3297ae405b74a8c71e8aedd12947b784369caf09e2195c0b764ad0e515117840,user
k6_bidder_24_0,pts_09e45f9bb12e6040ea1fb307a89d4e11d4e08f29c94cd366e4ab4810474dc671,user
k6_bidder_24_1,pts_a1ee51cc3e64fd5d0a5a788dc9cc5b841232aea77eb873168049c3a268ee74a6,user
k6_bidder_24_2,pts_8f085bc0d4aa57f9d5b2b8631e8d369add0c298fd82ea575e45d0bcd5f8bc5fb,user
k6_bidder_24_3,pts_d1301d278f43b25b0874ef36c35f4cec7774f9a724daea59f518c996f06537de,user
k6_bidder_24_4,pts_2ca9988e958d9eb32190f63bb96d265d872d7ae5120b8d11c3d8284a43e5bb0e,user
k6_bidder_24_5,pts_f47dfe8ec95aaedb0ad350f01091d0d866084bc885d0c1e69e5ac5f991db880c,user
k6_bidder_24_6,pts_497b20b08863acd36b42b03a6b599dfb1f246c3a08ec443f207affd9728764ef,user
k6_bidder_250_0,pts_be25223990465ee0091386b5367cad2047c4160c9e80fb31f315f7a3008ca6bb,user
k6_bidder_250_1,pts_3ca4c48691053b8b21692de0e6a1769161c5027037ee1dfb73475d465165f2d9,user
k6_bidder_250_2,pts_2a86eaaa9f60ea2d1c588d4569da4dcaf3a27c703ee5ab00ed43265d86597108,user
k6_bidder_250_3,pts_1362a686519abb1227d072416ecd3a4c8e31e62aae2f536b49fe5f80a7e3f6c0,user
k6_bidder_250_4,pts_545ead38cc811e6501b370b5b2e3cdcfc65aee32f448a5903ee00c4bb441c001,user
k6_bidder_250_5,pts_fac7f8854822bb24a041449ef41ec0dc96bf5f0ce179f5347b2b56829901f5f1,user
k6_bidder_250_6,pts_6e92e50f6aa291eb1f50362ba34f2a1c06c75586c7dd64d1f80df59210af966d,user
k6_bidder_251_0,pts_321c0d26c8f629ec11e918cce2d79b34cd0104784e43e466a0637b4e04810309,user
k6_bidder_251_1,pts_00fad74cb43aae204853294ae7e9f61200973a1234ce82af6bc07034820ab00b,user
k6_bidder_251_2,pts_0f3db02d30b2bf11018e3ae4a55e348f409b79f24c3648bd59e26a1e6d682a3d,user
k6_bidder_251_3,pts_bb0ef1cea509d621878c0dc10c62798b5dc7f003bb59cf6208d957c0d517a53f,user
k6_bidder_251_4,pts_841e9449e8a05ddc7df1627d4ac292da9ff22fe7f603f3bacd8a770b21058078,user
k6_bidder_251_5,pts_da8db8ad1525bd4a16b180459cff90a0650b8085265bced8f07c02621e1a607f,user
k6_bidder_251_6,pts_40f483ec790ab182df1c277095db42cd73720a2e70d0aeeaca276cda4b8aad04,user
k6_bidder_252_0,pts_7c004c4a09819a5b6b613d76ef13b0747f1ae1ae0507316faff6b83b5375981d,user
k6_bidder_252_1,pts_99d57ca75b1298e0ab42947cbe8bd2cbeb05c61b0825a50889094ce2425ea05f,user
k6_bidder_252_2,pts_7ac108515df410ad072767899cac636e540582a15171dbf926c30da97b5358f7,user
k6_bidder_252_3,pts_aa198c52e73d1e417c53dc1a51300afa81ffee4e159146195f7db863d99f497d,user
k6_bidder_252_4,pts_75106decbe776b9c9f9dcba556b33c4cf96b8b8661659c46129f2fc1edbbc527,user
k6_bidder_252_5,pts_c68af32777eec85b9ce711df709c3cbd589486bd73d39f7e0c57f210be7e5161,user
k6_bidder_252_6,pts_ecab0ef8befd15f5f455c7996b3c2415b6af5c3a2a84a0b5dcbc7f5da80aaee5,user
k6_bidder_253_0,pts_8233bfec219147b8ae0f0a84fc848d0ebdae59efb72ae17028fdfbbdab115c29,user
k6_bidder_253_1,pts_e3025d10003f4d730c477d5ab9dd1d95cdeb5597306375dfb0b6f9a692d489f3,user
k6_bidder_253_2,pts_c070c0086a4a61c72ebbebf17bd6d96a326d2685f4f04d142f71b4851de4ddfd,user
k6_bidder_253_3,pts_a1989a9a37785e3ee2c96b26d33bcbd37f00008de3b2383faa01c7b4bb60478b,user
k6_bidder_253_4,pts_b25bb4177f450396abb7ccf54cc11c8ed4e53512d10118d45c187bb214c58d4a,user
k6_bidder_253_5,pts_701e74223e16c8875228e830d0c5e8fea39983726d066aab91e3e971b0835e8b,user
k6_bidder_253_6,pts_722c39652fd0a01473ceea3fb1accd25d84d9b038549e00db0c602165427a276,user
k6_bidder_254_0,pts_485b67d99d5c01b1f9af53511c3e9c416f08f5b6eef35ef14e85ea9a74e15b61,user
k6_bidder_254_1,pts_9dd77f97603950e58670941f8e90678d5714ae8b7403f825599f0d92c4584cf7,user
k6_bidder_254_2,pts_2bf95eecc58afe2324159c17903bd49ed779b2e3b1230db16a10277da75610fa,user
k6_bidder_254_3,pts_f57561a0359c6750a1ef8424df768c2388a3e40d781f38c2db0afbb8c2e410d0,user
k6_bidder_254_4,pts_f55fcdb50c8a3e769ed585b251159f6bf37f3cbe112b9aeaed3019afd211445c,user
k6_bidder_254_5,pts_d983eab36ef13d070f84fca31d07bac11e99bab5e82487f8579480eadcdbc0dd,user
k6_bidder_254_6,pts_92f4f29fe1bfb251fc0bb90c3adf2fb530128155f3e9b59930af07f2cc3e4e74,user
k6_bidder_255_0,pts_a2ab129c329c7e79e304de1112b99ffba97e8fb3320c8a3ff965c7325eb8da19,user
k6_bidder_255_1,pts_81efa70f7846720332b851db0b5eb7f84537248a6a1c641cc652ceff5f49ad25,user
k6_bidder_255_2,pts_26d1a88b88a9b979bd024d453ecc3cbe7a5b9d666dad6dd2d72b00cc80c8419e,user
k6_bidder_255_3,pts_a473c64735ee2867784b2e50c79333e45f2df2b2f66ac11aeffb7468a22276e9,user
k6_bidder_255_4,pts_3a41c5a323c3bc1dd05e76f93ac477ac4d7dcc1ff88733ae57874dcbf08dd262,user
k6_bidder_255_5,pts_b680ff3eb44d5d62357bb0f2702257fd5232644c11bf590782a2c7455923bf3b,user
k6_bidder_255_6,pts_1ed3c68b8ccb5c7e3bd3f57f545fa17ebfc9521a7e3483557bab1cbb8c28abee,user
k6_bidder_256_0,pts_6d4835c28834979caedd3b5beb296a050414b72483809a6d961d72f0dd9f9736,user
k6_bidder_256_1,pts_7963c6246fef995e1fe9ce980a0cd42f6af950900e95747d2091562b7cd0c92d,user
k6_bidder_256_2,pts_ed0a97a0efb6195563d179f80342599ca0145b753b8898bc4d7ec817a605fd2b,user
k6_bidder_256_3,pts_92b8255583a78028797008b520c53353a8459791b31361fe225309775e49254c,user
k6_bidder_256_4,pts_7d68b1e629e811117643655c61db6492341a771e36a28a4a78cfe8a306bfe6b8,user
k6_bidder_256_5,pts_f7cda4762e19664c294e0c0062e692daf0817b81d542c744a4701058fc7bf1be,user
k6_bidder_256_6,pts_6526b99a897832ed0f3eb3f7ef18a1449f4d677f8e8d05ab0e9f630c1c192f3d,user
k6_bidder_257_0,pts_fe25090cde09498c70236dc21a7d09ac8900ae17e942ed4355fde9e851be87a6,user
k6_bidder_257_1,pts_e4356033c398b4fac3d00f93011f5929a5be7fbd5fddecbd3a70d8bffeee55dc,user
k6_bidder_257_2,pts_3572e40d196407046aca9b2b76625d72c979bc6add86f31c74ccec66885e6901,user
k6_bidder_257_3,pts_2167ed3d285f7888cafb462af94612061bd378462c0674dd90dba80dc1a197b6,user
k6_bidder_257_4,pts_042ae6ea92423d97afdc444ab390c07d4dc92815b4e1b847c5691967793f6d54,user
k6_bidder_257_5,pts_a6c568dca9cc41f67ef5f0e6502f994923e1e98f9afad1fb86783fe84e1fd052,user
k6_bidder_257_6,pts_ddc1facae41de01f799138918c9acea753d201304e5c3f71faf3b1662441ffbf,user
k6_bidder_258_0,pts_16f731d9e2f78b2b09f954325d3e178630ea799a0249f79dd59bcbc139eaad67,user
k6_bidder_258_1,pts_d75fc6c3f7752cf2b4be01e96c289fc58a6e7d9961d79258b557c2edac568100,user
k6_bidder_258_2,pts_b1f8c40fd77a926c9894c19a4374f5eb482aec4a043b859a94558164641db007,user
k6_bidder_258_3,pts_f8b0019acf64da4dec230bac31074d5f1be1e2add23730786874d786533a8943,user
k6_bidder_258_4,pts_762b44a59a768305ef61fee9cf9562310dbd5dcca632ebfbf042824f63aaf417,user
k6_bidder_258_5,pts_6097537b191e81edbd0fdcb05467a9637e75ed20cb37209704aa4c7cc6f1075d,user
k6_bidder_258_6,pts_e8f8f494cb5ab4a9daee29a57b9cb38991e20ba75d6178341644672075d667ca,user
k6_bidder_259_0,pts_316c8fa7757686ecb55365caabe26532e8055e364536a721f8fdf7c6f33eda8a,user
k6_bidder_259_1,pts_08edffe4f73a7923d8a3c14acbc486b50b7cd1a45f19628e0a5f379b4ab41cde,user
k6_bidder_259_2,pts_83371e9ac644a09567a8e52f70f69ec9ea6f61f93c143bc08fbcbfdae8478790,user
k6_bidder_259_3,pts_a3f2415759a29a78eee68a6dfc8094d9ec2c391f84e68933f6ccb686043d1bb7,user
k6_bidder_259_4,pts_104e1eb42f03875c9d3fc5316cacb339e20555afb1ec4a5ce80b7732aea95b6a,user
k6_bidder_259_5,pts_2e1fdda925df898dff60bf4240fc365be9f5718e6aa7325407274d2be2eb8839,user
k6_bidder_259_6,pts_6463427d7bca47aa0100815a2e0c5735247310f9e5b7c5ad87f174fc52a2e865,user
k6_bidder_25_0,pts_8ef36a9b748d0b026bb851cd950df996355e0097dc7e7161adfa161a03173386,user
k6_bidder_25_1,pts_7979ddccd2c76253ae869f2d12a515ce88dae55234eddc340b2e146fd57d15fc,user
k6_bidder_25_2,pts_c295d78d95d191981709b8a3867720b23c0976c11694a26e7eacd3af4316c347,user
k6_bidder_25_3,pts_926ad398229c4e43cdbe57e40ec7dfaa26c689c2db308123b346c5ca71c7679f,user
k6_bidder_25_4,pts_086d7311ffb49c5cf71e6bcec3f2a27dc10b507f69d04ba9a5c066d2764143ec,user
k6_bidder_25_5,pts_becfbb4318c47c1e0142fd82195a837d85f4e726afefaf09076817218d24b2a8,user
k6_bidder_25_6,pts_d3f8fb9aad6aa2b53e595987288045df99e4d6cbc463391daaee8cc62cf4cd99,user
k6_bidder_260_0,pts_406b833f0866f23d0b20ecf3e75e9ffd4794156073c4a1a0970d26d44347e7d4,user
k6_bidder_260_1,pts_168d28d3906e14a94b2187a0de8728e5df8f4f13bc126a68055a7c799cf7c900,user
k6_bidder_260_2,pts_ed5c31f0b0d51d46414cac68c965ef6c758441a206d1bad2470914c6fde2e373,user
k6_bidder_260_3,pts_457e356a760ff601f09639896278f06db7dc9876941cb1fcb3725deb6c952ef5,user
k6_bidder_260_4,pts_acda7cdb12f0a63689779560d15dab60629f3e336896a89cc9bf3d871c6beb41,user
k6_bidder_260_5,pts_db58f6f8cbf84bc7a91a75d4923570e39a102d4c913004f9678850c2a8fed7fb,user
k6_bidder_260_6,pts_1511aa87a2f2050721c51eea36ed9c66f376f31616b6fe7e94a03cd7e226ec90,user
k6_bidder_261_0,pts_36d362aface13deedfa506bccc5decba12f24b413dafdfcad33c7b2a06bac32c,user
k6_bidder_261_1,pts_a24a961d4fe221343dcbfd7c526d8d25c9dcca740505925fa18b814cb5ac7d5c,user
k6_bidder_261_2,pts_a754843318f74e711e6f6e33b75288a4e3dcd2365ebb205c0e3e9c81dc35fd04,user
k6_bidder_261_3,pts_3e8738b05e9ae72f9406a5c061dfee1b9bbe8b43c19fa3c88215967c778329cd,user
k6_bidder_261_4,pts_9610baa5f9a8ed8d20b156431114e37a64cc490434b164f0bd43f4749bd8645b,user
k6_bidder_261_5,pts_2a36f910907bb8ad58f5c3f61ccd2147db1a78fd548186e5305e2ff8b58434bf,user
k6_bidder_261_6,pts_44fcd92f35dada5cbdc14e484ff9a6ea0f0ab7a67c128593640f81c6c6c3fec0,user
k6_bidder_262_0,pts_2123a0a87db47c2b235d01f66ee2ea1f6d395ad0772e43505492a014073906f7,user
k6_bidder_262_1,pts_303e52ee2ed5fc835ec6d33213b175ebd6554e3e62c52875944de951c0ab7acb,user
k6_bidder_262_2,pts_b0d1960c3593f9241d85c90d4512eb6a9039dd617fd72d96ffd210ec8c4dadc5,user
k6_bidder_262_3,pts_c8f8a9ad83f96fecccb66b881c9963f76bedbcb299e58271f2872191bb2fb3c0,user
k6_bidder_262_4,pts_3e929c60039b09ff2a8b30e5ac0957653bf6d796f4ffc082bc78c18414f73080,user
k6_bidder_262_5,pts_ef0e519ea28f8ffe2b44059655b5d379d5349379080efa9961c7ebb4bf7d1164,user
k6_bidder_262_6,pts_adf76da2fa9e2a29153b8c7f48b96ff4ba81138b965da034d6b1e3dd0cf14014,user
k6_bidder_263_0,pts_f40cebbee353e83769f7fa7263a6b7a9380d4062e50cb9b8f81c0121434d28a9,user
k6_bidder_263_1,pts_38b548d005f492365f193cab9b772794ebeb783179173ca67104a486dbeafb45,user
k6_bidder_263_2,pts_91eb89535512a9c8ea88848b021b32cd290e7119d8e8fd729ed44e6ffbe4ccc6,user
k6_bidder_263_3,pts_7218d1d0df1fbfea5185b1eb4897dd93622e273ab21682cb932da5a24267f302,user
k6_bidder_263_4,pts_5ac3d7c138d0552535af63d4eaf415a8edd26ded9f27cfe7b54320473c3ed72c,user
k6_bidder_263_5,pts_106a5dc53e59b2128c8ffe95f3d7644e40a2f010e2ce84c81aae3143d17c37a4,user
k6_bidder_263_6,pts_01a1afe8449bd3ee28e22b0d3b517b42e427c8562643f986b7380b11c98d6394,user
k6_bidder_264_0,pts_bd58fdf205660cf394302f970d41dfbb1ed52553c9b7bb7d69c290e9e42b0328,user
k6_bidder_264_1,pts_8a9981dc57f51b8b7a923c520274eb17d6b863293cf894778c64a230d8d3e164,user
k6_bidder_264_2,pts_09094ffcdb21035a5fd08b2000273c91d795730e6274f99f37ef9f74fcc06250,user
k6_bidder_264_3,pts_80aadc02ff76f7e4a2e81b1912afd3cdf43095f5b85823c926c2fddced4d0016,user
k6_bidder_264_4,pts_a0fbd5c38d5e8e582a17b774dccb6b0c60fc6c462ef412ce34edba9cbad6e30e,user
k6_bidder_264_5,pts_dcf8722040c30261e3a8438e40da526ff0b28e641fb4c7d19c00501cf3464574,user
k6_bidder_264_6,pts_8bcbe41a26626dc690b85d6afe7bff59325300302e3f28c046e30509453e43b8,user
k6_bidder_265_0,pts_3de29292ee97e6fe146a0e7822c1f13c5bb60cd0ff0cb0c1290087a512557f66,user
k6_bidder_265_1,pts_44c44f491c6c83201c76c6d92eba07cdb10a3988403cc8ead89282b30c552679,user
k6_bidder_265_2,pts_f549bea70d859b8f70107e3b15a5cd9563677b662b191dd9dc096fc72ad23f18,user
k6_bidder_265_3,pts_a50b8dcc35391a65452145396d00847047c51c30b7e1d37153d249eb98395f47,user
k6_bidder_265_4,pts_f76289d571a8461eb48748672581ca57771b117949db6f56d6b6754e0c956f38,user
k6_bidder_265_5,pts_f699320a001b6d6161483be7f67d6057f3c7872c24925ec993c2cbf1bb975d29,user
k6_bidder_265_6,pts_57e469a68ee5bb2dd24eeb87425fb02807ac0a8678029f759c4adb6a8bff2c0b,user
k6_bidder_266_0,pts_d366587d4059646a8c068946f83ad75f5584626365e3ea6d5fb83f4797c88fcf,user
k6_bidder_266_1,pts_a7e4f54b66f0af5c79b2ff645c67837a7234696ba13c7ff7471e6f88eb78a48c,user
k6_bidder_266_2,pts_4955356ad0e247b4ffe4e7ce97dc098392325654e82ed97fc43584d34a4151d9,user
k6_bidder_266_3,pts_e767ce88cc46a477c9a8eb3a1b47f57d03e5fad43d60f3dd217cf261bac81ef9,user
k6_bidder_266_4,pts_59675e42996a2ba23de97f2fa484e5dac66a51dab9f9d20f797456fc2dbe7dfc,user
k6_bidder_266_5,pts_3b87aa4b852693d8e68f476699a81372e7e57dbfb49b3d838fe106a77197e3ff,user
k6_bidder_266_6,pts_c679b94935df0b4d0a5626f69b372372a9209c37d087d02f1e68b6cdbd58d21e,user
k6_bidder_267_0,pts_5f4617abc94326f59682db3b22a614c4012580a1c5486747e94d086d39a9fe86,user
k6_bidder_267_1,pts_d20760ed5039bd07b9fc3582fdc4874a0ae96ea9facbfbd5f8f39ee36c569d3b,user
k6_bidder_267_2,pts_a5385affb9a774280e59310aca504deb066119a1d2e3d71cb576c779ed2c4ea7,user
k6_bidder_267_3,pts_c636fd9fdf46c750389dea54ae4efd0ab4bcabb7d5f37894dcce7a0d10cb31b0,user
k6_bidder_267_4,pts_ec559a39044899be6ef2582e3aa554b7abf3a11f5804499d19d059c14d9908a7,user
k6_bidder_267_5,pts_cbe63014d2b9f16aa9590cbb7c80f65aeaae90dc4b6ebe8338fb3e9e6f0dbe99,user
k6_bidder_267_6,pts_380187b32ab78ec24c7a93a0540a927add40eb545d4815a6494c25398a812967,user
k6_bidder_268_0,pts_7a6ef70b71440d3d843f7f7f811b892aef02b536c951cd65a95aff0594598956,user
k6_bidder_268_1,pts_6083ecc7d4633849bfeaa3e368f57af5222f2368f25ea5298b422835c357a6af,user
k6_bidder_268_2,pts_0919cee14262b59f43db6bceb6fb07744f8fbf4d2d65e360885373e74fbba587,user
k6_bidder_268_3,pts_1cd1127cd2af70182a922830aa824071b43f26b3351fae712545d940251e6708,user
k6_bidder_268_4,pts_3e0a9c64fd2cb3413e880b99fee33d86276011b30999e69cb25e1958fc7a9a8e,user
k6_bidder_268_5,pts_4d48ceedb8210c14d8288d515933863db0c371e33d7bd5a6baa7e0b084cae67f,user
k6_bidder_268_6,pts_f0d8cf6df6cbd610b899aa44489dc935f72d709cd1d88032dc9ddf81633c79b7,user
k6_bidder_269_0,pts_fdf3ff147b5bd426ef13e189d8dc432f6d35c1626d23218ede92bb1454e325d4,user
k6_bidder_269_1,pts_1548a2b81691253b12c7465af970e73a090f711918882a751001385e92ca5359,user
k6_bidder_269_2,pts_8ca96459194f921bc97bc935dcdb73932a4359e966d7f7292d93b32e86f5a234,user
k6_bidder_269_3,pts_66325aef1b51a4565fa6b5dce68f3367047118f5ddbd38fe1cb5453c429bc2d8,user
k6_bidder_269_4,pts_b10c29179beeaa2988600506e1f9d2b7b6aa7f1e035ac332bac3ba28f4a8d5d1,user
k6_bidder_269_5,pts_67d88b32c2103af4d482a53ed19afd9697ca1eb8cfcca8a66822f8d6236fc00b,user
k6_bidder_269_6,pts_eac16aefcce3f0f41b3fcc47c2b98fd68ead18514db75069c84da8a4992ada3f,user
k6_bidder_26_0,pts_d4db4f483f15c4256ecb0ace430b5f12ebf3b352022d7993f73eaddcdbc98141,user
k6_bidder_26_1,pts_48de6dab2354b09b791bd7de7c971f9341a6d1e22e2bf7a821f065dde9e5054d,user
k6_bidder_26_2,pts_426616e176cfdf99e16bb8a19782c52f48975f0a306d24f508f36177b6175202,user
k6_bidder_26_3,pts_1806d304ecbb2874f075cafa2b6ebd8aeda4318ed0a51b9a47f49994c790d342,user
k6_bidder_26_4,pts_7b45c102b086a32179ba8847a2d893388dc851890378606362fd751956deba54,user
k6_bidder_26_5,pts_1b720e29a7df6a1665a159f4ca8decbb5714d1945f9af6ab580f10a6435cb461,user
k6_bidder_26_6,pts_508373eccf1ae7142d3ce76875b42123dec8f02782a3e2fb54c10a88db8f39e8,user
k6_bidder_270_0,pts_c0ea5342c5efbde5d6eeb6e2befc021cccbc96af0292350940ba740904a76419,user
k6_bidder_270_1,pts_f25aa0fe9f0a71ed734fdd5e4bd365abaf3025a267b2a02d2d8d5af2ab2e0596,user
k6_bidder_270_2,pts_6e6e74296abce3b68b8aae4157e06306ecaff880df29549a6a34b62d8d58e012,user
k6_bidder_270_3,pts_11591212c55be593759844baf435d84247eb065d7da7564e4e9d220cc00e6652,user
k6_bidder_270_4,pts_3111dd5e8fd732f3ea7ede0c58ea7cf5996ca32febdfab7a04e890508e8e0220,user
k6_bidder_270_5,pts_e59ad763031675d3a4eb6281bdb5d957410e2e8e4009e2a676b3a479be524f14,user
k6_bidder_270_6,pts_747a0e198c23de25fe68ff7b771e44321d405dc98869564506a6cf905bad5c2d,user
k6_bidder_271_0,pts_7a67850e57e13a14c9afa85b9ae89be96cbf54da6fbb54869f3d68aeac7f6d6a,user
k6_bidder_271_1,pts_f873b309f97e1ba4b6846c607bfdf5983c47ce64ed03770e801cb061240d1c02,user
k6_bidder_271_2,pts_00068521c12767f71c763d0bc3dd9cc5f98f0d28091700350efc84e032aa461b,user
k6_bidder_271_3,pts_4cdf65870d63aeca83ced4b10c58fff2ddf0a2ff93bcfb3ebd93130ae4f57a45,user
k6_bidder_271_4,pts_30a45150341e880d95513e02994c04a721db5eb7fdfa369a5c258a671d791a77,user
k6_bidder_271_5,pts_db67ec07419c453407803661242b155d2bcf518119dd0813d3208665a35e55f9,user
k6_bidder_271_6,pts_02b46f1f1caa265e96bfa042654a46da53ff5cf72dfbca1df260775ccf594e58,user
k6_bidder_272_0,pts_32fe756a8b7e5ea9a87d398e9fa0aeff7b0c409b3492badad5e9d78671e2e459,user
k6_bidder_272_1,pts_a8e808db039346209a2c715ee3174fb5119ed157479fe968daead472720cbd73,user
k6_bidder_272_2,pts_22a5c952ba9fcc09f23060287f5abc75c3fc3b12d20c77d83924fb87f0dbbedc,user
k6_bidder_272_3,pts_2c1358699069fba14989e783cf2641022df130da44518352dc278cd26cafffbf,user
k6_bidder_272_4,pts_7c918dc41722d9e083cdb5077e7a181885c43688e3ae538628856be84cc34bd1,user
k6_bidder_272_5,pts_5ebfeb310f9cdfeeef3ed9010238f89b3c9597ab70ab3868184db5cb25386261,user
k6_bidder_272_6,pts_7c1c4dfb39d766ca11b8cf1a0b06da6e6059ccafc40ad0cef4c4076103a3967e,user
k6_bidder_273_0,pts_b1a8f160123bc2da08114bb00a8cc0963a05da44b2bc402095200306f504dd29,user
k6_bidder_273_1,pts_013916a0b92ad588ddcee894a5273e212eb914073740d5ab58cf02f76a9be224,user
k6_bidder_273_2,pts_7eb254aa469a6a9704445e7f0548180b1308c03028830302dbfd8493f97dac55,user
k6_bidder_273_3,pts_568920852df66f53d5784c12d8a1cb7ef01bf3d68725acf786ded769e5c3d7b0,user
k6_bidder_273_4,pts_5be4b68132b53c1e976551fa51080e8c1c6c6192f55210761b9fd82625a65795,user
k6_bidder_273_5,pts_619b0cab270469fb6a98c783ea3c296b8fde136f146c4f572b62b7ff2397237e,user
k6_bidder_273_6,pts_709a4f562edc7188326a868281bd7d4c70f2c10ccaf1e4428511429f4aae5ed0,user
k6_bidder_274_0,pts_fafcf64620deeddc71f4acbb92a6449aa7e8287c146d18a7789a630fd213638a,user
k6_bidder_274_1,pts_4a21eb65a6226a4795ac13ec44cf18421c74a6d3853dcc2ecafc5f7656cd060b,user
k6_bidder_274_2,pts_270d342db205ab7391f3c79fe0225735b87028317cb052c9ae72a8fb4e52c20f,user
k6_bidder_274_3,pts_85e1706c43fe74db7c1e462f78f0d90d03221f4f144052b60d998c54779031ea,user
k6_bidder_274_4,pts_569b366fa0b77c5b324fb241b1178b540ece023b45c2d753984573273c9628fa,user
k6_bidder_274_5,pts_9d1031fdfd97519f9e8bf439dac7cbc9a9282e55b28465d75955a7142d9dd45f,user
k6_bidder_274_6,pts_5e0dfac5f57c79d939edf53fcdf8b60e0663471156b2aa05867bf2cf45f11316,user
k6_bidder_275_0,pts_31dd7c17db22cc478e1a75cca76afeffc3cb28aa8f17172c709be4ae6ec2f689,user
k6_bidder_275_1,pts_f6c9afcc8429c1bed46e6f0823aeddb7d5a479ed08778024ef98783057bf9443,user
k6_bidder_275_2,pts_ce2e193784e13ebeb91653267b14f3a50c11f71e13d24f3287a443e61330f7ae,user
k6_bidder_275_3,pts_d13233508f9b77541f159ecc7072a76f346479f27caa43685753df9500d16a72,user
k6_bidder_275_4,pts_ce834330e466bb33a10f64b59ad19f2c8f4e6e5a177da6c69a42792a8274db7d,user
k6_bidder_275_5,pts_e06ee09f8481b9de3b2f5c02477f26b4d936be41aa0de397f185bf25c5b43f06,user
k6_bidder_275_6,pts_3f8433cd7d02c47b50f42c7876f8130f3e56eac885d52b0143b1727d36817466,user
k6_bidder_276_0,pts_7b2337b1116d8b6d24920e9608993f4d6a297f22ad0b8bc85155d8e229558192,user
k6_bidder_276_1,pts_a3e7a8758b5675cb3a5d4a0662382db6b8191a0d22236a17e82e490ed6a2ae7b,user
k6_bidder_276_2,pts_1652f54bd22bf1dcccfb299346a65e4c239d8f96e06db891deda3f0b7e6b4026,user
k6_bidder_276_3,pts_e0ab6383376e7f64768d93e94bcf5d615e9ad66fd8735e78cc7ef0d13420cc8a,user
k6_bidder_276_4,pts_65187acbf827976fe508e35d0014d0666917ff122ed73c4a4acdd239566e8bd8,user
k6_bidder_276_5,pts_e273f1547fdff65a8fb21bbaba0176785b099be68cee2158f7c0034ba7b4bf43,user
k6_bidder_276_6,pts_99b999831b767a1a1536fc2bd6a6c5ded395f66b142bfa7fd12ec1b5a44a78cd,user
k6_bidder_277_0,pts_79c9769f9ab8717599ace48bdebe0daf8e598f9af710a7702a981cf971d3c19b,user
k6_bidder_277_1,pts_21014d92e6e4c270fbaaca151aeffa45eb8aff7429fc3845fe36f9b9c94cd780,user
k6_bidder_277_2,pts_41697e24499048d8d69a81793e5a91cf0cee6d7f5cd0dddca439a3a9cdf09d6d,user
k6_bidder_277_3,pts_bd0e04b818f0b251d82389f1d52e783ec2fb06e19cdf09d697e561d57b7a572d,user
k6_bidder_277_4,pts_9ce258e437e0121e81558bd41b637b7e9f0d78e2c0c3182c4c40284cfe5cf188,user
k6_bidder_277_5,pts_d82931a19ca83f754087ccb60bf475c4ff38cda09dde23e1df00a230223b8fe0,user
k6_bidder_277_6,pts_dbab789752fa7bfe06e978f844571199eaef89116190822adfa59691997c7d37,user
k6_bidder_278_0,pts_3df3bf0712052f93312e0ccc1d4ae3a1217348ea4f92d667c718dfef49c85e3b,user
k6_bidder_278_1,pts_23648dc57255498189aab96b83af9c7313ea9a30ae8f36a4a065f4e847a74e55,user
k6_bidder_278_2,pts_715713ce2762e6b289895db6cec7240eaa60feb457d39767c49b057812a8e663,user
k6_bidder_278_3,pts_d4a9554d4a81c46598a1825a1a7e498b6a77f521e32143c916f7c90d3f245d5b,user
k6_bidder_278_4,pts_642ae5110c0623b38a29d7a23dd99c2409cd157b3e0aee7eb129aaef16768ec4,user
k6_bidder_278_5,pts_7a8a8fb5be66898bbce737bf98c05d80e084192293ddd625200133cad97d4498,user
k6_bidder_278_6,pts_17a77d596fea0377c2cd361f1e53a741d151d58cd4a020c4f904881a21244390,user
k6_bidder_279_0,pts_174a35506cbce7b780e08776a50d43bccb04c62fcde8def4e8b13b63c1f47835,user
k6_bidder_279_1,pts_a953182a8196e276bbd82274b0da9298e4c9e4ef53a97491d3ccf2332c57900d,user
k6_bidder_279_2,pts_0c4c4aa8e90ae1b631f956c38e13e94709f181cfc2d159adb2f92dcd89ba0aa1,user
k6_bidder_279_3,pts_3d164d8eada961ebe51b88007a24873331c2f16f2d8fac9855a9d854228824f0,user
k6_bidder_279_4,pts_dbfe8d692b3bf89dfb99230574f1061dd07b97fac94a3fdba3fa7324a0b21ea5,user
k6_bidder_279_5,pts_39ec836fabd70e0ee350b89d376e4b1d3019587359cd8e7166d09708620ed630,user
k6_bidder_279_6,pts_591f47ea2d5e6188a72510b3148760b2f1751daeeb5c01d213d61e9b34ff3845,user
k6_bidder_27_0,pts_d7cc01ad468cbf471b01f3e1b503d9148eb15fae1a3699815b0f16ff85d95a46,user
k6_bidder_27_1,pts_836f714093af9f83faa8e6c1ec611dca4d060ecf04b418e1ed6e2856d9007215,user
k6_bidder_27_2,pts_d2c808efe879091da57da41bcb98ee9c8245e299db1430687c52b7133728748a,user
k6_bidder_27_3,pts_c9b851ef2407d2139f10ec5fd25a73db19869a7985bb45fb47cb506e1312a0ef,user
k6_bidder_27_4,pts_594334d304d24962513832d042e84cd6301055ead182611c289416a1a73b3b17,user
k6_bidder_27_5,pts_ac0d54761d712db613bd43ea637b06c2b08bc82ab46445ae828f886680a6b167,user
k6_bidder_27_6,pts_203a8e104ebc53658723d9980c75376b502782798bf0966ceb5e3affefa08405,user
k6_bidder_280_0,pts_bacee0e9de246f7fc6b1d62e8950b40d059590731f54fe626063d562774f01d3,user
k6_bidder_280_1,pts_72c9ef426bae9519c7afefd81049d06e36c9092f5cee8570ccff5c2a84561383,user
k6_bidder_280_2,pts_e3b14498714c2ba09cbb76479d2fdeb756ea213768f906d4aef7df9aca07297c,user
k6_bidder_280_3,pts_a2938e1ee93a1be7d231d17a4fbd183cfe167efa91a92682d720936eff9452f4,user
k6_bidder_280_4,pts_a077fb52271fd443349afd864bc43d6070a83bc70931bb4373fa010b4210b8d0,user
k6_bidder_280_5,pts_ccceeae94b32806ab6c26b91c7010c48e80e9e4158d6437e8a57b71a33656843,user
k6_bidder_280_6,pts_bab4d136d260cdb42190318b452e394aa3f7718944d842825906215c623ce172,user
k6_bidder_281_0,pts_88faf111de67586a6f144aaff897c47763237cc3d36013781da56f94be4a369f,user
k6_bidder_281_1,pts_a62b11a07e2bae4e9aecc484a14bc47ea60d2ee883cfd7adfa200c19a8e659f2,user
k6_bidder_281_2,pts_a50e3e93d36b6ee91a2dabd276cf64347c980ef94531498b7a61c823168a7333,user
k6_bidder_281_3,pts_36d13ccb2d3c69a5bae3baf86c10ecd2375a033437a31a19e2e5d23ef204f389,user
k6_bidder_281_4,pts_5c415b30f2bf4dda92e6ee56711b78928d58b8ff75cbb6461598a7ba36965ede,user
k6_bidder_281_5,pts_2ed22c86901479b0ffb605307f4bb16afd1dba70e2136c9e7b423646e1ad2956,user
k6_bidder_281_6,pts_3f26011d9ba657d71268ec7ed9c4df5ba3f337e4016151059c106b0eaf6ab1d6,user
k6_bidder_282_0,pts_d4d045a325d36c3f9a6054adcbd927c5ae9493517a7769e4b4e8886e773c01b3,user
k6_bidder_282_1,pts_f99255be87683d7e5a84cdb97d970a42bb8d4a7affacc950463d959febfd4071,user
k6_bidder_282_2,pts_3f60ce7a0905caa06d4e0aa48051a1d60e6f292e200d4c719d2874e31735267a,user
k6_bidder_282_3,pts_db50030f23e67d71059e4513117d6fbd3071e92aecdcd6a9e32c5eff2ab5dce9,user
k6_bidder_282_4,pts_891ab847709d0cc36eb93501226f3f15be48cfdf4a1b35201ba0bd6a9bc55f0b,user
k6_bidder_282_5,pts_6922944092b315da68caa3bcd53a81943373a5be1846ec9bbfe817dda7609f26,user
k6_bidder_282_6,pts_aa41651929a7720d515fced03e320af12f70e7a41b7a2fccf2547e247e85b3eb,user
k6_bidder_283_0,pts_b73aeb6308196a0f32029e6cba427ff447164600b20893e886fd6ea98e18acbf,user
k6_bidder_283_1,pts_518c7951689c5e3a6d8261a194027ea619941e63f774acd2f439d6ee071820ae,user
k6_bidder_283_2,pts_597f61aeb2d376d558bb9f09521aedc2db551cac72f5cfacb5075b1a9a63f645,user
k6_bidder_283_3,pts_32e8349618e566063d096afddc4577e92663bdce209595bf01248b3844b66ac4,user
k6_bidder_283_4,pts_421f7680720995485c1108af6298e825ca74cf4caaa818c8e82da7e820204aed,user
k6_bidder_283_5,pts_6edf8a8b2175c2d72ae1e1e9119a2d5f378128ae16c619f2dd864990a3859fa7,user
k6_bidder_283_6,pts_0cbb47ff4cdbc6126e02d012245064ab306df83c9f82bc6fc6ef34440ce71f5a,user
k6_bidder_284_0,pts_00d542dc505bdba8b31051383339d6bf56cee544662629d6328e727d3476e440,user
k6_bidder_284_1,pts_debd0db7a4ac3786bbb6a0fbde0a1e9d583e9f2b32d6a332cdf4d1f93fafe4a8,user
k6_bidder_284_2,pts_a71291bc45f402cc7e263b7f44549346932de9b52ccaba15e7fc163971fe2b73,user
k6_bidder_284_3,pts_cdb30193d8fb01228cc0e9b63339d6d15e8c5d1d474bd184580c4b54f70acb43,user
k6_bidder_284_4,pts_2c5626023af5a23214ba021e1782232b1a71632c0e2e2f1293d9af48c089c80c,user
k6_bidder_284_5,pts_5764a36c1a6ca93b4cca1576b40e4d67b28229ebcbf29b6dc09f622a18d988f4,user
k6_bidder_284_6,pts_c69dfecbdbe17e223b67b23c71dada47f32b71dd4ccf1aaea99f84fc7169c043,user
k6_bidder_285_0,pts_c7bbb73f5b1be1daaec9e64fd619ca5b94d33c8e23be31944556b29aa073f446,user
k6_bidder_285_1,pts_d98323f14d363c76b0bc3c53397db5ac301d60fe018be12078eea3d5e74043e2,user
k6_bidder_285_2,pts_4477b01577f6b30d4c6feb0397d5ea5c9d3069c8980b832a5adf3043c8d1b792,user
k6_bidder_285_3,pts_fb7288a3e5a257b4d66fcf6883b43c6aecea2a268ec6189bc69e5b232bb074d9,user
k6_bidder_285_4,pts_0f621000501f7d1e2bb82a490db0f16cee4f0fdcea9033104d1d996cb6dcd228,user
k6_bidder_285_5,pts_29c8d0cbf6373e8136a318a2ce56786f44d9960ac20a85af90841f61c1ca0388,user
k6_bidder_285_6,pts_2859637bb88170b74aadc4da89231c31451e2604f7986385e4e9b3dc29b8557d,user
k6_bidder_286_0,pts_d2f1ed4378eaf6ea39525212cab9b383821dd9737e5eabb8533c4c07b875b847,user
k6_bidder_286_1,pts_9fc6ba4c3e4dd00a8ea46644a0ce2f3255b7e37120efeffba7a91231d3fccda4,user
k6_bidder_286_2,pts_d571588224e42ff02481b8c54f1af4579b0e3123a8c892f2a7db4cfa37c87484,user
k6_bidder_286_3,pts_cbb90f61270f553dadf0f9a50adb096cc0ebbcf77d15c5baa8ffb59d34edf237,user
k6_bidder_286_4,pts_5b57ba957359388490f28cf3d8e70ccdaec43efa3ac796e2c14ea804573e24b8,user
k6_bidder_286_5,pts_28f93e4c9374bc7903223b59072e1a34d315bfe9a019e0820463e4f259109051,user
k6_bidder_286_6,pts_cdbb883bdbcbc7837d502801716e0546086a5a9936e2483d1790613385db5907,user
k6_bidder_287_0,pts_73dcfb363fa45f9fb1e5f019aef9f4ba58ca24e4d4345b62d3a00edc228284d1,user
k6_bidder_287_1,pts_dbfc7320861410441b9bf575f42b27a3af4bf154f591280ceb938634c6827dbe,user
k6_bidder_287_2,pts_97b8f3a7e6bbd9362e68f703543a5f8c8e5c47ba05b8ee949e17b5f4c81945a6,user
k6_bidder_287_3,pts_e0aa776c60d3f0c480edd32192a03e77ee4008b1509ba3dff60e8c265d862048,user
k6_bidder_287_4,pts_89a834670b4a57a835ea8458882f9efa0b33dd2f4eb2abb75c441f509fdfe09f,user
k6_bidder_287_5,pts_67690101ae13bf4a9f5315d0e86f8cd157eaa2d0821bcb9b5164efb181ef3341,user
k6_bidder_287_6,pts_fea691dcab7d6bceabcc4dba56844dabd8de76d2884c7c173a2ae565572fbcc7,user
k6_bidder_288_0,pts_ca5868d980075c82d236076754676ac7dcb0715ebc1f95fd6f8c2e064c96d42b,user
k6_bidder_288_1,pts_acdac13cf506c429152addf213c4375f56231a1c9aa12c4119dd46aba97b897b,user
k6_bidder_288_2,pts_7de676fa55b8ddb372df402f4f8e391c6c472ae3ee6f6dc67941bbf8f0ac6be6,user
k6_bidder_288_3,pts_be638cef30fabd6e68ce70c3f449aaea6d5e79e97850f09d0b9ea768b394f4ac,user
k6_bidder_288_4,pts_8ea49c370ba94a2c48f0497e21da67d5f72cb1b2dc826de61b5249406e85aeb9,user
k6_bidder_288_5,pts_bd62d9e47ff8a75d3c66b0efadf5c52326af2bec1e118b00cb82b677dd15e1e3,user
k6_bidder_288_6,pts_72179bba327fabc1f671232f1d404bdcfb59c0aef8b1fa1d3e06df0264a80096,user
k6_bidder_289_0,pts_f16ffee14e6eb170987baaa00c0aac641b59dcbf8c8c596869fcfb0b1840f8c4,user
k6_bidder_289_1,pts_d627d4aa639150793f9f96f8e3d59c18aa27232e9147792bd5f5b3d41f2556cb,user
k6_bidder_289_2,pts_a1e0dcef4ddeed8b45559f2ec61dbfcc50fea11a01ea0a3756fa1cc79e9d73d8,user
k6_bidder_289_3,pts_f15c944db25e05f30784038ea604ecc0a90f095f0fd5649e8f51b165a236421e,user
k6_bidder_289_4,pts_b96e0fcdfb83d3e8688dd4a50114f95b4ab12f30c2d7642f6909902ef5631ebc,user
k6_bidder_289_5,pts_f44f0bae1694779beb7200f0c2aa4597d16bcc5c0b6a08f518359e476def6eb7,user
k6_bidder_289_6,pts_e7b1c9eefc9f114d909c39a83bea974ed9063a56d532b93748fb3d150fe3fc15,user
k6_bidder_28_0,pts_b059cfd895fbc32ec6d168d2e4754b240dea3d98d5664fd303b03f317a551384,user
k6_bidder_28_1,pts_75f9b4d85e8b8c20d734c7e260d9b225dda4939973d0c692551cf3ec0209f22b,user
k6_bidder_28_2,pts_bd44a6eeb4aa2e98caf9daf80117e5ec5213d0b03b97d9ea5722cb0d9a3df71d,user
k6_bidder_28_3,pts_ba34f87a25514e7633c36ffe73844e2a627f6fa7e816b112952504d9d7475b70,user
k6_bidder_28_4,pts_b21633ba7724d6ea3de9e2758d7e42d09a593d01297e9fff4cd0a449620e615e,user
k6_bidder_28_5,pts_abe0abd6eedd4ad8dd395aa17e31cd5c545e4f5db2f26698c41d1539bf9f9e9b,user
k6_bidder_28_6,pts_27c0ee838d4943d3b961fd24b7d60fb0810539b89955cffeb49d0e72030d380f,user
k6_bidder_290_0,pts_21caacfdf8c7089dd10fd957c30de8ddf42a3ed476b8502c1e74b928fce5cd3b,user
k6_bidder_290_1,pts_3cef47c45c5a31fbf954657d274645bd9376692be89dc5725bb0584fe3d8da2b,user
k6_bidder_290_2,pts_56d8baecb497f346376713861927bcda446dd416f4a2238ef4f548efc6ba0f69,user
k6_bidder_290_3,pts_888398a20177a961edb0c5a638c966415963aae04fb3d3fc11b2683c80f4eae1,user
k6_bidder_290_4,pts_43334bc00da66676fafa1f42859cdfbbee4501ef58f7da846507c5ecf2adee32,user
k6_bidder_290_5,pts_f92cbcb9b7a2e61a6db938d4d69ed8a6d3c7f500cac473dbb921198b7543cfcb,user
k6_bidder_290_6,pts_ac28bc4e784cd44d78693ff5d2edf0b27cb9127e20d9a22259b91db2c1239cac,user
k6_bidder_291_0,pts_8d0ec5405c6f22b8da23eea0b3dcb3c1174e2e34da1289d84f7922387b24f860,user
k6_bidder_291_1,pts_f9904cbed2be23e90ed0dcbd59a7b6fd34f3cb42df9f01229a5d22eacb6ff156,user
k6_bidder_291_2,pts_cf3d3dac0ce0d399d085c034255c998f7969775154c3ce8e1c82fa1bb6ad4f94,user
k6_bidder_291_3,pts_e03981ccb9b3eb1aea9efb828f24210709425a5aecdb2cc403a8b5940eb635f7,user
k6_bidder_291_4,pts_cd2956e26cf0b881b0ad195f50a6dbc473696b124ea2cf21318ade5245aa60d3,user
k6_bidder_291_5,pts_a978f51d8f42e128430519cb5368b982264d38c3cb7e593e4c17432a239e8c71,user
k6_bidder_291_6,pts_9ed708c6893944e0fc98bf363be49e27021511bb76562bf5f588e1b35d3eeca7,user
k6_bidder_292_0,pts_31c1bb366492956c4b15a99065b0ddce6623fece90faa6b18b36c310212c0068,user
k6_bidder_292_1,pts_79ab4562a7f71d595e7800ca8e43d2bf11e53c0992e83d0efd060a417b27582a,user
k6_bidder_292_2,pts_ec27ef8672fddf3c53be2932496513fb41612686b475351fe3252c866cb52b86,user
k6_bidder_292_3,pts_000fcc423981c6df4226a89b115142e0023396f2cb8510e20a1ec4ab69a08b02,user
k6_bidder_292_4,pts_16e66ed49ff76be81517dcf79b17d07a8ca11e9f44c4b7085db0235b98195405,user
k6_bidder_292_5,pts_dcbdd614c51ea20848eecde1929e7d13a734cc6bcda71610e36c8db99f6b4b51,user
k6_bidder_292_6,pts_816b0c81a22d04336ad9f9a7d99e8e58bcf2d66af3e4c4a20333dea541d2f5b4,user
k6_bidder_293_0,pts_62183306422ea141c45c8389dd44cc2e8cd40ef0eff345cd32e213ef3b37ac39,user
k6_bidder_293_1,pts_da19937727488d0dfcc3a9c0b4ba819b681c8ed9c4e4bdb5ad30e9a30ed31187,user
k6_bidder_293_2,pts_76384294a1d0bb3122e5fe6a56578dd97c1830db17974527fbe4bf08db998eec,user
k6_bidder_293_3,pts_e6e8110714028aa4aef6355659883cbd63239c96e97afc73216e91866ca49ac7,user
k6_bidder_293_4,pts_9ed256e0b9ca7aa78bfbcf52d790b084ec026e7aa77316818ab4ae4859bbc1a3,user
k6_bidder_293_5,pts_00a2fe1e492878deb90206222efee5bcb7c534c9d5ee46349219fe96d611789c,user
k6_bidder_293_6,pts_f15df3a10309015220ef38a745e30fe39bbb51cda2d265b4a171d2bee242ab4f,user
k6_bidder_294_0,pts_da41deb130ea095554dfbf8c596297ed980c5262a14ae0a2a42bc0039d6c964b,user
k6_bidder_294_1,pts_5bd92ecd00e4e3b42c0d946ba7ba955844287ed60874944fcbb6ca30f113890c,user
k6_bidder_294_2,pts_a264d7f8df773656838572e3f29160280c46a5a5b436391ebdf91661fe65ca38,user
k6_bidder_294_3,pts_8862cc52c5a6f582a95b93079c386f0ac8cf6e3892538a3d9145fa7f996833b0,user
k6_bidder_294_4,pts_e12d2b5729bb37f766691a6e0833943c4de7081414ed8aa97a599e554d7661b5,user
k6_bidder_294_5,pts_59da0714b38fc8b9ab3b7033c5aa1a7a57804533f938cc4f3863eeaea0f47efc,user
k6_bidder_294_6,pts_adc4329f0f6f6de4595cc5a293f930beb9301057671837fdc017a33d1696e108,user
k6_bidder_295_0,pts_118c09fcf6dc6cb0abd47f8e23cac8da91305e0a8720b32b21e9de491f611b46,user
k6_bidder_295_1,pts_40be85bcda9c1546e1f92ef2d1b57a8881549cfa6977e4ec193ffebbccf23609,user
k6_bidder_295_2,pts_f3290dc4736bfebba6ee1aabfe22381c1382b45b80a58983d4e0b783e433a5ad,user
k6_bidder_295_3,pts_2dd06ba52fd915205a88c379397a98e1ca28d9c0970de8104b0c8f1a256e124c,user
k6_bidder_295_4,pts_1dde0e852f35a6ac510576be904dca61fa76225e65fab0036731d631429928cd,user
k6_bidder_295_5,pts_cce9817b79823844172002a99d8eb4f85d813ba0be667c847d1b343410c3bc32,user
k6_bidder_295_6,pts_b1ea7b584e94a0a7eb27af166acb41a8f7ebd0f32d08f1111527869cee8f8426,user
k6_bidder_296_0,pts_29f821e6978de6b9103cbfe8ba9d504bea995c408f441deec5132273adcce9fc,user
k6_bidder_296_1,pts_b863a536f859b6173e2b29528aaa821d2bf8906ddacc83152d55b4702766b22f,user
k6_bidder_296_2,pts_efbc0a415418286354efc084afbd74fbb77e2707f8f9120ba3711fca63e0e8f1,user
k6_bidder_296_3,pts_013dcbbffbaf2d048fcd01443a2545dfe70bb08fd11096fc18ca07899f2ee840,user
k6_bidder_296_4,pts_0d3a610fe6f57afbb87c7c250259d39102d2fae7b8e66b63efb4bf3405833a9c,user
k6_bidder_296_5,pts_e7e70cc88e490444dc100eb7c1348bbdc0de076770f638b47f48b226333fd437,user
k6_bidder_296_6,pts_f664e7a9ff6096b0d244cf8910abc2e8639c9ac42c7d90000632b655a471ebe2,user
k6_bidder_297_0,pts_e07411c9c3a8b10e3069ba8acfac707b53c30d04953b0ac2c7873b7b1cbdf9f5,user
k6_bidder_297_1,pts_5c8573194f7811c1cfe256bc207e012b4a23faf7a15cff3048d0671943e4b9d7,user
k6_bidder_297_2,pts_d7a31746f6d3faadf0c8b46e726766e6dba978c140c5925882edc807320d73a9,user
k6_bidder_297_3,pts_766053bddb9d63486e868c393eb4ea107eecf6739c1bbab7c3d91ce638737ac9,user
k6_bidder_297_4,pts_b27a767447b1eaa39b6b7ef015f43b3fb67d4a4c619549d374eba3dcc10e41c4,user
k6_bidder_297_5,pts_b6ddaf7adde234a1a1a434848de99018457d626907c8889dc125562bb4b9d5f5,user
k6_bidder_297_6,pts_af7cac8ee14dc681ead96ed827f233df783db572bd0db1b28f2150b943a40681,user
k6_bidder_298_0,pts_5724ec129de986e4d9a5e0eeece20f9ed0385600cad8b64b02276fadadb2e5e2,user
k6_bidder_298_1,pts_05027cdad0b6cf25f251cae7ddb17e076e59a750eaee7e503e474f64e124ead5,user
k6_bidder_298_2,pts_3d06017b6042b9b9ae922670ae6415cd4aa93fd85f32bc4b65c8007b354a6b14,user
k6_bidder_298_3,pts_3a770e9de900439abd5c37db0c29f1b2cf08e0640faea199ca133227a412c5bc,user
k6_bidder_298_4,pts_ddce6e755bbe37947403a2b5d04171310a770fd77683a3baed927d1642c745a4,user
k6_bidder_298_5,pts_1b77bef05146a6f039b21dbe0995646ac99a19a91f678a44bcf399dd25e73f64,user
k6_bidder_298_6,pts_44c65f2a79a5e2ffa8fb199c13911f9b18d7c3139e6a4793faddd2e86a7de116,user
k6_bidder_299_0,pts_801d5f770ac2a92d6f500c70973764b18dea31a0f2096a7121daef753560b0ae,user
k6_bidder_299_1,pts_316115ee7bb4d1f2ad422d7f5e2b510656330085f5ef9bdd26bf7a8db129e81f,user
k6_bidder_299_2,pts_aa0459c1d050055250b0abe65fb7a72b8a67d1fc0a3d1d360a9159fcb4e5409b,user
k6_bidder_299_3,pts_ccc4bedb160099689bc3e8ba9e19607b5f7c172491172154436a316da884bdbf,user
k6_bidder_299_4,pts_64ff0b242f07cadab22edd6b39eb1510ededa574f9a26d2e81da39a24c73abd7,user
k6_bidder_299_5,pts_a36b1e02823c72254247aa0dcd32f2636b77d3b922dbdbfc8935164b981d664e,user
k6_bidder_299_6,pts_11de1ca030e85e8791e66f9748933d4827b9100934b4ec0e6163b042a0b7b55e,user
k6_bidder_29_0,pts_24936294f234c6cbfeb9e14cf279eda6bc3a338d2b401c6e447b6e92c46b1216,user
k6_bidder_29_1,pts_d417e9ed1419446b822af4b8b32cd271cb31b64473b965414072ac230de7c484,user
k6_bidder_29_2,pts_21d06d63483fd21e58342f8b58e516a6d225b23473e1f33641842d889e144695,user
k6_bidder_29_3,pts_bbc31ba274fa307eea0c01eee72affd85cb1fd2604b40147183952b58d92fc16,user
k6_bidder_29_4,pts_7c73e2aa0b9ba9f0059f9a3b7c38af2fb2cbdd3a3f43bb773606ba3ba584d347,user
k6_bidder_29_5,pts_edec1b3c73c8530d680aac1f54eaa6055726860d9270881af094426672f7a890,user
k6_bidder_29_6,pts_83abdbc58ebac6e2d4c5028bd4ef9dd234bad7cdef78bf1bda2f5e90d0f61c09,user
k6_bidder_2_0,pts_b9ee913cec1e6c1d5eed50749df8af941e28836bdfca8f39aa8801826d1cb2ce,user
k6_bidder_2_1,pts_aa857654a250adbe16ade2b7e204402443993b4fcac69b22bbbbe6ef9e704023,user
k6_bidder_2_2,pts_f28d094a244f7e5cc928ede6e7c0ede7dfd921032fced6f44679f44255e77421,user
k6_bidder_2_3,pts_d92bbe7d5018540a977642f22511a28919ae4a18745d551cebd4b9302892b1e4,user
k6_bidder_2_4,pts_0874d579613eafb5cc2a1b9140b33b9daeb397d74aa6e20c44319d5994b8c014,user
k6_bidder_2_5,pts_1e530c91cf45b695e0f2b2eae1a88f66cedffeec1c77138fcb8658e812173fa6,user
k6_bidder_2_6,pts_c46edfcd210c91f5c2024a56a40026b5707c29d0bd3376433232fca2c2f3a888,user
k6_bidder_300_0,pts_23f5da341aa104b715d90e8c5ffc64289f536c399e670715647e8492841c594f,user
k6_bidder_300_1,pts_1b3d5f667da5c9ec17d2a4f07f5c489d72823a9e8573c8b54c03d07273f2b58e,user
k6_bidder_300_2,pts_5ee9ac3ffa8fc10cdda3d8b8974e940900c806c8e90374925eb0c7afb37611e2,user
k6_bidder_300_3,pts_c85375589ad4d6aa05098031932171356d98a2478fd2419ed8a5468138f0356c,user
k6_bidder_300_4,pts_cc479dd6c7f94953d609c55611a89a7d7f0722ea66c24e31f5eff5c011aef279,user
k6_bidder_300_5,pts_e4a4cb1effbf96f9ab0a45b9fca1b994b17fecd699ca2ba8df694e9919996602,user
k6_bidder_300_6,pts_07ea102b673230b32235a29b891a1c3a3c98014f08b7e5b473d46de68275fd22,user
k6_bidder_301_0,pts_186a43af7336ce93b8571c89eec74fafab0e367975362a8cb059b14074a8151e,user
k6_bidder_301_1,pts_58320afb8b7b0631fd8b98838689a114c72a776bf0282bbb5deb55b704a51107,user
k6_bidder_301_2,pts_f53f22548e3ec5b9c549f6f6e2a2128aaf4075eeba124b5d85742afc5c386353,user
k6_bidder_301_3,pts_0526aa9d7689256a4a601fd4930afc96492a283b7961b5bb028bc94ff894b0b6,user
k6_bidder_301_4,pts_d1c12ebd0a70561d93a102d2d1664734a2ffe564eab087ef05b293191deab7bb,user
k6_bidder_301_5,pts_9f5f145715a5d555e31e4478613abfc2c1dbcc15fa7acdee6ed414415bc9d222,user
k6_bidder_301_6,pts_03532ee60c760477594d42673caec8cce4aa9cdc55f72b84ead7c7486d3ca9ae,user
k6_bidder_302_0,pts_ed3f77acf0a4d6914668b712572114e35e208ee51e4fa4497e860a8668265a9c,user
k6_bidder_302_1,pts_33ae29babaea3bca0594e144152eee320d17242bf04d1efe2f397ba71ad734ae,user
k6_bidder_302_2,pts_e03b24f1ab31c7854e382d9e6deb62512a1add9f0d610369add13a2e9de94cfa,user
k6_bidder_302_3,pts_1a155aacecc37bebe6f12c4639fda64fa554941a4299558f8c5d0e4470043bac,user
k6_bidder_302_4,pts_3169811ebc3ec4f7c156e6cc266a01d582f1beea32e2ed225e7e2cfed1f0e119,user
k6_bidder_302_5,pts_a91e8722e77bca3dce1cbe5ef5145546cd555be6a3c0b3875ffb65c9a0a0f098,user
k6_bidder_302_6,pts_65caac400af64201c87b2b0e2b1c20ad06640d41114c1c470d52bcb946bbabfa,user
k6_bidder_303_0,pts_73331cc26764c66af20231534389a8f3da70277b82e515aa944e1a47122ac694,user
k6_bidder_303_1,pts_faf15b9e4c13e083ca6fdffb46c2626c87f2b17a2dc0557ee8bbb4991965f61a,user
k6_bidder_303_2,pts_6c6e1c299f3a7f39948389e43e68a3ef698f59bf6b389cd683d1460bc034e0a2,user
k6_bidder_303_3,pts_cbcc41d5bafc4fc436fb5d8e2e208c4734dffe7c67ec38691ff1d31a0e2cf85a,user
k6_bidder_303_4,pts_4c4f6166577fc6534da76ae965b715311392466f106bb97bd68858dd44394561,user
k6_bidder_303_5,pts_ad04dfd7ac3f05970c0d76a1e0fea423f696ecfa79030e0932daa04bffeeed31,user
k6_bidder_303_6,pts_2c818c404f6c0575c371a5023c0e2825e1ce103556e27f1cecca2e9c6db620ca,user
k6_bidder_304_0,pts_95b44f99ae41ac6b100de95e5ccacb5456a8c2cd2fd49090db14e9ff84537a9c,user
k6_bidder_304_1,pts_15781f6d469efe0d1551529eca0489f7933601469cfe84253b582923ac2f1d45,user
k6_bidder_304_2,pts_1190bbb898a686dc3c7a9d46886820b45638afdd6440bc39594a9cca2d3b57d7,user
k6_bidder_304_3,pts_0895c4510cbf8e643e1f185e5e04e710516ab287a1816c79c015b565482caed8,user
k6_bidder_304_4,pts_e00f4a796b4adda9343f274c3092b2e36d932e819aa3e40249ac3c46feffa6de,user
k6_bidder_304_5,pts_bb5276888f49201d42a4e8174019de5d7ebb1d798c97b16c99f43aa45623cd6c,user
k6_bidder_304_6,pts_7c7f4ee34f363ceaf177012de185545b8b3de24acf9ae1ac3d33d6a12d88c537,user
k6_bidder_305_0,pts_3a42aeb1b92184b8e6f97370463f8e34b27e9985b4e60e93018b640d055b9b6b,user
k6_bidder_305_1,pts_1414549330df34c1aa0161831aa7095654b347a0365b491ac0357bb2351d9be2,user
k6_bidder_305_2,pts_9d36339cb3a54980e3aab57299afd91981a2e08702da85241ed066fe0d7f9931,user
k6_bidder_305_3,pts_6f1f8806cc6e0d89b48eb7ff33135bc6bd26f892fe82ef0add85c12fc981d372,user
k6_bidder_305_4,pts_a00b3d6fc4ac19a7b9fe3207dd817ebfcd1c41775271b48fc2cf7f9a2ac07fc9,user
k6_bidder_305_5,pts_8b64274e790845690bc26c46f8801e844ebdabf74c40587f5768d49c12729885,user
k6_bidder_305_6,pts_10f44e38859429e61556eb0d8e0620065060b4cc24e740ec59d5f9ad503fbace,user
k6_bidder_306_0,pts_c5066e5296cc3e2dd3c83c08e278c823f09d363c2989ea33d4c7e70eedcac71e,user
k6_bidder_306_1,pts_299f3a3c13af94e4618edbc9a652fa2e261c76eb3b55c707c79e6bfc085fbb23,user
k6_bidder_306_2,pts_66d377d2b53911ab2cdb3d97b2843f20e15a8b03474697323f789fc3f835dc3f,user
k6_bidder_306_3,pts_cab2b772422cf442f9ce1354b98e91753b48d5cf08661cbb3fedf597fde68712,user
k6_bidder_306_4,pts_ef97b1b36041e26614cbdbaa1a7cfad1979dc37a8c9d4ef8ae5216dcfc6c0b82,user
k6_bidder_306_5,pts_c65b756bc99176b8b49808de1f4c654eb650b3d8936477c133527c1e996f231c,user
k6_bidder_306_6,pts_20468871d984578376ef04ff3817c24ff68d81845a53179dbbe38c6bd974ae94,user
k6_bidder_307_0,pts_ddaee395b6e169ddf62297c98c447671da5095e1f1b271f01d761c824e3e0070,user
k6_bidder_307_1,pts_ec459dbd094de7e7cf2d81dfd100e40dcd8e813fecb2efeab59366f7e5fd47c1,user
k6_bidder_307_2,pts_1e8a459ae8539fc6e40d5c2e5fb292f387a2e84fafe345977c44f7b9e3e45386,user
k6_bidder_307_3,pts_7f5804f217bde267f5b4cb1564861f38e4a335253b6621367fd50fc1be4cb72c,user
k6_bidder_307_4,pts_e8c1cb53bc9816f39ecff9af64e705a4366fbd1a05ab20ab1527625225d60b83,user
k6_bidder_307_5,pts_88a62b1a424006e1c36b6fa94aa9e96b7f56d8731f08194edfb0e73654afc430,user
k6_bidder_307_6,pts_7aacb0aa92dde68d6b0ae5eb2e2c65d823243dcdc7725eaed16a336108e2785e,user
k6_bidder_308_0,pts_0ad7b5c06c532244e67d36d3230a12bb412b8bff71b3db6cfd2e883ec853e331,user
k6_bidder_308_1,pts_33d580d254dee0f1caabf1e15b16708fba7d05b3282664325d4d974bb7c0071b,user
k6_bidder_308_2,pts_d51a08be3fd4f96a0194fba44b30a5c51aacebdb2e90a723df0214ee2abed2bd,user
k6_bidder_308_3,pts_f7a11b1a265f96ce793f9e494878ff55e2fbc5ec92c8a82c6e79462e80c7db48,user
k6_bidder_308_4,pts_8eca2a98d90bbd4f23be6f9fe7fda32cf032573539b1f3b6ef5acd3b01ab51de,user
k6_bidder_308_5,pts_57e96623b50386db7023f15f78b799af0de1c1d91c653445a2f51943ef646a81,user
k6_bidder_308_6,pts_5d5e8e3520c6600bddba824b85885c18ed32a932b7900a326c0419d7db05983c,user
k6_bidder_309_0,pts_a4038201e2535a1180fad98bb8f3bfd431119b2753794575ab78cc227bf80e85,user
k6_bidder_309_1,pts_cc2ba16cf8547f6b7cacbdc75a513c0c4c2352393e5d2781a619d63162548262,user
k6_bidder_309_2,pts_32cd1f4960e26b0ad43bc3625edf8a32d1892a1bb78e90c13d83a6810dc79944,user
k6_bidder_309_3,pts_fb9e116f9faa9822980f069f800ab2768a0abe0241dda7246675c814083ac7b3,user
k6_bidder_309_4,pts_d37d83fdb3fe8fea905a73fc6528b2ff287ea490ab9c8f6e04acf948d70627f0,user
k6_bidder_309_5,pts_defe32979bff93434d87994fbd6cb7298621b991446dd844f07e0aeeaeb06372,user
k6_bidder_309_6,pts_59bace9fd68448a438e40718010f3591b4ea5921e8b81cf20294125f42e86b81,user
k6_bidder_30_0,pts_5a2c0ae3edef75d52d7b60ba98dfaca0550f9f456c08ef4c47dafcdd3035ef89,user
k6_bidder_30_1,pts_932870df47c93c2534751260df36fc24958f22fb8ea96a511cc8478813fed479,user
k6_bidder_30_2,pts_1fb781969058b226c4a3b8cd1d1db9d795141d69617d749781e029fabf064a50,user
k6_bidder_30_3,pts_5808adc641e935dbcdda80e394ab9d7b6263f2831a8cd166fbf17665e17e9b91,user
k6_bidder_30_4,pts_ce556ef7b1ee63106050c2efcb191bddb8e8fb7d2b30f0545e6346208b627829,user
k6_bidder_30_5,pts_2937320bed1a5002044826f55a9c8561ab3401ead0d6125d51cf6f823d9f542b,user
k6_bidder_30_6,pts_b0a9bb56213db370b182bcb031406dbf66eee6cd0f780dc60fb7700c5809d9c4,user
k6_bidder_310_0,pts_340a88667af831cdf5b56803ba336946864a82f0b5d6d98e41445b03b31aa7f6,user
k6_bidder_310_1,pts_61455a076f691990bde2aa8aa04adf8de85f7043b2735382ea1d203ef1df0ad9,user
k6_bidder_310_2,pts_2a3a910a5436255519b60108c9bacaa93e468622be44de62b108c5b92f1196ab,user
k6_bidder_310_3,pts_bb15dd8b8bd1b840d2497b0e0c84da4b96fa972e7f05e235c45686bb7b97d6d7,user
k6_bidder_310_4,pts_7fd2559a3bcac4422d5bd35a6ec898e5b9915a85149c62052396b689f13fbad3,user
k6_bidder_310_5,pts_1836f96678a5224327319b0385329f2634427e082ecfcd0006661fd9794a3a7b,user
k6_bidder_310_6,pts_b4e7021c0bf6f4ba6014414199be20ddc01aa6404134d59470c911f4c93a9cf2,user
k6_bidder_311_0,pts_9ab6bf81f549e347a2a268b28131ea72f08a88373c1c4be5f4ac27ffc27b6f0b,user
k6_bidder_311_1,pts_2f7499ec11a72c19d000509a103c0f92d564fddada58f719d122e4bff226c64a,user
k6_bidder_311_2,pts_1751df0cc1894cd9d2fc03e5c5ad71fd86eb89d5d4fb8bc53439537d348fb539,user
k6_bidder_311_3,pts_04fb87dacc803deaf58889f1a18f83c6988e8e9422e5c311836e68ec9d79995b,user
k6_bidder_311_4,pts_ad64752cbbd9fe601346b84d7dcf59bbcec40d235a2be9a62ad86a0267420dfc,user
k6_bidder_311_5,pts_1a0e7846eff4820038329702944b86a06ef325f15480c5cd4c5807dd234ecf80,user
k6_bidder_311_6,pts_2e3bc84cf1a83f76f902ca626931f1a28e6f6d2e177c41a5dd759d31e204db79,user
k6_bidder_312_0,pts_bee5ad52063ebd501785a0892311059c9e4f5c9c1abe7568a688e17c3edcf333,user
k6_bidder_312_1,pts_75879fd15b0d89cebd020f215c084dce2918f80529b3bbda1bce7d6f662f716a,user
k6_bidder_312_2,pts_37b3224f4644e1fa3ce6677ec2abc0c302cfef82b86adaf29cfcb3ac4e04b7e4,user
k6_bidder_312_3,pts_f670afe961ba23615309fe56284d83ddf068a8c8bff87dad5f36e446e8471eac,user
k6_bidder_312_4,pts_35ba903451f1e42506dd20802a0e57c8f20c36f90d98802854b59a99b62a1a97,user
k6_bidder_312_5,pts_94f00a9be28e44c46569ece792ed660867e0a61e4586ee8c18ce6eb49796c85c,user
k6_bidder_312_6,pts_01b306a3bd7d71f9e24c7f5e21051443e4630996c153c0ced25c2cd71075f6f1,user
k6_bidder_313_0,pts_5bc8687b92c6ecf431d46a8f4fe0fd15fb116e9aee9887f9bff6823a4925ab44,user
k6_bidder_313_1,pts_abe6a3b461f8c29d95c578ef47b0a30400fa9ed378f42cad0599a9b80b911f1d,user
k6_bidder_313_2,pts_ada04bff3b1d33432a7c59e24d33f96b7d8db656d5b6f7c343d6faf9140ba45b,user
k6_bidder_313_3,pts_f6285f7da7cb0de30c71650a2d122142ffee263918c05a1cc6c0cee99942660b,user
k6_bidder_313_4,pts_d1fe5150f6f1c4083de0d229ee75715d810c7ebee59c5b1269b8c707dd1d1305,user
k6_bidder_313_5,pts_5174c96b0daadb3084086baacbc483c61714a9822872113e1ca97ad893f9e89f,user
k6_bidder_313_6,pts_ac493a056c72e316247e60424a7ccf35b2fe46b67a37ab6bd3c5cf4eebd46874,user
k6_bidder_314_0,pts_222cbeec13faad391f35cf1b94920d0e580a6d38fa3286c3f37b328aab21fedb,user
k6_bidder_314_1,pts_9d1c162e1f6f529e0497e1730f75aa52e5450e471c12fc7cf3d53ba118eec600,user
k6_bidder_314_2,pts_02f443ff8b61a301735f4b6988ccf35bb1ed570dcd8c41eda79b66eb828917c8,user
k6_bidder_314_3,pts_9d9a485164d298f31c5037ee0b9b54dbd5d5fa9df2e55c09cb5bed88e983fd40,user
k6_bidder_314_4,pts_d380c254c1bff907bc509622135ebc3c15e5d5a596c3bdc3f861f4a7fb0766e0,user
k6_bidder_314_5,pts_bc8b36dfe0b6a7ea4d86173faf939e9dfae7b22dd67c12fd1f25c11608149694,user
k6_bidder_314_6,pts_23e08ac63835d1f606e21b04e2a276590870dd2ee9562bf608cfd2d4654d70e3,user
k6_bidder_315_0,pts_7b9adbbf66afb8e03fea50cef8ba1aa799b4126f70315709f812275b1104970c,user
k6_bidder_315_1,pts_11533725f8694bb8557088806f9ac5d983ac560e5ab262bcc838ffc8a6dc823c,user
k6_bidder_315_2,pts_0713d1e8df122d28a260128233940132a6aa43df5664bd6b051bb2540b79d2d0,user
k6_bidder_315_3,pts_136168f221763a1331c818e1f80404529384efa57bc634b5be8308f3b87f51de,user
k6_bidder_315_4,pts_a88b642a07470eb4449dd4080135de6fe8c2d1bdec44967d70aecce82702fe6b,user
k6_bidder_315_5,pts_a6e3758292a4fb1b268509e76e22e8bc5a53291b9ef0c80bafe9bfdeff2c66ac,user
k6_bidder_315_6,pts_b060e83008181a093d4e6752650dbee1365a1f42264c6389f32e242c081ceaf3,user
k6_bidder_316_0,pts_a936bcc9acdc9f4f6fb10389bb54497a942dda1f279769f2f3d883c6a5fd0ad2,user
k6_bidder_316_1,pts_ffa8bfaa6d113c77b005f21461bd8f506a2887e0ef6c76e5575afad58b9c1f03,user
k6_bidder_316_2,pts_b5051542d7fa146c24079d821e31669ace6f140219760ae91c9d27d6f8a2513d,user
k6_bidder_316_3,pts_0b6f26040ae647b94dc3ef973aa3ab19e02ceb77a485ad763e1c2195000aea6e,user
k6_bidder_316_4,pts_f2d8d61755147b4ff9d08f8c32165928513bbbebd700f270909ea66a18a6357e,user
k6_bidder_316_5,pts_dfce4491d9c1f96d5cb329ae31a09febfab80711d7db6e2c91fbe3a0834b6aa2,user
k6_bidder_316_6,pts_ad9ed9863a358242a4999ec523da486feb9e5752a44886c1d17fb26a62a0a621,user
k6_bidder_317_0,pts_6535cac7c28139dc287514d0ce7bb7a9be34c10d9a9d97eee2661291b5180a5d,user
k6_bidder_317_1,pts_82df9a34164fa1d50ee6110c50ea5bf313664dc97975b8dc7088997a71b0c0b2,user
k6_bidder_317_2,pts_0b5124d082d0cdf3ecec1a26b0dcee92dd4887adc264a92ccdc3432f398eac2c,user
k6_bidder_317_3,pts_4165b6f67838f3287f7b213d0f428a46aad995ffb3b0e90247d702f6d72f9226,user
k6_bidder_317_4,pts_f400ac1fe39aeaab8bd8be1939b50cdab321af5ae44e69fe50dcc88bb8053e6d,user
k6_bidder_317_5,pts_24d832a1b7aeed16920e09688a9471949ff3c094fb74a126a6b713c010825879,user
k6_bidder_317_6,pts_6d9db5902aa0b201ac0e9a3bda98208adb1907e903ffff8ffe69e01d215ed0e9,user
k6_bidder_318_0,pts_f97cbd6a7f231e4327cde449d66b5bfb5b38835434ff0de7fb58486ad6f9352c,user
k6_bidder_318_1,pts_449826cb8d849e8c6f5ceb961f9d801df078fdfdbddd29535d7683426513a282,user
k6_bidder_318_2,pts_0dd8b4c5f07d19a6ca09b891c23efb00adb8c823161bfeab0741ad68aa976085,user
k6_bidder_318_3,pts_209dc89a86c3b64fb873b0a0aecc0420e4e60312ae20426ba6e2a756c86abb15,user
k6_bidder_318_4,pts_b9ac2314cc090010bee0c8cc8166d6689c415cfb4db496a4892936980ebb9d54,user
k6_bidder_318_5,pts_b111ff5b18852022716bd2e9c2a97a459d87c574675d11078b5513ef4a58ae5c,user
k6_bidder_318_6,pts_2096eba7dab4f19abf1c7e243550d0dc25c7a8fc1c72248e83ca6fe6402d86ec,user
k6_bidder_319_0,pts_9f6928a25e98b56cf9c43ac933bb41049e1f18972682879fe38478049758344f,user
k6_bidder_319_1,pts_1ffa3dc9817f5d1d681e4f978ed78ecbd81daafd4d92ccef765c09045ed417d4,user
k6_bidder_319_2,pts_0e2c15b81e93ecf65dff7fa0759c2c59c8ae773b0f58aaa2017348ee0be0d976,user
k6_bidder_319_3,pts_ab39d65d0672130844188363cd5e77a5a9c0d552e83b87a665ce2ec56bc9d36d,user
k6_bidder_319_4,pts_68f290b593485d2cebd55458ee031c6502f6b0911db085e18e7cb8ed2303fec4,user
k6_bidder_319_5,pts_67593aab2c825cac41ee1e2fa0111ae858111c21d9591e2df114719363fc4c5e,user
k6_bidder_319_6,pts_91b776c9d85e6b8261d735fe49a5cefd34ae7a852677052ec482ecea85abb159,user
k6_bidder_31_0,pts_0e89f0619735144735fe4944d7799dbb12fbd6d1617aee5f3e5b28aa2223e683,user
k6_bidder_31_1,pts_2bb2888bc835a93283154edff64121a45213ee87fdedfdace45f3d19b8ce8b95,user
k6_bidder_31_2,pts_793f468691df3f3ee1ca07887ade3a37e1593a7d004da33edead80d4d624eb47,user
k6_bidder_31_3,pts_41fb9acf4ec073b70f97280f12c4c99da7ea6f16a28808287a43cdf8586efc00,user
k6_bidder_31_4,pts_63e4c16c22ccd278777d2591fe345081883f4fa2e9fd100714798180de256977,user
k6_bidder_31_5,pts_7f57a8b87b24a4e7b55c3071ab58ed889f47ab99b7f10f20a422460b4e23e7c0,user
k6_bidder_31_6,pts_e09993d21fa6834620a9053e7dd2f3acfbb6670c3c1552f213ab291dce77fa7c,user
k6_bidder_320_0,pts_7987145e1133285cd8d4a1e0ed14e002bdfc49487c6d770fb16217fc43521e1a,user
k6_bidder_320_1,pts_eec7c0219a6e763f998744f1543f07aa4930b8b9533ab0b4df31838b0be50b2d,user
k6_bidder_320_2,pts_99b79e648f7a612a0ca02f0d36ac7da8b108a43cc8b0c5a49a9e769315d714a7,user
k6_bidder_320_3,pts_da849a5307ed8575e6fafbc3577a6b0d15675377c8b7e76cb62d6de6b52a2963,user
k6_bidder_320_4,pts_3c548556e94fa5df964ccd704e599fe94285ae5a6daecceab0f85b37c6ea63b3,user
k6_bidder_320_5,pts_423cca5b3bc6540247ebf06415d12f21e2ec8c252f50fe71eb1c40ed30434bef,user
k6_bidder_320_6,pts_e09e22938769627585b1a796fba8016cc9edabb7c6154f263d21b4ac2f5664ad,user
k6_bidder_321_0,pts_20fe706201394421f6ef23f58f4f150e37f8ede2fa8a14c27e47950b24f00b05,user
k6_bidder_321_1,pts_8fbc05204f070aa7c404e60d2b23d8bd734b61c74f506ec37b6ff47e9dbb812d,user
k6_bidder_321_2,pts_123157f4de5beeaca33f6944bdec80ac7ea5b7723f04b41092ad19dd5b920764,user
k6_bidder_321_3,pts_32838178114448fa15e94b39cdfaca44e314ce13d7fb19db84a7e4f3377bb954,user
k6_bidder_321_4,pts_6717533f6ee28d406a3e51ab73c732d222418906b54b210bc4963e8e18dfad22,user
k6_bidder_321_5,pts_470c5799d600eee1fe50b8e899a62f0592a353ee66658dad3de7d94c405aa541,user
k6_bidder_321_6,pts_d743e3c2fb7fe6933722e37a3cddd1f2d3d0f57a501318ae2e73083dc51653be,user
k6_bidder_322_0,pts_ecd1eacefa1dc64390dde7dc0ab2cd0c4c910232e11bb33b475e13d33273afd2,user
k6_bidder_322_1,pts_1bafe0c0b1ef6c266ff5de002378c588dddd8c1e920049b6b1d3590e220eb6d7,user
k6_bidder_322_2,pts_9f10cb02485b907fe318c4fe36dc8e6aaeface129ffc10bceb2f954fa153664e,user
k6_bidder_322_3,pts_6e02fa055214e7aaf0cabd43100e222495eb9c9470787019147e7848aeeab06c,user
k6_bidder_322_4,pts_dfc478d04e6e27c1c9eac3433fd3fb912e431a473e44aa950c3d1c8bc58d9ff8,user
k6_bidder_322_5,pts_3c44ee5df2ab341fa33977ce90418a0b3a2e70a124c261963d81d4ed099d078c,user
k6_bidder_322_6,pts_57c9e0ce3a46d3f2533c7ca367c619ccaeefcf1ad2f7e94d2f8ba3416ba697c1,user
k6_bidder_323_0,pts_ce51876dde138a1748bae289fd73634ce25ce4cc93e39a618d09d03f5917249b,user
k6_bidder_323_1,pts_e7820b216ea31b20547d6345dabf54eeb163f0df376e33e9ed54b53a1ca59a6c,user
k6_bidder_323_2,pts_2353facd8828acc117bdfa98c360f164f582fa6d56890d1f203754062a0992d5,user
k6_bidder_323_3,pts_b2f22def16f3dd4a6cae5873d94d6f9fe530c631e0295812cd430df2c15a998d,user
k6_bidder_323_4,pts_03f94d67f962ad8b78c5729c6879cd0a9b4f46479ac8390de588d5ec8d9277b0,user
k6_bidder_323_5,pts_c121bbc99d1b4c71a743d7cee5e23623ae11be173d27b1382b764b2b697e2e8a,user
k6_bidder_323_6,pts_04e33f4e55d67f1d6169c4cc541564b430dc2098e4000b2c684363c42e00105b,user
k6_bidder_324_0,pts_62f6ca3f969cc2aca08f03db54627333ffb3f365fb8ecd693773f96cd99b567d,user
k6_bidder_324_1,pts_0a791d58a8c9b650adf2f518bbdbe506f56f87a9f249b004a6bca01e7b5391b3,user
k6_bidder_324_2,pts_78c17f1ada5a5e9e42cb8f13c4804caf8c2d143a495adf2f6817e8979a5dd2cb,user
k6_bidder_324_3,pts_52b8ef0b575cef2e4db0bbbae3186e26a2bc0f866e131ab656268c69a67d976c,user
k6_bidder_324_4,pts_b1e7b89bd104cbfb6851b5164019c4c1d654dfff5af727715f9df6cfbee08987,user
k6_bidder_324_5,pts_4c10828295fe6563198d73f435810abbc947e130ce915dd251403f06df0a33fc,user
k6_bidder_324_6,pts_c3d137747b2e6dd7db9463784475e79a8740eff4f4c558d6d7634e58ca19ff4f,user
k6_bidder_325_0,pts_f143e9f5edb8a59ea37b458dcdb9e0bddc12ce7dc1360a48d6da3a8ab3d75148,user
k6_bidder_325_1,pts_e74c328201800e3bda827d6859a533a30ad4f48e0bc85aaed4b32261a76d5a3e,user
k6_bidder_325_2,pts_bc1b5ffc0eb372b4d329cabf5b2886b2291e63d6bb46695417e3913f33ae1870,user
k6_bidder_325_3,pts_480989c1d4b8c4e7e2d759dc2549fc7015e0b6fa490585fbe2ba96cee712f8f6,user
k6_bidder_325_4,pts_82e43d36e5f0ec9a3cba9112a17c6582b87a9a5ad4b30a27d156f7dafd291cb8,user
k6_bidder_325_5,pts_1d0241750b9a41ecf005af616eed8da944a61e0abed3f5b73547b60a082bdc3a,user
k6_bidder_325_6,pts_d1b4cc30680fec54911cc83edf2136d2c762a12df780a10f036ca46e5773e05c,user
k6_bidder_326_0,pts_dc5f7e8549e3fe60aae8e6bf6c16c3f95570577a562d5256c680c57f29a413b7,user
k6_bidder_326_1,pts_ad65f6a62bd78a0e95b249c55d8eb328d05480462f3b51be7035a13907707dce,user
k6_bidder_326_2,pts_e4bce5652a30d1af229a76680b712ad5ffe22944c30a85c23f76f4e5c154e99a,user
k6_bidder_326_3,pts_c078b64d4bf11e48eddfb201739c8336fafdc393f732b906674be28fefb73ad4,user
k6_bidder_326_4,pts_0b02ebab6ef23fd43f9246565847922f034c286d514eb962c0e873ea6b0540c1,user
k6_bidder_326_5,pts_a23b22b1afd8ead68aed66ec500665ed58a6cf656b612548c96f2ba2dcb713ba,user
k6_bidder_326_6,pts_91c2386092ef6202d14ae2fc02b9b384b1c091cbed15da3e532c58b7335a0aa2,user
k6_bidder_327_0,pts_db0a36ea3ce235d42a270a8474a0275a192b1235525089dc4728adb2564000ec,user
k6_bidder_327_1,pts_6a04e3a9eebe84423282f890d091eb115b607da6ec1db1edab5624009b779dc5,user
k6_bidder_327_2,pts_32f7994cb6758b8224f8ac12da098ca1dc6d673aebdb2bdc1ce23a221d2dec29,user
k6_bidder_327_3,pts_e89c8a0d6e1a341b5b2f496b3ee34958c955cffead0a77a14878f82415291266,user
k6_bidder_327_4,pts_a589d4a9895197eddcec0719ae3a20741e7868e5ba8f6911e24c3ee8ae248b97,user
k6_bidder_327_5,pts_81a37f4363ecebb7ffc52da7f1300bac5ce289eab9e3cbdc66d051a2a815760f,user
k6_bidder_327_6,pts_fd4e79fb84ffd7a80fd1acb87315ac1cc2152b53fdd1fe69ee4ebbaf9a525888,user
k6_bidder_328_0,pts_2c702531ec8fbd6a22bd8970c850d3638ca127bb27df32329fc7c84b1bab73f0,user
k6_bidder_328_1,pts_07fffc4b8b455a14d488e15eeed1bed455b6d937c85fc65ee40fb3378bff0697,user
k6_bidder_328_2,pts_223f8f01a22de181f6b9f1108df0b0500956a7215b5f61ec0c8810e0bebc9228,user
k6_bidder_328_3,pts_6e5fc9402e9a009e3c61861f3a2de2a5158e1b5ca4407c7dea8ad95b71c1ba0f,user
k6_bidder_328_4,pts_4774bf7bd009009b1888124b0a12ad8c5cc242b9abc42249ce480509188f8123,user
k6_bidder_328_5,pts_a142b91eb5cbfaecd19d72f9ff353d0679bf5ca0ed05adfca18b8826b7466868,user
k6_bidder_328_6,pts_b9532a26f6e6b7077df8f1511c073c50c91114b9667301f9c3bdd2ee7a369417,user
k6_bidder_329_0,pts_9a78a4f86351b7416329567367aa6befb9ce3dd674fda05c30de8c9ca20036e7,user
k6_bidder_329_1,pts_38a6dd48c963150a1f1a2ef492393dd2d0fc24ceb354c8ae89fe9ac1bba8e768,user
k6_bidder_329_2,pts_78998832a7072b42be82c5a2b9e6c3b5972dff141f62202e05e3c0fd9773c903,user
k6_bidder_329_3,pts_5d6e48bf326ae793bdb83dbb206004b47a4164a0f69b81759bd70bf64e558d2a,user
k6_bidder_329_4,pts_350ea87273a474cb726ad26b181e4ead79b146efecaa64fc694bdcbdb0b67469,user
k6_bidder_329_5,pts_2873b66b3911b759d8ad613f3aa7848e84891dcbd499cc29cfd57b41d63ad567,user
k6_bidder_329_6,pts_f02dee1e7e4d2680e53c4f8f2c8b8815f9b33d305c4d94592b2e8ffb6173d8f5,user
k6_bidder_32_0,pts_cc751c80b5811b132b297f45df8582844b957a565d7de341465664548cae69f5,user
k6_bidder_32_1,pts_95ae2e2292ab9094847564db61f5481fcaf4c9196ffc270355f9b0a67a471b12,user
k6_bidder_32_2,pts_249d9a16be6d3521b044ba90c27dca67e4424e272fafc5178d767ccf99eb21d8,user
k6_bidder_32_3,pts_57d2700f03fae2a91da61ee6086e42c2f5ffd63ac623efeac9cc632ee89bca14,user
k6_bidder_32_4,pts_b490b003bda4307a90bf1b38eb6d8d813881097e3c4e8f4e4e5d20b8a10dfbe9,user
k6_bidder_32_5,pts_44c695e15cca5eb92172b5931b81217875eab38ef31339f691e4904b08443931,user
k6_bidder_32_6,pts_e4449ecc21bd246d743d59c2557a9384c66e28067927ba94df3600f3523d834b,user
k6_bidder_330_0,pts_ececb25b2a139cfe4466c1baf8ce2ff238cfe9a3afc055b87ebeb471e344d2dd,user
k6_bidder_330_1,pts_e3f2ba29c7b8dc01aa14f50ef7d29a085b888f40ef8fae2072e0b367ca439060,user
k6_bidder_330_2,pts_248e3d603cfb9aa374dd8c3ca9df15a51e047b742e168b450c38ca88787935b9,user
k6_bidder_330_3,pts_78ab438fd265c7d9c98a34a970e2638c23e78ee862002c90493fc177607e19da,user
k6_bidder_330_4,pts_4a3b7ffe866d975a3c640804e5e1de910f285cbaa8329c6b270eabab2f7b3e94,user
k6_bidder_330_5,pts_4bb62f8f22f2e99e3ef477da5a2942961d8cfd6f74fe684a2f9e4d855752288c,user
k6_bidder_330_6,pts_8f2cdc7775c4f9ede1a64c3b81c6283b809f86e8ad456ffb3c19e8024a9d48de,user
k6_bidder_331_0,pts_d591ab393f0addcfa0b940438f17d17797fe9d2059f22a5a9b4da0cfeb4e85a6,user
k6_bidder_331_1,pts_286c29e1b97ec280acc24c9fde96a7772b1740fdd103325aa1a95c7aafe0a932,user
k6_bidder_331_2,pts_28355a9565cc140e48b21fc1c3da126efdd97e8494cb5d43727c76f170b3b525,user
k6_bidder_331_3,pts_206691afb436c46fbaa14c371b348c10d8bdfeb16bc8da7269a0e13870589a83,user
k6_bidder_331_4,pts_57f1fe6598a3fabae771c961a04c15535e3d8355b21d0080e18556fa01dc5538,user
k6_bidder_331_5,pts_9eae34d78d639d1fcdebced959a58de94affcc7715a5f3119216d23ec4f8d151,user
k6_bidder_331_6,pts_04c57dc6f071216b64b25cb3376d20259e00da32b9b0829bf2c7bfd4733a17d6,user
k6_bidder_332_0,pts_375d3110aa39e63c8706aaa67b1d0691ee6f33ae7bf6290aaa8a4b9aa4495944,user
k6_bidder_332_1,pts_baed55861c98e7702455dd014718f7adb6bd9454c29919e89cc743f0d32dc3f0,user
k6_bidder_332_2,pts_ce266d054da8ffaeec728b5a71c5174999fc9d6940ab77d962bf2873a51bf6e0,user
k6_bidder_332_3,pts_c0fa0d652ff613840e1bdb04dc7e648c3a34faaeaa80e24f42aaf0762a3bd896,user
k6_bidder_332_4,pts_37b878809b7fed7fa539ca71d8484b79e764d24107d89785b9304bc762d37ae0,user
k6_bidder_332_5,pts_b74074acdf60fe24c1b8c02ce4780224e23cee8454066c570878d8b46b726410,user
k6_bidder_332_6,pts_ae383d82a4507793e17654346274d6f8669520fdc3322a3804657ddf19a2e4d7,user
k6_bidder_333_0,pts_b1314f4a738527a251036a42bc64833e5ce01827f82223fe37b59ea97fdab7be,user
k6_bidder_333_1,pts_08f6c636b7179befab1e8e0e6f4f38732e88dc2f0bf22a453c7ce40f31d27fe9,user
k6_bidder_333_2,pts_cd0e3c81170bea808996747e349c604693f2cf2e89379ec625db3b2952ab5d77,user
k6_bidder_333_3,pts_b108ca087620f73a86a8f6155aa812b3a3d574c46e3cb974d9d19a6113d380ad,user
k6_bidder_333_4,pts_6f02376978ea5485fa655df88b9eba8d8775e71f26228f0d1637986c4f2263c3,user
k6_bidder_333_5,pts_763d50cb1cce670aff114a690d4f4523adde2bd3401d6f1e19cbe89061fccf6c,user
k6_bidder_333_6,pts_5233509f25bb6ab96d128628556d7a77dc415f977f85d0f0e7db3574bede92dc,user
k6_bidder_334_0,pts_663484dbcad1791867141d8531a26776c5651aee3c7be39df883fc9e71e7f1e2,user
k6_bidder_334_1,pts_486db2e7530eb2d29a5ec75dfd17cf108a53ea1212e5d21fc0ec8570ba6214e9,user
k6_bidder_334_2,pts_c35b4b609fe40c0f0de7a183a6d39ce3e726ed092cb1a8d998caf619a834ad63,user
k6_bidder_334_3,pts_c32e4e7bc5460318cac21cf4f1884bd5eee3fdb5c4ae3206a21b8454c76d1e15,user
k6_bidder_334_4,pts_18ab3c01eecd1e93ca53b80b6d1683b139f22e8de11d835d1bf2b3eabe051dcf,user
k6_bidder_334_5,pts_a4a4993020e953074d4e9c20cbf0059b72dbb79e50dd37a3e80a30ca8f758072,user
k6_bidder_334_6,pts_def60651294b541b4f2d62892c9106cc3ba82a3bf22c0c479f24120a52fe47b0,user
k6_bidder_335_0,pts_8bf8e18b278feb58ae579f7b414bb07f3252c3b99f450d05314db5b9e8230b13,user
k6_bidder_335_1,pts_c93370fc314008bcc2003784869de876418502d804c6bbea36d321f04b255890,user
k6_bidder_335_2,pts_af0a3a3f809c3ecc5efbf0669bedc812b5159eb404bf2ea09319b679711a888e,user
k6_bidder_335_3,pts_a7b373e4759bbb4a2eb144070ac37e4ad7b4760032c90cb4ceb761a5a01f378b,user
k6_bidder_335_4,pts_026cfd76f0fb779c239530335a6d3c29b207266dd5e4813a7e191b4753de4c2d,user
k6_bidder_335_5,pts_b0080d55f855b26fb906c5c2546e766ada022c651a86a526786c601c6733f061,user
k6_bidder_335_6,pts_a1a23b80e984cb4d897a302cd7b74fcc3fe8006cecfeef41c38f667ec858cb2a,user
k6_bidder_336_0,pts_22d682debc4926b7cf7d0f0545c1f02cc3bd535806915492fa575d18c6f5e45a,user
k6_bidder_336_1,pts_2523c96cd9aa9d32c79af9efb7a5379d260bccd399f571a90e03ddd8d2df28ed,user
k6_bidder_336_2,pts_e5ed383c1d4c4cdc391cac5a7c5b31c2356e3585b5cd183ad0955806b424b3ad,user
k6_bidder_336_3,pts_819204c8dddeda9d84cfd281cef9f8467f24a09c84a119a200106acf3e55e0b9,user
k6_bidder_336_4,pts_fb59cf4f866e8072a2b0bd444346397f688949e0d48f450f7f6546bcd215df5d,user
k6_bidder_336_5,pts_de006d6d13582faeddc6b62709c84551c6fdb388522b57f6dfe995635025a9ac,user
k6_bidder_336_6,pts_ec4a4462d48de809af95720532a1a4bb135a0c300b196be52dfb90e58f8c4772,user
k6_bidder_337_0,pts_44eae71ceb28bc81e0619bf9ff869117e701e65b54ae219fc5cd2c2a5aecc574,user
k6_bidder_337_1,pts_288587ed10a14597183178514fc4019beac86654733a2a48d15100e69a3e2b64,user
k6_bidder_337_2,pts_bfea4da948efbd8f701aac484b69834e450986f9094f61cd51ca2ff45584987f,user
k6_bidder_337_3,pts_9713f085d9ac91d7ede6262c5431bfab8562290da6da4dd733429355994c1539,user
k6_bidder_337_4,pts_62c6fdbae85027318f9bf201ef1c7d2e4c400a3a5acc6658bf2faf57e704bc42,user
k6_bidder_337_5,pts_757feb3c32c3b0c627d67fdb68d451967a12bdb5caa886f91ed1f51355201f22,user
k6_bidder_337_6,pts_e8d41f2c0d15f24382ea06183e26a7d3a55e26217c6c11d530add9a53110e453,user
k6_bidder_338_0,pts_93d1bc8b48d464e3f1c3cf933ddf2596204e50d0dabb1a45fdead9a2caf3d76b,user
k6_bidder_338_1,pts_d0f85d98b420016d1e9712a8940a41cfc428430b049f3722c18a90985111b0ca,user
k6_bidder_338_2,pts_5d29dcf11f541cf8bf51bb146198b60162f03502b3c32da092c85ee0ae325b94,user
k6_bidder_338_3,pts_125eb564bbe48389f79b61e57d7b8e4b3be6f2defaa212ccf8edcd81fc94bb27,user
k6_bidder_338_4,pts_1e9a780c24cb573d411f05d4ee2d83cf0e7416b2d0c35242f04cd682ad6e9da9,user
k6_bidder_338_5,pts_a747a8e6a7b857d13301b48511f3dbca736e0555a993a4b1c70429d2c6612fcf,user
k6_bidder_338_6,pts_4cac60e36467bda4ea5347416ad9ab3639991065a879d799799b59052467af7d,user
k6_bidder_339_0,pts_849bd3a8d4df483d8525340b365c2ffeee15a74a00825d2103b3c84cfc94d5a3,user
k6_bidder_339_1,pts_1d17957cc945ad815a6f2d398ca55fe1ccdd459a2e7d81eb1f9f0075972076fd,user
k6_bidder_339_2,pts_d2f32aedc084c80475d65f0318509d3c98c7c83c077e73dfa02a2558164d28d0,user
k6_bidder_339_3,pts_9b6c8e4c988e5766cfca42d9c4ba8373c62eb389e5d1d0a4fd74281ed6453bd8,user
k6_bidder_339_4,pts_fcaca3d4ea2b001762d2b266b48791f1cf0f9313e5b7c36417289d6e90cbc502,user
k6_bidder_339_5,pts_1e3ef073e9fa405060713d5d0b746b56cef85e376cf778c8e91ba4b2d214b9cb,user
k6_bidder_339_6,pts_4eb6a515a31a3e83fbd4ea6b30ae10ead28e5de4887ff5ef653c01b215f46b3e,user
k6_bidder_33_0,pts_6a957bbb08ca8bf81040a201c8aa968115dd852701a8d64feacb1f5b94af10aa,user
k6_bidder_33_1,pts_8adf4d96c733e97f91f6f8113c32608574e2ff771b30d1e9570557c9169d5281,user
k6_bidder_33_2,pts_00012fc7cffa71a07f1ac05d003bc9d872f34f7d76f42f6225916ad34cf24c92,user
k6_bidder_33_3,pts_26314c992dd9e00a5d414874ca76fbdcc1cf308b102ccc3f616aed589da57984,user
k6_bidder_33_4,pts_e85a914eeee9f41ed5be7aea819d374aee74f7c0b85e07c7e6d7385d6339cfc1,user
k6_bidder_33_5,pts_3cf77d2370b4a0f2203e126b3f635143616e3a8fb530b05c44ac54b58717bfff,user
k6_bidder_33_6,pts_08d06bf56523878f99e62c2709a75a204facb4f30e37ee66f73b3e909a7c53da,user
k6_bidder_340_0,pts_c53dce46f4be80cd0973d06e7b70980edb1136f1dfe59729f55dd72106081c60,user
k6_bidder_340_1,pts_4bc0028813e2dc368c4bb4a1dc1fb66f82a85f89404264b8a4d3d2c9ef6216ba,user
k6_bidder_340_2,pts_dc9faa879579f4c9c6ec0f1e29d0ff59fdee9f81f9e82cd1bb64b858bb3f1681,user
k6_bidder_340_3,pts_e0a2e16a76cc2843d45f6e3f7e3a99e6af1a4056e0d25ec18f10ec79b7040f8b,user
k6_bidder_340_4,pts_2cd3a13eb03890e8ad54a6135815f9aa5e2eb5fab20325a21c1ab1e2e24a38ad,user
k6_bidder_340_5,pts_f21ce5b351b11e129f2cd5c5fcda0f65695c5f3c8680331869c830c5003861c8,user
k6_bidder_340_6,pts_b1eb72d6d865b3349500586a7e8c414240dd82c2ce42d8a590c78b5d7deefa71,user
k6_bidder_341_0,pts_bc4bd137c2bc0ab2bff8368dad784bdd08be5240d396949d2e39fce57a6cf44d,user
k6_bidder_341_1,pts_b5a9bc560bba7d5ea3fdd7991ba6ae105ccd13b4006c20b369bd5e192fe5580f,user
k6_bidder_341_2,pts_817870173a02bcf05c70df490cb71866327ec0700316bebaa633e1ca9bb020e5,user
k6_bidder_341_3,pts_d3861a27fbf2dfb972fd3134d8c0d56d941707eec3538c79b09582538781a1ee,user
k6_bidder_341_4,pts_9bc2bfa096fd1d49d3555e0577cc73632acbeb5620668b7b6855b8743b847c57,user
k6_bidder_341_5,pts_cb3949c064f92555fd13dd48adb07c2db667e38a048440f385d6647d99f847a2,user
k6_bidder_341_6,pts_a7b5eb0988f80e71be40200552dd3228d5e873d271c2947be71375d926c0ea7d,user
k6_bidder_342_0,pts_16c812bd2918bc3cd6168d1f6bf214937f4c833358c290c12191735e1cf50bd9,user
k6_bidder_342_1,pts_e7099e5cf600a5c6ecf688fb84fff42c102d31a9abede4976d631ad44933708c,user
k6_bidder_342_2,pts_41bf562ba7ad44e60a20958219db3d0d65f5b5c902268502124f2fa9c06e1c04,user
k6_bidder_342_3,pts_9b3836a079c0f8b2438f83a55c4eaca8e4f28fa543f075d6b6d52eababf0c095,user
k6_bidder_342_4,pts_cf2b656b27b649056abd0719498fdf88ed6c6d71d6e8deb1a6f41714d6880a2b,user
k6_bidder_342_5,pts_623ee30da6dcd548a955efb718b9f7764d3c25c931df3b896229d90904cb9a19,user
k6_bidder_342_6,pts_7ef22dcb7a5593f442d75cbf10e31e740edb6678a21fd1133341e9aa61b1774c,user
k6_bidder_343_0,pts_7b9bce0fc3cd597c3984901aad30310e6743d5b1ba2c9099124dbb457ecb764a,user
k6_bidder_343_1,pts_af8094bd01c99bf0219e0d33e449748473c03ec1852865a3424a4a1f7a648419,user
k6_bidder_343_2,pts_ef72770fabbe2d64dbe76ec6159e28d617f591fe2b83155c7a174c0a922e9daf,user
k6_bidder_343_3,pts_b00de7ba80ba8c65be84efff77dd22c198d8fcf2d188c56879bac23711fa7d05,user
k6_bidder_343_4,pts_4eb020d9b759e648236733e71b5d685322f9f696c62219e3075f1b1cd85800af,user
k6_bidder_343_5,pts_f97fbcb2e316571b88d09ced557c53ef0235fda9ef3c275f8c6c4962e738610a,user
k6_bidder_343_6,pts_d883bd5e6b1407af76ca8b4e716e5740c72b8bd080dc922cc6cb8756f0d6495f,user
k6_bidder_344_0,pts_bbb6b8749f52e8c65635310ff843247b873d1d0da23d8f348db827414d153aa3,user
k6_bidder_344_1,pts_42a3dc2fcc46e3b237ff11a80412117b73efa1fa0cf7c84dc2ac41f0384aca2e,user
k6_bidder_344_2,pts_391f922371ac3882930bb9f99437c48bd2d8f9f0c275e1bcac18bb084b0d0b34,user
k6_bidder_344_3,pts_ed0350b6753b6a82e7ec8c67937e6986a75fb964047911b7cbe23409d37ad06c,user
k6_bidder_344_4,pts_b6844e531c423f920d4371a1705dd561465d2cc510be6d839b2bbae85967ea3c,user
k6_bidder_344_5,pts_8f16f9073f6b181b468fe44f23869410dd1c14cf69eae36940fb69e63221c30a,user
k6_bidder_344_6,pts_b7e7f0869a71043a0a80d7a5240e09c3b6c831b373b5818f9914cddd8de1e56f,user
k6_bidder_345_0,pts_7f1189c73c8b380f912973482636ae4b78fe06f7cac36c3343d0ad0748ae9e50,user
k6_bidder_345_1,pts_39101078c828597f1b9e3be166c50d141ffb5e56280b12ac39b44211e08acbe6,user
k6_bidder_345_2,pts_f6ed54e886fd907457e9f95f0a689af2fc9474a9dc28fb588e6d653564ef1d7f,user
k6_bidder_345_3,pts_6e782e30fc051ed4824dc784b5609a7f1fbeeb670e754fdb80aea0be0e06844a,user
k6_bidder_345_4,pts_95578975ce6d692098144706a5702a6ee6aabeea718d7f330f9325e31e83d777,user
k6_bidder_345_5,pts_8a76fec84e8445df8ac3be08c01fcc49ebd346580b05b7d002e9ab130f765568,user
k6_bidder_345_6,pts_38461d28c21d9c78b2542d6fc297c8cb3d3cd9d0c52463d98989b2183f0ba22d,user
k6_bidder_346_0,pts_fee632727ce8f4ea7aad726258f945d43e1aa2a61945bb3dea6f471f5426780f,user
k6_bidder_346_1,pts_1480c69a90faa91fc41bd8dd1929c6b0ed4c185012f05b9adb3ecefffd1fe940,user
k6_bidder_346_2,pts_9f3e040bbf6aa989bd8287633a728f59009378c74a28bb967c5a6a890c49d4bd,user
k6_bidder_346_3,pts_56c2c1ec446c25c95d49290f4bed4ee277802912d7717f8573f18d6866765041,user
k6_bidder_346_4,pts_8ab91c530f53d98fa1cf01fcfc693f546a35ce097b5212f21537a8ebf5a1a692,user
k6_bidder_346_5,pts_dd3dc42b1964a5e647dbda36a9a1379fdd28be7c0d91b3ce0c0b2bf181fa5c97,user
k6_bidder_346_6,pts_2519acce6c2ec10881e7709d3661031ac7553c62dc8517315a19fd4db0442fd3,user
k6_bidder_347_0,pts_fecd5eac433cda23acd3bc210f5b05f2282baed9a4327c834b2b25cabeb53304,user
k6_bidder_347_1,pts_29beea7058e34e902710dfb4601d5e328b08ade8b440b1f62b282c84610dadd0,user
k6_bidder_347_2,pts_c0b636b6872a5ef1c9706edeed6d9fe933eec9594a99dbd3e6a31a27e251c504,user
k6_bidder_347_3,pts_73b6eeecda0a0b94d2115ae41b8fc20a8e8d7c190987decf4f4dcf2f91463a38,user
k6_bidder_347_4,pts_3c582a8e67daf2eee4c0bf9105f36752e5193caaa655abe99bd5cbe1ed1e0d9d,user
k6_bidder_347_5,pts_1c612a1ece1e09577b84ff708b06828bb02cfbc73075c02b8fbdcf5110e12471,user
k6_bidder_347_6,pts_bcd8e0742ef3040b5c04bd11cd382f4bde5bbfd2bdc2893add22572324eeb3bf,user
k6_bidder_348_0,pts_eee9604e7c9dd2ec69bcb924ae579228ceaa975072cfb6d10c56b155946b810a,user
k6_bidder_348_1,pts_cb970eefc50abf61e77c1d89b3e9006c932a62f5c421ca2f821849fe720e0d55,user
k6_bidder_348_2,pts_a98114f06556d5d368d9c2b099197f11bde50592db5ddfac1d9d1562b9b93157,user
k6_bidder_348_3,pts_800fac1af9d227d447640282cc343436d82a8fd539cc43e90b60c33928a18ae8,user
k6_bidder_348_4,pts_69b62003518b22e876f41010d9190ae048146cf22fec595af41cb8b5e44c4588,user
k6_bidder_348_5,pts_a9a1509f38fbb5e220798b5804af5165d13c44926b35acfe92a81962e8a88304,user
k6_bidder_348_6,pts_511a936ef7b414c1ca134b86ed5ad0247ce19fa258b9fb0490d519bf46bd088b,user
k6_bidder_349_0,pts_eb1923113d7555b804d469ecc4b87d6abfe39c8d29eff49f7e06ff8eb0870de3,user
k6_bidder_349_1,pts_3906f047dbcaed1920f5b14f260d01e8ce1d6705da15e7f75a8b1ef338767108,user
k6_bidder_349_2,pts_9a97516e37e56aa5d4a37a45922a09556466fc7c02ec455d2af2fb86be4eb16d,user
k6_bidder_349_3,pts_2a4c62bdf2a92b8a09e01c5b5dce7395ef55d6d9e84128fbed0041008f767086,user
k6_bidder_349_4,pts_f025d72a1736c0d22d9b7546f5d1c8537b15d00463bddeb346ae029e35aec1e4,user
k6_bidder_349_5,pts_aab5aa19492461ff9dad919dd6a814959299206555f052060ecc64d39000a0b8,user
k6_bidder_349_6,pts_1ab6d583d7eb6b4a081eccab7f5986b7731fa37d823825da17ce31a4ee0df003,user
k6_bidder_34_0,pts_cf2bf4bfc2afdcca0b917bfa734fdf92869ee4e136c673b69585cab71175a558,user
k6_bidder_34_1,pts_49f26666e6a67a94f7ffdf4e1ec8c6ac45f8ed2114f7be3362453aa7ae1eb21d,user
k6_bidder_34_2,pts_c6b7b4564d723ec74b1fc5ba053207b01a6c441379b9470f401762ab4a1ae55c,user
k6_bidder_34_3,pts_6b56c366ab050191cd34105c55907e777d596967eebdcfe05fe2f3d036b75b2f,user
k6_bidder_34_4,pts_4286a463bd357c34182a22c322fca341cfd8ebbfafa9bef15746181f49192d82,user
k6_bidder_34_5,pts_ad50b2878d3b02faebde13e00362b8240e290df7f1e3b7d23d5fc005f6de22a7,user
k6_bidder_34_6,pts_e063fdd0739f722981c5ff2b3ff0fd60cf692112a773f8bdce7272df6cd4c567,user
k6_bidder_350_0,pts_0edf7057218e3b4f1365bfacce51a18a0cf254e53d9656f023dd2ac14048c0cb,user
k6_bidder_350_1,pts_96db3e2a44e1511a867ce3f9fb898a05b9f307b4cf6804aa10c4cd76c05aa139,user
k6_bidder_350_2,pts_e9e7454506d2fd6b9e4a9b5f021eb07bb875c569a9a93645b685f4a912264fb4,user
k6_bidder_350_3,pts_f2a2e906a407184bfda1d62c22594004aeb29b178e6a46ed82689471269dfe39,user
k6_bidder_350_4,pts_0b80189d959ad78ea0c759b2857ed71032d37c208a2e35aad7bbcaf8ebafb54c,user
k6_bidder_350_5,pts_463c7e80499a3f311452aa41a54a3ba218257f668c611d5ac3edaadea9fc8f8a,user
k6_bidder_350_6,pts_a30a752ec9c6a5a54566887d245992a97a34a581bf5da8a261ca1e4f8b29300f,user
k6_bidder_351_0,pts_419343dc03ea90038af89dd7e3f4cc6e62ed58bfb1104f87625e762041b67d0b,user
k6_bidder_351_1,pts_5392ee1309f3ad6bb2927ab47bd8896c5dc55d29e0e0c0027b2c151e20786a3f,user
k6_bidder_351_2,pts_bc4bf9ce074a75703a81a1f314661c6870d465c42090f25517bfaa15fdea5bc0,user
k6_bidder_351_3,pts_e315f129d1124f9fa7d5d29a6d94805a5abcb35490284f4cb3e75d2dbe53228c,user
k6_bidder_351_4,pts_597b5e9dc80e7daf9b561a39ae2895c1881880d4f2a516033dfae152fa2211fc,user
k6_bidder_351_5,pts_fbc386cb2389c6a3c83097596313537137098ff0623b864232437dab80c37491,user
k6_bidder_351_6,pts_06ea27a1bc93bcc083ba8cecf3c40234051e7c49232b9a51f3f0e22be1bc8efe,user
k6_bidder_352_0,pts_a0c2342e89c0de81ce50983cc11e927416a17ca7b1bf442f23e29b116854252d,user
k6_bidder_352_1,pts_2b741d13d060324b6ebb241dc387ec91592b0a1e777d2cfd22954ea225c16e91,user
k6_bidder_352_2,pts_809de3e027569609fbf07c2250ac166a35819612bb311c1a17398588bcc3f09e,user
k6_bidder_352_3,pts_0c57d7145dbf477dde3ffb2128d9e61cdc06f85c98e67c57d3b6ec9d3af1af61,user
k6_bidder_352_4,pts_8960a08adca5eb9e333ac64ba16d873f594c3206c42eb854d26669fa29ffd366,user
k6_bidder_352_5,pts_5758105e1bd00ef43d93fccea96f0ee4536b8dbd2fa7b4d66bb5af3ef1d2677f,user
k6_bidder_352_6,pts_69381ccc6e747670b7630ff71cb041dedb2029cc305e334d29d0a28576bd4e05,user
k6_bidder_353_0,pts_08b0c429a95f9b72af709e093ab2510d26c56db401f81ca377a904b0c0938e1a,user
k6_bidder_353_1,pts_2f7efe16e6ec37e4a496e97fa641a6e55c6342dfddf01d205b1b9c80357a4c77,user
k6_bidder_353_2,pts_b1914009f3316eb6d5a2ea4c7bceeb03caf728277c0e4528872b23306aada968,user
k6_bidder_353_3,pts_5050fd73ef20b3da95f03fb3dd567f7b6ec821462eef03ac30fe0b38a02f3e07,user
k6_bidder_353_4,pts_6ff7bb326f0b634a0fc19601d70d28371d84ef939e5ba3765286d39a5085ebf0,user
k6_bidder_353_5,pts_03527a9d37b8fcdef45cc5b7bc29cd6a56b68bf24e594ace51ae7ef29c26d622,user
k6_bidder_353_6,pts_bf745568ae58a01f45d7818cde6bdd608069bfd3b35c7c16fbb28026d99da0ed,user
k6_bidder_354_0,pts_1ebd8361435ef59cf47f63d5bc603b79a7007d614072e5126d727731b31747ad,user
k6_bidder_354_1,pts_b2d9fa3b8552f9b7190a01ed081802af8dbac0d87f07d8c844d2c37ffa7a1eaa,user
k6_bidder_354_2,pts_6726951c93407c94338078d3265f4e8802f5dc2c290cdba2b710855b619ffa75,user
k6_bidder_354_3,pts_e098bc3637bc8392c24dfb84bc722987812b832b65cf9d2141155deb1d2745eb,user
k6_bidder_354_4,pts_e8e7858c70e65b59d58a0f78cf5b6bc59d7459ebae1eecb16ee79bc6f138b20e,user
k6_bidder_354_5,pts_a5323f48fc5f63854d5f564399d1b3e1ef5d0b0a17e9fdbfff9c6c6df25c4977,user
k6_bidder_354_6,pts_9e3f08a27f25ad40bfcef6e6b6e0311937a118c479f34e2d24d00887b059539b,user
k6_bidder_355_0,pts_e339beb290ba428afc5b5a1c051e9c2fcc0c307eafeb0fb91a799799aba4b814,user
k6_bidder_355_1,pts_10ed7aa062b4e3038dd9b48693fc61c34493a68b387e69606ca60de87f8b4ace,user
k6_bidder_355_2,pts_0391a9bd4fc972d2a0f00f0332201ac8a910e9e81b2b4888a86cbb66daf4df26,user
k6_bidder_355_3,pts_098f572d7783b1590dcadd22857715c0df699f4cbb1e21f457778484b5914e61,user
k6_bidder_355_4,pts_32ccf642d254cf70f4e688635e0cbdac70077e56cf97d6849a4961c35322d1bf,user
k6_bidder_355_5,pts_26a8e636ef16693cac8e08fb38274c870e5fbfae9294ec31dc3ae1600f812bf9,user
k6_bidder_355_6,pts_9de3c0eb061053aae720baaf4741c61b5218fcc7d501c3bd5b7273d5d6e8fefa,user
k6_bidder_356_0,pts_7bc049393027a6917050588e9794a120e56b079a8a41b93b4d9e23ed3849b7f6,user
k6_bidder_356_1,pts_198b688e706ff3c57674b1fbd8774ab52f8415bd15ad8ae89ef4d8e2d3a967b6,user
k6_bidder_356_2,pts_c49fdde2ba6cb663b4fe5d5acfebb545d43798bf780877797c4c641f7bfec846,user
k6_bidder_356_3,pts_909a8fa5061efeb0c80810ed78e85786432bbc6ce585e8c9108339b82e1c4de2,user
k6_bidder_356_4,pts_2b357d54bd0a307caf3b26a86d6f10ca37546c99479399a3866562f543e304da,user
k6_bidder_356_5,pts_35952393ad210d027641533f074f110dda9f1dd312dcb75f6542c95df866a28e,user
k6_bidder_356_6,pts_3720f4fbe1d1c4f0396d4353b68216a0d859b45e4e22708776c2e33dd8d1e6f3,user
k6_bidder_357_0,pts_a69ac2102e8047f6fd1c4767d6c1a8b3d1f194ed1450933b8b8d24b4b25c1e86,user
k6_bidder_357_1,pts_daec3047cf7645484de2c07d5b36ad5fb16f6c8889f665c29082a25d86fed1e0,user
k6_bidder_357_2,pts_92236cc41f66bd1a51c86caccc05b2842feffa7ae64cfccc9678b020bde24b82,user
k6_bidder_357_3,pts_9cbfe61a3fead2352be2df21c5b6a514b92db0128b39db7dac536ec0e627385a,user
k6_bidder_357_4,pts_bf833aba9b5a45e1442e87fdb58411e6aa6a22eb8d9a2f2d8e00dc5066db1410,user
k6_bidder_357_5,pts_b2bcfb82dff32bf274a1e47f41661e28d0540fab890c5cfefa05ad431351d414,user
k6_bidder_357_6,pts_ef78ce4304801662cf21df1a190aea2a0c6cf868d3065211b7f1b2972409bb4c,user
k6_bidder_358_0,pts_d336ac550a19b9704126c3efa35904e3fc7c3545f58a28d01709a469d0a93994,user
k6_bidder_358_1,pts_e2a7a5ddb8e850b86f3ca969dcf9c13558ba4e30ba9be4e571638d6a84a4c202,user
k6_bidder_358_2,pts_ddc68ced65924b4f6f0a22ccc7850663e31fecbcb80f29514f2a1b70bc87d137,user
k6_bidder_358_3,pts_931864aea4a977e892bb3fe52a2816f7b0d7dc756dec059aded7339251680175,user
k6_bidder_358_4,pts_e0305d7e197b5e377ace2585e954e24a8f23c56c171d83238945515a21ae2eb8,user
k6_bidder_358_5,pts_6cd1f3ad32c422b5b5f6ca1fb8ae309d447c2c1927958a6c2cf6dcf8b1920bc9,user
k6_bidder_358_6,pts_499437265b0db01f63da059ce79e2022e612ed0fac4ffd170cd2673721c39a30,user
k6_bidder_359_0,pts_440128b9c0609da4f52de81baecc2bc004e61f875f98f63d0c38d14dc1148e83,user
k6_bidder_359_1,pts_eeff0bbf3583916e355d38654b6aa1f742d118caff9626a28e29ba9d6a77f4b7,user
k6_bidder_359_2,pts_0901acb19df98f621095d7b6d8ef3b65931a40a1aa066f91880ca111bf5f2438,user
k6_bidder_359_3,pts_fbf4aa4bcb0a0e0015b7f881b4e477aae6ca2ab8063013701ae2b993dbbe057d,user
k6_bidder_359_4,pts_471dad591a9c8dc3e33328b90b029fb87f2ebe76f1ba4574f4f8c0c1c0f8faf3,user
k6_bidder_359_5,pts_f17421b1992dba736ef0b27ea51e47b538a5ba2d9475176f631b1d5c8df65ae5,user
k6_bidder_359_6,pts_6f364a14a800d784e81394216399c39c7449ec232f5e57e48843fa9a504f9208,user
k6_bidder_35_0,pts_39535da6d8a015213442363a9947ab7fafba7d00ca46f3efb183131d9f47a3f5,user
k6_bidder_35_1,pts_f397447438a5dc0c3038d9677d8bc6e842d97e732827569843b4b6b228074278,user
k6_bidder_35_2,pts_6e5042cc30f6ad6a5e6e19277fd50fc3e964623c1ae6cb8822fa51ab0e2861be,user
k6_bidder_35_3,pts_45c18fd0515d2f51197a0fa3a6e7240d29c58991c16721c9e4a38987e33247b5,user
k6_bidder_35_4,pts_34658ede962381fa2d5a35556c793aeeb16d83996c050708125828f79b7b917c,user
k6_bidder_35_5,pts_fc9e44e2e28d6df7aa66d3390d7e752914aa0266950b2e8163f5dbc3d180fd69,user
k6_bidder_35_6,pts_352a5a0dc6ab473d85ecca57d9608bfb208104089acc3fe2132665e1e4ef2b70,user
k6_bidder_360_0,pts_5268ad39cb9013180e37ef652a0d92334dfe0aa038a9122a094fe05e1aaf60c6,user
k6_bidder_360_1,pts_e9b4cedeb1adf8fa5c7ddb20e124d46b455dd0e915628dac96fd4a70f60e2364,user
k6_bidder_360_2,pts_2617f699cd572f42e4a609c08c4e2ed9c04883dd211a1b4db2c259070397d8be,user
k6_bidder_360_3,pts_996474c54a11c7cd8d8931bcb306fe62462982440a3db14a5ce28890c98ac4ff,user
k6_bidder_360_4,pts_d76c4f1b3073121645fc291f3e9921692f381957dffd76bad307e1729f508d43,user
k6_bidder_360_5,pts_b0715022f0947d16a46ac30f756c647983bd3d3f92d03f304b756dcffc6b66df,user
k6_bidder_360_6,pts_48ce0f647a7ec2a3dba0d5897c0dd6ee1b46917262ba703e7703e21c007b4b46,user
k6_bidder_361_0,pts_89b6684dd644f236bcb8a4674537561815735b5aecf278ee7258563d07b66558,user
k6_bidder_361_1,pts_3c0fe84cdb46dd62fb1b6cd0f96dbaf86dfec93917bcd05c3ad3d1500e93145a,user
k6_bidder_361_2,pts_146ce37554b9390b9cc02c1cd8c6544c6f8a24f53d0c1353d8a202cdb911b47b,user
k6_bidder_361_3,pts_67fd405d97a482362bdf23882cd1847c1e7053dc9559941f967ff99a6b90266b,user
k6_bidder_361_4,pts_061f3b905fa21a1ac1529d6f836df0168726003da18cc3ba74c7bad66d3328dc,user
k6_bidder_361_5,pts_88d39dace3b824ad2c47bc705b8b4bc3b60503c5f4451847828a457f213ab5c5,user
k6_bidder_361_6,pts_1e9614385573388d0625f26371bb0bdeb73c4fb0a04b4d16006ff7b8ca6967f4,user
k6_bidder_362_0,pts_78a698bf06888bd2d681bc013dbc9e7024ca7077d4f98d796a67353292562f16,user
k6_bidder_362_1,pts_a9dacafd70ccad62fee4213553133683a51d87515c79508dfd3d92da7f6b129b,user
k6_bidder_362_2,pts_abc6620761beccb9bd304086ba1b2d0072d0c8b1c6a7a8284e375d6878e58e46,user
k6_bidder_362_3,pts_555f77c81723f293d3c4ae0e6c46b9942b701fd478d6bbcc9b6c8525ac723b80,user
k6_bidder_362_4,pts_41840dfd3838ec03838f62e714adbf2aab0f31522b9e9b0bdaada4f88dee6ee3,user
k6_bidder_362_5,pts_8eb1aefcf697490e36924ab0d97489f2e3bf3adf898f7d953ae475c0323b092d,user
k6_bidder_362_6,pts_e148f3790070514708464ed239f93a30e004285b03560c5247347e56cdf0f3b7,user
k6_bidder_363_0,pts_2245e99f0cfcd140f6643c475f434c3f85505d8188e44a87582145a4faee8396,user
k6_bidder_363_1,pts_0417394fdf790a9687a570f5891b93f22fd256126a4ecdd595cfd9d1289486b5,user
k6_bidder_363_2,pts_60641f3f7b464a6f3ad420e8bde3d299a744ac1c869353c14540a94be6705d55,user
k6_bidder_363_3,pts_6fe54e28c5d532202c6bd13dc0da2c0ac68655269c1f740f365e7aa11873bd4a,user
k6_bidder_363_4,pts_a0c8c59e2249890eca3c753e5cdb68f6ca4c26ec46157079d56cce35daf1ce56,user
k6_bidder_363_5,pts_4809121277e5a846e78f414c3697bc454f14af60ed1249fb3771f67093700e97,user
k6_bidder_363_6,pts_c84a636184b8d2bec9e675dc6fb0b5eb8f7b3005e3c756c0100280c9423f1c01,user
k6_bidder_364_0,pts_f0bfb5a6e460feff423d6d5aa8acde3ac26c1fa345a0347d9e608b853dea2a67,user
k6_bidder_364_1,pts_a91ff29daa5842db1e16cb951a87ddaa95b01364b81478605136609c1fd65b23,user
k6_bidder_364_2,pts_3f367b8d6b67ae4ca24c5a31c6903edd4d0ca61959f685323c1a91a539cad1a4,user
k6_bidder_364_3,pts_d99f672c6756bf2e46e17712080775fbebb46c1e21c5eec1482725650dbc6c3c,user
k6_bidder_364_4,pts_0fa699a7978fcb50f3aeef2d5b48fbaef52cdef89500c1cee045d646b53dfeb8,user
k6_bidder_364_5,pts_de094cca93ad9637066116cd5badcb14c6f8debb517eb245f1b333215ddd8beb,user
k6_bidder_364_6,pts_b33ef5980bd1fd07defdb0797402512b92b626fde9afa1d4a93a27e4968aef41,user
k6_bidder_365_0,pts_6d2516ff9dfc48c3dde8e7eb1b75105e8161dd9e8687a8e3c8c80cbd90a5ec1b,user
k6_bidder_365_1,pts_b977b7e17576e0c961458795a46d668343a22b4cf5ba725615e8a57ddf39436b,user
k6_bidder_365_2,pts_f0daee7904424d659198c720442fafcc91631616d6a2a2bddca6113a76aebd53,user
k6_bidder_365_3,pts_7a3a6b168c9fc3803286e7625dc8ea54a303d99a3ba2f95e154a3f2939012d8e,user
k6_bidder_365_4,pts_ee50c856da567e8ec3a47f814cf5432e7f50599a2596e84de1b29f220fd2c4e2,user
k6_bidder_365_5,pts_ec108366c4c5c3709712d31314a4468dd89e28daf931e8cfa2c51b30333efe8d,user
k6_bidder_365_6,pts_033b6c1fe5ee2a58d2c95af9cbfde96e287b53af000cc69d3c19c0c984bd27c2,user
k6_bidder_366_0,pts_00316ccf8c32f1eab7772d44aa7bcb53aae500eeaa1769e2216c6c1c9dd054ee,user
k6_bidder_366_1,pts_4a26cc7a93c4de4515de9ed7b5614d4baef057641f1b431eba14e70a496472a9,user
k6_bidder_366_2,pts_232237d9daf1e75540824eaa0560e5726a31654a9a2a0a16e38efd59f1a13d01,user
k6_bidder_366_3,pts_32196ed7c1f24386a86b6901cb240811774361d09ac627ae547d8621ac148492,user
k6_bidder_366_4,pts_c0119f8122ee925bff3b57b292f26d0066388ee90eb29f9a13e32147a8cb278b,user
k6_bidder_366_5,pts_3a0c10c37af5073ab673e6bc769729137bf472560f8e2a11c1fe0d707d531613,user
k6_bidder_366_6,pts_36a3ae8dbb0e8bc5d6d9805e7cf4da724828ec3a8f1c416e70278cf45bd30d60,user
k6_bidder_367_0,pts_b794ea439f25269daff392e921892a505d3439e037322dcc434eaf1f0da243f6,user
k6_bidder_367_1,pts_1d98dce07bf89c345dffc7967e7290557351417bbcfd23870b90818cd1d0f06d,user
k6_bidder_367_2,pts_9b7395d9baf57582d7643dfaf15fe2188098f71a9586dcbb8efd17fa01a1c00d,user
k6_bidder_367_3,pts_84cceb7027cef1da0f39f0b18eef48dde246a32f8647d6f3aa8747c319db5083,user
k6_bidder_367_4,pts_6623c0e4b90634c5e08e1fbb1f6f59922b63473fe82c015cc220e4e78f3051a4,user
k6_bidder_367_5,pts_0b41ac7a0038e26bac627d87a4acb0a0c906ce0417bd8af4984d906cdf0e88eb,user
k6_bidder_367_6,pts_e2cf949646826fb86058f4331fb081ac794c220ab4903e09b5b8aa7eddc6a691,user
k6_bidder_368_0,pts_8dea36dbdd0f0abef10a74847c187ea3a34d9a9201b2a887d280bdc8a1836484,user
k6_bidder_368_1,pts_c93eb9f7d5c294e157705aca79ee77222eed787f6578cf90bc2e79160f2f26b1,user
k6_bidder_368_2,pts_2e0b2b6ded4d3cc3cccd6c5255b7f9bc69167da826171f3b2cee935d8edf8253,user
k6_bidder_368_3,pts_2dfb1bfd1c97738514574da84261332e8618a05353e4d8a2f4807c286aaf8ad6,user
k6_bidder_368_4,pts_79f666940477d46d2f675202815705a0f83d470b79d462d87ed0aef41380f280,user
k6_bidder_368_5,pts_f006986c3267e3dc9436b7fa7129df77362fa252b981bcebec1df89876981a48,user
k6_bidder_368_6,pts_c87d7e1e518823d7eb9bbdb7992ac8faa78e33e6f03962bf8929263f638a405f,user
k6_bidder_369_0,pts_faa56c950d5c8c6408da498d92431b523c88b71d76ec311b55538fb3b286918a,user
k6_bidder_369_1,pts_702fbdebb23c7b7129e57e4331cce5cbffeb1566467200f7d3bea3bdd12b5d9f,user
k6_bidder_369_2,pts_91a7b4f67a5360f3224a4d728d2b5aec93b0f5bd8b8950b82b5b907f82529c7b,user
k6_bidder_369_3,pts_9d4fbb4340ddb9620181b5f10518d19d53841e40955aa71f1baeb22a5a1c4bf3,user
k6_bidder_369_4,pts_76a50a4eeb5bd63f1054f11f8db3472903ebd930bbab459c409c31fd00ee8dc4,user
k6_bidder_369_5,pts_9117ae13e19f8e10d0e017e1bd5e8bed92c4fbaee80b626bc7a15cf6236adde3,user
k6_bidder_369_6,pts_849e00106532b9b0d56bbf83800cdeed70984e337430507d97bef27278d852f0,user
k6_bidder_36_0,pts_974d9fd1ebb3333f80591bd576e42fcf74fe3d13ec25d59d9f6a7f76225bceb9,user
k6_bidder_36_1,pts_9d6e0f0cba0a4fe0e539d2a50c95133cb19a1026d562408cd023240f7c08ec61,user
k6_bidder_36_2,pts_74b13dd81cb1df1bbb09715016362478a786d4ecf6dfb765fc36c713545551d3,user
k6_bidder_36_3,pts_0265cefa6d008147402c7ee190b05dcd1f93ad5290c6bb3dd64724dfd26b7b92,user
k6_bidder_36_4,pts_349fb682275ff47704373f7fc1434d4171e15c848efd991569eb483feedf5f3b,user
k6_bidder_36_5,pts_2130ce272f6cdc467d5fb4d1237284102fd79d5334563da27de79bb1f9d80263,user
k6_bidder_36_6,pts_7d6ac3bf45050e33d44f18cc60478f3374f22d02b6950b4985f7364336667a94,user
k6_bidder_370_0,pts_b771ed2ea57b3a993a34b333b039d4c03aed307599e300f47f688052478807c7,user
k6_bidder_370_1,pts_882ec3dc5679c3e7d4b908891d362a438d40de64fe15033b06b1af2476e3c135,user
k6_bidder_370_2,pts_4c58974124b7598e1012bf48a96e526463edb2b2e95b7b564c6087b8476477d4,user
k6_bidder_370_3,pts_0dfa7340b8404796eeac02d89adafb21cf74563703767425281bf5e02485323a,user
k6_bidder_370_4,pts_67e46fabf72353444058006c34a2914a5f23b5de47a4443df3e566fb786bc369,user
k6_bidder_370_5,pts_b14f4376bd265a362c9190f279c5b352d5a75806157763e80e85a7cf149b7c82,user
k6_bidder_370_6,pts_e58537273eb437c35796630c2cae3d3456369be579836713dfec9cdb94b6885c,user
k6_bidder_371_0,pts_d019f69504e06b78ff7c71b498557b2c30975f90426ddfba7c51b2d9e9232024,user
k6_bidder_371_1,pts_bc65949144c4f9bf9f7cc2ec015398a2a734b0bf23f6adb24b8cc9456a8a0e09,user
k6_bidder_371_2,pts_cc65c7c941eafdd3b27808859cd4020b105006203c8aa5c82e11c6897ccb553f,user
k6_bidder_371_3,pts_6d9d1ba7ea1da293ac64c7bda5984481f188c2221a5fd3ce9531d9e45acec650,user
k6_bidder_371_4,pts_92968445e5250f4118bc107673ed933063e0b859e6cf3fa9d9d431d45693544e,user
k6_bidder_371_5,pts_ea04ac1585734633ebc490d319bd9da4642fe78cf3333276205005d791fa827b,user
k6_bidder_371_6,pts_5431c917ce3bbd9c7676031e4e5d1a274bbddb87cc4d8319c55522b8fbed3e22,user
k6_bidder_372_0,pts_c1fcb25ab9e4609b961f4f2da5516b2296f5087f499cc4a6134a1a87684b82d8,user
k6_bidder_372_1,pts_e3d8842c8e568d1e73e4328f8982e1196ec62ee8ed1b5713cabc09a456cb368b,user
k6_bidder_372_2,pts_55a2f8bd564cf562409f84b047ae9d5106437e8cd2941aff4f12da61af85bf6a,user
k6_bidder_372_3,pts_fb2b175dd94c0ed0bd8f39aaadd51cb54069544b25105e5c68e63d1700ddf5a1,user
k6_bidder_372_4,pts_274ffed5f511c82218ef76433d9c2fabdcf609dea9fa5a4b4dbe399dcacfddf9,user
k6_bidder_372_5,pts_cd64e03e6bda5004f9e5920f0ff7d531f35f79b1de77ecca368aa498fb009ba8,user
k6_bidder_372_6,pts_b6a71a611f8027bca6aa4df4264bb768502427ec59c7007408b2a3cde46dd748,user
k6_bidder_373_0,pts_148c8e051ed05d55503f28cac083bb58b5b53d687c44c348b0259f55d0f9e1cb,user
k6_bidder_373_1,pts_8efa1011c19230a81d48e5eee053d704612524ec505e2b8b89c7e68199a4b0eb,user
k6_bidder_373_2,pts_7529965fc37cb86cc8e5d024e2ddd114290c8f3246aa5ad566bbb497a5ac271f,user
k6_bidder_373_3,pts_d9c0931aa8a651c39f61ac8bdc3d3aacdf5344a6289d47e48e5a7ab153358de1,user
k6_bidder_373_4,pts_a34c1f925a4891c5510c162916357924448892f91cab7658b719a081891ebcc5,user
k6_bidder_373_5,pts_a1abb26d1eb82bee01d2c43ddfdfb1a9324c587e267abe5715714c41b6059875,user
k6_bidder_373_6,pts_a0beae56b69744b96a09bd893f657e85fa212e38f89ccdb594079ebcedd85847,user
k6_bidder_374_0,pts_6ecd45d1d6912efc21a5734eb5450054776dd51057808d8c754408ab7fc2c4f9,user
k6_bidder_374_1,pts_f5c72ab74777d2445bcbe547a99f62195227a02cb015e48bb44a06bc6f735e7f,user
k6_bidder_374_2,pts_3a81b24d202c271113b58035503dfa9fc99c48202ecb9169d27bfa41b12cb296,user
k6_bidder_374_3,pts_b2118a43cc38da7217a97bf3cf7064d2066652b74918753d38ebd98281504fe2,user
k6_bidder_374_4,pts_02448e20fa01acfefd56415b4f5295135fcf910fe6ad81a80d3d703fa7ea2806,user
k6_bidder_374_5,pts_d0b8aa8579b18f93979dc5a3b45852a3df22281593e501de12127dc7ae498ab5,user
k6_bidder_374_6,pts_0e70fcb0fc027b786646db76e32a0eed0f701bb2be09252490bc5006db354030,user
k6_bidder_375_0,pts_674c500f17fd6d7819bddbcc1a4a21e7d56593ad1ab6cee352d7d85452585693,user
k6_bidder_375_1,pts_0bc24470bc1e73b2105c00615576ce2507feb33b09afc9a107a49727eade0e2f,user
k6_bidder_375_2,pts_6b0b154aa34dbe57a5a62d1160745df7a54f80066e5a725b81b717b4a2132277,user
k6_bidder_375_3,pts_d7cfcbfafaf215a29ff549df966c6489fabb7def90dd5fb8e116a63e498ddab0,user
k6_bidder_375_4,pts_c423b482808c2ae9e58d8b846982b0311c94aa6d44b617b11dde8f75fbf0adf8,user
k6_bidder_375_5,pts_3914d07ea2a66794c4ac3ded2b1b5fd74f387eacbb7ec24de60a5f01b0a8ee4a,user
k6_bidder_375_6,pts_a3a0b2bd9c5ab9e0f38ea1a1a7f49b836ce139bbced6cc7e4eb559146db254e3,user
k6_bidder_376_0,pts_fae1f015ba52d08604827388155e499c65654f7f90ffc42d7818ab3565670056,user
k6_bidder_376_1,pts_050a1ca335599e4671594afbd7e2672abba8a62151ba8d307426aa0adf9ad539,user
k6_bidder_376_2,pts_397b4f9563bd0bdbdef403566e1d56554dbe6b056d93994edb59f4150812e50c,user
k6_bidder_376_3,pts_34c71a333e0353feb7e46b066552726ca9c6d117063494f60d6ef8e6f5ccc9af,user
k6_bidder_376_4,pts_f951405a298788e1ebe942bd074ad2522e61d00e19e4f1f6ecdce60bdc98bdfa,user
k6_bidder_376_5,pts_7f045092b32ecd591116bdc490a31671af44d9359816b18235ba39e82530ad3f,user
k6_bidder_376_6,pts_d16579005aff222dae879bd1e27eacd621775f5ff39e39f5301105a605507d7e,user
k6_bidder_377_0,pts_594deea5380784c3bb798c27d486943edc4ec260e297986184aae74dc5793832,user
k6_bidder_377_1,pts_d0f7ea072a211d0944981b427d900c4039bfd404415eda0c55ae54a3c103abe9,user
k6_bidder_377_2,pts_4d5d0f6b19c31bc7d957f633f84be0fe42ee765055c7ab74eb02451016972c7b,user
k6_bidder_377_3,pts_f57dcb2e0bbdf20f71e676d5cf1fdc19cded6cc77d11826e7e56d4d39d85154b,user
k6_bidder_377_4,pts_122475ad5ae9ada1aa533192abff64e6729303ce0ad46f9f70ab9cf1312f3bdf,user
k6_bidder_377_5,pts_dab8a69067bcef440fa6c2403c42b5329ebd43f7bcad494799be7985eb7ff1a6,user
k6_bidder_377_6,pts_9bb46491d50e79bbe105fcdeceb897d9b06fb6ae2c4923f7ba94dd03a26582f9,user
k6_bidder_378_0,pts_8dfa4f1ac4ca516ca01890e8d522e15e74360f4a49c4c9d6ab97b003753d3d18,user
k6_bidder_378_1,pts_54cc0db6f7c6013c893c6d4749811e4a4b7ffc9778eee49f1c288007bde62faf,user
k6_bidder_378_2,pts_e14256d84e72e705ac86d03b8b6fbd870dacdc7ba634d275fadd980f41224d0c,user
k6_bidder_378_3,pts_5c3568c0ec502c02326df9d81db07129cc8857542621fcd2a01e602cfcf3a8b4,user
k6_bidder_378_4,pts_83e20fbd4d5b5e89ab21f4fe3638ccfed7c958445fe708e819c788f613d5ecd9,user
k6_bidder_378_5,pts_377191f4d44ccc97aece63f8e84ef598a48c58640b49e43e3ce4eb0908bec203,user
k6_bidder_378_6,pts_f58a0434d3825dd8b52a5b5e082480cf8184ffa98d2e03665b1090e8c09bfd6f,user
k6_bidder_379_0,pts_9cb4a0900c886ebf9104a55023958357d7ada29a4d970bc3d3f40829d57fec94,user
k6_bidder_379_1,pts_59acb949ad8f25b0a0636a98863e99f6fd329b012c5cee6e92cf24bfe5322190,user
k6_bidder_379_2,pts_c8eefe752040536943491e23ae1a87ed154a8939bbabdd0723ed1858238a06a8,user
k6_bidder_379_3,pts_d6fbaaeab0a53511e5397c60b0b5a08080078a7a7e458a3b835c638744ade789,user
k6_bidder_379_4,pts_38e72baf5060ee2925ce2f5795102f712498683dff70651c5914e788643d25f3,user
k6_bidder_379_5,pts_28fca87a18aa5e4c6b578fe137f1756d6b9dc284bac4c3356c94936ee2633d45,user
k6_bidder_379_6,pts_85c8d31b4d0a55c8b6862781aa7c4e7abdbc4013025a4607b9a87c44b4e2dd66,user
k6_bidder_37_0,pts_bd62a4859d92e42159798344669d7005d13a9fa6f1c6530e3fc37b193bea8c3d,user
k6_bidder_37_1,pts_99a56976fa674b6461b6e86469dbb7a0f0fdae0ebe80ab1b2ab3859b500b70ed,user
k6_bidder_37_2,pts_f73008e0ab8960f90e1a7d1c48ab7f90e41ccdb42927238b045ce48da7eeeb25,user
k6_bidder_37_3,pts_cd080e053a638924fd55fdf78cc7613cf355c3296ccf215831bd16e73b3165c7,user
k6_bidder_37_4,pts_e4c63dafc53f8aed28f8b61b0419aa175ffbeab55e19934e35d439c2abea2824,user
k6_bidder_37_5,pts_594ca042dc74eb07dada208cd4752dbc89e6fb3b78ab949a0b88d4b127d55970,user
k6_bidder_37_6,pts_7c8cc271ce50a90c8cf8cc2709b67f1f680b028dc9c7bb0f73c1582346cdd7e2,user
k6_bidder_380_0,pts_f7a71542d65557af9b17316439173c1aeeff66451a03d2f1c68ad6ed0a4817d8,user
k6_bidder_380_1,pts_7472ab9da414c1e9b1ca9de41badd27c74f550eb033438c223fbda8b4cbc7865,user
k6_bidder_380_2,pts_27ae3aa13e9e0f5a9eeae5a559a88fa97d5050f064ee435e141af353a8b67a4f,user
k6_bidder_380_3,pts_3919c6080cbdd1c153a5c8c498f05944271ace5e9c3f358d321b627f2946d0e5,user
k6_bidder_380_4,pts_d3b037db60ecca69dd419a1bd542ad411ae75b77115fda7341530f84869bb96d,user
k6_bidder_380_5,pts_ef7e369deaa17aa357fbbaa4220bf0177ec71c1e2e03e84a41fc352503fbcb34,user
k6_bidder_380_6,pts_45441cf6ee43e63b49c33dbe3cbf5b4416ad03f7b96d4714b758e6c0692000b8,user
k6_bidder_381_0,pts_0e2ed6f512635d4b175cd38091614aad1887a31d5ea371c6e1351c1bda383adc,user
k6_bidder_381_1,pts_ea3a9ecc1eecea21395a3892bb998ce9653bfe9df32d23817eeb503da5a29788,user
k6_bidder_381_2,pts_74e9ee2547c165cfc62e7b73eabb0276fc82c25c7e06c22aa91410152e5916bc,user
k6_bidder_381_3,pts_24cf7caad6cf925b300a887752ad993d700edb98b3d153ea974c4d5c06aa29a4,user
k6_bidder_381_4,pts_6485ef496695ecd027dbf25ad49eea375fb994555d70eac68d0cc5a6e64be86a,user
k6_bidder_381_5,pts_96a773797f352ceb6a564a8b2428b46af55749745c18922a2748f825cf419120,user
k6_bidder_381_6,pts_0a9242a066683d4d6f64f553fe39cfcc04c67a06b109d6d7b3ff5efa5a4bb87d,user
k6_bidder_382_0,pts_a883f21288f31df0a15a85027ade322993af25a44caf90c87c5a5151e347b4ab,user
k6_bidder_382_1,pts_7843b363cba781f205d3c47db4e04404d886944fe4858f59f1dfd5d536dc6613,user
k6_bidder_382_2,pts_ff3a9d4f1353e9b248ee5d4a897bae74b704c795dcacd4ccf7129a876bfff200,user
k6_bidder_382_3,pts_a54be86261111adc4fdc2eedd76c1201a00db48b5574b585367124ca0116e1b4,user
k6_bidder_382_4,pts_5ddb7e76afb30eca5dd842e41adde6bfe59cc577ca94c2121030248723673b88,user
k6_bidder_382_5,pts_13466918f96ac130938bfda97523abbeb0bae9a79e18f3d957c3c48bd18e489b,user
k6_bidder_382_6,pts_63320608bf79e8edfdf5556631868f2ea5c3532069fd1e5f6f404c0d5bd30ba1,user
k6_bidder_383_0,pts_a8b3ed796dc7648da8459fb9b9f4661cac5f929fd9ab64fc602a6b9e641406e7,user
k6_bidder_383_1,pts_be4f3a76b2e6ab64cf23ec162eb25296166d7d14d2d497dbcfafaea9eb90f40a,user
k6_bidder_383_2,pts_b78afe94ae2b0487020815428d54e6bbcbf9adcf2fdf4a89f193ac5445f964a5,user
k6_bidder_383_3,pts_6dcf521fae81ae7e63cb2068d92efd9188d3e70e3b9cec1ff0288cf7344f1397,user
k6_bidder_383_4,pts_0acbf74e9ab967a871d34fb0abf33f810732b357879f3269344b18809b7abd20,user
k6_bidder_383_5,pts_e322a4197fe967e6eff998ef3c185d2ffa7a9cc6ac078f69a0ba492a523cc16d,user
k6_bidder_383_6,pts_33d7895343e776d252090f9b684348633799c9c181bd281c0cac8d08897162c7,user
k6_bidder_384_0,pts_b96de21ef3af7ca483571a385ecb2edb98288a4b13e16765f60acef8a584ae42,user
k6_bidder_384_1,pts_710b1c90aa7d2d5d748b248867d86564317bcb512a4d97c6a5911a789909219d,user
k6_bidder_384_2,pts_ef4dd5739bda024ef6af571af29cc3f2ae6652881bd82bf10916681219236129,user
k6_bidder_384_3,pts_a6ad55b378cb4a3431ee0596a44959a2e740f509985cb3b2650682f0163ae279,user
k6_bidder_384_4,pts_e1d6a626f75d87c4e58baec8170707fbbd232494a09c7eb0b23c72e3045aaed2,user
k6_bidder_384_5,pts_b6a42c53a1acdf7f2b80803600d6f85ef9b5237f315ddf1ad0529cc2cee7f7cf,user
k6_bidder_384_6,pts_b0566b97dbd0602c7dcdd0953d9548b7fb7bae5c92eb29091b733b93b500f491,user
k6_bidder_385_0,pts_0b2a1236d42f1b169a46f291629d468935ecafb7f83c2e75b380d9af91fcd2e6,user
k6_bidder_385_1,pts_6ff2837e69fb820764cf228b9ab1e96b39824b4dd43ffba6bdc26f43be5acdc4,user
k6_bidder_385_2,pts_79e9b070b5c045ac37960d871b16407b0839aeeaf02820ea245ea96cac9bcf95,user
k6_bidder_385_3,pts_fd029471fca98349a10cba9074095080afe5258b40eb96cd76a9fbbe1e1a1f14,user
k6_bidder_385_4,pts_3f380ca8374fd9cd57f0c22a7aa4ae1882d275366244eac620cd6ccb21695d24,user
k6_bidder_385_5,pts_e024d69e33ae49a9c8ea61c8706e8babc9919fdc65c158844adbcd480736b6d7,user
k6_bidder_385_6,pts_995bb5010b49089b4c4b95e428d899c53c647e9638fa951406d067b37c63daec,user
k6_bidder_386_0,pts_aebf5105c29574ef1403f3f6afc156415c2a3330ebadbda84b34912bbfc86721,user
k6_bidder_386_1,pts_214f88aef6f4f85ddd9c82857b5420d0b3380bde6048fb9de7ef2088603775c6,user
k6_bidder_386_2,pts_44c462a3111b238834d1454c4048d615162b38b047fa96801b744a246f388f32,user
k6_bidder_386_3,pts_67759e43f6fb143cb7ca6c6ba73e08a7a999c3341935c60fdf541feaa1f8c3ca,user
k6_bidder_386_4,pts_cf4409804b022aa86525e955db4946e1bcb55d9ec0735b2c5343a640db86d272,user
k6_bidder_386_5,pts_7d631554f18bc9a394cbbda56895ebc3cd21bf183577aeb233e00f4a0b4754bd,user
k6_bidder_386_6,pts_1fe4344f96a074ad435fe74a8262cbbff0b4f807b9ee196ba392f386027ab7de,user
k6_bidder_387_0,pts_b31aa2f2f4ffc78930864e0e719b0fc20221ea7c01b8630f34ce2bc48e944d44,user
k6_bidder_387_1,pts_c3ee67beb84b8de284ca01e12715d246452f6b0a21367a2b1995cbf3ee4d1b55,user
k6_bidder_387_2,pts_80863e7aeb9a968ee915a2c1c474b65c5ba7a261552714bd3e1e5e505f9ccb71,user
k6_bidder_387_3,pts_718177cb7ed453ce5412a1e804a136cb1e1d0ea387a582f6428847201adca97f,user
k6_bidder_387_4,pts_a507bb7f7389333a6bb4c263e5cb7bc9f7012a73f4c80c6148207128ccc86d3f,user
k6_bidder_387_5,pts_026d23c886cca591fda12978abced128a2cabbb097a209956cd78f8133ee2008,user
k6_bidder_387_6,pts_aac696af71c039a6a8e3202cabff9e2ed18d0e90f5bba4ead28115c21df4a182,user
k6_bidder_388_0,pts_8be597da6ba50634eb40106dfd8df43af02826de512cfeff0e9f0bda1d543eb0,user
k6_bidder_388_1,pts_b4552946256536057d4fef3c4d1811d1a8e85810d2fe43701d5effa670500cb7,user
k6_bidder_388_2,pts_b969a5088a9414b6446a781b13e1eec0973a6a764d6ee9626c8d09e165a00c39,user
k6_bidder_388_3,pts_39ceb4565846f2c571914146ec580d6a27c945d569ba6280e86c6cc63a8cf0a5,user
k6_bidder_388_4,pts_7f41ef218f06f9a61e680ebf3e7efab272f1ecf92e823f4b57bd89c07887dbfb,user
k6_bidder_388_5,pts_df9432b5c348597012664e5fcc564a19246567d65f6e77391ffb3897f1f72f17,user
k6_bidder_388_6,pts_4497fbaa26f84b1bb7d3c2c58db60a9e0c89097dfb4bac92103d0d718a0152e8,user
k6_bidder_389_0,pts_72bf4c8216b5cbb4c2dbc9222680111f0c2929b64ce3c1244b99ae552656577c,user
k6_bidder_389_1,pts_7b58cd003ed039d8417aa2ebfb7e4b06f55c589be2fcb44b19b9764f3ddff8c7,user
k6_bidder_389_2,pts_fd52a803ae1898cd2a064e00682776bc6597f866688c1fd3bd828346eae7c94c,user
k6_bidder_389_3,pts_e66acd4f7484b22320c2d79e63ebb5eb1e52455436ee411a978ae35d3f63ff1d,user
k6_bidder_389_4,pts_811ed0eb6a0af82bace7a09d4c4b410c391b3a633ab554ed47672b2ba7857413,user
k6_bidder_389_5,pts_e57c519d76d255df69f7eb0e0e8668717903a5cc4365edde43d278e5d300751b,user
k6_bidder_389_6,pts_97f3d7c6832551bcbb5d95c55b3755f26c19b234185a539b4e29d9ccd582fdf0,user
k6_bidder_38_0,pts_9c0c64a7d28f7422d8b297b5c8d5ed01f99687e7d0371357195df87b53b3970b,user
k6_bidder_38_1,pts_d2269eb0b9f476fa49e3bb008bbedf19bc359a41cb56cff7c66951b59f9f49c1,user
k6_bidder_38_2,pts_64def875fdae1ede2e0c853a4362820d16456a4affb1c241da97bf82ba363631,user
k6_bidder_38_3,pts_3c3964d1bedaff7b56ba183959e0913c928f3c2228f240277462fab3c146e09e,user
k6_bidder_38_4,pts_ed827cb9273f96b0721c76fb4ee495ed52290b37be040b21c06e49e38d2848de,user
k6_bidder_38_5,pts_b8e3bb6ac8ceeea274451e807865eb45eb67b5b96d23f9699e503be303089a2e,user
k6_bidder_38_6,pts_90cf4fe53bc2a366f57fcf65d5902826e37c89727a05a041251f2006c6239e62,user
k6_bidder_390_0,pts_ed4379980d8d3d9865e6140dcd76d621bbaea9845c0a55210a8f1c6beb333ba4,user
k6_bidder_390_1,pts_26668581f39020f4d2835bf5460ddcd9127da6e254c3d03c0439e63db839d195,user
k6_bidder_390_2,pts_994fd5967a634a400d738dcfb82fa074c8a6aa8842c855fba833ff42228dbeee,user
k6_bidder_390_3,pts_c9332de69eb61bc3d909bdf0a9a602b4804a2071b997775d6e2eaf4d7aa91ba7,user
k6_bidder_390_4,pts_c3ea8733856d8b8d2514ab0361e038ce42d990b74cc89c8df5b60573735c3a95,user
k6_bidder_390_5,pts_ba823cfa92ee1a34c1bb5f9c4c4de026c1792ebcccc58083306264c39591aabe,user
k6_bidder_390_6,pts_6163a7898bba9bfc028e4554fbe738599191071fbdfb57c9a8a41867014ce465,user
k6_bidder_391_0,pts_7678ef21b8fe01f6a762eece5bb4f9cb5db987e18d3cff4ded41c8d5dc337e4f,user
k6_bidder_391_1,pts_9b7852a0e9da4abbb46b429355815c0fa86833dbd7d70930aae15ac60e08d93b,user
k6_bidder_391_2,pts_cff473477920865169a1b27a5ad49df70e0e469d01678fabce3765b652776f27,user
k6_bidder_391_3,pts_44d81e7b62155a9df9694a6f9de62694e411cd70e87a1f649d15792cf2f92fbe,user
k6_bidder_391_4,pts_dcd3845153182360be72639bc6815151a562933e2001fe0d25d2c50dd6171c7f,user
k6_bidder_391_5,pts_dee7b74bc72b15dcb22f11aaf45f515a559bf2cb304b1b5d89e37e5114651c49,user
k6_bidder_391_6,pts_45e317d88d3dd81177dc88d6f999f1b598426ab94ee96f2c3b9299838a1b8fbc,user
k6_bidder_392_0,pts_888f048e9892d2816efaf4a63472bc736773033e67b9162666c28488ab53eea0,user
k6_bidder_392_1,pts_f1d934aab97d5c5c7c016d1d071bf171770403627d6854e09c7daa4c11f1cec5,user
k6_bidder_392_2,pts_a4be57ae1f60bf12e3181711459d53a368e0ddc51540a1139cd1901391825737,user
k6_bidder_392_3,pts_817893fa99cada2873e23633547eb068af6c219af755a65d70c7302015327298,user
k6_bidder_392_4,pts_c268a99ce2119d174c18bb013ecd0c8f38ced44f2c9fe49737149263bb24cd66,user
k6_bidder_392_5,pts_6e27bfb6ef6a25e5d6bbf880aadb7c95863de08c3aa1946de94678a48fdd16aa,user
k6_bidder_392_6,pts_ddc01d5ccf85c8092b67f065853306a5e8bf0868b8bd47c281e6368079d12593,user
k6_bidder_393_0,pts_780b3ccd850717ba75afc2a490d30324415956a1a3bc5c801c7bf9cf3aa98c47,user
k6_bidder_393_1,pts_4fbb2a0cbb465991a1b080443e4f7141cb6460944d770a8d51dbbea791802cfc,user
k6_bidder_393_2,pts_011e6bf8338fb2a568582166975cbf387dae2eecf07631088fa894f23ae69312,user
k6_bidder_393_3,pts_5feaef7e70887aaa8d85e0905c822dc31ab5e7c75b729df60e499ff3e778287a,user
k6_bidder_393_4,pts_6aa129e723aaf3647be60d249357676eeecd2c54180d579bc89fd9138a28f409,user
k6_bidder_393_5,pts_70662d6a330e091a593fcea1efa23565034f631db1f491af31251c883a68aa2a,user
k6_bidder_393_6,pts_1cc8a12bd9617159cc2fcab5c555f2ff31bdb8f520b56557897763c319f3f0f5,user
k6_bidder_394_0,pts_916d5d38c567a7c3b658ead43903d3633c9ce7ebe22639ad7e73aa10197cd6d7,user
k6_bidder_394_1,pts_375b30c2f1795871c9349edd076678bacf1290cf3ea2a8474f7960fd7a9a8bb3,user
k6_bidder_394_2,pts_aeb8ace532666fb445fd991c9ab472e56d43cb7130b747dc267acad90b7da693,user
k6_bidder_394_3,pts_52b77cadfe5936265e324a5a74f37a313d12edb7de2202199ddda5d891f33e91,user
k6_bidder_394_4,pts_542b7e9f55ff1fac0467f020d3a5ebe0e833ec39a1979e5e82e6ed29ee280a19,user
k6_bidder_394_5,pts_02f41d278f34d9d630cc957c5e45291991e9dd4db1da8b68704c90f1a2f905ff,user
k6_bidder_394_6,pts_3256f008f4aff991bbc83cb7c30bfed3271e1e4f6becabf103efea2a26f0326d,user
k6_bidder_395_0,pts_3d403598de117a48295372dfd132dad2168efa6b9c19b3c2c2a48a5ab96a02e4,user
k6_bidder_395_1,pts_d7ae51ce2081e34a536452d73a1e1c1df6faa2cfa5b3ccea671b7d87d4df721e,user
k6_bidder_395_2,pts_71c2559cab18bec75bcd247130b7f8d8e6597a33abd9dc53eb6593bcde594ff1,user
k6_bidder_395_3,pts_635c1f923a129f8bff9e5226cf715aa07a88605242778ad76b81ff198c1ae112,user
k6_bidder_395_4,pts_fe4b86c5368d900991202f052c05873b168aabd933ba9b7f4fcdc21c3d625b4a,user
k6_bidder_395_5,pts_6e7b9cbe0ed67ed1cbe5d47d9043a5b1f441d93b18fb21625ec336b3b8897eca,user
k6_bidder_395_6,pts_b5a5c44ae1bb27d075946c937cebc3373cd821e7157fff2ccf2eb04ea84b1d35,user
k6_bidder_396_0,pts_82360ee873e60f5b8b2229c1147916a80b6701694d7c7107a1060b6ffc614a51,user
k6_bidder_396_1,pts_527d698a7135f9e458630781c34a92f6253c482874aab2ae636a67db7d20403a,user
k6_bidder_396_2,pts_95b088489570e768f28ed06d92d6b41f219807b1096d3e8d3cf4475fe26cd13d,user
k6_bidder_396_3,pts_0fa2ecac14f4b29b1cfe9272591b385983e19525b30678f759456cb45ceb47f2,user
k6_bidder_396_4,pts_5ddd9926054fc30a553888194a4f3fa914a41e4afe41724d1944445dfe94a8b9,user
k6_bidder_396_5,pts_f8104e90ea0b260c614a505af91e399190fed0ba55a78122f47870fd5e3ee556,user
k6_bidder_396_6,pts_50aa709902476f7e935e7118d99837c2ec9dc00beff88db2bd979e996b302a5f,user
k6_bidder_397_0,pts_a52372e16f22178c6038ef71c0f72e3760a39cd22d05563257693d3b4463a62c,user
k6_bidder_397_1,pts_8cacedb045ed15e74c02c1f63b4cf1096329ae0a550f9b2f8fa171a48a75966d,user
k6_bidder_397_2,pts_983320871f57570870a59668d02d8965df6e5dee1654ec0988153215fad163eb,user
k6_bidder_397_3,pts_4e96299df46accf5c90294150c46fa5cb2e868208f95396fa7cf9949d591f9bd,user
k6_bidder_397_4,pts_27c55f76be86a27f0b3e58f295825c44fdfdb31ea1f4ca8fe1faff8dbd0af55c,user
k6_bidder_397_5,pts_0525136931c02b14ceb5821298641848c61496d5744e66ec65d96affd4dccf2e,user
k6_bidder_397_6,pts_55854836df327021865f9f177f162e236443258ee6dda69a5b19ea38ae208ae7,user
k6_bidder_398_0,pts_06fee7cfe13fba620cadcb342195956ad75e75a8c7624437ed75156ae0873990,user
k6_bidder_398_1,pts_60d459f6f8643520e86a226963717cbc30b18d0ec188ea9cb7c67c17d2f7bc9d,user
k6_bidder_398_2,pts_7aaad8e34a76e71f67910fe5b163c86d4f8068fdc6bd9f0b019523dd511bd796,user
k6_bidder_398_3,pts_c829512482e53bc8fd8a9511f8b45d1bd2a21dc878399fe5b95ba3803eec8373,user
k6_bidder_398_4,pts_0a3144742d49bd556b551008571e022858b8514cf4a3cff3c898e385cc2782c7,user
k6_bidder_398_5,pts_887466634a8f78527fda251b591a0d24d31ab1ef9d9610859cb85a516716d235,user
k6_bidder_398_6,pts_3cd3375ef0da14434c5aaf5ec345e3395bc12deb46934d91e1a2b0b517cf239d,user
k6_bidder_399_0,pts_00d6a38f86d6dea847ec676f8381ee883af8ea4bb767abac5263e52b9e502dc2,user
k6_bidder_399_1,pts_5a48a76e38200de6a112d008a5f21064bfa6398148fec07fb804da1df74ecda8,user
k6_bidder_399_2,pts_7f782a759055ab6839a75f4e35f4e647d2d01898ef3586c8915b89fc1547646a,user
k6_bidder_399_3,pts_a5307dffb3ebbf1c1074ef083ae0b8d45c53054797fecc2f976d78e9a669aa1f,user
k6_bidder_399_4,pts_25b1264a105bcf7452179ea1c706a3456d2cee7c269c099f93f38c3e89e5c4ca,user
k6_bidder_399_5,pts_85d350ffb5b964cb0130078713b2a494b813e4869a617b5bdaa0a814a10c0a57,user
k6_bidder_399_6,pts_f3e14fbfaed70abb37c1416bba4f93f51f21b53b3a15d130041f8791540485fb,user
k6_bidder_39_0,pts_21c2d19d9b9210eb491477c318bb504022f04f8b55f03b7e2f40e6a4357da3b1,user
k6_bidder_39_1,pts_6ffba60cdbfd8e868a05ac7bae2fb1928dcad2b288fe66efb2c19c057aa2bb76,user
k6_bidder_39_2,pts_cd35f5a591907d1cedf11f3e07a92436725c4d69513b8cb222ae14643ec6d723,user
k6_bidder_39_3,pts_8b10393fdd0a778e12e5c173a0954d86fc398feb43919c8463902f1279427e5f,user
k6_bidder_39_4,pts_e51a4a52b7fc198f7e4e3a2c61ec955fb6db16b915a4ed57c3ce89bcde1c0869,user
k6_bidder_39_5,pts_c05689142f55d40e7b91ea9f677925ae3a76b2f9093af05cfc736f849c3a930b,user
k6_bidder_39_6,pts_9970f978b570662b8654c52a723f83264067d537c334a30f35d57c8dd9cbd545,user
k6_bidder_3_0,pts_eeafb33cf4d923fe35b183a41d8de0e8cd10b62b13466b0adb6afd56b4e2548d,user
k6_bidder_3_1,pts_18112e09a8ce2e35b5b3ea7295141f973ceb3d86bb4c2e5c8a12cb4a63afbffc,user
k6_bidder_3_2,pts_a50912372beaebbbd333c592dc8928fb3e78349239a448356f4613610aad8102,user
k6_bidder_3_3,pts_f6fa19bd65ad812ba28517a8ff5f7ca87c4d48a6ceab41b373865d5c9776478e,user
k6_bidder_3_4,pts_427ae0a90e81febdcded11279401225c21ba474c0434d5fcbff2b64abc7b4c5e,user
k6_bidder_3_5,pts_e0ec4842a62c1f5ef1ac87f6e0c43102b51808d038889e1767cb2ec2ef9a27bd,user
k6_bidder_3_6,pts_ebcb41391665d3be7f7b51e2748f6ed5e811b3dc7dac2d8df5c4119114cf3660,user
k6_bidder_400_0,pts_69d71a7f2c7406bc1b1050ac4f49b6f8c416240be7a77ed7f34dbedca2c76340,user
k6_bidder_400_1,pts_ff44b8661fb19bec5cb804ebccca4a8accf6a8d115f4b18e947bdf190dff8b07,user
k6_bidder_400_2,pts_7b0ebf2e679157e6f0f04d373a448cd983d5e92faa67f6ab5493cbc2847079a9,user
k6_bidder_400_3,pts_c77c9d74ac89c761b9a4321fbb46d55eae6bb494210b07a055ad0f9bae70e770,user
k6_bidder_400_4,pts_8a313cfcd105f9b3f10c03c2d7068a38122fdb620ad4c3ab6a5cfaa7d542b9f2,user
k6_bidder_400_5,pts_24007e7493753300cf6875911117e369a14478efd958861b42e759c2606d26d2,user
k6_bidder_400_6,pts_b42dae6515fe808e9c8a741014872f9f47cd4a46a149aa8559f0341769ed1b00,user
k6_bidder_401_0,pts_480c8fa5f686b1f56257a0e73b11967b608d573f7e64897e0aac944409a84ebc,user
k6_bidder_401_1,pts_11efe4ef4dd9658a1ebbc94b25d2d18ab154072dbf8edb99a6391ec32ce0aeda,user
k6_bidder_401_2,pts_66b01c5eef2d7db8a158435ccbd68de26edaa8cf253b32f8e69dec4c34c45afb,user
k6_bidder_401_3,pts_4c859d4ca2c064138b9ca0e757088132b54d6d8205d08b72404af7a4315c435b,user
k6_bidder_401_4,pts_208fc559cd869c02bccb8a2c58f05586e7247a69e55cdccafd267044a142d007,user
k6_bidder_401_5,pts_f963671262221d68137f022e3cc6af5fae9e43610e0114030be24e6ae563e13c,user
k6_bidder_401_6,pts_ea539451f7138e96d8730b0041c7a152cdba54b95bec638ae121283820241e02,user
k6_bidder_402_0,pts_b0070068299a18529fdfbe920f4979062436f23631fe1bc142afae6bf449f90e,user
k6_bidder_402_1,pts_a9b0d783e1d37162e8f1ca18bc4e9e20165803f6a99284b81301ee300294b1b4,user
k6_bidder_402_2,pts_91bed7d93f7303588c09bb31ca488d51d90bfe4d6e4930176ab0e36ebcd9d0b9,user
k6_bidder_402_3,pts_486712fc8fed0cd5278c3eadaa85edf1ff751a954722c81ba2db0d3d9d2d71c7,user
k6_bidder_402_4,pts_3474a1cef72caa6428fea16cfe971c9aede81c8f360b28c81c796497c0a1d3df,user
k6_bidder_402_5,pts_fa243040536e810529aa7f28804b621b55c853c7a04863fc67ec041f393ab23c,user
k6_bidder_402_6,pts_4785f53cf6908f0a3eb1b86d258c4ca06af8732a951d18251fec6a38347ce935,user
k6_bidder_403_0,pts_ad37784ae663d8a61f903ab8cc2be50c685758f81db4db36599afd1e12849d69,user
k6_bidder_403_1,pts_496d70717dc4a725845a81a4bbb6ead1c5cc078221fd38448c1ed1bf89d367ed,user
k6_bidder_403_2,pts_2955e9d65929d7d97b579c641d4f1a2e04b4166aba3c9df94bb06c398d26cc08,user
k6_bidder_403_3,pts_61f2212b4b94121d4c0d88869301a407002fa74331ed91f093d1c5f60f2ef1d7,user
k6_bidder_403_4,pts_414f982284993c28ab9192c65d8f89c2d324c62b824c132ecb0a93fd3951d418,user
k6_bidder_403_5,pts_452c76f493301c14271936ce8fede490459dfee51521a3e3fb4da9114e0e9c5b,user
k6_bidder_403_6,pts_fb4b593dd04bf690c52361e11c449a6e4d9b795f0ab81c10d6a1f4ad2f41d73d,user
k6_bidder_404_0,pts_b8bf5ac8914a4b4918b4adbc6be853960781e1b50428a84c3b8864eee9e80ba2,user
k6_bidder_404_1,pts_23e1a115c4135ed52338cd7ecf571dcd1bb118386ddb8a4503230b6e122d4fb1,user
k6_bidder_404_2,pts_a9f52bfda9cad436737f26d86e3fa079f058511fea300727cda40ed39a7eea1a,user
k6_bidder_404_3,pts_434cb6767d6b4cf58320adb9967639de6e5683140cf29078b228e9f505a61873,user
k6_bidder_404_4,pts_66caa7000a37952f35e789c273b11c810a1853c05b051656aee7e47d079261ba,user
k6_bidder_404_5,pts_58f2a531fa83f436b7ff690202870251274706853af87465f3b1102f94085ec9,user
k6_bidder_404_6,pts_5c5e78369065b2a72638b9ce148709ab07a9e63807ad57ce02c2d0d45716d7cf,user
k6_bidder_405_0,pts_db502d11cdf8401369a201c2f63c448d9d1cf7a11a488242349dbe3fdc3f1634,user
k6_bidder_405_1,pts_07dda19ddfa0b398967ba62cba3a7b693d44880d1728a0595483374c5a3dbb83,user
k6_bidder_405_2,pts_f2f9c63417454656ad267d6d0f6fe4e0b5bb5f1046fcf3697f90b154efb034b2,user
k6_bidder_405_3,pts_a5eb058465f03f4c7e1cca98aa4dd322b9b6bec6b4d81ede9b65bf9e8c6d015c,user
k6_bidder_405_4,pts_b26681805d0bd7916dff6024bb898ebdbe044b6fb7ed31f721a14264b0b80926,user
k6_bidder_405_5,pts_e819ae1353d22035e927478f77bb6a8821f5b92e5bc8f840310f8789b7fb6269,user
k6_bidder_405_6,pts_a3eb2a48a1dc717d429a16fa4644a5979b4bfb6cfa7ade12455b7ad463fb717c,user
k6_bidder_406_0,pts_081848f22a76c2264dfebd1dbc3e159e6bd15a5bb35d9d8f3c300758b3c8414e,user
k6_bidder_406_1,pts_f1acc6dbdf78f70500165a8d852b0631534aeb0bd370529f38ba3384af067be7,user
k6_bidder_406_2,pts_ea4b055fa7b666f3a0810e79d721f0b51f68e9e0046e3242fcfa76f1fb5c92b2,user
k6_bidder_406_3,pts_9329314590cded7b0eb90736d672f6b13895aef2bc76a8bbecf5c384753d7396,user
k6_bidder_406_4,pts_cb1f74060f4e15c5f2fef67d8bfea97fa854544465d7804ee9c01083b1712927,user
k6_bidder_406_5,pts_35e574ca05bdc542c0c889c6d7e7f1527b6604092ef2606476bbbbbcabed7485,user
k6_bidder_406_6,pts_557c988c2dfd7116c7410a16f571d9947da59f23836f8e7dd9840e4a771ef717,user
k6_bidder_407_0,pts_6d9a86630738b08ba883e31980743313fc6c7538d7f53f192f76729b5a5e8470,user
k6_bidder_407_1,pts_f02c69118d2e14e0663bac3009dad05f1e710ae3c35635226555256f01615287,user
k6_bidder_407_2,pts_d5049ab70218ca7f4e3829f8878a58d8acbca6f1bffb7d40df668cb2e97859b7,user
k6_bidder_407_3,pts_ca9eb99970b1945e5cf32f1559eaf447c97dcfcbd690fb44d5e20ce2308b8281,user
k6_bidder_407_4,pts_6a5348454cfe12cc5714a33364673fac94fd76cfc6ce086637ca87fd330ee198,user
k6_bidder_407_5,pts_641a5dccbba64de5b327888d354507bc5a523fe1adf3ff418f8772886c71d526,user
k6_bidder_407_6,pts_7ce220b7f4a5f2d0b18d8089381ba5acb9a31f28330d68d820b031aa774361d9,user
k6_bidder_408_0,pts_84c3e5779840c9a12d4a9620973df14ba95b60093cfebd85511dbc72dd97881a,user
k6_bidder_408_1,pts_89b4da19072b986c7456c63ed04596097ac54279ae1940d8d6d899afad70b359,user
k6_bidder_408_2,pts_8b0c7e8de8ede40645947ee888007d20669f353a0c09bd93c7850dfe581ea05f,user
k6_bidder_408_3,pts_c1e8e8c6684f76bed159268d7c2e73da8156df18455d7cc250caea198eb37208,user
k6_bidder_408_4,pts_55eb270a76fc5e518f516ef0e86a02b2de9d37b45e612d03bf0223be5f0b08ef,user
k6_bidder_408_5,pts_b7ea56a6d79df29f20724d19290028aa73384fa98b03bdb66ffd00a0e6d27b34,user
k6_bidder_408_6,pts_23a8e9a8e08b15d2971989069cad55b60ae4515a34d0927cdf8295834bc087c6,user
k6_bidder_409_0,pts_7cf0582ac3764d57c86ce8959f9e457a1572cb2fa01f038644923c1d2c50f830,user
k6_bidder_409_1,pts_20f7b291d90c48c34c0953d660a72b790c86d3c10e9965d558988b5437746093,user
k6_bidder_409_2,pts_217446e501e33faea7aa6308d0857571b60132bbd4b889baf978afab57b96361,user
k6_bidder_409_3,pts_817ea60458b533d6f46f6ea56bd9212220c1c5c69504d7b3f67cbace39a66100,user
k6_bidder_409_4,pts_8811bd0e07a0f3060d123d633924659fa856764446a943f751df587b44b2c736,user
k6_bidder_409_5,pts_1a0c40be4a72f53a0ee01e0ef5a2e1dc4aa62a59ab0f0bdd376f3b28b9b87b83,user
k6_bidder_409_6,pts_e9a1ae8344240f28921bfde5ea981f9e619c23eafd7fef4e1e9e12fedfa35178,user
k6_bidder_40_0,pts_a74a0a4c0d5eda45a96106b904a01058c248e13543890d459585a62479b3c237,user
k6_bidder_40_1,pts_7663c6282f3aaceea69c7126076e538ff485092479cee2f2dcfd19ce382ade76,user
k6_bidder_40_2,pts_6bb00f6e9017e0478d9cac5ee9e9350cd1ff126b9c227cf911c9521d3830a1a4,user
k6_bidder_40_3,pts_e50f62afdac3b2fec28f7ea84ab5c4c062fdb20df5f15e6187cbf6ca0559db68,user
k6_bidder_40_4,pts_56c9c558b7c63592a858dc6b9bc800ebb7569223a4832d0d6bf2652f13d34b37,user
k6_bidder_40_5,pts_7172b0c4eb29d08090e63f6e3cc34058728178e9100f42e6e1f1211ca6954a28,user
k6_bidder_40_6,pts_d77ab7f9049039ad36c536dc4c532f1370d092c81e27144d133b7ea6bcf62ce1,user
k6_bidder_410_0,pts_43090347709b02fd84a91f537e08796d2ca95697d9dc789bbc3a4af2e269cf5b,user
k6_bidder_410_1,pts_8dd62e7b49cc36a7c11ac4d949b39c64390d8920ade59499eb2f53bb5a65824b,user
k6_bidder_410_2,pts_dd4609895fc3057704b1cccf919e2ed6fcbbea20fe8ac53ec60ea1a3ad4e1319,user
k6_bidder_410_3,pts_4874113d0e68d44121274eee30a53c20a660c32e13bb7a8c6e898fee7582d975,user
k6_bidder_410_4,pts_a131fdb867b12c0b0b93756b21ed5f467669b43a9b5f0761a2408307d0e8b7b0,user
k6_bidder_410_5,pts_02f22ce44df72a6a1f6615d820e85708defdaf46d9a1e4830ffdec1300483abc,user
k6_bidder_410_6,pts_a5737896e3384554bfe8de079cdb2db9ecf2008f127c54acd485b66c484082d7,user
k6_bidder_411_0,pts_20cd42811070df37fa891fc941ce0bb671f6f985842d945a47391a40987de4b3,user
k6_bidder_411_1,pts_eb3481db3162a205cc27ca8edf6cbd07b66364ea48e47b933fbb575a635140ad,user
k6_bidder_411_2,pts_ffec72ff1230b81d95869df4c1b59295985795fec910413918d2fb9e47b78109,user
k6_bidder_411_3,pts_8871965a2b2d8227fe4a7e2cd282cf4612670c5d4a946d2a6b2631e3649987c8,user
k6_bidder_411_4,pts_01520bc1e6ea7c0de87d722b24dabe834750bb120c67b939a6c48607a09d85f5,user
k6_bidder_411_5,pts_19df4a81d16d301b31bca4c6ade953ebfca13a23bfd84c8eaa26b42819f81c57,user
k6_bidder_411_6,pts_9754bf73a79b4ce9955c6bc4718b33339a68da7fd116f658a21d878fd14773c9,user
k6_bidder_412_0,pts_725862b6d258c3fe590eec25e1f8a449dd74eed93da5218453fe2e4a971e4701,user
k6_bidder_412_1,pts_3f04bbccc2d163df9a86a20c69c02daa800047a21f2ef8ea22dc94f75cc6207a,user
k6_bidder_412_2,pts_70d9642a7bced40845fcad6574087db33354bd547a6d1a558230cbf5f4c1c8db,user
k6_bidder_412_3,pts_3e7c72e23f19f07719372f29faa8c80c43b95630c832809d6ccea1e093b51d56,user
k6_bidder_412_4,pts_52e3b800a9ccf63f1fcf8e94e22dd9e7582e70f82bbc5e1c345f2c36d940dec7,user
k6_bidder_412_5,pts_d63f93f785f876b97396b6213b028c8ba778bab1480c19306266cf9b97b6a61b,user
k6_bidder_412_6,pts_a1bd2754a77312a1f3b3183d66cccb471e34221f7ba1ab1eba82c5dccf1196a4,user
k6_bidder_413_0,pts_7aa6d2a1fd07e0c3afd5e6476401d4b556f18ac74447b9bc869700ccd6d3c537,user
k6_bidder_413_1,pts_737bd3b4d13dc542742e7416b669d0f444780bd2fa2f0cc9d8bda364d311cce5,user
k6_bidder_413_2,pts_47306017d55b731e5b0da720dd32d33d65981ecb449327869198b282b1245446,user
k6_bidder_413_3,pts_7c88fb49026a45b582388dfc033b81fe5d78c61e7e7e1dac75a66569494986a6,user
k6_bidder_413_4,pts_c0969965d80143808516827b0c58e3657b754688adbe5c8adff3ba365c1468da,user
k6_bidder_413_5,pts_d4afb5c0bb2c49c99329fe4d7a869253827481e63f03cada4daf3b8340240af0,user
k6_bidder_413_6,pts_3d00a5b9c61e3c4db14a3585798e7156196142fd975891f8ebeb763b62b90fe0,user
k6_bidder_414_0,pts_cc77e92aac86620404ed2ab8ac2268b4a662f52b28f0fced80ab7e292db2477d,user
k6_bidder_414_1,pts_c6e4b8fc8dd9de3a603cd1bf87e3251bb4622e59b8fccd6793bda9a5ecaa19b2,user
k6_bidder_414_2,pts_786b3a75c014d051f60b7956983e07e564f839891dc4c7a7126a9719897c3528,user
k6_bidder_414_3,pts_8cfecf5abdc65b2a9a1f7cdca3cdf023bb770c0a05699c4658438d2d29957e51,user
k6_bidder_414_4,pts_d812f2e9bfe08bae2fab13f20c8eeafc29fad2725f239f1821554255665f45c7,user
k6_bidder_414_5,pts_567ee7a8e5a23a40da99470a62e4869e635ded0fa81d1cdd20f012cbf67d14a2,user
k6_bidder_414_6,pts_87bab915e81bb5401b99124d8e5b5c398164929d3b27102c5aa7160d2e99477a,user
k6_bidder_415_0,pts_0b2d65decf14ec3142883c276ac981b6de35e1f5cef12623f8163f7302409fe8,user
k6_bidder_415_1,pts_461ee5db36adf76f24bca769510b5a2ae03cd1cc7baaf1c61d1ef1e00fe7a945,user
k6_bidder_415_2,pts_2b615ed64abd70ac735198ed378327f608a19d3da1edd3991cc3aefca6771c4e,user
k6_bidder_415_3,pts_a821b52fbfb6a382a2d7c35b099d755a318ff212fd6d02288c60300bb1d6bffa,user
k6_bidder_415_4,pts_3239919d9686a61c06235e6ec653d98854d1d12032a4fe20f82e199b07379b51,user
k6_bidder_415_5,pts_d00253b917392cf7baace4beb4ac75796f4b703d6a63edd91ebf9338a84a3aaf,user
k6_bidder_415_6,pts_3034574a93cdc7bc794dafcc58dc205e9dbddf2f2778d0ae57b473e1240abf53,user
k6_bidder_416_0,pts_64580f905e6e636517ee2e98538c239b90ed57ce12607e4e8f7d8d008d915dc9,user
k6_bidder_416_1,pts_284fdb72011d74ad590839a3f0d41e57d9c2aa86fba6fc4dfd3523ca70894d85,user
k6_bidder_416_2,pts_aea563a2f7e18627ded1608c0ef609c947cf89b5223931e395cecea7c8c1b266,user
k6_bidder_416_3,pts_bc11ddc123ac65c0aef0f93ebdeebc6b605d4556cfe34deb4ff9c424da8a2fad,user
k6_bidder_416_4,pts_65587bba459af91f8c520868419ea9be60ea88bc18139823c56733c47b4a9885,user
k6_bidder_416_5,pts_ced5d7c2d742f713a2ff2a04fd713c3b8d4f26e1cc25f5aaef049b6787de63c8,user
k6_bidder_416_6,pts_5a217cec0699470beb444b02a300cb96ee215fa2695fb4f0bafcfa3f66c4b06d,user
k6_bidder_417_0,pts_7f282c85a24aec1909e27018dbb1813ede4d3455a897d2a7b1773b8b6987bf57,user
k6_bidder_417_1,pts_2c8b312617216a10dc9a5b759eac4cacd00ef8f9b02e1f1e727722e240e10669,user
k6_bidder_417_2,pts_abef8858030b0de0502e3de9f336dfa6e3ed61f15a62556e7f0e934d173a078e,user
k6_bidder_417_3,pts_6233d3e1cafef3f458bd0ca80e83db3003b9fb5675a69738d2e3724527699120,user
k6_bidder_417_4,pts_6018d89a2351f582129b35973ad5706440df30a904d8f91cd6c852617500ed3c,user
k6_bidder_417_5,pts_e62e777abc18a2bafe9d44439ad93d37bd11a58f38c000c184079c9bcf93cbdc,user
k6_bidder_417_6,pts_209dfedad9fd832e3b1bb8aafa8ca16ee81e4d54b0ea653e936d4da780c6998e,user
k6_bidder_418_0,pts_16e05751e27b9857dc0a320dd0d17c93242dc21a08601ed6c29fc986b9042c23,user
k6_bidder_418_1,pts_743e2f85fd45a827feb692942f25a5c616f3171fc848d43b33d089769bf80462,user
k6_bidder_418_2,pts_9518d916dd76a48d7e035c71beaf9f3bd66d79bcaefc9ad5cfcb2b1ae18cf333,user
k6_bidder_418_3,pts_69dd93e681d7fa743f92cd4e781713ff351ba7df45dfaf1e1aa6a66a0c7ae0d4,user
k6_bidder_418_4,pts_efade3d2f660ad8a0cd74045e52e0f5415cb5f4166ab15afdceab8c9258cb239,user
k6_bidder_418_5,pts_0e945975be29520fb8b112cc35908828f92a546dcbc72f4a8f74a6f6994d5c76,user
k6_bidder_418_6,pts_a6454156173ac82c61613ca8e1a80f7de57e78dfb6b5ee5fe722ba0a8565e5fe,user
k6_bidder_419_0,pts_73e6b77881275467d88ebd765aa4fe5de17eb79d5558a03415b917073ef0b419,user
k6_bidder_419_1,pts_72a96f35d8854d6f4d4a1cffdab0646cde533ec6e397fb4a699b5e616b8ae3e5,user
k6_bidder_419_2,pts_61999a9eadd713823886968e90dcaa8b86310fa535342d6702376a0b4f51f0df,user
k6_bidder_419_3,pts_ced8a5c2aa8365fad45b391ed00cbace706421c21d664e8a11cfab89f340acfa,user
k6_bidder_419_4,pts_525498b4277e8f3f82276228fa55c20093e87a238bf9f874094f071896157619,user
k6_bidder_419_5,pts_a7bff356b73888a5a1cad6101094f57e4a4082cf886b46095dacb2dcee5e3f8e,user
k6_bidder_419_6,pts_8fa684d3691ffe689fbd30103ea170df2633308edfd57501f1d40d81a738f1cb,user
k6_bidder_41_0,pts_4997a5b5fb8e7aa212fac6f36523288e69f12e041fffdc3b4400df18a30ef293,user
k6_bidder_41_1,pts_e3c30e86b84af487860c9081ff16cadbc40431f5a5a383d0b04abc592b02f60c,user
k6_bidder_41_2,pts_e5571dfd60721fa49fcdda6f5199d945a091e7b36595fbff031e12cce01cd355,user
k6_bidder_41_3,pts_3f25cbbbc2a4b93ae28515b390c88365ea79a1011b0a26546acd6fb8b7282fbc,user
k6_bidder_41_4,pts_d0c179e61ac6131bd23b906e8805fb3950343562ac8c754e22e1d9c9e8578c61,user
k6_bidder_41_5,pts_b44c889feba5fa0e8e368b3969a3dd2c726b80fc7ce30c7762aa85acde54478e,user
k6_bidder_41_6,pts_b95444a99ce0636db2b7d612237d21add2cf26e404375c61d484d1c4e63dd46f,user
k6_bidder_420_0,pts_818685e4eab5eb28092bf1de68a41392b2c3de416221f8d1decb947e56bba75e,user
k6_bidder_420_1,pts_5d536e48470fa17b5abe93218f165aadddd402c20cc20f3257ceca15dfda4871,user
k6_bidder_420_2,pts_dcef06e125a9042da264de434c7b62e633e3a90d3bdae868777306b1570c26fa,user
k6_bidder_420_3,pts_2acf2b7d6809ba5f441b3e5d11a1faa26983fd24fea9cf901fcc7ddf8584c515,user
k6_bidder_420_4,pts_3e333ea60d534789cd7578a6c24456a1962d5f985490386cf674168172eef955,user
k6_bidder_420_5,pts_729510494d66bd489121f7865a1447834c80e6535a9e2ad1f593faf98c0170c9,user
k6_bidder_420_6,pts_dd9d6c4e4df6c69863e072212c1878b3a6244597faf2711f50d755adbb6daf0c,user
k6_bidder_421_0,pts_78b49d2b2b101ffa71f676a69d949a5f949e2a0072248a93a9cd5d1e70340317,user
k6_bidder_421_1,pts_0b6d3f5b3f3fda3f22ec5163ad9a4fa16b082037d6febbcf273e24b33f121a15,user
k6_bidder_421_2,pts_aa65641096c00fbbba07ce75f353839ba706baf5b9f7a73faf26f0cad5b42ae5,user
k6_bidder_421_3,pts_aecbb7cfec48ae12b16966cc99e2daddfe4194b2b06fad694fb81bb5c1e5c6fb,user
k6_bidder_421_4,pts_2987413eb8e0aad08126e4116d0d516eeb7e9f22c33e6511b2cab5a1833fc45c,user
k6_bidder_421_5,pts_bd7d528006e2551da5fbdc8f348646c2c6c163d1f707efc36bb77368e5451b1c,user
k6_bidder_421_6,pts_596f24374ea42217e46e90a18b7aa13d03709f85a19d94f46bf693b22bef3fac,user
k6_bidder_422_0,pts_980ae0af728358eb51d735e1954dcfefefa5f6e512d8f51c61aec4f5723dc3e4,user
k6_bidder_422_1,pts_e91aa644a0abf3561b775def8c5c3d432c5d50c6179b8f6a5a0465217becde1f,user
k6_bidder_422_2,pts_c7dfb689a1e72c1a094ce36ce416cdee637f2401b3d9da99a25f902990085b7a,user
k6_bidder_422_3,pts_10cd2ba88e785a4293443fdc27406329b5f61a2c65a3694df7b069e1b125a303,user
k6_bidder_422_4,pts_ad22fbc10b5f5370655d78a72a7db750d2455531e714e9476d2345c3aa51df3c,user
k6_bidder_422_5,pts_dfbe10da3b0354656050a3184dca7d603d21b90cb2d8e877f16a1ada25a2016f,user
k6_bidder_422_6,pts_50d02261f2bd3cbb6d6148fabe660269fca373e32fe9bcfa0952c2670ddbfa64,user
k6_bidder_423_0,pts_0f6c53ee503cf69876532e2654bd84d95166b873f1f1529e8aeb146576e58418,user
k6_bidder_423_1,pts_234810c0dafd910cb579c5f51103f92a37d0a4ac4fcdef55c9eceea27882e4ab,user
k6_bidder_423_2,pts_ae112d5f01f33b8dbf5e498607b9a998ef3ef3a66422a1f2aa3cb3e153d94fd8,user
k6_bidder_423_3,pts_a59bddd6440de161f95db9bcab8a3c4710ee343bf31c798080467838514afc0c,user
k6_bidder_423_4,pts_26b1a169c93b4d29f6edd18b7f7e9564305ab06a2cbf039da9e12f2d15cf7213,user
k6_bidder_423_5,pts_cd70866f5928216457390cbd45da3a60b8325eaa98ed706214e1ad07bc386af2,user
k6_bidder_423_6,pts_ae3e026320393c56d4de2a2fdd6ddb73ceb891e601c65d626731eea4d2dbbec6,user
k6_bidder_424_0,pts_a98d14f16105000e446d805d3dc8f60317c3f7c3821acdf98ddef18029566628,user
k6_bidder_424_1,pts_e9b6b0b18089c2dcf902957aed53cb6342c8c1122cc690104a00e4e3cff49280,user
k6_bidder_424_2,pts_f7e5b082623363122a649c332fe3aa03f486a55040c34de6baab589d50c2037c,user
k6_bidder_424_3,pts_55f1a58ebaf0f1ed535e8130f09ef475fcdf3de145795995de5d06f88097ed56,user
k6_bidder_424_4,pts_faa8df002f34ecdf6687ed79c94017edf2cf9ff34f61d56bf394de03d4d5ff1a,user
k6_bidder_424_5,pts_9539aa0228c0994c2d184dcf8c51c937b5108d115604406fdce52c500a8f8f68,user
k6_bidder_424_6,pts_03bf7c87847f269d5ca21f7bcd7f70b322b2a106378946c335e58b8f075f8abc,user
k6_bidder_425_0,pts_dcedef98dee5e3afc3c8ad681d7d59498cd209e47ccb17f3b01a5a96653cdb93,user
k6_bidder_425_1,pts_68ddb52d6f415abb8a3d2209f5241d7213e54e189ec1de7e42b42d559b4903cb,user
k6_bidder_425_2,pts_d9c2f5bc7afeac37c543711fd9b0cfc183c9a503d542e2c9272203e6416beb33,user
k6_bidder_425_3,pts_fee8f7d63ee99e828e0a01f208db4b9aece169657bfb0e28d6171763d2555a54,user
k6_bidder_425_4,pts_fec3b4dd65f408ff3c41340ea644a857ba7cbb7c10c13c109b872fc4d587ae4a,user
k6_bidder_425_5,pts_06abd3661b410f19bc6ebe1b9ca52143a2066c122c53c4d99d7d8f2f20a9e6cf,user
k6_bidder_425_6,pts_0c00760817e278ec2fbaf096c1afc0876afd2112941ece6fc3b95866349aa9ae,user
k6_bidder_426_0,pts_8071c797ae6ea7f083dcb6628d85033fd134533d071c45069cf041bc313b6e38,user
k6_bidder_426_1,pts_5cd1c67081f3d1b766b941f01aad8c313b57ea75be5fd883ad20041a6bdd598b,user
k6_bidder_426_2,pts_f00d4d4b206b2458a24e4032c8ac940da0be0222b123765bf0aca7928ea41d67,user
k6_bidder_426_3,pts_c36c600d4b1e37c2cadbb696d64533abaebc176131e6db994f534aba1f42882c,user
k6_bidder_426_4,pts_d2863ba830b5907dfbbd65b526a728140a27ab6bc6718ed6fc642af1adc7e3cb,user
k6_bidder_426_5,pts_82fa1dfc49f3f9cc080f400f1691d32072e8dc8b76f25933ca6c680dad575643,user
k6_bidder_426_6,pts_88b6200ce54c96491b3b051f3341c44ca452dd12be37ae3e5402f98ce5edc59f,user
k6_bidder_427_0,pts_9a426b749d7a5f57d838f78d5709a9003b13a7f94581956fd88507a9df012383,user
k6_bidder_427_1,pts_a64a4b22365b5e622690e6928c4f950088f6f4007a0bcb3c1133aacb3d643585,user
k6_bidder_427_2,pts_b7aad0d9ad68afa3af7c0c515bb6fe825b2c7be9202a03b9dc131ea08a74cf80,user
k6_bidder_427_3,pts_c77a03157a6f19c6312b5846957fea61ac87702057c094b44776da9810050aea,user
k6_bidder_427_4,pts_47e36e5d082ff815960976d60decae81496a5eff4e0f6b763063fbcf43c8b4a8,user
k6_bidder_427_5,pts_1f36d49eeeefb93e89ef883189f9553969f3da9e3f5e7f4e25db5cf5203c4967,user
k6_bidder_427_6,pts_34cfcd848bc6c0c66729a599ef94c84bd26c734e36d09e3137c9e20b944d0f83,user
k6_bidder_428_0,pts_22729da22519059bcf00f5643aca5a48bea8d4f8929b6eef968e2d7c51bc7366,user
k6_bidder_428_1,pts_caceadb7ddc8c7983772dd8500ee3d8108a272c3180284d900b054dc97b1bba4,user
k6_bidder_428_2,pts_bccc4c463363c9697dccbc88d1689494098a9e414f7f6f1243f4707e007d304a,user
k6_bidder_428_3,pts_1c8d1c690bef3c578d80ed0284b1df0a2cdcf975e7d0a3cf02036c446918a102,user
k6_bidder_428_4,pts_f6d2c69e95e62b6c29aab611618fc24bd3f39779acc8497afae14cfd69f69e0e,user
k6_bidder_428_5,pts_1b12e64b7e55b9b47fc98e01d0349269e9a99a7c1f1f69bf0f203a224155d6ab,user
k6_bidder_428_6,pts_340ec30e0fabafaf356bbc82dcb10051cfda82c881fcacd4a3c3012b66810755,user
k6_bidder_429_0,pts_a91ed378e4e0ff9fcf10d5a8956ba1408f04b377b15e6456c728b320fff83708,user
k6_bidder_429_1,pts_d792700b78b8e75703424ed89060afaa321da5180bd6a78a68fa1b55bf373ef1,user
k6_bidder_429_2,pts_acada8949fdea1595bbaf01979b924f9bd0386cb127f5529e21c1c4a4a92bd10,user
k6_bidder_429_3,pts_adfa5a1087be6736c34e2c3ba802341acf89ddc82014b28e6bad252210f075b0,user
k6_bidder_429_4,pts_00974343b423248cd3d2afe306c4666512d669d99e4e89e56440daea0c848a32,user
k6_bidder_429_5,pts_5521bd6695876afc90e94b06f2922d0e8261b296d6533ad8bcec4d2d585f2e74,user
k6_bidder_429_6,pts_e7898297cd77c54198682da3838c5f177558869651ae028ec20be7c338e28a5d,user
k6_bidder_42_0,pts_06159a4169c021d567ee569ac17e1c7081bac5889e858d21815a81048afd3af0,user
k6_bidder_42_1,pts_ffadb9bf2252ae56def0f634496af6d3846a28a37be58337f32624da73870caa,user
k6_bidder_42_2,pts_583e0b130e5748b11096fd5a31e575f1012b2f8a667fa748860c066fa21a4cf5,user
k6_bidder_42_3,pts_47362b2bcc8306750d3de053d76021ba0cdd9853037c26036acf426d301bae7f,user
k6_bidder_42_4,pts_555365c99aac9ef98106e179e6939957d0e621d34299d8f1203bec87d998528d,user
k6_bidder_42_5,pts_974da0c8405a764b245ea9660ad091c0167ed65dd3f32bece5307e9a512b233b,user
k6_bidder_42_6,pts_7bb3d87868f11e138668e04b6165d38892098f962b3ff0ded9d23243c4c10f74,user
k6_bidder_430_0,pts_08bb84a4af132c1a0cba478e3b202e0954d40275a4d89ada00c8036bce9fa94c,user
k6_bidder_430_1,pts_aee64974990e78d7299d8aeb826152283d99e771912c0904c6067ed6a80c3138,user
k6_bidder_430_2,pts_b229c66a789da54d8ffba202868f10f30e27f0f55a8efcc5c6ec8d73fa99fd72,user
k6_bidder_430_3,pts_400c85422c7e3265586404b4c713dc56c7e8d3ce08366a7a0edaef92c74c82f7,user
k6_bidder_430_4,pts_8728b94cb32b5a468c20ecd3a0c2cba75ebae948eef59892ad1072b29d041220,user
k6_bidder_430_5,pts_d2fabb8a42557209121d0ca83ea02c9a4a393cdba88c36d51bda8212b3d98c6b,user
k6_bidder_430_6,pts_9e52fcbd37b12aaad2e17d904f0437938cec5d81b84e7761249b8cca45734a02,user
k6_bidder_431_0,pts_3627a2121ac1b21641789f7f93ffd4c817c9edd16c96bea5b64879f7f7a8d620,user
k6_bidder_431_1,pts_323acffce055019fa60e3e48f179f3dc67e83fba8e6e83936cc3494199e7209a,user
k6_bidder_431_2,pts_cad26d8ae39ab073d8e3f3c811c46d15b7f7979ed7e98c1e591af649cc0c00d2,user
k6_bidder_431_3,pts_6ba3ddf7caa9da29a28a7a4f0b1df080a0cc9c7150fa2bb3e241e32d8fc3b5a4,user
k6_bidder_431_4,pts_ee57c27e7cc2f7f3c5cabd8528528b1748440fec8114dde082a8340fb5a69cb7,user
k6_bidder_431_5,pts_b5e73cc1c4a54c01d51640a751056a733f13ca12e0fb545309a87d749cc738be,user
k6_bidder_431_6,pts_b84397d7fbc2a5dd92f017b6e376375c18729a4e2e9a67f747225164fdcf98e6,user
k6_bidder_432_0,pts_d35cb6bf0ecd9515cbdc8df2b94cf9cee2b34cb07617fc5485fee67cd70a8018,user
k6_bidder_432_1,pts_f423b44ca2b882c41af5dd54e3abd8a3fb679e011ee3982847925394b896a35e,user
k6_bidder_432_2,pts_b1af2bd6608c234fdd45a01d7bd554505e6379f261fd98b1569140dfd0f1ccd3,user
k6_bidder_432_3,pts_ae86b7b6d387ba5a6e211784ddb724031fafcbbf1b0b025f40eb5a026508bd4c,user
k6_bidder_432_4,pts_047590f761669d384081ee8d38b731db37766f8358fbb67ba9fe8c217b45aa15,user
k6_bidder_432_5,pts_2a0405d4bdd827d21398446dc25b02cf1521b3c84f55482188c238c36deedce6,user
k6_bidder_432_6,pts_694d0fa28617bc834220dc50ab27d9aeb02ef40e5a0d5e7b11533d88fc4dee2b,user
k6_bidder_433_0,pts_0a4e53aac19bec8f0e966cd19a73c2500516ec3a10ec1dad2c0cfc73ea475b93,user
k6_bidder_433_1,pts_782548fdb738ec3d36de67047660e1ab38ef03ed1b4eeb9172bee42e45b05dfe,user
k6_bidder_433_2,pts_16ae49905a89e0c6f79b6762a59d3524c58adb79eb245378713f423f023f58d3,user
k6_bidder_433_3,pts_7a66c77a79179da01bef740bb46a54d3a366f9e00bc3a1778da5ae566ffb8a43,user
k6_bidder_433_4,pts_22aa0dc748e0382b2400c497b1de2174ded90f3ff05abaeaaac6f4a7832c02de,user
k6_bidder_433_5,pts_248dbab592c4ac2b8d7356e573f50ef24757e30ff57739e4005b5b7c9c47d5aa,user
k6_bidder_433_6,pts_62f5d60e1d7da465a3722058866137f14b3bb72bcd556e129228407b71bf9701,user
k6_bidder_434_0,pts_4fb3c6b5ef2ecc46cb2d8792c0e3c348ba0bfb77203f1bfdcc87a0f0c375f7fd,user
k6_bidder_434_1,pts_8a13f4235cb3c4a37db3f6c9bcf42e1565571add0da21a3076d55beca9dab55a,user
k6_bidder_434_2,pts_d0fae4b04e2d3428fd0ca0759fbce486f3a302ceb556bf9b8bd469eda2b964eb,user
k6_bidder_434_3,pts_cc345826576c01f717c45dd23590a193d24a62fde40f5c38a761d98216671058,user
k6_bidder_434_4,pts_18f106933d22ba421ed2c14b70b3432fa7819ac8922ff1f739ef635855931883,user
k6_bidder_434_5,pts_93c2f4d0a3d6d5bd703f4ca15151309d178fd948edf45afadb26885b21ce976a,user
k6_bidder_434_6,pts_97d911b1e433fa6181129c3d2d9de24ea0b692219d5ac44a62842908374b0c00,user
k6_bidder_435_0,pts_59177cb035bf4703ee55a6b7c6aaf1d3e10efdd09c7e6971819867812748d765,user
k6_bidder_435_1,pts_b163b7a632e53e046c3d105f575e0d79a90e6f0a5c71ebe5d3ff607e3bb32244,user
k6_bidder_435_2,pts_5280c35527d6905a647c5554070ec42f5c1bfe36e90c3d5cc000f9378e7acd4f,user
k6_bidder_435_3,pts_646de1f3c68e000b1a92a097f1dd66fe8cc176bc9556d32a96c3dd1a4b204087,user
k6_bidder_435_4,pts_facb0eb203e1232ad496adff432a1d7a80b4216e08aa3d3fd3462988629b2bb1,user
k6_bidder_435_5,pts_65514b1a4e2405485c6262b9b8f4da9942e37f983bd39594d7362e33648a3fe8,user
k6_bidder_435_6,pts_cd53a077f22fdba8df5f7abc3f0725420e442b6f4ed9cea15ab34399a4ef7fd1,user
k6_bidder_436_0,pts_620b52fd6e56cc53b54663b9fd0fce50dc709fe1c4ac73ea1230dc3b9c7e0151,user
k6_bidder_436_1,pts_ed261281518bd6598f12202cde2a47dc37f1aa11e16867fa096ea5d06cf75b6b,user
k6_bidder_436_2,pts_c3b1ac585ce1af0caafd81a3d83c05e78dccbc1514cf16c1f2c23eeb77585381,user
k6_bidder_436_3,pts_75e3604b59f22a9951a47727a43a54497ebbab4dc81e04137c6dc316eb108045,user
k6_bidder_436_4,pts_54758f1b949214c8c6370e997393c8efb4348785124379b35f0fdf48416cad89,user
k6_bidder_436_5,pts_f709edcf810f9641c9c491485c16b78c3514d3d262fb3ca90fe4c838c1fb03c6,user
k6_bidder_436_6,pts_23ee10a1b240dd9d6a775ebf7e701ee523c4d4ebbaed208f57c51d7402069977,user
k6_bidder_437_0,pts_031a169fc1bca177ed766b155a5c9219c67c5bd3556cdb98ec5a4cd45c638a29,user
k6_bidder_437_1,pts_17d2b28e8cb695531aa5cc05b6a1391b2c28548fd9646eaf30fbe5dc4d1b1e56,user
k6_bidder_437_2,pts_90a222cee6787a936824fb2b06c1bee911909e620fb743a3418f97ab8e771fd2,user
k6_bidder_437_3,pts_a4856b1118e79cc72f8a4057ba08c0c486e4282459066d45c839a550e0945ad5,user
k6_bidder_437_4,pts_633105093eb4ee517dae2b8fe301825ac50b3adbc58d0e35b4e722f9b36ecd0f,user
k6_bidder_437_5,pts_d456d8dcd894044c023d42aa9b12aecf5c2805492749a61c8992370ab3059925,user
k6_bidder_437_6,pts_0f86d9ad711ee1583484b10934a945a12e8c215304eb8f09f3a3bdf49c20ba16,user
k6_bidder_438_0,pts_d9f130d557a5db19a4fbb55e4696d93c7e3f7e4305d5c83ca29f0bb4fcf90014,user
k6_bidder_438_1,pts_0020ded187ea2952c4e28be19222086da023a1abe1d49c1c57a56e32ff10bffb,user
k6_bidder_438_2,pts_2545b477bcc9c03271cf57fb5809691b74f74930225e607210532b1a776fb219,user
k6_bidder_438_3,pts_76d0b8dd7ffb3f048da2644f1d2ca61eaa9a5be367d2f3eb8fc2d84d00170502,user
k6_bidder_438_4,pts_9f12fcbaee95b7b017359015e101f6979a1a43778e2bd6d95f7bb580c258677f,user
k6_bidder_438_5,pts_e658c335b9e18cf7b3c86fc795a7d0708136b6aeb94128c4a2c94e2c43c8e986,user
k6_bidder_438_6,pts_3d0e905571ba098b6e2cf5e9fea53cf32cec3395e2dd2465fb436c6e5b4bf4a1,user
k6_bidder_439_0,pts_297da8324bdcc6dd97a8cf513656a511a94cce73b421869c6887b1d59b156922,user
k6_bidder_439_1,pts_5d9435a44d3e5ce6a619023100f0ed438002a29f15dade2e073b987baf738ad1,user
k6_bidder_439_2,pts_4d6a961a8df0b87deefb9ba064e83a1e2015c4739668b524e220a77b5570dcc2,user
k6_bidder_439_3,pts_99d8dfa2ca609b38be8d7c9a7cd2b735104eb5f9a9abeee640e36126a39eeb3a,user
k6_bidder_439_4,pts_f5e46bd14f2d6e44c2a0787f9babc4e128dfb70acb9966c6ca7a4b142e192bb5,user
k6_bidder_439_5,pts_85d30da5479d969610b27400eb50f32d263a06edb247cc8fce478149b4d17717,user
k6_bidder_439_6,pts_7e4a0a87eaae9352f9fd025c71295d3093a14c3a3537ff72e698b9d5dc7cd05b,user
k6_bidder_43_0,pts_d5001a68d9d12bb16b4ecce032c5e18daa061f612761cc5ade32a5972f33ad26,user
k6_bidder_43_1,pts_e3ec208e7200c769864e8415da87e6115a41c1a3f8cc88861f7fb0d5eeeca725,user
k6_bidder_43_2,pts_03d299e810e207ad0bc0720e42141413f10ffe0cf748c5405d625d31f40586bd,user
k6_bidder_43_3,pts_c0d860cb02a02359e6c33c7febb92c0efe528c7bffa900318b122b4e299ade03,user
k6_bidder_43_4,pts_08f78858e64ffd87d01b3c7dfe957a1b9701af7d4ca4d7bb47ee3c54f01d84bb,user
k6_bidder_43_5,pts_65b8a066cb8902ca853dd9e8c16ce09297f5131bda103511913266cd785d3cff,user
k6_bidder_43_6,pts_c6ef96ba53f2b54f50327cf633e20c4792214d1e980b1acfbc215a04f97722dd,user
k6_bidder_440_0,pts_3ca42ebf6b2f28aedcc0ffa145f9c35063bd8688cfe9e940f2b65ecb041d675a,user
k6_bidder_440_1,pts_a5cd97b0c0c34324134305fcfc9eda6305fb552b135e3c012d3ee078e05f44bb,user
k6_bidder_440_2,pts_cb9d39c427f588aef94c1b3d8e59e919fccf1b3448c80a68d8d582deb938ca26,user
k6_bidder_440_3,pts_c4bf88cfe04089bea25d4a5b7fc195675ad729ab7e5db81a2e085a1c5a145ecf,user
k6_bidder_440_4,pts_c4ca95f6d1564fdcad9337850cefce6d7a48bd3c56274d83cd8c64fdc121ce6d,user
k6_bidder_440_5,pts_b0018d791a5ca08f45fe9ee7b3183f18c96bf058853210cc7e75266d3285fe5f,user
k6_bidder_440_6,pts_b4224ddc301a63eb6bf6f5c59013a1a80343700ab47448cd1e1e88beacb056c3,user
k6_bidder_441_0,pts_2ac2f174d712ce39a51527d9e0e88b5dc97533206d9238470d76192bef66d9eb,user
k6_bidder_441_1,pts_51fea0bd4123b5cfcee2057b79f7db2089644c8daa439b27d0851ef12c506954,user
k6_bidder_441_2,pts_0a180d89b59f1267c9eab67a99bcee9244216b5afe4d4b7cd5457cfc80d3b3de,user
k6_bidder_441_3,pts_7f9727f150d4c17ce606cea363f0ecff451cd4577a3875b669ef35ecdcdfa942,user
k6_bidder_441_4,pts_302728004248bfc35553c03cd03205a319cacc8cf09fa1e6c5524f6ba63f1e27,user
k6_bidder_441_5,pts_32b961439e786f35271be873580e67bc5c5e72197e3dbfb32c67df75cce48a82,user
k6_bidder_441_6,pts_4d617c213b5db6592cfafe6b79c8e8364a66ed058569b8f4b072881003e74068,user
k6_bidder_442_0,pts_dceba2b699b6e5447fcab4de3ef4a7eef8bb9be80c9774c7c0fafdb0acf4684d,user
k6_bidder_442_1,pts_01c2e79d30e82a90bc0073ae52efe888343e3302007b16585f091ac1691dc616,user
k6_bidder_442_2,pts_2d7ca2d498c237228fef2feeefe3b02e5c92e68c378ea27b85a1e25e2c36ba23,user
k6_bidder_442_3,pts_cb9b6c78e07be0ae6e4d9d5c823b47a0d370214d2bf5f49ff2edf91fed98158e,user
k6_bidder_442_4,pts_7972a842a78864c276de9fd986829227094ccea6fe03113669af1e347855b3fc,user
k6_bidder_442_5,pts_9590639f0d0e241ca01374e5bd3a860c5348b2c95a73d182e91ec478a428d501,user
k6_bidder_442_6,pts_7208ed79e38676a1185a93d7452c191cbe92431a2b32a8ce319cea67ff734ea1,user
k6_bidder_443_0,pts_3899c3ea4cb8a19ae35080e025a19788e92b27bf514786ba76160ce0f033919d,user
k6_bidder_443_1,pts_ad093255ac0742058958ff776aa38aebb2ee859610a4f0edc5ceef7d235f88a2,user
k6_bidder_443_2,pts_c5fbebdc6a2c8615eb57b17f985d1f9a3eaf1daadec47258cbcee4875da9c6bd,user
k6_bidder_443_3,pts_322be953306a6c73a54ed03fe62de28f3f901bb26f33574dc842567e349e555f,user
k6_bidder_443_4,pts_139f0b6d49778c12f59cdbad3fc9c69b6602515e0e7a9123a75bbe4ac8652ea1,user
k6_bidder_443_5,pts_79106b0f47209354dde265482a80181c37cee1250e44b21731018deac12aded8,user
k6_bidder_443_6,pts_bfa2f448760656e1495ed45c02e90e5501b36614d95c141eaedd08e819c4794d,user
k6_bidder_444_0,pts_9e9fce8204fb440b3b52fb6843eb0d48aef8775d8b4f10f92846e62dab338173,user
k6_bidder_444_1,pts_ee0df0211e7a598897b3ebf3ab8ce93f1f25bfc6ed8a43f5275942e499eb9665,user
k6_bidder_444_2,pts_0452340886550d499939d2f2fe04fa4a4139a5046a33b52ce548ec1032e19fa6,user
k6_bidder_444_3,pts_75bd0b07103425f8a4c3a35842b64343a66991db44fd44c685f6fe8b328e5fd6,user
k6_bidder_444_4,pts_719f16f11929f9f2d0dbbefdbb0d6fd2a61966e42ee79796aec83618470a1926,user
k6_bidder_444_5,pts_fbf2413051928eedcffb67721cb4f236d2c281839c9f61cfd4284531fa2fa256,user
k6_bidder_444_6,pts_c7c5834fe3451a4d861d3e9fe44ef3825a7fa4375bcb26f96bf7bb6d4b33b730,user
k6_bidder_445_0,pts_916af0c6f9b4d16caa9c4edd27abdd93d7e1d2342bccd7a23dd3fbeaa2b3b96c,user
k6_bidder_445_1,pts_d9181cea56b6df9307dd259a9d31318fe641676d0673a72950eb4d559b24b345,user
k6_bidder_445_2,pts_e30aff024349580ac484a4298e4dc545e4414d4e4e92e7c111caa0d1f713de2a,user
k6_bidder_445_3,pts_6700fdf8831e5e8db5a46ccbeb9362aed5e1e3bfdb378e592a48f0360a335679,user
k6_bidder_445_4,pts_0ead7a09937ad2d31dc9124c40d09b5166b46189852a40bc7a4751acaccedd74,user
k6_bidder_445_5,pts_d586604d1fc5a6c83d35e8ed0fa02fb954757147de6602ac2221a77d9b061201,user
k6_bidder_445_6,pts_fe1de0801af70aa89cded0ab3832aa9104d952ec9fd2fcc539addf4df9cde366,user
k6_bidder_446_0,pts_afefb822aebf3829870e2deb4cb59d51c0f50a713fc98b7ad56f5754f78bdee7,user
k6_bidder_446_1,pts_02d82c1d07d65a14341edacd10b85a7b4da52415d62ab0ea41735f62a509761f,user
k6_bidder_446_2,pts_80ace6107b72abcabe59cc85516be7d6d9d8a10b5c62057b0b4a6562ccacffc2,user
k6_bidder_446_3,pts_edf88faeec590fb3d9f8624c7b62d21c4c0a6e932e5c01771b6f1b569785d30e,user
k6_bidder_446_4,pts_addb0737fe2447a118eaf3faedd582da63ef2aaed576def6cb79f6b4734fa5ba,user
k6_bidder_446_5,pts_09585d9c78e851379a7682252d2314ca4986ebe1d946e40ae9fb38035caf4607,user
k6_bidder_446_6,pts_77fe2db9639941c3a6f9de19c2c6aad053fe738d1b0fe7eb6f9f431aff8c455a,user
k6_bidder_447_0,pts_b312aeaed0e4fa07f33bfd0ef62cf8176fb0b343d1786f3459b5e935d66918ff,user
k6_bidder_447_1,pts_7034e9550b128e74d940fc58daebea600dfc8b812f7ddd907540ce1f8b5357e8,user
k6_bidder_447_2,pts_0bae9c83cae2e39aa509c239e70183610085237b01b0951ffea79373473ffd96,user
k6_bidder_447_3,pts_f0e0372d0b77542bad7fc5cce2159164d73d02391730a6f76f604809bcf002c8,user
k6_bidder_447_4,pts_66e045c3910225bfffda909bcd27c65878903a1caf15d69d7b98c1dde1e2bdb7,user
k6_bidder_447_5,pts_dbace481d5b6d0451559f83e5e91cdc959fb97512991b5598d38c6a7f5d47420,user
k6_bidder_447_6,pts_215b9ce2a04523d4f4b10201042201844dd4f8ebab8cd8b28a62b454a1c111a6,user
k6_bidder_448_0,pts_423184587fb3dc0da090b9758318da9497eb31c37a7f2dae530a1683d65323f8,user
k6_bidder_448_1,pts_776d9df7af7b6b91e0663e60f72ed5f1f7f4ad8f4283758f6ee0b921602bfa58,user
k6_bidder_448_2,pts_65dae50e365dd9293bce51a245debd77398ccd292763d3bd9338293c04ad7d5c,user
k6_bidder_448_3,pts_21cf54dcdf05aaba4a8a965e413f53a8886848871f5849ce8164796ff3c44d8e,user
k6_bidder_448_4,pts_545eab70e7761f48aa0f5c1e25186fc55fdc7dc9fb75977ce4935b432368d894,user
k6_bidder_448_5,pts_495857613add8f338b48507caac5c34f4753692a8f297856f39c56109e5c0676,user
k6_bidder_448_6,pts_503d90bf7bb7133bcb97cb47c89c17610fd0fa302365c288b0d795db65c2b30d,user
k6_bidder_449_0,pts_a69d05553dad4e72420aea28d9bb14f02e6ea6aed9f08acc2da172bbee8d6209,user
k6_bidder_449_1,pts_65006ab9d6355da55fd588b91e1804e85fa3a8cd86ac4ca3311c3b191a23ab12,user
k6_bidder_449_2,pts_ff6eff36cc4f828f412c1f2d570ed322c66d17d29c6fd23968a925d71f5b55c4,user
k6_bidder_449_3,pts_21e824a4526ebd818d84a84d0abd6b0fcd45fc970177d1f50b9a39541df12793,user
k6_bidder_449_4,pts_6dc050c62232c82f4f05425253f30b574152088d897e6ec2c63545c632f68059,user
k6_bidder_449_5,pts_c60fa6fe1392569a7786ad846ceb673c7ab93fd277a874b45bf228e12acb5ad1,user
k6_bidder_449_6,pts_a977a5a8825a731ac35508689fd67a2d20de94a3f658a875d22c46e9a2974410,user
k6_bidder_44_0,pts_94edef5d1d62f08d7c02dfc8a6f7cb039f8f458aabe00cb663112d6ce6b3d3fa,user
k6_bidder_44_1,pts_714dac6cc24740ad24e2f871876507545785e3feba597efcf17721d2652796e2,user
k6_bidder_44_2,pts_f836de6324373ec08684744e7e2eb5531a62e5daf73e9ba59d7e9ca437445607,user
k6_bidder_44_3,pts_a211aba8eee8574b0923ba703e859785852660f29bf8b428d6d5ea835f388d5f,user
k6_bidder_44_4,pts_736560001298d8661f608026ab88418574886e8bc263fce4ee9b85d77ec0d3f3,user
k6_bidder_44_5,pts_99b0c83800aeba2665551c92175f0b112487b15de45ce48cac52956154e1c772,user
k6_bidder_44_6,pts_29929874f3f3794b9eb50c22e256823c834c1d93cd3fad3a434b7f849998afee,user
k6_bidder_450_0,pts_c618ec9cff2bc2c160c3ea438b37c87e3c26b133be44e6ef7edaa5d877fb343e,user
k6_bidder_450_1,pts_acff8118e0839994ddc49fe01f4096c7e58eec1201ce81255f267c371866b245,user
k6_bidder_450_2,pts_f3878d51019c287b4f60c51ebaa1a2495603897e465e9c9b8d807340f12472f4,user
k6_bidder_450_3,pts_6aabcce855af20efe46664234e6017a5bebf7659dddc1c6dc6b0baf1fcbd4c2b,user
k6_bidder_450_4,pts_4bd66b28f7c1da56d3474afdd53495132ee41cf54df301a5ea3b18ac1db7bbff,user
k6_bidder_450_5,pts_c38e51c1133bd30b18d99ab1472fca6769eaffcd98415dfba998970e79670b00,user
k6_bidder_450_6,pts_f81e9db1665baf2fa7e97d04c2fccc5ef1384ed1f955616a8dc68d78e96ec973,user
k6_bidder_451_0,pts_ca0dcd8535f41344f5ceed3a5b6d48aa89ca222da0231ca33a0015045e6b05c8,user
k6_bidder_451_1,pts_8cd67cb5ed1565d27246563ad8881c5e82ab7ed5e1ace78a508070e0809f1f05,user
k6_bidder_451_2,pts_c1d3a2fb4c6cf41b7e123e3d001188f4bf41ce4f79a4f930f2c5c781477300bc,user
k6_bidder_451_3,pts_ef6819db9457f95b28215f36eb985086aa3c8ace152991cafeee861899c1ff7a,user
k6_bidder_451_4,pts_156c7472275171012edbab248937c7f4c3db31a0758dc5f1c7ba2b9464492556,user
k6_bidder_451_5,pts_3af7214127d1c11b8f7859ab6ca80afad86837ca2e967ad3f446e60ac098591a,user
k6_bidder_451_6,pts_e4f0af847367137c336298b3303fc9e8dadea19e51cffb0263a4e8b3f54003f4,user
k6_bidder_452_0,pts_e90ed4d2cc054f4e74bcf55ae6674f0d48aecfb1afc1886c93934da813a1a317,user
k6_bidder_452_1,pts_f1b42f0dced8efe25dfe19d75aceed7a4102adfb96549658d0cf76fadabb4f6e,user
k6_bidder_452_2,pts_8aaa588b6975e6973e1c6ecc4a509b14cee6f079fd6a66443defa269d2a39d9e,user
k6_bidder_452_3,pts_20384f3b06d2f8016a41d89332ffa4a42a603b60e14d169bb51b70c2b6097814,user
k6_bidder_452_4,pts_c0fdb38e5963a163c2968a6052069c4a8532798854eeb2805383941911a855e4,user
k6_bidder_452_5,pts_f3e91468817556e4152380c58f27bd8d01558feae09e60196dfe26f066d518eb,user
k6_bidder_452_6,pts_f2a803a627eb31c771ff86727e5be33b237b1b227770a8fa35b98ae5115518cd,user
k6_bidder_453_0,pts_a432a178b8249e330a7212fcfb41d827c18b4e9711eb9dcaed57c3e8b3e12e60,user
k6_bidder_453_1,pts_e843dc619feb7178fe05c1f297f87b0fef0461418a140373686d097a5a0455a8,user
k6_bidder_453_2,pts_9ab41eaac2d795c31047b817c69063d5063f93648fbb7e8c3dc0798a8c3d0752,user
k6_bidder_453_3,pts_8b2bd9807a91f1782f08fab62f6fcd964ecc5e0c9edbf7501c2f26b660fcb194,user
k6_bidder_453_4,pts_d74cc785a16b694b4a56c33456bf8ea2a93d76263eee73e1582799294366ad71,user
k6_bidder_453_5,pts_a30d7a90964efe614d61817d2220fd2a17926ff18118f50fa99b28bd215b676a,user
k6_bidder_453_6,pts_00aed044ea82e9fcf30f39917c0b2ce59d82ac4c2fe6908014f96aa117c09008,user
k6_bidder_454_0,pts_770d9fce40e05060e39ea8588aaf65acc569336db5733803bff3b7d9c0a9754c,user
k6_bidder_454_1,pts_0d851e35522a25ecec4db1d2adf1a2a57a85e7127540f5630d2d511f4282a912,user
k6_bidder_454_2,pts_2e7ac8a47b4c7bc19619fd833924eb01e7b2a5cb6bb38c4b55c4a9ab08079ded,user
k6_bidder_454_3,pts_21f103054fd44c0a501511721e959ed60e97cc68bfbd7074df7778df5b6ed5e7,user
k6_bidder_454_4,pts_e14788b615714d07ce232eda20f459e533f14e05f0676b89dcb2e154d85da272,user
k6_bidder_454_5,pts_07fd653245909bebc473a44bdf0acf46893e7aeef9ea475ac473c7793a76788c,user
k6_bidder_454_6,pts_ce6157e7b1a78250f3297cbbc87c65f56fce875cb283b67aecc3f87fd3d61469,user
k6_bidder_455_0,pts_2ccf206cf80d1b299086362314b5e3c1dd839bc477e2f951db3185eba32d4996,user
k6_bidder_455_1,pts_2d4300e2af74dea0a7f795bf629b03cd00aef42435fd5d4adb39436f163b7f31,user
k6_bidder_455_2,pts_fa591614d1392d7155e7bee3ff4cba9e1abff03d2977b4f953e2f2d6900a3f4d,user
k6_bidder_455_3,pts_2c8071a469fa7ea699aecaa9793e05b79dfc843f77e2b889227a40b2f7dcc8ca,user
k6_bidder_455_4,pts_30c88fc4776ef17f743614edd81d848daa05259c7d1f096791aa2926eafdd7ef,user
k6_bidder_455_5,pts_056043b18c68c8ef6e5ea1a154dfd6e48d0b18f231e7a8dca815dafb09ae373e,user
k6_bidder_455_6,pts_ba01c3918589d1853632aab42145cb61bb8b59d25d4dd43bf2ec258403e1ae3f,user
k6_bidder_456_0,pts_62275b548ee3c2b669d8ad40aa4150366f082dc64db27ee4dc00710921d54f41,user
k6_bidder_456_1,pts_71ef0eaee78e717ec2454ef2a3bd0a6bb10ee9a6ff7fb26008e14c8a33dd4492,user
k6_bidder_456_2,pts_7a581eb531fb8729f29295cefa609a09dbcde1a65f64130f811dd29e3afd5996,user
k6_bidder_456_3,pts_067e364fcedeffbeb709b1641e552d751364574c5edae38c4ddfb9ae7c71ab8d,user
k6_bidder_456_4,pts_b2133d225685620af2575bc82f3b82acd40487983f0b38ac661c2be6b2c31a8c,user
k6_bidder_456_5,pts_9fb5654395ce78a77e4b2ca95c0916404e5061ee4ccf6a15178a124941b7158e,user
k6_bidder_456_6,pts_f2ab5e1a7199813cafc4b6d8a7a82b15e195559bca83e20bd608e91f79f23bfb,user
k6_bidder_457_0,pts_4bff99f438978681a0f696759072c7b4b0c65bbb7880bf239bbccb00b9b5ad86,user
k6_bidder_457_1,pts_2f4157217c6682354b1df04a33f5b16377f8acb9dc515e3293fa0159f9ae8926,user
k6_bidder_457_2,pts_ac87fb2e36f504e55d7d522e2e52c95f2bc355f575a83f6011814717b0dd185a,user
k6_bidder_457_3,pts_95c1142c374a8022debdd66c0b78236f94aceeb6540a25f23dbcd113ba662775,user
k6_bidder_457_4,pts_c41c1744d4035c2a7bf410fe69f1c593332129238752aad820995f48e8676673,user
k6_bidder_457_5,pts_230d03c59158a253ee58130ed96be60b23c97e3f00a2add79881b6aa59298b46,user
k6_bidder_457_6,pts_25e65516dd98860847f502208ad094dd28292abad32383853ca7232844c27dea,user
k6_bidder_458_0,pts_d6f083a310379dbd3796955c01023da23564a1a70db9ae06df857b483645c3a4,user
k6_bidder_458_1,pts_1a280404dd1c7a1d203d8350a0b6b855d1bb0480cfaec4620294869663936978,user
k6_bidder_458_2,pts_b12cdbda9bcb2026a765028507c27f16b8b109493e2f6bd27088144ad062a76f,user
k6_bidder_458_3,pts_9b413ee6f2bfcb727aa6a2f711354c43abba3bff6ab8517d95a57971fb102ca0,user
k6_bidder_458_4,pts_0e1d9eaee0a49ac9e3809851e1e312288e8e8cf9471c48471dd638b0f2bced3d,user
k6_bidder_458_5,pts_e4d3ece69a30198e50ff2bfc8b6172056b1a83f8c781a6ab654131010470c9d2,user
k6_bidder_458_6,pts_96384b0873e9e9ecd341416b1361981bcab93315a87e4c5498626b7f9c1c4a27,user
k6_bidder_459_0,pts_533d974110f1673a5e604c8ea5f21b11ffbb007d9fc149fbc5ebd4f73dd49144,user
k6_bidder_459_1,pts_92461b136de9243bbd507911f0bf3808b936fe1387798b02485054d710e00518,user
k6_bidder_459_2,pts_111d84ad183f5758b7d4337f7329704f493999bf46d5924dddc947ddb4c7cfbd,user
k6_bidder_459_3,pts_4c8cfec6d949f3838cf354232a59c717f84f1b44f2ff5bd444c6d88aa2965ef3,user
k6_bidder_459_4,pts_6de266c3ef16a4cddbdbba3b3620c4b10f0d9b513f14300d3bfba785688cd8a0,user
k6_bidder_459_5,pts_f7fdc14c6206ef5849d6e5b3f36becdffba695edaf65bfd7da7f9e94c84b40a0,user
k6_bidder_459_6,pts_f5a15979d99c68873775e90dd497edffc1830b172bf3f137ca64ff9264243393,user
k6_bidder_45_0,pts_d44e0ade39d3528da0215af501deb3f998de94cd53eca7afe632cf8caac065c5,user
k6_bidder_45_1,pts_f5b8dad7886fc5f93049b80996777eb62d1ba1e69ae537d760f4c37018c9b149,user
k6_bidder_45_2,pts_6a5439f286d2713c9f17be410ae35be48d94f41dc8207c8f98d5ebc3c2ce88d8,user
k6_bidder_45_3,pts_5a58f792a4583afa36eae82914c0778f5baba9140f07381459453d7c8b0f0878,user
k6_bidder_45_4,pts_40de6c8bfa4e5f49439d7bde2e1c1a473a1a383dd511dd051473c2691c864334,user
k6_bidder_45_5,pts_1f138831984faeb3d05f3535fc1a20dcae5f88677ddfdac83cbbbb8e2727a1a6,user
k6_bidder_45_6,pts_6e8be0249dd1e1a977039957090278fa0658d4d9c054d3b7a9671af5b425ef02,user
k6_bidder_460_0,pts_5e8ad60407922edbe546858cc66d3ffd05eb62ba177a36af4ff3587a26bf4b7e,user
k6_bidder_460_1,pts_22de81c2a1b99f82cfad49adca66c5c015b63e49f6bd849772c3f9ff0502fa89,user
k6_bidder_460_2,pts_68023120a27b4537076d0b42feee1096a434c266f03f2bbe414711a9323badeb,user
k6_bidder_460_3,pts_47e4449e221f2e11d42c91200d1c28f6b472b597dea241a4275a26bb7d9b204e,user
k6_bidder_460_4,pts_2c0eab30b69ceade1e1f185ac000d2a32595e146b8d66530d710a7ad8c6edd7a,user
k6_bidder_460_5,pts_7dbb8e4742af7b1366270d9b24b1e6a49580fce0b63fb11c9083b766f1890045,user
k6_bidder_460_6,pts_5065a4409fe23161958cf3e956137cf1c55856bf74ed652a938ac859c901fa0f,user
k6_bidder_461_0,pts_1a4fe7739e72817399b08229bc49a495f0d11c8ff7406ed304bf90c987507d2c,user
k6_bidder_461_1,pts_9e0b74406b6f0ca0a6dab0fc80b9aacda4b9093f61f89786902dd43285ca75fd,user
k6_bidder_461_2,pts_5df2008ca2bbe0637e549619e722e3020e0b0f70ae0cda101f5ace9189fdf336,user
k6_bidder_461_3,pts_53902b2265f6b7d63399724ac0a31cad1af6774adc4d83272b84aa0c40c70e7c,user
k6_bidder_461_4,pts_ca108d4a2d1c085b081f837eb0c361bfb5034ab66b6edeb734b5cea3dae71858,user
k6_bidder_461_5,pts_b04b037873eaa6683dc01a5e4e5339970d447fd375c94dc27a026c588249877c,user
k6_bidder_461_6,pts_dd07a19f7f6881d920b5941a0f692dbfee131e6b38f006f65f05f374cc11702f,user
k6_bidder_462_0,pts_a06a4503f36e663b85189f81d1bd0c42a36bef6bc59b096dfbd42763d784e279,user
k6_bidder_462_1,pts_c4c1a6806f2ab8e234369ce36733dd75ef25155723a2c5aec74d61648493f7ba,user
k6_bidder_462_2,pts_98fa2c8a899713f85d621b19c13cd078b7d7a0bb42c9f3c4d6d5395c9f01b5b6,user
k6_bidder_462_3,pts_7d2f802e5effa32d753b14be32f37e26c28570b375e3049e14d30302fe7978ec,user
k6_bidder_462_4,pts_35f76c95fa0b42d4e93f0f3d6751d30fb6ce35946719f065ce00ec0306c8d3ff,user
k6_bidder_462_5,pts_10b7fc9b2fc73311696ed0e10f35e06988e5140cb7f2fed59dac60d9468b579a,user
k6_bidder_462_6,pts_ef66fdaa810f6c69267d9a936cd87aedc539da239d7f3b00447d46b5fff31180,user
k6_bidder_463_0,pts_8a4ca4606ed5a2f077f7fd58464fa9f85f47a8b753c2c339c4db0f4c71bccd42,user
k6_bidder_463_1,pts_3c15e7e0f0a7a30b0bf3b7fad20ccdf07a35208ee0bd1f6efe88ddae0ece7630,user
k6_bidder_463_2,pts_53d18b0289a5c3335ca75a1982e577c1298318c482c96af79d8e4e3d6bd8705c,user
k6_bidder_463_3,pts_bdd92c2baa4a6447cc74f75ee3b2687c2b839d23b853c438ac06c33262413d51,user
k6_bidder_463_4,pts_ecdc3e668deb56d51f199aee2ee4a50b6703fc9332c231473db4fabc402afe2d,user
k6_bidder_463_5,pts_4f14d4c49fc962d8559bbbeaa99342d5aeda2d14c2f08053522c71c7616f27d2,user
k6_bidder_463_6,pts_d3bc4cd704cdc382d5238685e3b93b16c18ab95d8da876e71aaa744dbfd76f24,user
k6_bidder_464_0,pts_e80cdcd01da83771c55b457710d915ddf9ada05219eeaf13583444a1b5c676b3,user
k6_bidder_464_1,pts_dfc3b8628605cf867fba55fb8407e3ef2e17f553c0a2c8ff060683e859e33fed,user
k6_bidder_464_2,pts_5617a3c793f4a3fa296b2bf254edda3f3301460985e291fcf136270bf997c92e,user
k6_bidder_464_3,pts_36e7cc45eaa9c717507beb30e98ff004ceb84b8b4733cd9d608aa4c1681b0682,user
k6_bidder_464_4,pts_28b15c5f1929be90cb4454a9989c5606d60f8b906f85ae9f7df74d05fa0fd6d3,user
k6_bidder_464_5,pts_6debdffdab58ec9b00eff5f107c72b00dfcd3185af45c02a18e0e6bcd112467b,user
k6_bidder_464_6,pts_cdb45a22cf6c38982d513c911cd1ff54ac6187f1dad654437d0221097aa26c85,user
k6_bidder_465_0,pts_c8c24e2ebf50968333fd4857d0f8cbb994d9b86a8d9193f44a1f917b3cfb56ca,user
k6_bidder_465_1,pts_056baa0f299aba8285db8e49cff5f6f8ce7a6059f8ac93b8bf39e79b139b6b0b,user
k6_bidder_465_2,pts_768b7743db987f0404925dfde2559d8f057ada7344d29cb2f7d0e4be3078efbd,user
k6_bidder_465_3,pts_cfee47b640072cde8305d3cf31895093d5235f6a6f039f966230c14ec175978e,user
k6_bidder_465_4,pts_0b56f229a02387ad7a76de6e798e8a3c860380e97d47a598fa4966c2cfd6559b,user
k6_bidder_465_5,pts_616ccce2c7d7c513d591e550d8448fdc0b1405251614c2f29c0d0852357d65a6,user
k6_bidder_465_6,pts_08253501731be434679448bb309722e970c7c10a0fe08a435f7849e428645d2c,user
k6_bidder_466_0,pts_b8a20d92da28d6b0d38711d88969b4ba404bfb56053459cd4f20d28e448dc7c5,user
k6_bidder_466_1,pts_788b21003be1f3417e122c819402d35e285bb734d3e3e627e98248586780af70,user
k6_bidder_466_2,pts_38918f7bcad7abe284c293ab1e5f4328c506179899c4e4a71c0f21aa49ce86d6,user
k6_bidder_466_3,pts_2ee30236cbdbb01b0d647047232f03496460b0f5654b8135ef55be6101af2321,user
k6_bidder_466_4,pts_991ceada1c4f91e9b62149e5cfd354be0ac29c91d4f5053eb05e819e23dba931,user
k6_bidder_466_5,pts_914b389928ebef068dc4a87d3fe1bcdf53be95b562b8faae46f910e610813747,user
k6_bidder_466_6,pts_1be579095011340c08d07f4d7348048af471cf4bc4d16a723455b59fa47fbdfa,user
k6_bidder_467_0,pts_1a1b70c50a2f3c72036b8685813c17610d038eb3e839df30d1fa2462f3aa0b6a,user
k6_bidder_467_1,pts_7a1f255e8fcb9cf43cf69da9cd7291270d96a19105458c5f95c5e3262d0d8c6c,user
k6_bidder_467_2,pts_a3cc97c412854e23d522bfb6c65eb68c303d96b29687503783db6f690a05e056,user
k6_bidder_467_3,pts_f585fc64da7aa46c6bfac36b69f6aa26318d607ddce146108772a2e113d31a41,user
k6_bidder_467_4,pts_3c705ef4b6699cc36ee9b1679fd49186f12b948f6ec56bc18723319c1c61af47,user
k6_bidder_467_5,pts_aeb0637a3d6e220d487164b052d8120e334178d25efb8feaf83a70f6e4e162dd,user
k6_bidder_467_6,pts_bc7605835ba3df660d1c00b7f7e3056b0434936dde8d38fcae82cef5a73fc3b2,user
k6_bidder_468_0,pts_941b8cd18ee0641b8c22de8aa68c6f96f7d4fb7cc2d997db89a9e401cda00414,user
k6_bidder_468_1,pts_97e3b08e656106b0fdb397a13434f7838e580ed8af7fd666759c81dd76022a05,user
k6_bidder_468_2,pts_10ca625add023c1087ad031bd5edadac878cfef3a1ceee00ed1441a20d355c48,user
k6_bidder_468_3,pts_df9dc3cb5f68b5bdfb60836bbd8efd5dfa9fe9489c4eb393fc8dcfee744daa7c,user
k6_bidder_468_4,pts_6ba232d4252a27262e29a35622e7c7f5f1fa38e085b137cb281a356805c2f466,user
k6_bidder_468_5,pts_e102469176b5eb865dbc466fd01fc92e8092925aa4370a3e11f39d5df68fa461,user
k6_bidder_468_6,pts_b8454fe754f6d5382ac2fa5f2e14d48b784d31617a44cf5a891ee85bd6ad012e,user
k6_bidder_469_0,pts_7fd53a2750b7a6408c50dae524b4d0bf6d8d4ac36487611c347bff1c495de86d,user
k6_bidder_469_1,pts_2b34a5a9194a7ddbb5e54047d27d0e928f555b02d34a04fc5c09cd599090aa41,user
k6_bidder_469_2,pts_c6ef820acfb4638dfd5eb54585de2ebb148ca67e6e2f68b7240e3e0e796bc802,user
k6_bidder_469_3,pts_f5e8a5ca74666fac592a712101b0344f28844757142fcc644a5427b5f3d36d5c,user
k6_bidder_469_4,pts_bb2bc6cc6b4c9dc6e685efcd2fc6bc30819005ed6c5bcbe6557050f61d57bd33,user
k6_bidder_469_5,pts_8fe71dd8befbf319ab725838cdd705c0a6147286c93d9a9fbc27b06c7ee62890,user
k6_bidder_469_6,pts_1e8eb8eaa0845d2af33c7076d0ed7bbdab35cb3fccbca03d60501919119b045a,user
k6_bidder_46_0,pts_dd2aaecb5e675cccb232a231732ae7c1a4ab4afe616f937df03c97072a9cf9e8,user
k6_bidder_46_1,pts_60779913d56240d47ebe96443926522e784bb55547b5e538799c6b0b10da34fb,user
k6_bidder_46_2,pts_737975d5ff813d365c7064182940a1276bf974ef883ba2780b52d81cd5362b41,user
k6_bidder_46_3,pts_14607e04c4b5ccb973ef4efd734a7d51ce016adf20b44a2e769dafb84c4f1f18,user
k6_bidder_46_4,pts_ef7b8814b7427362a55db4a78ab4e6bf8bcd991bed6b3c6a8d1dda99f8f6eb11,user
k6_bidder_46_5,pts_707f67e1a9f6afb06d56ed6938450fa1b89ab4a6cbdbd026e8c9ca4351e59f37,user
k6_bidder_46_6,pts_ab490e9995dc05372f65fd1f4e6a79872af6fe4aa29f62e8ba823d8e6027aba3,user
k6_bidder_470_0,pts_cd4addc00619115d1c758d0bb678f0e696933d8fb83a9d3b83bc4ed354b6277f,user
k6_bidder_470_1,pts_f852dc1ca397ba767cdf0569435af4891654da37a84572591ce22f0ac3679e32,user
k6_bidder_470_2,pts_d2c3b7e318077b93860d440ae9e7b73b329fd1bcdf9f75505c1784cf0b445cdf,user
k6_bidder_470_3,pts_8bf446016f789a34ff7e0644fdf638959b5b54fda24a369bfdb4baad16fd7409,user
k6_bidder_470_4,pts_702f74c5baf055c2c54466e16166bc800ffdd3962fd12d8615e2de40e1e4d133,user
k6_bidder_470_5,pts_e7314f5efea707d7cc395af3712683f53e0d1fd62d3308537faf3205a45c1d84,user
k6_bidder_470_6,pts_053887b200b62f57d76a447f2227e81b96c08e4c7e7c9b2316b8bca43fddd08b,user
k6_bidder_471_0,pts_d561f29c1a20fd4f292474030e67f37129eddc1d4aafd3b4329949ebf9bb62a7,user
k6_bidder_471_1,pts_2a2cd082343e069862eac9eb1bde499e1ee2baa3c58b7fa1f597502ce4a8cb74,user
k6_bidder_471_2,pts_65fc1c9109b0bbf920097bd8ccf253eb195e1119ca4e810752967b641d9f7179,user
k6_bidder_471_3,pts_6e9864e763ba6bc0f23ed810742c615a18bffa997d63d03dc19d2944c6289fb3,user
k6_bidder_471_4,pts_dbf17e35c30f717cea6e7acfa52c39a6471add9abab6858021ef5fe487e76aa2,user
k6_bidder_471_5,pts_079adce101c8ef9f0261662dbe4e354469d8fbea9e6381e06f84628c34e509ff,user
k6_bidder_471_6,pts_ad8ed606e6b65276e93d3a8811b6d33eeee22d0ed6d2c9b2f6eea5cea22134ba,user
k6_bidder_472_0,pts_5749eb9e67e19e496bcf6954c771f4d60157090771ce27ab9a2d52191421eb13,user
k6_bidder_472_1,pts_5f642a67887a67163b9d4653f69341c2cfd26b6ed4ba03e3c4328eb7a46f32ae,user
k6_bidder_472_2,pts_96a0720257e2968aae6ef4e29f92f69ab05d657c1ce34953e226cbf8bfdd15b1,user
k6_bidder_472_3,pts_719668dfae8ed2e5b5e1202462d706981f912f4f98eb9134bfe5244122300e61,user
k6_bidder_472_4,pts_58aa36ace468118b94ff0e13c59ef44defe2907619ab916c3be9f994aef6981a,user
k6_bidder_472_5,pts_86a365bf0c2b1e7669abe7bc84bd1ad1047d7fb1ba502753d8a74feb911f03fd,user
k6_bidder_472_6,pts_31945f020ac4f3f8336ee0ff31bcd87b1cc44a9e264217b5707ad814fffa5244,user
k6_bidder_473_0,pts_499987010b8e0f209e6efb66c72ef0a4eecdffeda1d9c4a118912e1a9484770a,user
k6_bidder_473_1,pts_c2ebeb8eb2fe56b22bf27b8f1af4f183fdc4b68fb9664018f058ed49a4a3d09e,user
k6_bidder_473_2,pts_a262df1b47e1dc44775adcb515ae53568772af9e60c5df069bf19567651e869e,user
k6_bidder_473_3,pts_b9db583694cd19bd316091e8e37e0370c200c7c302b554cc929c02a6974bdecf,user
k6_bidder_473_4,pts_edbadc5343c89ebda117bf19d68dc190259bed2076777d67760b865b3f363057,user
k6_bidder_473_5,pts_b802bd07565a7ab09587d43907b44a0c9db581e2412208a9db6c1aa7df526015,user
k6_bidder_473_6,pts_d3eb389400ed7032d9d63a21964b174b2ccc8ac6434242d3e746422bc99585ad,user
k6_bidder_474_0,pts_a64227fe4cc7f9059d38e7799cbc775d59c329d743579fc5a72ec0bb5f7f2c90,user
k6_bidder_474_1,pts_21bbcac3082c14c9b5b3f96ea035aa67e23b1c31d3cb9f8889a541181a79d02d,user
k6_bidder_474_2,pts_1e5a03bfe6a981fc61c48df79d1e4fe3c11fa8e8c895a9c7edbe33465b0b36ef,user
k6_bidder_474_3,pts_88aeca8fb8e084b64cb4982de6e004006860bd1eb737022adea7597581537fd8,user
k6_bidder_474_4,pts_651aa5b99e5d7010562964b3348f9dcbf050f7d0e3421836ddc7019880e7b812,user
k6_bidder_474_5,pts_db1162185e0260250229b12b19f89a968bb7e00e60874afa8e78b7d8dd1f1e0b,user
k6_bidder_474_6,pts_96611a2d3965c7b9c629565aa587a8dcfc2a5deb4a37efcf1c05fb8481ec9632,user
k6_bidder_475_0,pts_563587e0f79f363431b0f2a8a7c59f0c9446efe119c7f8ef1a7f29a8acefc10e,user
k6_bidder_475_1,pts_1fe0bd714ac0d8997f77ae9ff7345b6185695bee7acf6e8525580b56245a7d2f,user
k6_bidder_475_2,pts_2274aaca3a5bce7f16fac05400231ada095e8266328f61289e60b05e31723fb5,user
k6_bidder_475_3,pts_fcd7cf4bea6c9470edd10cf999e74b1f858031b20c0ce326e6d4b0f48be54825,user
k6_bidder_475_4,pts_fbfa2e90a18ff5ebbcf66a474203a34ee991d20d45bad64da18c700d9bf44ad5,user
k6_bidder_475_5,pts_d10719297d1440cbd6a20ae614cbd8e6428a588ee752fc4ab8b563acc3033b17,user
k6_bidder_475_6,pts_92d2cf35fcd99236ac090f62900d7d3f4f047fa93bf3b4a30b2dd3d5c4c3fc77,user
k6_bidder_476_0,pts_a95bfb80c40c32466da502b7d363e0c7d890b83d078fc3a5dd923c73300c3928,user
k6_bidder_476_1,pts_33336423c764e41ce713b581f025972e9db5dfc503ca4baa04edf63f80fbc602,user
k6_bidder_476_2,pts_b8eff961a405c4f98b8dcdb201cd818d94efa3de14eb7ce3d61035f694f7caac,user
k6_bidder_476_3,pts_1cc552817133828fe23c49173ceb22ce5438084f82964065172b09954ef4639a,user
k6_bidder_476_4,pts_0b98a9d0078bb3fc16704856670519d373b9f7b6768ac89320f72908b5047363,user
k6_bidder_476_5,pts_cf66d15d4e62bf66e54be6cac5825b7a4f110cba24b7f7ce3002ae364893b213,user
k6_bidder_476_6,pts_81b347608c859bb2a86a54ae8cfe96640971dccde61e56538ded792fd9be68f1,user
k6_bidder_477_0,pts_9b3fc62d9e80f362e72f276e41f14b65f558f3ca98daf84f9d4834d69396a930,user
k6_bidder_477_1,pts_20a4fa52db429364a44106fe303c22275adb236fdd9097dfb1c801a225d518d0,user
k6_bidder_477_2,pts_958ae04d0793f3599c7e1e858d5cc311deee8b5097e3863ac05aa8d6ceef1ce6,user
k6_bidder_477_3,pts_4c4a6f6f22b0e322d0549d0e20fffbaf490300854a21c26bd5006ce65da41c50,user
k6_bidder_477_4,pts_22a8c0948f2dbc4e3e154b70d503f92a96bf79cd33e93f38fd9bc6cecbff40ba,user
k6_bidder_477_5,pts_e2cedd24af55a731112a695c828fe49664c33b983fb468774ce29ef79b0ad4e9,user
k6_bidder_477_6,pts_e043612b8db2a7bb55313a59d1c5b11f0387262e6fb3c54767cfe215bb993d1c,user
k6_bidder_478_0,pts_804c693fa43f94c93f4f1e87fde79511c12bcb7a1440f981e440ea51f2bb3efc,user
k6_bidder_478_1,pts_eedc8b3b5e1588bd080c0f461638bf9b863c4d66c692012179072ab5df814bf2,user
k6_bidder_478_2,pts_94e6d6991bc148cb98d59a36c8c6d4b574d6abe69ac2f0d2f8c4191635173161,user
k6_bidder_478_3,pts_40c6ed58bc356252e91aaed790fe0c745bc53ec385bc76567c6d980c95f82a8e,user
k6_bidder_478_4,pts_fcd4bf9bd8beaf474d4133d22624be36be8ceb0ab32d430311c5dac098d8c483,user
k6_bidder_478_5,pts_99b4479b7abc4dd0f2ce6b11cb72340e33f8ba28472f62778352dabf7ad56c3a,user
k6_bidder_478_6,pts_8fa5009ebc9e4e73cdba5d995fe0d56078ec05a310d33271146ca0d6244cc6e2,user
k6_bidder_479_0,pts_ba9eb1d750d04ed8ff6bcc6a7e7ba6e72ed790d91cab8fce6ff67bc441bc2857,user
k6_bidder_479_1,pts_1a4b0ae8041e8a4c5e04566efd7b81638f25b7da5e271ae50ebca9e819379998,user
k6_bidder_479_2,pts_ea247cff1714b95e8d8908ebe011d8d8ef3cb08fe7798180d2e227ac84e8cfcc,user
k6_bidder_479_3,pts_add8924a1b9caa6fe5d2e5797cc1123dc6b623c86905a12cc2a566b106446efb,user
k6_bidder_479_4,pts_7359ff7062391eb0a1bb47b91661005ea2f4abef6069914949278ea093413150,user
k6_bidder_479_5,pts_4525fe681e719029d6784ff8b632546349ea26b5bf7c443ca3195f3a74557eea,user
k6_bidder_479_6,pts_4213e30bf768d401ab226aeea2bfbb14acab01a5a26495c5777a6066ebf198e9,user
k6_bidder_47_0,pts_8629bddaaa30463b62888c818de20740cdc2c0d5bc486c1119a1fc05a634629f,user
k6_bidder_47_1,pts_d76de439b635572d3fb5ef03da8caf8d931eb7714774a6338ff11282bea2c8a0,user
k6_bidder_47_2,pts_15764d97a00ebf6478d339ae24023b52d6124045ce4c45ed4e989e79836262b6,user
k6_bidder_47_3,pts_e856630206049d131d3fbce83814e9ae2e035b81641d1401e210256642ea9b24,user
k6_bidder_47_4,pts_f4f7573a05909cc2a68d8edc0b7a24c7f2472db8fe76131b1e0efce494038e57,user
k6_bidder_47_5,pts_21e9a4eb17bb146485387e8d49380cd4249a908535d15c1e91acb4b4108751f6,user
k6_bidder_47_6,pts_63993ec6d8dfc5f3735f1c7b5abe2c8bda6bcc3658fb42de905bc2835a395b5a,user
k6_bidder_480_0,pts_55f9b9c1ed2868031a9e27f89d58811ae582dca7a5638ba5b79f29a4945b84d5,user
k6_bidder_480_1,pts_f5d535ba96465731906ce16d8be679a98a2669aede8aa9b7cc4891cb2005992f,user
k6_bidder_480_2,pts_2a837e6b1e4815097fa12d4fe1af865b9d830b2d5bf420fd4e33e68a75135dc6,user
k6_bidder_480_3,pts_4760884d48b4e8818d0d9fb5e5b72b2068f82ecc5740f10229745ae42eba59a4,user
k6_bidder_480_4,pts_2aede6ed917ea99e6f718de21429beda162d61206c056d7803d061636e35b0b0,user
k6_bidder_480_5,pts_cb465a361df08c8fb3539aeaa6264c66acec670fa4311382fb02ec10ecfd6ed6,user
k6_bidder_480_6,pts_18dbf20bd29c57cfabf845396dd77193831b041aa5c6b4d4bf697c0dc42705a7,user
k6_bidder_481_0,pts_79375c4e62900aadba8952787dd64a2807d35c345f660ddbb05b754a503ced36,user
k6_bidder_481_1,pts_b30d353338b483e1272c73c025df38c884d140fe3c7fcef884c6481ab038d21c,user
k6_bidder_481_2,pts_0be6eddaa3c501ace772b1bc1d52ab9e28aeaf4b8002a651a7e516fa7f39f410,user
k6_bidder_481_3,pts_39eac1f0f22af4ee14ff60bceb631540d4f87cc84072862296630f0ff4a5ec6a,user
k6_bidder_481_4,pts_cc80ac03880c93776f47f7bd7e3b238faea31c53522f1eeb4494b39870888d86,user
k6_bidder_481_5,pts_84c3b8d403c7a8f5b09dbddc6bfcb883c0940ab1a17a2674e032c8c5e683789e,user
k6_bidder_481_6,pts_84b6e8225469a6b02aa183dc6094a794e314e42013212d9160f685c078dca057,user
k6_bidder_482_0,pts_123d3e873e977f35ca0d33f753e744dda76ea02c408fa91c9e07a5a00dd7f110,user
k6_bidder_482_1,pts_a0bd04f32cd3a04d1a7e8d81b63304390b4359197b604e68fe7c8901478877bd,user
k6_bidder_482_2,pts_0e49b7706d6e6e91c3dd98ffd1ee2fd997f589fa18ac883637c152a50c54a433,user
k6_bidder_482_3,pts_33f760b6fa4a92800ee45735c0bbf45bcd5da49f0f1e9b63f668f99a652721bf,user
k6_bidder_482_4,pts_8dcedcfcdc8df46e35556f5356c0a69a472ed3c2ed4d7c349dad2ec6aa1f3484,user
k6_bidder_482_5,pts_b87d6b8833e15c8d5ceeef6e2d8cff44a1efc015eedd88d7bf86b9f580cd8cd9,user
k6_bidder_482_6,pts_a42bdbabff8c586f5733c8be57238af1a6a582e8a39b3071e8723789c35a3639,user
k6_bidder_483_0,pts_69fb4e0ebea9ba63487db299416d6b9102ee148f8debf89edbab2b6aaaf64e86,user
k6_bidder_483_1,pts_51957a8b6a22570a841881e85497617c5773f752eb33ccc52c577d2e9050d083,user
k6_bidder_483_2,pts_b821e4e261a7818f95697a3ec49dde557dced1246ad6ab05127cadb7ed2d5a24,user
k6_bidder_483_3,pts_016636e1fe7300d80b4b6f2351e7c368f8cf5c7ebd91b775d6b0b5f8319f8587,user
k6_bidder_483_4,pts_525a56b632b1c3ec0bbc412cca34da3a04271ad5de0adbc80d3fd61f20f6bcf0,user
k6_bidder_483_5,pts_2b18fb2e2af7259bd0614e1402fcbd277f740353354cb49141e357371983fe8c,user
k6_bidder_483_6,pts_998df77f79106cbbfb5eae614e085565b813f62a85dce68eaa420bed71cbb8f6,user
k6_bidder_484_0,pts_79951c247016225648d32d8f2cdec86424be60b818231d57814d8fce77d16dd5,user
k6_bidder_484_1,pts_08ea17396246f6abbe719dfe896753a3eb022ca592adf1fb414a8db42d80081d,user
k6_bidder_484_2,pts_3b91b446b1a5a3f5c2121b7bd9f032d64c789e5381bd4456de500745b5d6c81c,user
k6_bidder_484_3,pts_b92618d09ac7dd47b92b8a149643cdd8c424d32973a1667b7d654559c62b62d0,user
k6_bidder_484_4,pts_5a0d80fe7d5ca8ec52b70496798fd76adef83ac0176cd77757a724581a31c082,user
k6_bidder_484_5,pts_0b043deff0be7e7f3a8fcb88f9cf737f5b1276e083c00525d4e461f800f55193,user
k6_bidder_484_6,pts_ffafeb6cf7513fcaa68068cf655f7fd94838dc68a3ce7d2f2d96ef67f2cc0a1e,user
k6_bidder_485_0,pts_b72d3775ac88f7b4c8b10e1dfc755a65a73e879f37f17bba86501179808192f6,user
k6_bidder_485_1,pts_13e8ca688681ffa008f5d747583829ab82cf63c7f335d4c8ed630ee8b420f69b,user
k6_bidder_485_2,pts_b1eb8a045965dcf93a6d459366fbaf4b6787878b7917357808bcaba37f197c69,user
k6_bidder_485_3,pts_0d10ab217229205a78181c53252eda680bbaa7c448a28b191ccc4532739c08ce,user
k6_bidder_485_4,pts_28214021fdb7564173e67fc26772bd80df743ff1ea33edc6f1dad7e6cf9b79f0,user
k6_bidder_485_5,pts_4d8c22098039bf5474c0db7b9efd12be1d4f9b03d0f70c4a5d9a658741a5b3c9,user
k6_bidder_485_6,pts_aa8e6da9b703cd6af6f508a98d10b79d8b9a736e4bf139f488b7c6b8003c12f6,user
k6_bidder_486_0,pts_fd8c3e6eea5039848bc2ecdb262bfe06e9665c9a4d3771da783e46a418448384,user
k6_bidder_486_1,pts_ae623bdfe01e79dbae08cb14481f8da24f9aaa31f27b1526aafbaead88a32d43,user
k6_bidder_486_2,pts_424d63f41b5104f0d38e4541c9faafe543e1faf39dc681e26bfe6a19c53c4bfd,user
k6_bidder_486_3,pts_00b73f08e71529bca5e5b9ce3886038165f5edcec4a19bcfca1dec35d7df83e1,user
k6_bidder_486_4,pts_5c42ed38e32242466eb7c034a2d96446de3377efcfc15ca4e25167e5f22a2a18,user
k6_bidder_486_5,pts_e63dcb761350b4cf60e4c31792ff1cf8418e73f537ceef1c0b8e567b9eb34e1d,user
k6_bidder_486_6,pts_26353b71a84c48a4511ead025d94b76a1f14fdb2170e2aa73905d39e95d1d0b4,user
k6_bidder_487_0,pts_8e9c4acad35a6faf70fdf41dcb45fb5c32972a192eb1fd7b32124d759e369fa2,user
k6_bidder_487_1,pts_253be75f2a29470e5b72a196ce19e3685409e94d13f8f9b2ecb3d75dfee23b73,user
k6_bidder_487_2,pts_2e0034643982a17e57adc7bc5800a3ffa5f63f8c1c791d66c28a0d60b70ef1be,user
k6_bidder_487_3,pts_c7cec0ccfbf41c0dbc6825219cc464dd99a611dd0863b6db5e519b74ef60c6e9,user
k6_bidder_487_4,pts_c6c57b0ea1e903d78ec18151fb26e130386f6b0040ae3c037f3a9db50839a783,user
k6_bidder_487_5,pts_110567c231610ae6cb0868056c71c43a0e4fe4b3d846bf514cabef5dcec73854,user
k6_bidder_487_6,pts_f99054c42e6b105c69a9cb743c5816d83cd5f4b97768f45c5ef47014e872da06,user
k6_bidder_488_0,pts_1e7dc4e4e06cf00f5d614eb5cc38f27e1017eb57cc13c5380262186ffae98b54,user
k6_bidder_488_1,pts_627d1bd23b73e3983de9ffc252fc70c210e3ff95118d53d088613fa969db3862,user
k6_bidder_488_2,pts_665a19ad7f074088dec94139b38debb85b8b003fd929dc6610a28524ee5f3b30,user
k6_bidder_488_3,pts_e61e4bb9fd1b15ca5c28dc59a279eb678642e4f7bb437aee118ddcdccf7645ee,user
k6_bidder_488_4,pts_7d78e5533f18a3b6fc5419ce62d2139ce18b9cee830b65ba4207decc7cefd4ef,user
k6_bidder_488_5,pts_618f2221f2a01b03044acb8f04e434267269942083b397b1420db0411ea41d86,user
k6_bidder_488_6,pts_21a3ae92f9871f4d312ef791885b7fa575893b7333971b349a985899f751cc8f,user
k6_bidder_489_0,pts_f75b056a591ad66412e3cc8e2915e78740acaff6e6509adc416e6935812941e2,user
k6_bidder_489_1,pts_0017b86f4311b1dfabe0f83c42be024a8f666b391c1845251118f1c2afed7279,user
k6_bidder_489_2,pts_35d838125ca4e11f7f009be3e1a83362dccce2a52be2339a08606ad5078d458a,user
k6_bidder_489_3,pts_77708ea9729e1214be862b1cf610a206640a47c6b73383d0e01804c2d4b893b1,user
k6_bidder_489_4,pts_cea13538b00b889ce30d27c4b5470ec647ff1d2ecbe7a4639ec72504d79d8e9c,user
k6_bidder_489_5,pts_564fe300f3868330e6b96d65ab940a65425593c554310493b7f9c93969c68967,user
k6_bidder_489_6,pts_e5f8e76e1320b54ef91607ed54fa6a59a6cd7853575e97509ff067a0f9de3e98,user
k6_bidder_48_0,pts_d9db8e3ce0dc1958e1ce9c01601143a387d886a1b424fd090532e9e92afb1656,user
k6_bidder_48_1,pts_097a50dc85a56ae0337e2b55d89e12b0f1bae9039fc84232850f483f13501800,user
k6_bidder_48_2,pts_1704a52f1884901854e5afe022fc7baa1ea36b6c16231016187758736436272f,user
k6_bidder_48_3,pts_c24a940c64074e0ab91b460e2ec38a3d917c343e7ceb40802e6f613168ec7949,user
k6_bidder_48_4,pts_865e8dbc59deea39ff2d7f619e26ac852e975a8494a89c37f491a3740678b441,user
k6_bidder_48_5,pts_1824e4ee1f8f657df92078d54bfc01b655b1524fb850cef41620405f2b36996c,user
k6_bidder_48_6,pts_aed1db8201b2c01d5eba4b3a1927bc5ef6094604010ac9d0dba6cd0369408808,user
k6_bidder_490_0,pts_4e8109d7dbdf069ddb916cbeab9097a254df9a09dc4fb11dd41270e7e7090fec,user
k6_bidder_490_1,pts_8e9602d3792ad2ddf23160906ec5f2f83451c76aac8bba548b16b98717c6e147,user
k6_bidder_490_2,pts_1f891bf26094530952cc7556abdc133eac95e2a82ec128bc3cf2ade7d1c5e1dd,user
k6_bidder_490_3,pts_70c543e583d5baa6c54903fc1c46fb3fc338bfc8477de36313db93010efde029,user
k6_bidder_490_4,pts_5c186d160009e70db6e1494ee4c3e202cbe1269ebfdbca86985d745f37a0d98a,user
k6_bidder_490_5,pts_13fc063175684047176b7205fe8c5c4221dbd0e88cfa12a5cb642f4187295396,user
k6_bidder_490_6,pts_b56fb7a4a0eb3c6c895f0eab7845c80d5ecd9feb12eb96774c0bbadf09e77aef,user
k6_bidder_491_0,pts_0982ce3892ed4b5c0ba98b2f8b8f246f17f78a087aa92ec10ea6c7b916ff6052,user
k6_bidder_491_1,pts_c118e7535dc1174de04052f1e885bb5bb8eb716862369008cf0312dba0f0ffaa,user
k6_bidder_491_2,pts_1ff5351e9ea73bc135a9ce828d2b93b21976850eb9c8cb94fd703b34733177c3,user
k6_bidder_491_3,pts_86b363b9ed70522c84cd2cffa1228c8cc703e0bb4ae3af0ced091764ae5d8116,user
k6_bidder_491_4,pts_bf1f554f451b11dbc29ebb6487215cbb5709b8bc49d9b29ad0190947966dce6e,user
k6_bidder_491_5,pts_47399d375b4d68bf97f7c82cec43fdec6eded149dd5ae16658e6d2710ae30fe8,user
k6_bidder_491_6,pts_bd166100bc3e2fd97187c9dff464eb8ff7d0bc3b6adfa53584b8fb964eb13527,user
k6_bidder_492_0,pts_b759b2461bbf03c736e07c02afacd46c1d35d5badc7ef66ba9095260f075fb57,user
k6_bidder_492_1,pts_cbbc5f2b11a7083c1a9a214b2d0ec021efa134c8e64d11d11fa4450f79338235,user
k6_bidder_492_2,pts_4ea9e32d1864cbfff34f0ca134f46380ac950418594ff40af8986eec728aa3b6,user
k6_bidder_492_3,pts_5ef456119753b876936e1da2ef4812a7b0d2812d39adc265e44a014cc8311752,user
k6_bidder_492_4,pts_8888b37ae9010adaa3f59f115a1d8d5c77de416bb8fa68e6890227f504898528,user
k6_bidder_492_5,pts_00df9e9d84a95058fd26ae035f265f5abdd17ebc39cbb0f87e956768354b566b,user
k6_bidder_492_6,pts_dbd109287fd1c66817251b45da708e50135409b238dc7d3c0130a3aece27c096,user
k6_bidder_493_0,pts_10fd17b21ade41bf7b2fe66699f88eb6c1a1536aaa42f15143349e52439e9b26,user
k6_bidder_493_1,pts_79f5f68188350653348386cbebbd015e2a2648ea8139de0fec98b88edd77076a,user
k6_bidder_493_2,pts_df1f0bedff55f4fb76ff0993d063f21cb4dcd809ae3bf16184acde20834a87b5,user
k6_bidder_493_3,pts_04673cca95f6ba9734192cc5db31812904a7154049fdde12a365e10b4e2741ea,user
k6_bidder_493_4,pts_ac398a97df64c57428446b1110060e6ba2e2666be19a59d51ff5af9fb491773c,user
k6_bidder_493_5,pts_6949897ea3701f422d8790033958d9dbbf778a9410907fe9e5b07aa4b60092da,user
k6_bidder_493_6,pts_05c91e44c501573729d341a5416b7f69915207df4fe91434c74c7b3324a1758f,user
k6_bidder_494_0,pts_b9c343c07db64a7b618c150d71e08595b10a675dd2128365a7432b8f34769405,user
k6_bidder_494_1,pts_1f2f3b9e48c1ca60ff43bfe25c9287fbc54677f7cd9a32464c6c490a728adb7b,user
k6_bidder_494_2,pts_ecd6c8f43b717a795465e6e41f4ebf0c551847bbb8f5076f863555166d0ab18b,user
k6_bidder_494_3,pts_33d9072da53bd55363d3499bef0db68309ca76caf5a4167a5b4e89feab6ee322,user
k6_bidder_494_4,pts_e9998a73a229f69beafe216c0dd8f416706bf1a4117fbc8f2dc276e6ed14785f,user
k6_bidder_494_5,pts_2c9596d9d07baf18315a2c90dd846abfb807a0a4590f35a41c503cc0880b656c,user
k6_bidder_494_6,pts_b4cabef6ed782c396756b9d6a358c84223e968778c63a8573c298008ddea3e42,user
k6_bidder_495_0,pts_4891865093f9555575b4c04340fe90b9def1e7d9a69bebcd9cb0cad810f5fa8a,user
k6_bidder_495_1,pts_b1ca443824cb233d42828063e676c7bffafc1227af5e30c272e13bdbdba21304,user
k6_bidder_495_2,pts_f8fe703742114a0ba4b817a245fc9c8838f227f7b0561b2d304a2bf2ce9baad7,user
k6_bidder_495_3,pts_95a18d36dff2c590045b9b30d3a27d9b95afd4aac323d1bfaa854fc5dcea679e,user
k6_bidder_495_4,pts_ffed0428e427588ea95df64c6c916490d07f38e2315d2d0cc28661c16e04d5f2,user
k6_bidder_495_5,pts_29bfb216d0a048276e3a6c5a0b58b6b093a735f47d15b5620389bb31a9c0ff1d,user
k6_bidder_495_6,pts_3afbb785fc242fd02822d132d5148569a981ff82d694a15956e14344a4e05952,user
k6_bidder_496_0,pts_59642d1789309281f40235819cdf72160303de5d94b1b210f72214be96e076c0,user
k6_bidder_496_1,pts_0bb02e1200e721a53b83842cb9191352ca6370157866cb1ec4ca822258386336,user
k6_bidder_496_2,pts_43841a51ffcdabaf6c712a1c22cf4bb9b8cb3d89f78965d36d3b547cbc9a6bf4,user
k6_bidder_496_3,pts_0da59603bcef4afb18f088116d01cdae874b086050e3d9d5dae26cf77d3c826a,user
k6_bidder_496_4,pts_22d2c489b68b82567837be9ec0ec07db9db9d38d9cd1ad683a8ced3f641b2e59,user
k6_bidder_496_5,pts_232d46e4f85738cf5d13ed48eb7223965af1fa26846e486773844eac0a54c6a7,user
k6_bidder_496_6,pts_01ef5529f78f7ad33781752bfaa9db768dbadbe60d998396d2a54a4ec4de746a,user
k6_bidder_497_0,pts_8434490f76f1927deeca417949d560b595a358aa5c44d8e50c0799d26458f88d,user
k6_bidder_497_1,pts_0930e33295aed2f864126b39d02071b9004b94db3fcf79354c20715b6279a9b2,user
k6_bidder_497_2,pts_b1f0d7bc6beba07d8f259e6cd254fb59bcc9eb670e6a3f90fb24b6adbbd1dcc5,user
k6_bidder_497_3,pts_3bfe38b1609798e78913d68923add7727de7ddf511ce9d87dc96c891cee1e995,user
k6_bidder_497_4,pts_ae5f150a589b30704cabf7f95fbcd2d523fd29f4a8954afff8bedd2bf0048ee0,user
k6_bidder_497_5,pts_c17799d287123b316bdf6d8db5c7c54be887121abf9ba057b5d0bdd44df0a6ee,user
k6_bidder_497_6,pts_1bbefe511806ac6ff6ab499b04d154bf731f175a1bd21a112981cf7518c9d762,user
k6_bidder_498_0,pts_58eb6edbaa29c8dce0cd990a35fbfb33e383f41da47d76ac67b0951ab0a7e7f1,user
k6_bidder_498_1,pts_314738ad120766ad9e5bd6cfcc6832b9bdd53c5b3d0d215cbd7ff74914d69ed0,user
k6_bidder_498_2,pts_ae128116d79fb2d35a91b302bff7cb71fef1172e3af82a0788a20b011289aa51,user
k6_bidder_498_3,pts_92c031f772f4e67921f24b345b6cf9d6ff0f348420385fd1ba61ddca4ee381ce,user
k6_bidder_498_4,pts_c051dee975476aecab23af3335deee35c2d73dc96629185eebe2c04717b50e7b,user
k6_bidder_498_5,pts_522b5a4a11db258997cce156a097837db0c268ea00897c2c67f57af6b3101aa9,user
k6_bidder_498_6,pts_3d6b96067e37f10bfc02b90ae8c5fbb79b1d41f0a9551e5c3f2328e7cf205033,user
k6_bidder_499_0,pts_6bceaf0377aced8421bddca110c50b125f7f68aea8376477681f4c39696b322c,user
k6_bidder_499_1,pts_c7b1684d4ae360f3b59bca61c54d290ae3ba379ff9a207d45237af70c57f684e,user
k6_bidder_499_2,pts_dcbe86946e54f2b316e9e9b85ba3f05615996f13b92063ffb6bb0d67875a3aac,user
k6_bidder_499_3,pts_78e1392a6dc84bb80eb342eb25213fe4a949572388ec52f25a39c1197177b777,user
k6_bidder_499_4,pts_16180d8f93dcc8146509757aa62fb9132591330ab580db5d2c14a8682e54dcd8,user
k6_bidder_499_5,pts_6396c83da4f8d63860051b3edc22a71eb8d3e31f615bed646e9807a445051fc5,user
k6_bidder_499_6,pts_7c2f4a30a5206f2b2c4ab596f80aa2fb66f1e523cc2156126355f9ccf214039a,user
k6_bidder_49_0,pts_3427ce5969d4d45acebc94b0dfb2bcad00192391b00698894401fa8d60e47994,user
k6_bidder_49_1,pts_8c66c484344c7eeadb9bbfdb57f86a9e5e166552251cbf4ca4dfa18cc9a67668,user
k6_bidder_49_2,pts_9e15847e5ef5bae050027979fbdaade71a0ddebc659ccc125bfdf0a6a3bee75d,user
k6_bidder_49_3,pts_f8d6e495528904cf7671d6bc52d89ceda1bd9ec62250c2641389497122b42ba3,user
k6_bidder_49_4,pts_78cee749486fe9e516e80b931f02a72a258c0d1a4f8bcb58b70a9be1558ef47c,user
k6_bidder_49_5,pts_98e9884824acb7031dfa3168dc88face690289cd79f8a42d476de9f09dd2ae35,user
k6_bidder_49_6,pts_865ebe301b7409af954f585812f479135de1b171a7ae47299c426ef6110c7dc3,user
k6_bidder_4_0,pts_c0debd924e356a362b4c7e84e31f443a1c257889e6897eec4d794ebaf1b48fa1,user
k6_bidder_4_1,pts_423e244ae31495bec8639bb87222ac17611c83bf94c4f20f59536c59a3fab560,user
k6_bidder_4_2,pts_738b1efec4a5a80f2a8410509bdb659841018a2dbeef4fe3518e49eb924a315a,user
k6_bidder_4_3,pts_a0a61dad85eaa9216d7536765450d3c5dc2a0095349ca0ba7ad10677dcea1c4b,user
k6_bidder_4_4,pts_8b8ddfa45d8994b007791ed112cf5832e82207d6a3cb871ae1e0e72390637a51,user
k6_bidder_4_5,pts_7db681b3c3b7b837f0208a6885e15db281621a9b2927e7486ec7ed8de0eb3e49,user
k6_bidder_4_6,pts_fe17a9044cbe68d45d3728fee2e0ad7f570cc2d69f71674526b8212637c2c1f1,user
k6_bidder_500_0,pts_b7259574baff5ba7ce73f94c8f00a038bd42197f2dfa45d38f4e4545ec5d2ff3,user
k6_bidder_500_1,pts_1cdd1f5ddd5e6ce517fae01b29bb22cc3f9fdba9ecbda0e381760b7e47c02470,user
k6_bidder_500_2,pts_684406f996a8f2830a4820da6b01ebb7beda3abe1aa19051fc63448863fcd810,user
k6_bidder_500_3,pts_8f468e87efca15fa600e36f558a1f021e8f4ac184a6280c13b2466a2c1f3856c,user
k6_bidder_500_4,pts_26cb9832f198db9b061894375dbb431b8d0146b1e10154df6c169c2c2506c910,user
k6_bidder_500_5,pts_6e6ae50c1387e50882a2e0a56df6e968944a1d0621e23549d2cd9f6fbf75db1b,user
k6_bidder_500_6,pts_5918a661de7dc808cef05a6deb673c8b91b5e504e06e319dde41972669f51992,user
k6_bidder_501_0,pts_1d0967835ef0ef44e008231f92a95a4aacd2284ff27696eb376563ff03270d5e,user
k6_bidder_501_1,pts_5167611bbd72cfef41e60495ff772a0343dc5276f43b122a1a4249695720f5d6,user
k6_bidder_501_2,pts_cb6c2c0d096776c6244f6ae1562ad74a2a9d1dd06db009a96667b381c6c0597f,user
k6_bidder_501_3,pts_7fcb1bba81a6bbb46677f5e730b7669959de84ddb6061cd76aa8ff1e01c36cb2,user
k6_bidder_501_4,pts_3e510cd11947b5b53a37bd7bda6364a3344b7e3c2382cae287a96eac84fcb3c7,user
k6_bidder_501_5,pts_f60ac8bb989dd4c39ea73be3f8113260233a2408fb61a7487f349411ccb3951d,user
k6_bidder_501_6,pts_50c9e0594d1621bcd3c4f4680e6d714668ed9bce5b1e5981857e20190ec2ef37,user
k6_bidder_502_0,pts_986f939df9d7c7639738a566a35df9b9b53e9348ceab7b3da57a248ca0e41506,user
k6_bidder_502_1,pts_6daa14706c6a4bc538d898505e4014e4a110e6f569499943b27bacea38adb66c,user
k6_bidder_502_2,pts_c941c736e824fdd7edaecfc0e7a8f5fe7776050968984390cd3073fb0c3ef300,user
k6_bidder_502_3,pts_2f30862d38cdea2a58b64b05d849b62e50816539afe9a2759b1f505f133b98ff,user
k6_bidder_502_4,pts_c95daa62f1f6b8e4e169237e9e8c2381bf2630b120d60aee7b330f2fce2f3bdb,user
k6_bidder_502_5,pts_e96db45ea9dcdb71877d648fb23671081f11ab7a314852e582930be03ad959e8,user
k6_bidder_502_6,pts_684cbe9a9b10e64bc79b7ac7320e2176a0879c623f07706f63292d4f499bcb09,user
k6_bidder_503_0,pts_d92951dbc18da5f9274a84c40925d68366abb2a1124c18ae4268617436e94b38,user
k6_bidder_503_1,pts_61eb77f308bc89a086ceed91471fd7ac8dfc07a2835db04143a62d0abf5e66e7,user
k6_bidder_503_2,pts_bd3cf1d61c2069ce3619222d5833d55ce991ef87743a597d0531f82084bb34c0,user
k6_bidder_503_3,pts_53fc2376877beae60bf309c1ab1c55f6beaed55b48f349e3f5eecbff750e4307,user
k6_bidder_503_4,pts_6b827bda2bc2d9f1f8ae729d9b4d5f032ad9fb1ae91f59adf1a7c49a53061f94,user
k6_bidder_503_5,pts_042ada03e7168097e28d76bb4ec8782d5898c147c062d3ac207d0791d1be2a6b,user
k6_bidder_503_6,pts_4af17872e1376ecbbb45cc0190944d868808c60bb00f8b616ba2c2d3016b05cc,user
k6_bidder_504_0,pts_d1fb9f0db53cd992e9d1346acddd673403e359bf45b70cff2b376fe0b25ad458,user
k6_bidder_504_1,pts_5f6cfcc2bd858e21a67c858c284649063a691c6d2ec3626fe4397faa7e48eb6b,user
k6_bidder_504_2,pts_22a9382e6356b494250e0f267faba9953e32f1b7fd657a0c18d3cb4049aff695,user
k6_bidder_504_3,pts_238159b7f9fcde294e8be9f4b042396ec651a4348d72be6bf3086b41ebe136b0,user
k6_bidder_504_4,pts_bd9ccec477afe77daaebd6de3588e526da3cc8a044fdde678479c1f445250f2f,user
k6_bidder_504_5,pts_e7de17b70b372a887d07680c728b584c3b5bcaf237adefd005289f8f222d0f12,user
k6_bidder_504_6,pts_84a0ee2f4e939f62f7c8a46754db10dee731a10c466aa530af5efe88ea8e0403,user
k6_bidder_505_0,pts_a888d2c7cc7d428c51a43add20ae258e5f4493d87c39463c476e747012fe5229,user
k6_bidder_505_1,pts_98492f0ba69e4e44b194a5308c3dc0a8fff2a21d97e33df0a7f18afac2c143ef,user
k6_bidder_505_2,pts_72c79ad071e692b21bbf13b03e5afb1e6d77f539f4a3f7a39bfd1414afdd1382,user
k6_bidder_505_3,pts_e6bfca6b103d997414c541b3bb7772998c4ffeb7ad55546ecf1ea5df9550cbaf,user
k6_bidder_505_4,pts_97906192e586058b68b963e102a5ced142604308f2b4db29968defbed9d56d4b,user
k6_bidder_505_5,pts_26e57541284655f84967ba86f45fb6a18717716eef71acb7334eeb80c2e34ffb,user
k6_bidder_505_6,pts_2f8066e215834946d559ea0fad2877e5857dc2be29bfc31e72ce7fee4fdeea0a,user
k6_bidder_506_0,pts_8f8e4d5d1558524e9ad300a5219548585a1b9caabb8edf9ae403c4ac6685f60b,user
k6_bidder_506_1,pts_1aaffa114e5375053fddbdcd3a28c4335917004e53bd3fb5ca7e431d04793596,user
k6_bidder_506_2,pts_2f3243ce17f554df6846d2c9b4ae91f92557efb4c7bc7376b54eddce7d4fe842,user
k6_bidder_506_3,pts_21a40980cd11ab44a5d62efa4c6013b673f8f9f6ac1206b3a06a49d0db22211b,user
k6_bidder_506_4,pts_6dcd9114f3ed5e5234d39ef2d8bb40172d3fcb635eccb288579327a1cc1b6806,user
k6_bidder_506_5,pts_e1193d1f82f507e7d24144274ad568dbe07028099fb856f23e539ef1ce7a32ab,user
k6_bidder_506_6,pts_7dac1616f8975f747f65fcee059c5095f9d487f8a66e39e329f02f8dc218dd55,user
k6_bidder_507_0,pts_eb75369099cc76ebfc7a61a96e2a8e2958bea4065de1401c5f5c458a0bb89d2b,user
k6_bidder_507_1,pts_be86287679b210e93041289f95248a80b7db4095d04258b8bc9540c4adf5e7f7,user
k6_bidder_507_2,pts_e29530685d08e5f0da665a3b5c311ef807bb1af2a356be80aaa0cf6271b937cd,user
k6_bidder_507_3,pts_517d09f9a669670a57f6e419268b80992f2062ad36421595366d3146fbcae1af,user
k6_bidder_507_4,pts_640fb1919291d4bcea007ca00497d25809a31248870dbd920c9fd77f706fa052,user
k6_bidder_507_5,pts_b78cfb2897cbbca90b7b750cd0d6de000f4ecb614c4ccffd170dae93f3970d68,user
k6_bidder_507_6,pts_310a6f216a054a880cc3415a55264d50d92105c56e19e8fab0c52f1e99ab2dab,user
k6_bidder_508_0,pts_13fedee6e84f01c42e8775a923479f5433346d7719dbb573e81b4924abd1ff91,user
k6_bidder_508_1,pts_48ec4c30e057b9f75a2063e1e06340992d2f8ae0cd26fe71918fbec3b32361ab,user
k6_bidder_508_2,pts_b5f4fe149b98232d23acaab126dd761329a2d5327c96816926ec28afd02070f5,user
k6_bidder_508_3,pts_4f00c2eaaf277d53ec2eee7965e44653f4c6127bc129fe21348baefe8e5eaae5,user
k6_bidder_508_4,pts_0ebdbd90677cb41887c12fd9dacbf86d6fd92329ddde3b8e1345869e89fac7b8,user
k6_bidder_508_5,pts_ff7acb28a5dee6192c8f7aa66751659c1317a47fa7292dc2af21a040650f8a49,user
k6_bidder_508_6,pts_a2b54d3f1adc4f81819107e182c634f20592fb91a5f15d91b939d30e87deab8b,user
k6_bidder_509_0,pts_52d0ab418d37cce71b6c9af96935827ce3ffb121212bed0d397dbba09006eb7b,user
k6_bidder_509_1,pts_3cbb32115f9e74aba2ab9725850014c164046b9b7443f58fa4c73d96ea2dfe5c,user
k6_bidder_509_2,pts_6b6c87098b0088123fb5ce7ba39739c8703cd97d583ea11d0f8c7953ff939ccf,user
k6_bidder_509_3,pts_3669f5ac8189a55625c7179f20aaac350d9150c704a1f0379c2f8da1a89c7715,user
k6_bidder_509_4,pts_9c0ff086a1d3ee9845fd0858364294d59c1e218a3701dda58643ccef983e89b0,user
k6_bidder_509_5,pts_819d2dbfb5e7e5fa56a9ff1dc847dab16fd7c40832129e70881b73ddbb60e22c,user
k6_bidder_509_6,pts_5f35983f0f9e11614da8c1b7ad734832b5b5528a48d21a7d06674b8aca0cfd1c,user
k6_bidder_50_0,pts_4fb83ac5177c11be56ceb6554de119c1301ab5dcac84045d180b0cea78621511,user
k6_bidder_50_1,pts_773265aeeae686e952dde0eb8a9b76298dcc540742cea0b3e5a8601c6b7aefe6,user
k6_bidder_50_2,pts_27f13e02f6bc70ae62bf8857d44ce141f6e39c87fb44950ee6bffaf49651532f,user
k6_bidder_50_3,pts_ed2610c4af2c577257c02877034823dbb797669a9fd1c657bf1626dea287b8d1,user
k6_bidder_50_4,pts_918f3177507e2b861d64111afc2db9b9d553e46a7144c08ff657b9d347370dbe,user
k6_bidder_50_5,pts_d06afb85423870f61caccd496007ae59babcc86d66c0151645e0310470541952,user
k6_bidder_50_6,pts_ae9f233a4027bac79927aa27809b6c934391a135e1e8cd76ffbfdadf054defc4,user
k6_bidder_510_0,pts_435931742bcd4a72d70c5e748d1dfe159e4169fec30815bf2b0205385850cbcf,user
k6_bidder_510_1,pts_45e5193eb12572bdd1e69574ee93bb38bb9f033890df9fc2a8465bfcee4d8443,user
k6_bidder_510_2,pts_6c4a04ae54927a32ecedc7845e4804f7bc67136343c67d81baa12f8feeb03c9a,user
k6_bidder_510_3,pts_a12d06d84509cb677753c12c5eea9f928b93b53b4e21b34bebb12e2d41c12ae4,user
k6_bidder_510_4,pts_4ccd65104ddc0760359ab9c5b1ac821b8c55eed3ff88f6ad49ac9274a1a1aea0,user
k6_bidder_510_5,pts_118d57eb80e91b4f6184563128e26171ac8c2b9df4045528f8e03af3289a4eb1,user
k6_bidder_510_6,pts_92e1a9e3d68d4c3d4dc39527c58420b854b2e18166baf30a8de25ed45b8e37df,user
k6_bidder_511_0,pts_0a6d3b3941e1162dd296da74aa8b30141a0f1ee331299fb1114646454bcef627,user
k6_bidder_511_1,pts_b37b8aca3370f9da1664ec1171042522108739a56a43dc316b6a99011e672ab5,user
k6_bidder_511_2,pts_156783f81f790b55fc120232754607fb9c5f6b53a72d45ee283e190202e9ba7d,user
k6_bidder_511_3,pts_6462151dc8777eb973a8b88b2a9393d0ea4e5e2dba71ce8f79ae74f40f803855,user
k6_bidder_511_4,pts_8e9dacbd2fe1412a36d63d81eb70ba4da6dd626c2c9bdb57b52dec8166e567a5,user
k6_bidder_511_5,pts_dbc83a2359e7fb47d1e21ccd21bb2ca4f49c392ee2bcbb78ea7ddad1fc854242,user
k6_bidder_511_6,pts_6322949c55ca463dee76c14fdaa53e822c815631670c65d3afccc12289fe4195,user
k6_bidder_512_0,pts_de829b796f8a061322100ab99256bd85697b3e5f895aa3638381a035b9ec7505,user
k6_bidder_512_1,pts_4cced93f0be766587818438e097b71c2e5b4bed6236cd79cd95aa51590ec2fdf,user
k6_bidder_512_2,pts_464daa11e901df3c642d320e2277282bbab3f986f2a6ebe0a454c48a52601e31,user
k6_bidder_512_3,pts_b3abc9043f151ff4a1dcfc8fac5fa2c017ccc38ba4cc55fce9027f823e4e9291,user
k6_bidder_512_4,pts_3fec0ca4ada5e06eb81355152e49519f341f30f5eb1a7cc8aa665ba41f62596f,user
k6_bidder_512_5,pts_061ddd4bc9ad711db80549df25dc87a3373a8ee1209ae04b4ee05f97d9d4731a,user
k6_bidder_512_6,pts_422e53a22f7dfe58805238d9f3cdb203365e14339446e79101137481cc6d8743,user
k6_bidder_51_0,pts_4b655e97dc419c1a2178197a15723011ca891d9290aa36565579c9687d4bb2db,user
k6_bidder_51_1,pts_2dabdc4ac983f25f0f3aff3c78ec5703d65d9fee109d3b69e712c50ab13c0d04,user
k6_bidder_51_2,pts_02e037341c8b3709a2816be65c01bfbeb88286576a3f1abcbf7dbd7d5db08aef,user
k6_bidder_51_3,pts_86a6df9b3798e295930abd886b6c29502e6780593c79d25eed79f44f538327c9,user
k6_bidder_51_4,pts_6dc7e2b7a22606476d87893909c3503dc6e244bdd4badef0f170b2f2ae7d99b1,user
k6_bidder_51_5,pts_c1527bd0b5db6d41ee0259f858762b8f4e784d7c18954e9b1523eea4c18aee10,user
k6_bidder_51_6,pts_9d1fe0177f88df3436c45e497bdc5cf880b946596d97613adfee880573a69294,user
k6_bidder_52_0,pts_b2f41158c6518206fffe3804b41e69c6fede5e7c7c10897b016e9b6a50a05d80,user
k6_bidder_52_1,pts_6fabe4c32e53f5205f56ca1b7eee7e7293b71e295a2494c62937e46e616e04a2,user
k6_bidder_52_2,pts_95759ce4277715758f7c6f9682cbd4bd6f290e1102a12f6f0287ab9c3dead7f7,user
k6_bidder_52_3,pts_72d92592ac6a3478c14774e6700c5057a1d8a38b35e386e2dabb3a20f69ef113,user
k6_bidder_52_4,pts_f7680d9b4246352a4af47eb1c88d662a84f7a2013aff8367a8fa23b91a41cbae,user
k6_bidder_52_5,pts_e5a1795fddddddb7320fa6758c8045c3a648a925315d829d5658a116f3498543,user
k6_bidder_52_6,pts_a4d8788a8f3fd3ff1994a4f23d39b4d366803409e2545cd062be38f1714e5b02,user
k6_bidder_53_0,pts_4f71a4e5ddd501bdae3d7b9f0a14d78ddb4b24bb5f837616b31cc8b4b5d60220,user
k6_bidder_53_1,pts_ee38488c7ff416594cc6e36e3d17431367225d9fffb5265b1c20c62e19efc235,user
k6_bidder_53_2,pts_18b148dc4070e7a1749359e82cb036fced1c102b9fc3c8de3c3eb939b626c8a4,user
k6_bidder_53_3,pts_c46c49205a62b7e5c1749bbb9f60ec5d07a3e98225c4726c9b8f10312d6cdb67,user
k6_bidder_53_4,pts_de4b7371b4d3198b562b91058f6cef0b8ed39f81d38acbe8f1d7d81e3d731636,user
k6_bidder_53_5,pts_618e9700678f3146a68419d0b353abf7db6ebc079a52a1f952655f25dbccd008,user
k6_bidder_53_6,pts_451ca5a7cc5d8218194947c7c087b1ad136a4e95826cac34f3f5f9e63d180580,user
k6_bidder_54_0,pts_caf7e0750e8e5a57612ad1f891c6a167f7f83c6fefe89d860572275282cbb096,user
k6_bidder_54_1,pts_e532a9ad51e29c639c03940c67f81c474eb88ee2593215123a4b3b3b9006d1af,user
k6_bidder_54_2,pts_66dbe4c9d7c2f3c4eb1e4844eef0c84ed8859e2923884024aca81d30e28ec131,user
k6_bidder_54_3,pts_6a5f64cd254ac88d08a577c56315b48242fb047337f9dab34f187b1810e0eb1c,user
k6_bidder_54_4,pts_36ab0efedb4f51f437938dd4cbd6531e69c4dcc4ae069cd82e9262c4b4041df1,user
k6_bidder_54_5,pts_a44b034ceeaac3be08f8918d96cce2eee7bc69bd88c3105440a13824868ebf46,user
k6_bidder_54_6,pts_dd0be1610e3c7bfafe3f22d80ed2e2d1f83d897bb84c6f4ddcc2e8f902ec6562,user
k6_bidder_55_0,pts_088859ea57422d27aff58590e8059368c933dd6048df83261e96b6b59ece6565,user
k6_bidder_55_1,pts_571f9da82630b15568ed10ad805872298fc8c97c7556c369ba520170eae0bf56,user
k6_bidder_55_2,pts_80b44a8992bac131e265cf46a5365ada80d703663bcb55be66ea6212e4ea2fe3,user
k6_bidder_55_3,pts_7642e336a706333319edbe3dd68985762d3d48a7a6d58615ef83c4cf9d293538,user
k6_bidder_55_4,pts_62b86970ac51bdf2c47100021f9c93e9868e2e68f33069a1025fde3a8a4f0611,user
k6_bidder_55_5,pts_78a073704c7b417f2f8545b3b757c2fbdd9efc1406fa60380ac57f989afb485e,user
k6_bidder_55_6,pts_758be429d0ca711501c63da45aa26083dbf61ab3f6de18524e73e44f8fd527a7,user
k6_bidder_56_0,pts_99f9325dc30104a270e068da40d02aa59b85615c34e38ca12eef2a1e5dffdc8e,user
k6_bidder_56_1,pts_0a5e10e63197bbf6ed332ad3c9f5887be208003b60575fcdf062fcecfe093dbe,user
k6_bidder_56_2,pts_9cbf0325e1ff793f76dfe7454139be3a08a983b5664cf63fb7ca6f605c00316d,user
k6_bidder_56_3,pts_d35191ec1b5cd6fbeebb1df624d10a8ad73df420a8bcf0d5eb17d87d0ece043e,user
k6_bidder_56_4,pts_bed758732914c5481c988cdcbd004318204a5680649ab1cea46093c137533f76,user
k6_bidder_56_5,pts_030565c5adf0e7107f047773ee5a8180b33a8df1c056ccdb12151b5f30be1785,user
k6_bidder_56_6,pts_56f67a1fa93c51fc6d5c686046b2031199ca7d42d0d36d4ab9f70d366f33b9af,user
k6_bidder_57_0,pts_790b087068991bf1654b51fd3661720d481611356100b5e28465ca89f3179359,user
k6_bidder_57_1,pts_9c8bfbdd6eda49e3e04c598d60f5bc80792aed0eca1df784098ec2c82da15fc7,user
k6_bidder_57_2,pts_6c6208c134544960b19bbc6d8af4f640bb3a974b05cd81c43a3c21aafac169bf,user
k6_bidder_57_3,pts_34e4eb6a7a474763f89fe264e15136174ce032b733c72fd0d82247bf006f9534,user
k6_bidder_57_4,pts_31682c1be4c2f28ccb2d411cedc3b24f833a88a9b42ce79de431e347c566f9a2,user
k6_bidder_57_5,pts_e889c5027e9d0d5ee138be189d87f3f483f0d389f64baf7b5db89b8ac6b2622d,user
k6_bidder_57_6,pts_802e86661dd80e5dffb32fe95fabd46f05d738682983ce27453bdeb4a3759db8,user
k6_bidder_58_0,pts_a7ce503048115506582574f45a88c9d485f85ed89198f26b8180b081523eac22,user
k6_bidder_58_1,pts_dc67bc2cf07631f2f7da68655524f96176dc4e5e0730d0384993b2968cc873c7,user
k6_bidder_58_2,pts_d6d9aff9cba3f04c18304f7dd9290e8127e7df70d45f324a51c9bcdd15984004,user
k6_bidder_58_3,pts_0137f0282ffcb73aec376b286b8d88e2ff8ef438d40004ec7e052d4828716fb5,user
k6_bidder_58_4,pts_c5ea408dae8db4449b8bce5d053c676697e7b92ba49e0ab79f862ecdb118bc5e,user
k6_bidder_58_5,pts_28a4758c2fd693a1166aa119006772c4b6146a6159e7fb88b62dc6e3aff87e77,user
k6_bidder_58_6,pts_d7e8f88e510b5b0e9bd03589aea374416ff04eaab327248114df2f47baa30314,user
k6_bidder_59_0,pts_5192d1e50769dbf1e0dccd85d5b707a9099762986e9da7ad9a256ef057846f65,user
k6_bidder_59_1,pts_7275938c2295df3270f6fee5767f43ba88f7d4e24676847224859aec9967cf4a,user
k6_bidder_59_2,pts_cbfdfe34457ac9ce8c15580900cd76d24a7650266004d385a3fcec73078841e7,user
k6_bidder_59_3,pts_7d7f49e52bdeff1539ad75360a6ede2c2f2c654ae371fcc44eca54ed9e99c031,user
k6_bidder_59_4,pts_284e516a971a0cfa7c575b96715a6f5d67fc6ae33bfe44d9de36cde1c16f7ed3,user
k6_bidder_59_5,pts_44406c3e04d8c4cdce649d764507ac0c667e583e8224dda6f0c5354e6054830b,user
k6_bidder_59_6,pts_1486db910d451b024754382ebf36d6d9dee44e81434194c4790e4af3aafeeaf5,user
k6_bidder_5_0,pts_40d5a37ce61e1c2143c24c30a59966e34dcf8282ef20295e18652feb33537c27,user
k6_bidder_5_1,pts_d8bc963f4e45b2b633e533c31806278b93f1396ccabaa85086bfb5e724c46749,user
k6_bidder_5_2,pts_a3ac6a466abc2d0b6efd5ebf91e81a91bc647adffa773bf437934e95d3379909,user
k6_bidder_5_3,pts_dd4b4563dfc44b8214144ae07c30b298215ade8b909c2b6fdfb49060ad50bd7f,user
k6_bidder_5_4,pts_d02f7980975c6397b01d3af288a41f0c7e8311f22db86694bc2d481a8625a428,user
k6_bidder_5_5,pts_af0eb0baa2b2c7a5a3f30791dcbf97b9d9a7d3982a1cdbad8c19a6b82d9ac801,user
k6_bidder_5_6,pts_7877888872d5b07f74d73f8f9c0a95f6d718471121b4abb07d6dd6674d9d84d1,user
k6_bidder_60_0,pts_6e47dcecede7f40b833aae67eb1634e9e4ba73502338c732ad9040a6aa9c1c5a,user
k6_bidder_60_1,pts_071cba5dfa53161fee59393a4eb92f3300b0f88a7a1cce5143aa89478751320d,user
k6_bidder_60_2,pts_1da2643c6f4331e967bd4777c87e73d06c9c10bf3d12d9ec0aa233fc6194cd9c,user
k6_bidder_60_3,pts_13b404ab2468b51b20715d56d33f9a62e96f802dc00490e4aaf97389c8d6c3d7,user
k6_bidder_60_4,pts_e65e5bd89f4545eed63ac14e50f1e28bd137ca4a83b8cf648d96c7de38d949f3,user
k6_bidder_60_5,pts_4b76aa458745cd8d44dddcc048c73704d57589665c443f256e2eb3c1e63742c3,user
k6_bidder_60_6,pts_4a0b3f686ec094a46dc26a01c9605933de4ea8ec7c8272b6dce27427a5d96811,user
k6_bidder_61_0,pts_dc8326a3c89c6bd6e9a9bf8c63dcf59c292ac5e3e96c676628a2ccaaa5b1f1bb,user
k6_bidder_61_1,pts_fad7098810aff30332ebbc3ea5eab0b6b39939224b6831c7ea1722ddf2cf4543,user
k6_bidder_61_2,pts_b65ac4441bb6c1af6d096ac8214baed237391887294b4dc9ff513dcb14e536bd,user
k6_bidder_61_3,pts_d20b5cd4828906b7b548f912f401a74254a97e36034bf6f5f51bd97cc9c1cbfa,user
k6_bidder_61_4,pts_d513a5fb96c6f395254ef428730bf741d02816f95dbe08b7eb27315a2073f6ec,user
k6_bidder_61_5,pts_3d4b58863f02152c3a30d29b287d538e0b413fe0b4ff1167caa85f417fa34f3d,user
k6_bidder_61_6,pts_40494f14668c9a1b9c227bf480b5bace40cdb557da151f5a7615a59ec7fa64de,user
k6_bidder_62_0,pts_3540dd957638e122a5e689d2e7aa7f3af97cd55cc7eccd65ab28086e1a553428,user
k6_bidder_62_1,pts_549389288b4fb9becaeddf755102fcdb1b3594ab504c375d9d3e84545a63f1f1,user
k6_bidder_62_2,pts_a86887ac406292b0db5ed9bc8266aedd5d74455ddf6434fbbc0398996b9d4b8b,user
k6_bidder_62_3,pts_f88dfa645ecc8b873691b703cddc1bca27f96be28f501d39d8c4496a377df3ad,user
k6_bidder_62_4,pts_1e888e1fdde31e39b2a20f249336aaaf8305df84ebc4596fb0bd117ed2a1ca08,user
k6_bidder_62_5,pts_32891e29957356fc540cf910385bba901779df84ec40f4df25fd114870322a42,user
k6_bidder_62_6,pts_4b0c4b6d8f7a45751e9c96f01e1817a4be0a573f9a4062deba2ea156603f354a,user
k6_bidder_63_0,pts_d7d54c4719d7846bd842334c7951eb763addc5cf8e93c2573c4a4f3831795496,user
k6_bidder_63_1,pts_d70eea438256169337bfe3cb6e857932df398e9133bbab27b8138d2a5b78bd8f,user
k6_bidder_63_2,pts_adbaba1596f5503af323f9035c5f92c7a66d7faebbccb64bb99fb69a1621e4e4,user
k6_bidder_63_3,pts_1da2627b6bd1822d8b6cec6d831ae6957551d58a4a66ece84ab831d650340979,user
k6_bidder_63_4,pts_0090bff308af556c053123c5b3bda19d75a3e7eed3defd64829b1d38e9e90d11,user
k6_bidder_63_5,pts_9436cc0c7583ae4832f6c7b6b78796f708180161717a6107d0b7d44b5b8e1772,user
k6_bidder_63_6,pts_75966b52c5d3931243bf0880ea66840eefcf284a427b09374fca0ebcac4c407e,user
k6_bidder_64_0,pts_9efd6d600bd3cb5445644017f38e32704df0cb30f6a993845d45799b04c9e763,user
k6_bidder_64_1,pts_ec4c969bffdcaed982fe0fac6f62a5c082eefb8a988f379dbe4a7e5a61f8c514,user
k6_bidder_64_2,pts_c866ad2c420d6ec228a7a7e3132c3f6294b9586f91137e47b752c2ca74961181,user
k6_bidder_64_3,pts_7ab407ac8ffdfbf6ba2c4755be42eae469a51f8bf7318de4a9e527a0a1a4445f,user
k6_bidder_64_4,pts_3879e98769e72aa2278b3ac832c5450bc066e70f015500ae91ba18b93b894e48,user
k6_bidder_64_5,pts_c0b0151742af98925c227db3a82820e55556683ce2e40f3a5ebbd40b6964804f,user
k6_bidder_64_6,pts_7ec18d7dad2255d1a919389e0ee6819f8f5936ca1a088beca114e9038f78bfcf,user
k6_bidder_65_0,pts_b28450be07add346b123172ae82f85435fd82fc754b812745c2867ddce1bff8c,user
k6_bidder_65_1,pts_f46cf1a39da3c6da44d739b61df40521fe714d93f2a8f7373f480a337857efaf,user
k6_bidder_65_2,pts_1c600e304726a4e606fa5b6bf2ca125399fc7a65d4286296d657ac50af297fea,user
k6_bidder_65_3,pts_a3ed7a380c01ef2b93de11b213b8e0029349569e1cee9be624ae6f18e793d0da,user
k6_bidder_65_4,pts_bd8e5070ef71e13c5901ba9aac85b4b23aa9d90f6eff8fd12bbadb81b5a1ecd9,user
k6_bidder_65_5,pts_5f78faa0f919f48e11ec2698068b01460a6905dea8444880c8399f653e00d49d,user
k6_bidder_65_6,pts_e1b097fd5a2358499ba3dd0d4db8b5dba6e9593167f592411581f7e85b161ef8,user
k6_bidder_66_0,pts_344af728a85e822a50a5decc21d3e9eebf19dc739063dde4e6a0751f609fcbaf,user
k6_bidder_66_1,pts_81340fdf260b303eb313616eb60e2bdbb6237d11e9833ad931999d4491a5a769,user
k6_bidder_66_2,pts_720d50ae77f499043c11a2aa19c188585509ef71508fbe26859bde5d96252e62,user
k6_bidder_66_3,pts_8108d83a4c195e6d19776883e07ac378ef12ab4bfb3a42227d9b834879213cc8,user
k6_bidder_66_4,pts_563c157b1a5d947efad599996f08ee2bf300b654b7a44cae18c9dffa58ef9d8b,user
k6_bidder_66_5,pts_685c4b43c08e6ef7ccf7625c8bdef89311f40f16eef33a746e84f0d44bfa1fe1,user
k6_bidder_66_6,pts_b32c4d87c4af600f788e1e1c857da01688acdf85f61977490999ab20b08af4ea,user
k6_bidder_67_0,pts_b5fdefed1b398843046114eb81054a2036865bea149ae3035fe07b7304d859e4,user
k6_bidder_67_1,pts_b2e9fefd54e24e499ff46fa62b2b407c77bc12dfda0439047ef10e4ee11ea36e,user
k6_bidder_67_2,pts_d937f07c49656b84ec8c3ba43d13e3f33cdb53b944f00fa72bebb1fe8f3c1096,user
k6_bidder_67_3,pts_dfaecf3b17ce988fae7767ceea05569a0011afd9ef61d726a954035d302c04f7,user
k6_bidder_67_4,pts_d538ac226f128dd43f50d721758a122da3177d78b99aa3264dbc03103959d0ef,user
k6_bidder_67_5,pts_6fbb203488df2eb35b9c85256c9130ef9bd4b32f22bbcefd135d20e3c5e0bd41,user
k6_bidder_67_6,pts_a5225983b9cd2a4b5313cd76cf35045e3be92bce08af6ff6ce75c2a2e87358cd,user
k6_bidder_68_0,pts_c70ed7215d802de592316faaa0be97dcc729e61c068f673881eb5c1f62a26b03,user
k6_bidder_68_1,pts_4dfbebc34bc1a52694fc4f036cce6e6db745dce39fae20c9aac8adab75250aa7,user
k6_bidder_68_2,pts_dbc5d1d8121b1c7634abd8df10f105c32a4e4f3c2b3c55db98dbca60bd6342c0,user
k6_bidder_68_3,pts_583e54a3c54d1c6f158ebb0c6d0b5ad1ddc19972b22bddbef9efaf7a57465872,user
k6_bidder_68_4,pts_7487403d5580d8977134e7a2696d0515d56ec9db8e7338000a684e31bf05599d,user
k6_bidder_68_5,pts_edd519d533830aa877035f850a8713467a2d429ce7daa39026e3a3de6c8043a2,user
k6_bidder_68_6,pts_37aa7c0b512d21e11756933aabf421300f026d600118e16eb38bd68928d4a829,user
k6_bidder_69_0,pts_9c6aa5ea8dd5f44793274f6474f38e0294e045da198a1c60f3f2f18964ccef6b,user
k6_bidder_69_1,pts_dc655d40c8230912f470e96424c4661f60774e62aff889b269d948a0452db268,user
k6_bidder_69_2,pts_5df3a74018c699b0a981d0744b2bfb682ce86b385c1a6378f25321a7871a5f7b,user
k6_bidder_69_3,pts_1fd7da63848371ce8a1ffc06a2513b6eadd72da7f0cba44171ae64e257bbcf72,user
k6_bidder_69_4,pts_175ed5100e5bfc6ef10fd16e8f01053f9271b8abf1d38bcf1f073bb394a7ef4b,user
k6_bidder_69_5,pts_946bbb727e9a830042642c52e6d84454a597a0b55279e218147a8980b5af94e4,user
k6_bidder_69_6,pts_e00babc5dacb210b9947818c18065594940a061732c22b561154d581f76a8a77,user
k6_bidder_6_0,pts_1ba2cb3bdd6b02d613f89ab99c012b1620534f7c0cc53ec367b26ab1605bd1ea,user
k6_bidder_6_1,pts_faea233b548a6d02459ea996c39d4c8beed8465964ef1562efd585fa595dbca6,user
k6_bidder_6_2,pts_15786677045c52b5724618fc293aef994c43e8d507040670b1a8815501e120b0,user
k6_bidder_6_3,pts_3463e1421cb4cb2b53d260db8a75f9e168271cc430fcaa1ccb15563bc549b8a0,user
k6_bidder_6_4,pts_b2d9814d915f3cffd6f31dcc877c0ac50b14af2917b9e1c8f216bb837187e38f,user
k6_bidder_6_5,pts_a3c02583e7ec24f348452c9153006325b06c17c2140fe2d508854e6e788a2adb,user
k6_bidder_6_6,pts_1a331c36c99d684aca410c0fbb0a06fd2b3698ed1be9dea3b414a8017a791c41,user
k6_bidder_70_0,pts_63429fc3c4207d942696cf713aae54f3e115edbf3bddd26c543fd26f84f8b182,user
k6_bidder_70_1,pts_e658b8aaeaa5c62241a1b2d09d8567857350dcf8910b7b64e3d411f499d903d0,user
k6_bidder_70_2,pts_b3162c822a76c2411a0f4caebad7f4ff67011f14b671cab0eb00f79f0273782a,user
k6_bidder_70_3,pts_a35f41493ae5b6beec2e781c63a78f6ec940c8f304144c7a70344dd3e0e91ed5,user
k6_bidder_70_4,pts_d1c47724c97b74ee8365c10e36740f9971dd1707304d5c8a724047426b85f32b,user
k6_bidder_70_5,pts_08955d5794330c64b15ade653d9265f0ad7d84a5ee32269b49727691f373bec5,user
k6_bidder_70_6,pts_86e344a2752b931925be9da01d9dc3096d08fd453f27fc6c50b5c6bac043a421,user
k6_bidder_71_0,pts_2839da04dad8fc020b2805d892d9a872187e947257d19bad150f49930ce18f9a,user
k6_bidder_71_1,pts_5e9f35d5aeda115c7a94432d82210fca39dc37bfbf07bfdb85b26d4a2436a408,user
k6_bidder_71_2,pts_af5ec9f45cbe6a616d18987c5d98267b3fe36bc92d6287edbf0779738349d8a9,user
k6_bidder_71_3,pts_17ab5cfa6b1df81c8157e215983633151c905e43f5b144dd0637a71dd43afc24,user
k6_bidder_71_4,pts_6c27a1342679e0533906f41b99d3f2ea8ad62b5c4a392f8fab675598a39ddc9c,user
k6_bidder_71_5,pts_a507b55015a9fe94bf5ac852fbfbe7b1960ea2ede6ece3ca66ed63dcb628c0e9,user
k6_bidder_71_6,pts_3508348110de7b6b5cdd38ac92a07a61913749c254e11a119fdf9f39c90500db,user
k6_bidder_72_0,pts_793ef553e5b8bec336d9aee9baf0ace976fa28c6bde301c4106418f12f39d0b5,user
k6_bidder_72_1,pts_7597bee62f870652b90495e759366f2d2e931a81bc168d2aef7f5ab61ace6eec,user
k6_bidder_72_2,pts_476fc59016b5564fd9babbe86b78a7d253c5357bb824622ceeaef3549430be85,user
k6_bidder_72_3,pts_c0ae30511a8cb5c0c27353844cf6e9655de2b1067aa39db8e77ffbd6b72ad685,user
k6_bidder_72_4,pts_f3b896652e03b2ce77d15717c174f53d5a7b98e24ba42c6148fedc504d034fca,user
k6_bidder_72_5,pts_f7d56493189224784e632d7fcd2fbda64700ef2d4e7909b9c2620fbdd7e91954,user
k6_bidder_72_6,pts_a881dbebd03fea0ed00cfd7ef11d705a50783fa1b3f70e9b781aa52b3079e8c6,user
k6_bidder_73_0,pts_7f8cd6fc9215c2baa52ec571d5b29ab01648c423c4827e41357f0ba679ee0296,user
k6_bidder_73_1,pts_3556450ec5a5a35ff21af327b1e2ca7550c6445ea40cc6d1d2185baf15af63da,user
k6_bidder_73_2,pts_2937be683cfaf5a267b2d0d1206574b570f0c509cd6609456866d1952b66a44a,user
k6_bidder_73_3,pts_8b04ca2df43bd024e2988d6041da41c6eb1358cf86cf02f2bd3bf080660b2162,user
k6_bidder_73_4,pts_627f291f5383e0f79a63486da24d46136c6aa58d73ef7ee7f0901feb984641f8,user
k6_bidder_73_5,pts_9c268a98f3a8202746123eb8552bd67c8b6da77c49c2c2192db1cd63e42cad78,user
k6_bidder_73_6,pts_a82d694e0f595bf9aee5adeea45805aad2c952ac42fb828ad86366f63341721b,user
k6_bidder_74_0,pts_81a9e46e3d8aff30e80873fed7805e47db867d9252e363353f4ef734021e49cf,user
k6_bidder_74_1,pts_928d476cb36a4f7e9d9ee3689459cb61a2e29b5747b6a8370a15d25c6878de35,user
k6_bidder_74_2,pts_b45952b36090a77c5c61f1fcf092e67e89751dbea3893bbdd3caad58ac71ddc1,user
k6_bidder_74_3,pts_9dcbe46eda0728cb974d4604c171b7431170b561a40a60744795aa1aec755cc2,user
k6_bidder_74_4,pts_f5a233126e9f68f3c4bba72d062c0d68eab75999fb681de612efb826e3f170c9,user
k6_bidder_74_5,pts_0c20f3789fdb40a39c3929c5bc4656106f80350c44a7d0ba62105a7284f10a7a,user
k6_bidder_74_6,pts_b25f5a2ae8e52fe5679ab1fd6d76b2281b88a97ce5f2c0b233b80227f90caa53,user
k6_bidder_75_0,pts_90b8a595b41526fe558a993fc7bb4993a59df571c301a5895b32d4d67690d3c1,user
k6_bidder_75_1,pts_9e22799f191aee38530b2178bfc41fd8b8c113a09351f76306faa2c6cdd2d2f8,user
k6_bidder_75_2,pts_8b1e152688f0563fa51e02f453b3460db48206b92be5ebc0c651b29bbedd1ec5,user
k6_bidder_75_3,pts_c8984725c0c44a357f8e0c6e05039c95833f4b1227bc37c6aeba5c8bdfb90f39,user
k6_bidder_75_4,pts_e07699c3a23929240d7c0f6e470d3ea4dbf1738f1efa56843f3a712b8fc0dc63,user
k6_bidder_75_5,pts_ff684045c8dec2ae66a609f0199f9ecb84486b5a6a17f20d4f2135ac90da344f,user
k6_bidder_75_6,pts_fbadad9c44a14169107cc3305393a4489c4333faf002a4795b887ff5fa9ebdee,user
k6_bidder_76_0,pts_e2e9376f33c2f952b2dce0f985542b4de41f7a4c8f11e454ce6b82e80c180149,user
k6_bidder_76_1,pts_b89c6181f6fbefe1df687f784dc06f32e52e33742553c317358e16f55e393f87,user
k6_bidder_76_2,pts_2c953b3b373c8fb725c3ee6eddd37ff22d426cda372a968d5f3a84ead16c2850,user
k6_bidder_76_3,pts_e7a06595c6b387859c90dac23407ca1def22e39a474b2bb80da6e4d95347c2ed,user
k6_bidder_76_4,pts_1e231c810038e8c377e026578ace56fb29b6ac8ea36ba90b7fac58a98a191a1d,user
k6_bidder_76_5,pts_1d372cd7d1f2b9f018dc3da8b6db50f7a8fe8bb8452386f6e11f5c710c25ac4d,user
k6_bidder_76_6,pts_8978b1a5eca421721b4373bf0cec0fbb2f188028f2035f1ec2873dd444c05e8c,user
k6_bidder_77_0,pts_eb4592197d0c00578728df7bd22413a8051bec573123c66f9e774c9f5bbb95d6,user
k6_bidder_77_1,pts_b2713cf80797fc16773feb048034132177add594a917e386dd9c25fe9d514c28,user
k6_bidder_77_2,pts_d4ce206ad2523ec2a3b67539dbd9f903dc0783846955b463e1b0ba336d9a765e,user
k6_bidder_77_3,pts_38632e7ac437454fa386a3595692b3f146cbc30a3092482b8589efec657d9b91,user
k6_bidder_77_4,pts_48f8def1a167b6c59197dfd1ba1c62a3b254ef31c74a441bd0ba2bf5b19950a5,user
k6_bidder_77_5,pts_a863260a6f216cbb4218753fadfc2206d7096afe67e505471dd3f5049279ed72,user
k6_bidder_77_6,pts_189e277aff9730388f0f55e799a934e156e5e83fd324fe27048cc642161b2b1b,user
k6_bidder_78_0,pts_5cde40178bd2f4a4c311aeb17b6536ef53d4e0de819a670339bf177de97e10b2,user
k6_bidder_78_1,pts_ea38d3e5ea1e4f2aa20f9ec6f34e40b8bada13cd52c033e594011c721db3b9b4,user
k6_bidder_78_2,pts_c54d59fde0613c768e0578a63ade260882fb2f0e9e6f289c68857fa90ef7e984,user
k6_bidder_78_3,pts_1b667946eeed254fe8c0735757a0b641c66c74aa371a5e91748280b6dfbfc548,user
k6_bidder_78_4,pts_1b1bf835c611de292a507d5b4390ca5fd3394c6f556f2c04c45ac3ddab430be8,user
k6_bidder_78_5,pts_1e662042bb500fbdf34431b4d6e9cba4f757373b94f39a13b62b4b371ababe50,user
k6_bidder_78_6,pts_09f06dee7e4e4d61bcd7ad77bd26388e89c52ce72fd2c939f196897821d96853,user
k6_bidder_79_0,pts_e3815bb7d9cf7c826bd9ec05c009e1c3c52a7e764bd2921e961a5f8a53fc1e3f,user
k6_bidder_79_1,pts_da7ed061069ae8fb54cf7d3c6f121d2ad3c946b0a512bc88554cb85ab6736628,user
k6_bidder_79_2,pts_8b9ef06c374085b1f026996dbf1dd81a9064ce27e5dddb1a00fbe43960be5e18,user
k6_bidder_79_3,pts_da596e6d5eb276b26548efcf40e5422b30cef34fed8449aef0a5e4d7c3717e6b,user
k6_bidder_79_4,pts_daff7456a840839c26c6b16a28c330af84606ce5095fe6e833141569745b3d8b,user
k6_bidder_79_5,pts_651f8a3b2aa70d8f4f5eb70a9737fa18c6ba9eb45df3df4beb3a8800913e50d9,user
k6_bidder_79_6,pts_f8b92073691c18cd07742d89f8e46c2a9d2ee5e63fdd226d8a389bba528af8bc,user
k6_bidder_7_0,pts_d94715b8fd4409a56c307bef4714b20b05ff32221e4ebe415a856479c164846d,user
k6_bidder_7_1,pts_7aa830d2631646a2a005df6797b1c91a9847c395992a77290fdc62c4cc816076,user
k6_bidder_7_2,pts_68532a2c548e141b925da044c54283744e20da49cee9cecf0bc5f5b7fb0b3ef3,user
k6_bidder_7_3,pts_e1ad3abbe9fa8375f0c9d7211ec8ffe31af42d1b4bf8cb73de121b1dda7c749a,user
k6_bidder_7_4,pts_497434754c11f400e22e16290b792151b006eddbe250c4597196c363aa7b6cc8,user
k6_bidder_7_5,pts_0bc6955715ccbda177702e96dae36503bce1600486bce35aa913a61492d3a7b1,user
k6_bidder_7_6,pts_ceb1bab38933c6ed5322174a936a79ecc174e1dd5e8f03d979150c2c0c0221b0,user
k6_bidder_80_0,pts_932096bee0e357d78cf46268ea41ecd25568cd76e645d04b19d110e062700471,user
k6_bidder_80_1,pts_0ffad1d311c6c5a5594869810dd64e8beaed114bc60cbc445367ed600c3df35b,user
k6_bidder_80_2,pts_5da2d173c1fa3c3ff08cc50a9682d924b50b4acb4a68b783c2b644d0596959f4,user
k6_bidder_80_3,pts_7f2c71ff41f1733131e96bb9404368cd2d9eea2b02a10b845dcb163d8c04cf05,user
k6_bidder_80_4,pts_de975a0515fb803e99e18286513536afd79a0d82d3b775ef672e3594a6d207a2,user
k6_bidder_80_5,pts_646d395ebb0597fbb703e8008604ffa58da210cfafbfdd5c16fe6c9f4a9f5f11,user
k6_bidder_80_6,pts_b79b16f6c2aa82db173a4f2d2648bc9de33f48e15e874483a5a83266126f38a4,user
k6_bidder_81_0,pts_e3d52f3eb1620ce44b7c9f259a5bad7697417797239139bc72263f306eb71212,user
k6_bidder_81_1,pts_548bfef56ee79311f3765b37a91061e996e5287a5d486b331e311dda4d131b13,user
k6_bidder_81_2,pts_0f7518967e7dfc55e13b5098ea4a202f5697f16497bbd68e291034af6a2fee77,user
k6_bidder_81_3,pts_91483f22174162c2c919fe8fa0e3e3644cc2f8b7b2b03dbfcdc232b683fc67d7,user
k6_bidder_81_4,pts_f1d08ee99aa83820b31a6f976116cbe8fce37342e4a3578889b4d49be3092c24,user
k6_bidder_81_5,pts_2f3ff04d9884fdf6b12e2f13a1b699a5a43455e389cb077e80de07cc424d5602,user
k6_bidder_81_6,pts_5090c2e67801d8bfd423c0d860248469ad004f9c19463b4b64f3ec25f3f1bd52,user
k6_bidder_82_0,pts_d6afadeba00dff95aa165ba5efe7f9945499401bd3fa7f4e00aeacb5e31819fb,user
k6_bidder_82_1,pts_963c54518433cb8bfc1b53cad88c486a3c5557e5ee1624d1dd4b4179cdf0ebcc,user
k6_bidder_82_2,pts_8c4fc1a4efe750cbbcd54d395fe24e5ebc6d5c75658ff2946e13eae25dbad5c9,user
k6_bidder_82_3,pts_2a2072a0c48d8c001ce442feea427895f020ae643d274b4c095127b000bb9a20,user
k6_bidder_82_4,pts_ff997a851c075a53f487988cd97bfaccc5db598af6110a561d7d54eaea56bc76,user
k6_bidder_82_5,pts_baae75161e6271992132310c13983290cff9f73093f9a950f1a7370cff3aab17,user
k6_bidder_82_6,pts_57dae5c5479f66f042f048fbbcfb07b49a5eb0583cff3384446b6299bf8f9954,user
k6_bidder_83_0,pts_82a9674051df74b1f03cd0dbad29c023542ab4e69f5b74470eb30503aed338eb,user
k6_bidder_83_1,pts_967e629a59042041a017477fdcbc0eaafd1ef276732bb4a39526ad2762f5e8ef,user
k6_bidder_83_2,pts_e4b5476420ed4f0413c85afe292b73472a7b77c01a885356dc9ee87a192f5b21,user
k6_bidder_83_3,pts_dc5f1a03e2a16880a81a95f7fa76ffd8915f5a43eddea1c22c5e8318d60c6d47,user
k6_bidder_83_4,pts_6d873952e0ecf51b9a9b680079d5a97d99bb81e421cff2a1583af7efae24f830,user
k6_bidder_83_5,pts_0d04535e08819e0d72b78ad55cd7c68c97e6c62ecef381f65ce2a05479428a07,user
k6_bidder_83_6,pts_7ec90e378311687da3f635995d2b7ac08cd5a20f216ed6cf963bd4eb1ee55978,user
k6_bidder_84_0,pts_8f959872c324ccb5632673640addce98b90c8a7cd138c0b5b6fc84c12f1345c4,user
k6_bidder_84_1,pts_709167b0450daa30b977d2dd45907c9fd89253697b9ce66a1296b6984b21306f,user
k6_bidder_84_2,pts_f1896d43f9b5df685a3877df140cfa7e798a6c29045513bf6090d1ef23387eb9,user
k6_bidder_84_3,pts_f19925c7075e16d86324fef7a7e64fea900333e0a3b063045f3e014ec82c5010,user
k6_bidder_84_4,pts_203efba43a2cf69d9f2c32fdea597c02b1f0acfb570beb2c3ddcbb41679a5f27,user
k6_bidder_84_5,pts_c22df2430fce73b34be8ec104df4d5b5c5f6e79c16d8e6edfbf43a09a2b49ecf,user
k6_bidder_84_6,pts_3c86a51a1d5c2cfbcd518f89583fe669f3826ff750d5056a130427be70de3927,user
k6_bidder_85_0,pts_890a58d678b67bd5377163e600fa3c4bc304af1930f73d3a0eb6631c837542cd,user
k6_bidder_85_1,pts_b104ce62fd485b6db72b46b67b5b637b3a60ac4756844a2a8e4cfa1f32d32b9d,user
k6_bidder_85_2,pts_8517f2fa2368490a7ae2464f14dad81c13710e2230c72c4db495d2732530da26,user
k6_bidder_85_3,pts_7d830bef93fb6690597ea1245b565e087d477d95a52465ee7ccccb5ada18c9a7,user
k6_bidder_85_4,pts_3a2446696ee880ae7aeb64a0eda2f9a41a6cfd820aa0e605a7cd311381a2c256,user
k6_bidder_85_5,pts_814a7615b86fde77617ac514b57d6e72adb2d406a193876dbb727fd03292373b,user
k6_bidder_85_6,pts_8cfe341cca2f10edcf2433f02a3abca935ea857a0de261a0d8c018f25da8be6b,user
k6_bidder_86_0,pts_32818a8b6ff90949476483b14644fad22fccb8605b70bee12d2cd777f0785eec,user
k6_bidder_86_1,pts_7b486ccd9c05b9550895c088ffc7effdda97f14a2abcceba682ed24f97fcd53c,user
k6_bidder_86_2,pts_3f838e42b188bb5c8d94759111b7500507ae5bee4f1da173e4928efaaf36ae45,user
k6_bidder_86_3,pts_360097d2d2054b93af50591e749e3ad871307e026da0aef1ae1abd284fa6086f,user
k6_bidder_86_4,pts_5a0a196d33a69ebee0560253ed59ad1a0ae4d7b564a8504421a2fe0275ca852a,user
k6_bidder_86_5,pts_62a5f0731f9bfaed6ca865fc99cdd7b7244ff1792a3d7e620d04bc16bcc6cf5b,user
k6_bidder_86_6,pts_f7951cec8bfacc6c1395a1614c3bfa8ec42f3513f91ab8a2bfddb63b3ab9c66e,user
k6_bidder_87_0,pts_01c74ab54b107b61ea88bb4baf65753f56c1b6ef78552ca8291ff588a739bac1,user
k6_bidder_87_1,pts_e05ddff680513ba4986b3b1bb6b7c5982e83bfac413bbb0159863986287ccfc6,user
k6_bidder_87_2,pts_3429c41687469fb96b5b99c175c1e026c71a3b1c0d4ec875a77f3c9e40d50e58,user
k6_bidder_87_3,pts_7231acf4e74ea28e43fa675f4616e58b05555974aa3592c9fcad35393b76de27,user
k6_bidder_87_4,pts_a81b77c38f6c7b3667a6292dcecbf00ea19ad90c7c2a53448f44444a9d2ebe16,user
k6_bidder_87_5,pts_647a035daabc7d6e9ae713e0297a6384c683aca331e4949f5c345397662767bd,user
k6_bidder_87_6,pts_03db57dce90f3cfbdf7d90addb3f77ba9921ff2fbe388550d85c6f5db61a833b,user
k6_bidder_88_0,pts_34d3e4ee2780bc76414ba74cb6b3452f7ab626c3fe03d440513aa3c3eddc249e,user
k6_bidder_88_1,pts_759427c84f60f696e51107baeac3c3cbac50b0e859d3d9e545fcc0ce3c455304,user
k6_bidder_88_2,pts_67b98f981b1c1f380eade07d38bded96cdae9e65233be85f2a95e18293327fe9,user
k6_bidder_88_3,pts_b3c1c4e1f91f302873b6705049a8c3b5d2e147f3a230473d330f9ff4da7db45a,user
k6_bidder_88_4,pts_9c0d209f0eefb446e9b8682d41f710dabd9e90db55cfa230de14f3ec14300acd,user
k6_bidder_88_5,pts_efa8729a7ddf3ac7e854dde50730fd565b045fd41c470a4529b7ca3061d6d271,user
k6_bidder_88_6,pts_36a35130b0d1dc68acf0a0c9ea155e945957c6837af0cc3bb803378a1f31ef26,user
k6_bidder_89_0,pts_f0bb7664d5ec2cfd8f7f0581d692411726c9c66471249ffe739605499e835908,user
k6_bidder_89_1,pts_a53af27ed38261088dc562d4d7ca9d73ba1ae29a24cd8ca13385a673fbda06e3,user
k6_bidder_89_2,pts_a3a7b9ce3facd7bfff77311732ab0ac3e89e42a86b9bef26774c3c13aa38bc12,user
k6_bidder_89_3,pts_7132bdbb4ed6017ffc4e2c130bdbd8438f619151232332a65d84591846dd8508,user
k6_bidder_89_4,pts_7da8b9cdc2e88139770188a7b7844a717b512e6ff9233b604f332ad1ea799af2,user
k6_bidder_89_5,pts_e06820045574c5b30dfa9dc4236014501c19f8ae00fd655127714890b57b031b,user
k6_bidder_89_6,pts_8e0352a2ee1790a22a7cbc1bc75031c9a02baf6966c3cbbb8d6a2f0a06d4c19a,user
k6_bidder_8_0,pts_e7eaee24cff836145cd979ff306d961103c54b343ddd010ae0fe2324c2c16a3b,user
k6_bidder_8_1,pts_294be6eaf62027434b1fa010d27eaa5e09758667e46b2f4db55d6116baefcabc,user
k6_bidder_8_2,pts_d34dd2cbe21a510d7c49debfe9f1f3245bb7c77ca3ec6ef3f17e628d716e17c8,user
k6_bidder_8_3,pts_4647994ebd37175f182adaa880b7955756b151dc94e9430c445489ace7efee5f,user
k6_bidder_8_4,pts_dc34d207efc89c91d28acc6aa8d26b61cf49f946d80b0112c9979e37267e66b8,user
k6_bidder_8_5,pts_c83b418a5c08a325a47986723e1b2d987f671ca60d709a54c05a9ce4541496c4,user
k6_bidder_8_6,pts_f9cbab2941614ce552df4de890447241bec83c2663850722200dac7d6ec7690c,user
k6_bidder_90_0,pts_365ed911b1783f2e2d0ce3dab68e3487241c5fd30cfb6d08c80fcfb97661922d,user
k6_bidder_90_1,pts_a557b23cc975d21ed5689cdfa1ef5970461bab55ff6ebc273259eb7dd0b2b737,user
k6_bidder_90_2,pts_1cf23723fe377c82025c95a155d218e313d10b0f20209b807c6ae199793b5cd9,user
k6_bidder_90_3,pts_fef1f21a03b6e044f47afc999ab7b8e7d50dbc957a800c5debfe52cb6d3a2d2a,user
k6_bidder_90_4,pts_11349cc979aa06e659b46fb86c99fc9ec57267c35747a55b2a47e98f03f8c44d,user
k6_bidder_90_5,pts_386ddec8734b3fc37ca7a73b91b589ca8d601a55e732dd949fbab56b5300454d,user
k6_bidder_90_6,pts_1faed1b4a9b94e2d39efd1ac735a47d5655a96d65847791986056b22b5c1799a,user
k6_bidder_91_0,pts_ede8076cbd473efbcb483dab4ed30b7bf4f6051769b64d1f15f6559dc3322a0b,user
k6_bidder_91_1,pts_acc09a169ee92c2e5475a1917cca418924a0037bb743d20491293c941ba1ac67,user
k6_bidder_91_2,pts_42e10d57d012cf9ccf5efc1ab3acf2f9bbc9b3ca45965348abf9279f567a0d85,user
k6_bidder_91_3,pts_06425bdaeeb46719725143c5e9c96944b1436ea59999e7b4e599c752e7fa61fc,user
k6_bidder_91_4,pts_d08ddc5cb651505dcfac9c30562125cb1d1c479c0b1f74c446b11ef2ea206c58,user
k6_bidder_91_5,pts_fa944aadaf78663d678dcd4e7fcc595ca7e9ca903a00b3f96704fa8cad6c9c08,user
k6_bidder_91_6,pts_fc3e20336bf833e21ac3bf8b68d212ae8d6c43538d879d65cfd42094158929ae,user
k6_bidder_92_0,pts_9b79befd8a8959d785c4e2da574bc3c1cd295c612e20d2a7ab4005a6d83dd376,user
k6_bidder_92_1,pts_0d991c79a1c498c4a76626711dd293376576a7b2a1e675536920d4f55295961b,user
k6_bidder_92_2,pts_2ba8bad6644c9fe19343d39c60a7ec61b8dd2830dac810b69d058336b5fba86c,user
k6_bidder_92_3,pts_05c6f4f19e9fe7aca2490b0ac957a37c3649c14050aea6abae3a1b7ce09c4add,user
k6_bidder_92_4,pts_96b146406e8f42e6586fdf6355020c6e8fcd19cbd4e9fe0846e0e655a7302abe,user
k6_bidder_92_5,pts_91e2b4f298bf5281869460846f501ee5034bf66e75509bbe7b6bd5248fa92fe6,user
k6_bidder_92_6,pts_1b4114d102ba3044051c8e102c8b059aed7219804714a6b597ad7da4a751461f,user
k6_bidder_93_0,pts_f9afde7bbda74335f743f6aba95de24875b07421966269c48be30273bb517e96,user
k6_bidder_93_1,pts_b198ee907d9e2fb5a743ce307167411a03ace00274fa698814db8fb0f9a89791,user
k6_bidder_93_2,pts_24ab4c85117181451c0e78d3214d416893951480f3a6d876d1404235cf7c7066,user
k6_bidder_93_3,pts_0e16194be868f0a20167fede9ea608554f19f7254945d0a3c9549b3ff87babc7,user
k6_bidder_93_4,pts_fdf79fdcc314df6437cd3e76d3d2e094750dd31ffaa3aff010e5b5d75f7eebe2,user
k6_bidder_93_5,pts_95185d3c1386c7d1665ff2ebecfc60754b821877d66a615ae465b46e53522609,user
k6_bidder_93_6,pts_a8994859c7b8590f37c247f39a8a4307c88dce420a17647680cdd4d245bce9a7,user
k6_bidder_94_0,pts_04fece1c7ec3e5a8606ea4071c03c5d3c762755afe04f4f51ab351c318c95928,user
k6_bidder_94_1,pts_5f90c24700207758ecd08fbd12f28cbbecb7b16908eca2b6e9f4916c4874afaf,user
k6_bidder_94_2,pts_c64e3b1882a9bd67940298695866f3a691d842ec6f8ce5b481fa50b23524aabb,user
k6_bidder_94_3,pts_5a0c6bec5b483520ee06a64d640485da177d763be74fed293764662bac2d46d3,user
k6_bidder_94_4,pts_b39897b7e84be9839df543037ad1b0d38998cc82c93ffb6c3671bb76ab076e6a,user
k6_bidder_94_5,pts_5e47718a7fa5e3aa31def8ad29cdcd04d461f9d76483afce4028025b3d4a2b7d,user
k6_bidder_94_6,pts_ec7f2489a2162b781f2578362cfe73927dc31a9860f1513860185aaadba0e2e2,user
k6_bidder_95_0,pts_bbf66312fb9ad039b7ee8183f6787e5be5b1508e47fc409d23effcac85ec1239,user
k6_bidder_95_1,pts_f6ee0b751b7b20f85feef53c0a611219a717f25f4ddf71d482e28da411725eb8,user
k6_bidder_95_2,pts_12a72b3cf4ab81280500087b2bad06f748b50cf1d63af86474032dca144b28ae,user
k6_bidder_95_3,pts_83a33d25bb5942a5f4c8d9a0acf2ba5ee80173e739a3d41994c9bf8181003c9a,user
k6_bidder_95_4,pts_9b3c259128d9d2577380789294f5350633ce655ef62ee596ff736bb648b60d36,user
k6_bidder_95_5,pts_8bc37ae4a81c5f0edddbbb8aa6429a50b58c244a1b1d3bf64baaab4d3cff9fe6,user
k6_bidder_95_6,pts_6e62192e21d6fa3907bc0ba60a05ceb56f8a50fd0c5844cddd10c0b11afdf780,user
k6_bidder_96_0,pts_f7f909124e745c1944920eed71b49bc4b4c63eeb325f21726867bade8bb7d7ea,user
k6_bidder_96_1,pts_b8d6c41c774c512e62456eeebb6e9c4d3fdeaff2ab792da35183c937e1ba1b8a,user
k6_bidder_96_2,pts_50c01151464ffdcbe938472114a654977dc11b8e37e434d14d45c0eec209470a,user
k6_bidder_96_3,pts_6770f995fb2e4eb08425ad74d914aee3493d8419ace943b0b4f2f60c581fd148,user
k6_bidder_96_4,pts_7a140b9100f43f2d3fcd5cf6f837e961b77ebfda8747207af11dbe4df31d8ea9,user
k6_bidder_96_5,pts_938c86ba85912d0fc0073ed60b78480cd9a93744c354dd290c42e64d8b233d8f,user
k6_bidder_96_6,pts_4ca514e1400ddc36f09ab85361a8a55408ef3d3757b635110401cd6483a0204d,user
k6_bidder_97_0,pts_5e75cd1dbe0db429650c17d7f1144d927896108591647e7b7a876aca3dfc283f,user
k6_bidder_97_1,pts_5075e1b7b6f61291715d90a0aeef188cf2cbac0c3701537e4cc7a652efb28421,user
k6_bidder_97_2,pts_bf2126aefb92f024b111e0781218e7756215a970b4e14f764d4582b2c1c01c0b,user
k6_bidder_97_3,pts_d4ec0a7b38fd05acf650d259d63e7543e659ae913ca47b58252f14f6d0278524,user
k6_bidder_97_4,pts_e8c2085e4aeb4b67f0f2559cc651e096233368839575d43b4d229290fd4fcb44,user
k6_bidder_97_5,pts_29d1229c8b1c28bf077f3239b87cdab2140325d670d5b8cae80d09e37f458e40,user
k6_bidder_97_6,pts_fb5e89750b5f21a4ba537a6c915b2440077b28e26c7c0d7de22104126b87e160,user
k6_bidder_98_0,pts_4208bbb392915e93c1fdf2d2fb515a7352dd8df698236efcc26ebc673bcc791a,user
k6_bidder_98_1,pts_e119506ab28b787bd60dc4fbc857709935b445faf864a75eb43c0c62dec4e180,user
k6_bidder_98_2,pts_ba4f40179bd8aa85b5cd89ace3b1712088e4a63b826d6371573cdb0a9396274f,user
k6_bidder_98_3,pts_d4df14278131c61e6fc4f2b350edb181a3376f073f04044b0d3bc0cc7df79e49,user
k6_bidder_98_4,pts_8eb1a066136cdd19bd2830ee40c05aa3dd025b86c101c14775f126752729b6eb,user
k6_bidder_98_5,pts_41b528c43c50ab79004ff4fa9ffa7525b544733b68a7d353d1cb18cff0344349,user
k6_bidder_98_6,pts_f11364949eac5acec8e977c3d8e9c19e3b86b4492c4bd5a113003930ca273df4,user
k6_bidder_99_0,pts_b5692441f1d7f614567e9783e15427a12c57b5c20059c032d317e3cfb05acf15,user
k6_bidder_99_1,pts_f5e47697812adc8a8f8a0ea0a479bac030ba22cdda01ca60e5b788da25475100,user
k6_bidder_99_2,pts_4e53058e5946a37ef47f6c8e22d49309a187fcb546826cc6854c2cc2a7080851,user
k6_bidder_99_3,pts_414577b1b7ef9e36d987d4ecb6a7ebe1dce702452c19c1252d1e6b14c4e26385,user
k6_bidder_99_4,pts_62450b12a65fa20dffb961df1f3392208a8dd4075a1b8cfc31ece6a3e6fd9830,user
k6_bidder_99_5,pts_08ad4aa0435c004d0cf8a7351cb78090c0a07e1470a7c42ad512be62f427c431,user
k6_bidder_99_6,pts_0a445821de97bdd63e197d879b43814b54fadb6265fcedce6c0114200f2f9074,user
k6_bidder_9_0,pts_a7878ff8805b8bcf53d93ef52406e0a0100e9df491cebccd0a377c91f0a61c68,user
k6_bidder_9_1,pts_7178072535fdd9ef09f48645b04b9062afeb8e2ba8db686b049522137e862284,user
k6_bidder_9_2,pts_37089fa7ccfd74a87135cbf45119c97e0ca37470c6a3e73900e4148819c86cef,user
k6_bidder_9_3,pts_7250fa182413f9dd12304bc4e1e0746eb31bbea52da8d95f6f5e62a9e3d64eb8,user
k6_bidder_9_4,pts_b215ed11791c6445417dd6e5b222fb234c9e7c10898f8509ef1f51860c223200,user
k6_bidder_9_5,pts_ba49f9adc07f07d1a4a4e297c45187991916532b4562f497700178d5bedcb2ca,user
k6_bidder_9_6,pts_c72b9b927a2dad9a750a75f92d26783ea6f72e730600fef18aa1825b5a36600a,user
k6_user_1,pts_f5c8ce6465c31427e184f8f119cf8bf19937311911816eb991c92005ae22286b,user
k6_user_10,pts_d3591d0fae39095c43893d1cee562306810cbd7bd701cdc2d565dcc36a6ad723,user
k6_user_100,pts_d99f2d4dc20a78da2e0f517ae27398c63dacaa54606d1a5f7022284790541085,user
k6_user_101,pts_e0eeaa01ae1972ddcbea9deb3919368b11c071c29e5e5536c77baa7b1ffbc82d,user
k6_user_102,pts_56993109c3347a7b60bc249e152785191fc2360b8df69c03bec36d5bb327db65,user
k6_user_103,pts_e48dcbba59f64a696c5928d7ad28ad3c67a67330985c4eefb87dfc2a4307401b,user
k6_user_104,pts_32bff74aaf62853db41eeb4a812a81905b768b79d2714b58308afbb01e1266b7,user
k6_user_105,pts_b75aed72aa95844d5a3fe4f89162f8014d4161f64e0438b902e0e5624ab51c47,user
k6_user_106,pts_cac51672ac5dc5350911ded2b349314ea025e3af6cf97d372a0cdf441c42363a,user
k6_user_107,pts_565229c058025e7d59d9afe07086315c9dad6113d143d3aa0f0aa92a1cd6d1f2,user
k6_user_108,pts_0fb9a3bec007eb9535cf88e09b82188ee6163e207bd7e20411cbe22772ff0d5d,user
k6_user_109,pts_9b1db86f63448ffbb42b4630c417be934aec1c01c85f09a86647f7f32fd37514,user
k6_user_11,pts_730490a7623d2dbf8229ebd3ebfe84df26a92a0f68c4e26c6ecb4d3e76164dd8,user
k6_user_110,pts_3c48be4d78e4e295bb8e612209291ed8e7b4b7775782802c503da60d78fc30cb,user
k6_user_111,pts_f6a64b463d6f2db46d9a4a3c5824d56ca07c0ff28ba0e71e73a3d3a98da4183d,user
k6_user_112,pts_cd2b4f0e8a473573e2fb74d40f34f29250fd17d17f1bd55ae225b7d0d884cfd2,user
k6_user_113,pts_dd62d5d665b1e2961f5f4892f6b1c65b2b356c46da372674f50c873a447b4c43,user
k6_user_114,pts_05ea124344fea64efd79ccd206aa21077c25698c98b2d16dad374b40b33157fd,user
k6_user_115,pts_6d35eab46d3ec1cd35a067dc83c1562ab6a2f1203857697d728d2a1fe0833100,user
k6_user_116,pts_bdd5495a320287ab1b5b06cb040cc49d55795d7d3f496c49ba61335b19e21cca,user
k6_user_117,pts_3d216897f6e6a76e4eb6b8beb61027909d9231aa3938d4345c0287fb7a5821c4,user
k6_user_118,pts_5bec53688f1de6a0f85d39c36ac687b1b9c958048271ea81c0e5a0f56c787d90,user
k6_user_119,pts_a630418a2c8f88c9a3791c44c5d3abdbe409a8e14a2201763318190d867fc907,user
k6_user_12,pts_fd631e599e4d8175ff9a6dfb00098214565591bd02b516449cdab906f749c416,user
k6_user_120,pts_1de9bd7c4472a9abf0709ce87217117770ab582937a804cf3f2937a0764a9a8c,user
k6_user_121,pts_636d8887bfb21ffc5281271fbd23036ba3a37ca93ae09f141a723bd76b874981,user
k6_user_122,pts_ab981858cb8e784feecd565b3d748e6e7d9d310c9496421fae7b3110a7edcfcc,user
k6_user_123,pts_0fa06e16555f8aca2a0555998a1d694291074bc1882cc076202b5f1f995d6a50,user
k6_user_124,pts_d140da98bb8773b1aa2219af56c28aeae69dfb6e9b1c65f4808afe910d4a95d0,user
k6_user_125,pts_c8328ac50456a59cbe516026e4a3e71a0834220035417c117f9f7372f9768376,user
k6_user_126,pts_9f94d25b85dfd4581d6ed6953394833d13f3a6715564edfd7a338d313f2402be,user
k6_user_127,pts_f835540e9be15a7fba7f0d359441ffd283709a2f4f36228f4ac93b665583e15d,user
k6_user_128,pts_dc0d3a0abdb247ecab95d4c4926670dadf5c4219beb6bdc2eafa8e5005560638,user
k6_user_129,pts_59bb6ce1dc242c84367dc2cfbd0a103c83a6f80d0ca8979a5a95a67f62681ed1,user
k6_user_13,pts_a8714214a4a8dcd849c3bc23e0285e170ac4c63df7398c2acf9f7fe66bd5077d,user
k6_user_130,pts_e64e3b274a89a28908746aeab4bdf888434b7109318b4b7a312a838315e4a4e9,user
k6_user_131,pts_3e38a096726aa85f3d08203bd2715b48bf7c2fa9c3bb35f8781496471f3b2c59,user
k6_user_132,pts_712e98f1227bd3580b5d78f87f520caf570ff1f3671038cf7836d8f8412cc19e,user
k6_user_133,pts_e7cc9cdb03c20e9902b3f5e79184ecf1643f946bfb79a0b98e0d76699497cd33,user
k6_user_134,pts_b0467be042187c0b975351ae51d9df72fabb33b8e118961ecb2fff9a7818b97a,user
k6_user_135,pts_65b829e11ff2c7f57187fb94514d1d967b9857b62dd20b4981e62d21ea410913,user
k6_user_136,pts_dd1e0a3526d8022755587a2086d60f10ccfc2239f5787fa366973b45ec22fb95,user
k6_user_137,pts_ed6a59c419534476babc0ab5ba2446c6b751beb0959d976155557959f3a7b7e2,user
k6_user_138,pts_3c2cbe0e4860025adeb34313a215ba5385bc793a4a82fdec9e8abb8e432147e8,user
k6_user_139,pts_430dfe7a7ca51fbeae24e39b16fe682bf2fe5148d74744709f25a4791b30788b,user
k6_user_14,pts_d5cc85873638488650ca80accf4b536f73bdf008c1ba8c01d7bdffd07f749df9,user
k6_user_140,pts_91e708373810abf3adc7e50415b7bb2ce1433dff0b234656189e9e022394eb31,user
k6_user_141,pts_ba3b195b465e34de022ca484689d3c943e5283f957bd88b681dfa97aa1c7786d,user
k6_user_142,pts_7565d6b23e88a2e4e9683469bb1627df6f460c98ed6a304816e4093aaebc78af,user
k6_user_143,pts_d75dece5c5c5074b3f5b55e043a49ddd5de7281b1b25a08e712a74cd42c42c34,user
k6_user_144,pts_a64df0604646b16c92d6bc7d07ac5ef2014aa6c4861c5c483101ce1925c65de4,user
k6_user_145,pts_edc1cabae2819d84455894e538c7615fe2a767a84a9d83b7b918624928c97ded,user
k6_user_146,pts_920adf832c4760f9330c1d2c764a84fd96a57433beb800469b74c9d8497f066e,user
k6_user_147,pts_f8d93f8ccf0269c2c112b318a118ff006dde44d3bea126f00bcd4b381c08a981,user
k6_user_148,pts_8182662f926abbff367cf270bb778720e8cb5586441f242313d05758f39f8178,user
k6_user_149,pts_7d0cd70c21fdb672480f38c9deafb47aecb71834972a7afe958b4c5569cacc9f,user
k6_user_15,pts_59961baa56e45c4477c6a77e042d54e6cd85fb625f9ec66bce34e861ee8eb556,user
k6_user_150,pts_908a021ec9c05d5ff18dcbe6d7d5a6e8381474e085729f7967dcc30f59668f50,user
k6_user_151,pts_ed742a33aeca70e3c54a618ec325e0cca41373d026ec1243c90e02fcdd486391,user
k6_user_152,pts_ccb22e1143bd09ba9d86a82cb97a99d39483ec4955460d4faf66a4e5866ba19e,user
k6_user_153,pts_6f9ae7aa59bf4a2262b2064d2f8c2ef6733389eff0f2f34334b41b202784e17a,user
k6_user_154,pts_45946eb60fec4a9cde574fd1c9a3e250742876bc5fcb64db1d800e72ae49e706,user
k6_user_155,pts_3336cf9e6a9a2daa58aa21d4c2c723def6168128d817b2c6f7193017a5f1576c,user
k6_user_156,pts_05a9c23093bb1b75255f36189b49963669bcc58849c69dc6448b82cd5e80b879,user
k6_user_157,pts_ea66cffcd5c79cbd6b33468335beb6a54dda10d091c8ca60d3f259d56a68d0aa,user
k6_user_158,pts_6eb17b503d1807eec1fcc5af0153c069ab0f48887dd1c7fef928ec345655e251,user
k6_user_159,pts_e4a3422a948230477a9f649ff1dc78531cd5bf97f72077abdb1e1c87caf15190,user
k6_user_16,pts_e74224c68abe84ffe7c75ffe5dd3f0aa4650ee12b33b6df7b2192569d0a906a8,user
k6_user_160,pts_0dcb0466d30770c51d707c9a90cfb57d5029885d09a0f5db0752f179a96eddf4,user
k6_user_161,pts_39a8d070740bf76a68365aa636778a8b83eefe4c68f7814d695a2585a838b894,user
k6_user_162,pts_8ca35a6c7b9ed8570ffaf7e8f3e939f0f0356d8c477d9a9d5de96d7e3907e392,user
k6_user_163,pts_8ad5e7a135c721c3a93a4e1de430af7de7c4fcdb1514a1a152efb7c0304285de,user
k6_user_164,pts_25d2a32a71c77d80a860c535811919e17d7b2e614950457d1554662423db2821,user
k6_user_165,pts_5098580081954f7488af3121f2665a3a4560ae260941d22a0d3b81f81debadee,user
k6_user_166,pts_412cd2876a5175e19204cea71270cf145d06a600f3447a247bc356c132d958a5,user
k6_user_167,pts_6cba18c088e65ddb583595fb625ed4a7f9ac5bc2ab49026150f0518b734f4292,user
k6_user_168,pts_c5adcdb4c3962ff1b6f5fc77ee4adbffa82502201f97d1f3d9a38d48dedcc10b,user
k6_user_169,pts_dd737cdc6d3c4171a9a9e2681efcce25ffb5924ccd1558a40889a633b30b2dc0,user
k6_user_17,pts_d806dccf1573c08d7fcdc40d1cf2d1f0b8038a7db49a88361d2c48625edda28a,user
k6_user_170,pts_0d4d6ae75c038dc2124b0e51defeb72d30fa76ba24ca0519bd80f962fb0929c3,user
k6_user_171,pts_786a6df5a734693bec0de01a5b9792d487e3166d405690715d0de7b90966a773,user
k6_user_172,pts_11f10b58a07009f3dd74bf0873cb39e3bdf7b863eacac9ea5d4486e4358bb4d9,user
k6_user_173,pts_3ae4ccefd46b7f36c5a90cd760d33fa8b87acdf5573eae0d4c9ec7e67b78bcf0,user
k6_user_174,pts_b82ba53a080c07f7131b0c4380c4cf2f1997cbb93bc4e014bdd06c59c75a58f9,user
k6_user_175,pts_f8a8a5beb7047e4fea8bb1e5711be7c69def9742c8c573e65a9cb601909d8c8f,user
k6_user_176,pts_2640013dd9b14bc286862ef04a958542c46057eb6bddaecca901c8a2e5cefa31,user
k6_user_177,pts_0ff6a7e00b87fa8ea29a0a288c22532abb77b4ae32aaa204ac76c318c6474e87,user
k6_user_178,pts_d1a120acbbde59e5b586f02fd817ed1f6f8d17d5fe349cee720da96df3556836,user
k6_user_179,pts_90d17b89e3062558ec0ae5780c32708585d6cc6c443cf00f8899087d22888272,user
k6_user_18,pts_0b153062d8fe952364734088f524141bcacf2d6b66fd521b8f29e4c8e16de7a5,user
k6_user_180,pts_01062c09abd4dc1a6542bce469ee78a5fe7c28e99f7815597ba50fb079a36b0e,user
k6_user_181,pts_91b3bc84face59b6e014c664d5c95ed8ba86adbb2f08efd4715aac10e2ed6745,user
k6_user_182,pts_45f35e1626e6be2fccda6ae81c1df703e2d3c89f9cd34e93445d9fef7968bf86,user
k6_user_183,pts_0e4e8aed026f8913e23163e29c0e2dc0311fc232459ed157e0455ff4d1a110bd,user
k6_user_184,pts_83b935e9b50d85bcd79da68dcf1072d779457efbde1a221dbdbb676f439bd81d,user
k6_user_185,pts_d16bc7a69097facde3c77f514092222443f5935422a7ad5340956420ac303d13,user
k6_user_186,pts_babaa3a9e47830392dcecb8ab26f477940fba5f1e223cdd5fec6895a3abc583b,user
k6_user_187,pts_0ef6e64d29bacd28d9f9ccb7750e23ad973c837abd98e6ad066abd63be1a7fbf,user
k6_user_188,pts_92b87048a036d20670b790dd9230774ef4d475abfdfc137b54bf0944fc8e575e,user
k6_user_189,pts_5056eae0b5c6e8c0f26cab42d1107690db81cb3277f64db2840b07ef3dd68d98,user
k6_user_19,pts_61a4c42371eab607e53e6b8160ed54d3c6df68249ecb128a2c793f5907c3f1e0,user
k6_user_190,pts_ceab473fb0de10439c2b9cc97cf1468ce4d595c39ee91b35ce111e5dfa6b655f,user
k6_user_191,pts_2b1ece62f30a69bcc006a599b1e091e260cd3f7aed3679e7c0e9ab56c80fd2b7,user
k6_user_192,pts_58a577e4e071df9cb0c886f480e09247f5e8a4cd8f3ddf20fa8967baf5e7ceb5,user
k6_user_193,pts_69c6b5544692b76abd4534cd189b1b5c64f0da3767b3d23ec18493d709501595,user
k6_user_194,pts_97377fdc5b135b0b1d977d6b94aa12a4f2042b3fd2954a8546e12f24d0cb3c6f,user
k6_user_195,pts_5baa18567eb947f030dc4d9ba2e7977d55fbda86fb916ab607934f48996bfc5b,user
k6_user_196,pts_43f18fba4de0e434f92a4bb3777dba5842c479e233bd1157624b571d637959b0,user
k6_user_197,pts_fc95be3ee4798aa4a524214d1876d6e0e14429ce7b7875210eafa88279774a62,user
k6_user_198,pts_0114917d6ad75f25683473f4c6c0618585c361adc8fc6140e985e5f50b530e4f,user
k6_user_199,pts_f5032d3f0e695add1d2d27f04b5933f90dfb83070c987958d83e180e53282f0d,user
k6_user_2,pts_ad719c6767d3440df1a0f53acb437f96dd79ac919b5d18a62ab73bbc232f911a,user
k6_user_20,pts_d3463da1bec258001098b429bf5711eb8b5b2858794737671b97ea67f22df242,user
k6_user_200,pts_cfe6dc127170daaa432a6e2ad7f14578625513570c874d6ff018942c24d0dd65,user
k6_user_201,pts_5be7562fd0d302d1410d82b526583f918ff47b97b190fcae1a0156106f2c2981,user
k6_user_202,pts_7d308a3b91c5b938d2d93b10856448492a94c4b53d8f73688081a124ed08e466,user
k6_user_203,pts_00bc97c70ef873cd6b8acc3d5e66e1dcf381843df8c6815af046ff442f415fde,user
k6_user_204,pts_a4cf74c306466ddf873e7999dd224acb6b5e55eb4a442390b5c11d0cc6213bf3,user
k6_user_205,pts_f230344c251b5f26583796def94231607afb9cc2c262e5a93bf2e6d475eaf077,user
k6_user_206,pts_59d386221b165cdd3cd7841d14de6deb0b904513a82f1718ff3b90a74f106b87,user
k6_user_207,pts_1b999ac8eff1b5c54ce46f806d25fec35c5acb22c9a8dd3b1b47ddeb3b13c283,user
k6_user_208,pts_696e0edc65529ba73bb2eebd5236bfa4a5795093a91a4ad9977129fe62e4fc79,user
k6_user_209,pts_585dee7bd798f244f372d76a1dc304bceb24e7ab4321ce36903b088248a68343,user
k6_user_21,pts_870d62c255d099b994533cf78c48683e37342aedc3f8f0a53c4bf4f1b61e7823,user
k6_user_210,pts_23608b3701f8288084fc603904c371c12086e9f6ce4a09b62dbe4f098f6f3193,user
k6_user_211,pts_4f9a4cc9d16aaa1f46020bbd60c374a7be8627bbbf2100d35d4d54397462d044,user
k6_user_212,pts_8b3087de8f41abe777134857bc0307a269c5ba6c02d37ee37aa1bdd159b7983b,user
k6_user_213,pts_6a3e041cce837db020ac7c9f9144e7ef653f5994d3d48332df4d64ffa508f216,user
k6_user_214,pts_2e8d5ba9abaf171a775a2876481389a5166f5ccd6d9318b801acd38a415fab8e,user
k6_user_215,pts_721674bcd0d03ae85706b9e50fbfb512c7853cbd06fe1cc8168ff5fe9bc08ed9,user
k6_user_216,pts_f91d4e65288e167618da82be1b1bef0cba86cd46b485ea03a0c909aaef03bee6,user
k6_user_217,pts_e7977269e2adece6ad4baa2c328c1cbb6eab2936d61f3ce051c406ec6804c7ac,user
k6_user_218,pts_6f72bc60b9f9282d8db0590499b776832362ae7f11bc2a91b67403ae138f0dd3,user
k6_user_219,pts_485a95942ff0fdfe31e880678ce4aba14264a55dda9d5c57de6cee75d2246356,user
k6_user_22,pts_f5e818118321795fba792f6b7d7dfd000c41d2653f61680df9be33fa97a15426,user
k6_user_220,pts_1769bb23f5b0237bd7640dc0bc350bee14917f69a8af23cb7beabb6da76ca45f,user
k6_user_221,pts_62f5a15a39f07a2eb67564d58297ed62041a18ec1d88106818559749ba498f30,user
k6_user_222,pts_17da27b4b134d921f33f48dbc63e867cfe611de56d2c8963391666babdf743b6,user
k6_user_223,pts_078740d81a372668474ef5459a0d938981bde1344a9e543e0b14b2a1196b42b5,user
k6_user_224,pts_f1987591efde5ad66bd48fbe3f5a1bc8037f5fe9585f90ee3ba254fbd58224ca,user
k6_user_225,pts_fd4c37854babb53798fd97993d0c6f167ee82fabdb13c4e7c6c1c9bc3ae9dc19,user
k6_user_226,pts_07c167f4b8745a4047f000ce34e50a5a8d7f7cc76863c6814936688f79c5c462,user
k6_user_227,pts_90457ba00018a54d6db6adee2239af81326d5c058cd925200335935dd6b6a0ed,user
k6_user_228,pts_56aae26e022bf9d04bf65f2993e2d94ca84f3ef883d208e7c35b5978526de9a9,user
k6_user_229,pts_b1321b6c1e86cc4aa89603ee9ad39c718ff9cd55e0915d1b91071a919e3fe965,user
k6_user_23,pts_8e9818a965559d8f9145136947905c9ac856cca6cf97114e8aaf05ae83d0dbec,user
k6_user_230,pts_c61112509b033988f814446f9449b05164632f1f4ecd7d9b33a1ba3ebd111393,user
k6_user_231,pts_fa68854748ae36967edd0cda0eaa9cc82e0806f8c594110cce2e396f393d4746,user
k6_user_232,pts_371a53d78990fdb0cbd91fa25fe351b3ec95fe9fb8af8346e7896e405589f7dc,user
k6_user_233,pts_e9c313094117565c1c34338a896b1884ce247042e13d9cd524e3e4b549144905,user
k6_user_234,pts_f0891e2681e15611607ff0b73c1ab9c1badae692b28a20f9fb1af52f094b5869,user
k6_user_235,pts_9c6d1ee208e598387ae55729569d2d373427ca5a553328349fb94a0172dd6cbf,user
k6_user_236,pts_7eacc612ab9c29a0bf88f32a9ae20bc99cb2260c9ae6a94cf58d29a2c973e64e,user
k6_user_237,pts_0d2f6f9123945482f42de0712537f0f9dccd6a76924948a6e8158ceaa852ff1e,user
k6_user_238,pts_8bcc1df1394bad3952bcd3c14d96a708f0c111054926d4bb986b5986a9db3c6f,user
k6_user_239,pts_6a84b61aa5d76e4120ab450cd2e5b968626d86c32abfed671b121f9f3b4b0431,user
k6_user_24,pts_5cee014cd257f6648bc77efc09d4174475e7a76e125afc4e0a7f78bace18c363,user
k6_user_240,pts_3c7f987b53327afd6d8da6943203d5f97fbda92803e5ef45ec401b13f1eed1a3,user
k6_user_241,pts_346649b0c6d3063c42f9d5a4a489f5d2c889dd7d09f4e71e9f3719322e52a2f3,user
k6_user_242,pts_6f46f85b8357ff5537be9cfa9af2ea70ec0a1b37de5d0908da3901b01f379c56,user
k6_user_243,pts_f91c81dc5d0f4d4719a6a0cf8c11b3c5a6b4bc4cf605c5237f691836559def71,user
k6_user_244,pts_68802d057279e11e39a01e6536047df91ea93d49331bf7342390d2b1439d15d5,user
k6_user_245,pts_eaae0d52911d11a173db97177f717488f92b40a0b93f367fe8348106b98fc1d6,user
k6_user_246,pts_08f0b777c2c4ca4f90c313418ee4fc9b4b18e5dbd63b4904fb63e0f866b089ee,user
k6_user_247,pts_78c3bd7aeb7c0607bd7edca7317706d33c0251380a37b251e7b893af4e5ab6e4,user
k6_user_248,pts_01c7376fda9c27cd811dfcf7b516fab2506f645c5bea8f64049dba86469472b1,user
k6_user_249,pts_53be91e2e103649246866910d9a80600d5b422676815361da67e94d986a632a9,user
k6_user_25,pts_b08ce4b897aa8c95e836fcf60747772a65916b6f18f619c53ca4efe50ae65b9d,user
k6_user_250,pts_f657b71117c511ce69c9e24146f618f1bf870fdb938989bbc6c97819c7fefa81,user
k6_user_251,pts_2952832293efad1a837648976c7117dea39ab0270e293affde9142e3a705b46d,user
k6_user_252,pts_8de48e383e4b9917f48b6c50fd4c7a9f12be38f5b31b533e1e28b51ab177ac28,user
k6_user_253,pts_ff1b8b56c7d9730a0b95982483491488f9d43602f3200e9a4c9e9a16b64738a4,user
k6_user_254,pts_9dfc57d43c1cde6df1fe3b58b9c7382ad9be01ddc2d72d5e5d649bd3952dd2be,user
k6_user_255,pts_5515ae655130e506e4e015b6398c433ea30ce7aa26593af3d5191aebd1fe91aa,user
k6_user_256,pts_1389b79838193f01c9f16c99085c7c42ce001d18ef1e0fc8ca78f77bae06f1cf,user
k6_user_257,pts_947aad5ee186eaad0cefa119e0fb3a79a0a31b44e78edba313947e1d955bcd3e,user
k6_user_258,pts_2fc31894b76bd67b8e570389c80bd4d403d2d101779eaa193b5c9cb6d2227287,user
k6_user_259,pts_3f982c2c5807275ae2e49eb0d7de2e21cbfa4c3f62b8cde88d49b88cb35546e2,user
k6_user_26,pts_80927c846dd772c0245c61ed6c8555309465c55d376120453826006556f60eba,user
k6_user_260,pts_55f35d8e77a459140f6f897e8955b1ce52f6f094a699a422bf361e367b362345,user
k6_user_261,pts_ebbc8ba5b595d70c404d1c09c8e3fce5cc90afe899dd2777d11eea099e902251,user
k6_user_262,pts_8c6668bf8d4e6b6db427aafb5590da9f552dc44bb5276c42338c92a12f12f52f,user
k6_user_263,pts_b667ec8604fbc8e174f955b9ce92180dcc963cc0edab1a326aa30fee9aae1b72,user
k6_user_264,pts_6a6d1ff3e0d16b888f89793c73e3b16fe721dc5b293d4af82544439669bb0dc8,user
k6_user_265,pts_7f7744f874076922f83f03e6f056325488d419632bbd0650e86da152aeb00e69,user
k6_user_266,pts_8d675f4341e3635cc6c4217f842a81e58bcae4e7fa3ae3eab10f5ab3edefe0d7,user
k6_user_267,pts_4ed6382abba0d25276f2272c9aa075fd98334fe9f60b5e07c075778c6c386c14,user
k6_user_268,pts_b0193c7e09fdd8676a375ac2d852a2989f8e212a29f893886734e93225d58986,user
k6_user_269,pts_67b3cea7a36fc776d140c1f238b00c9ad38532f3023565bf54008f66ee03d1c5,user
k6_user_27,pts_1dc4868a7ba1dad80ca01715e4457fc183db810119c52e4c5347417cd0473939,user
k6_user_270,pts_428d6599f70bbea41e6614cfff52601dd50c946b523bb4c93c556f38d91b8131,user
k6_user_271,pts_cf16467f753e75e33f68fbae7bac14e5a046483ca819068c5dedf3fc37d3e85d,user
k6_user_272,pts_d6e4b34d129b1facd325d4172ec637fca21a72953ef1c1fcbc4f30cfd75e1e13,user
k6_user_273,pts_5621b656b44bb39eaddb8d5ceec795d62549e6e3f707778b780845b0545e7ddd,user
k6_user_274,pts_6a7ee1915f9b6ec7df968a226e6c66279bccf00623ac8a1f7b972d9458dda442,user
k6_user_275,pts_54ce748107fe8c7d1be3c65267cc75e8beff5048161c0b52ecb14aedaac05d6a,user
k6_user_276,pts_a8ae32df45288ffca7c3e17f80b1d816bdbd133215aa873567f9fce2c62e34ee,user
k6_user_277,pts_d106f421765a695f3d46c42a381baa7f191db20ae6a04c1b9efd4777f38c38f5,user
k6_user_278,pts_99947d926fbd8588280d0de573d162e3444b5f0f37014c1c461f1d4edf4d3424,user
k6_user_279,pts_c96ea83ec6cb7207832670afa64a9a00d6aaeeffc05431a9a5f942a228901acb,user
k6_user_28,pts_919194f242eb1333b8775db886643758ab558b84ce6c5d1e7dfc5b9236da4860,user
k6_user_280,pts_fa542729b4a618ef35dfae48dbe0490befde54a29f313dbebb3bad2453da8308,user
k6_user_281,pts_5dd0135cbdc095f4007a46470a3ee117275eda3f27b89aef3a71b06c98c6dcc7,user
k6_user_282,pts_436c5f8e908939c179965759501fab5c20b07b3e0eb436622f43810916b39366,user
k6_user_283,pts_29ba3aa2fc7d4f1c964ed9907457517196c0e4616a971a5e90fa7093176cef7c,user
k6_user_284,pts_7c64d0f67383b6856c4ccbb65f87842fb95716cdec10a1c7f56bc220ccdc0893,user
k6_user_285,pts_19d601f9c58ebef2e4992dd408d237bac8ab4c1b907c5de5e34735b304e3a619,user
k6_user_286,pts_757a673203b4df457baf5324560acf8822e30533ca2a1e96cf18bacb45b71d22,user
k6_user_287,pts_bfb04aadc679a384f93fdc24bca3a654f496fada8f9dc90d7807d6c24a00baca,user
k6_user_288,pts_6c3eba8fe92beb9acb19fc6655f3dd7edf372a40407c252ec54f88d9d76fe48d,user
k6_user_289,pts_c3b5dbae7dcf07c5218b1b91b54a3f97901bd66569efd2efa268a45138fd2263,user
k6_user_29,pts_4b590c87726f743bc41f4855105251d6ead6d08d1a8a3b11c17115ea020209f2,user
k6_user_290,pts_4a38464ca236ee474c8c36ace4c64de3edf47976c77bdf467e7cdfb465a589d3,user
k6_user_291,pts_efdf931069c3541378f7087e76809e1c2f26063b28020eaaf643954d7e2d49c5,user
k6_user_292,pts_46a2e3bc5646dceac8f8d050c974500a1382fae0f62692911cd52a24bd2334fa,user
k6_user_293,pts_f57aa8df41026d410733cee7aa169f6f70b26c8299527885df63ef4af7f93ce8,user
k6_user_294,pts_2b4efb7347ba0659be0534dc8c055852932707603c3b51b7f5d68c2b0b9328bb,user
k6_user_295,pts_cfe1c2551d48c394178e97ad0a0c254a51b80fa39d94486014c44d83b358b312,user
k6_user_296,pts_a2e6c4009503f27abe6054dd8b4cfc9bbed559afd407ee4bb32b8b3af08db313,user
k6_user_297,pts_198159ff2641c929b1e889ff6e3d0c64f6ffba393c05826d20f9e6cdec563be3,user
k6_user_298,pts_7feb0e8b5f65aacbf1d62228fdf212ebf97b0382b8dd004296c02dc57f71048e,user
k6_user_299,pts_364da19955935583cb227e8c155ec9e8a5625a9ab83d831836fe1a48f02c6b72,user
k6_user_3,pts_3284aa01a837a5a3203afb3baa1f95f2bf6bbe8fa9b23e8ce01b17d57cbc88f7,user
k6_user_30,pts_57706cd551018c7ebfa301d9d04180353a9c939a10d359ce09e0a1d3c6756233,user
k6_user_300,pts_8027a13214036f4d8936c6cbd90875050db43d430668a85932b928f5190ec67e,user
k6_user_301,pts_6d17ee7ad3e6b9242d39e25f7e52d547eb2060f8c09cc579a9ce0a2f11d42451,user
k6_user_302,pts_14c951eb91166fc78f0f63ffbe55ce6d1de6ead3652ed7802e7475aed6e5fff3,user
k6_user_303,pts_3a1b9d06affbd74aca9a2c8df1fa001be6a946623cb3b27ff73a3e5e3bba8343,user
k6_user_304,pts_cf713c2c2168845864424ede48347b712c3663b3e46f7b0aa2aa10be38cb0fee,user
k6_user_305,pts_ef6953946e37d862011b0824ae3a2ef9e0d131fb6b16ca43f887d4262921a5de,user
k6_user_306,pts_8e83e9456885025b086079925aa3a4da001df7fd5b38d470c36f3f5f51ea57c8,user
k6_user_307,pts_8c20ed12e220ffed50070ed13f8ed2ae7d2b6decc97efb11ba965d06502f0890,user
k6_user_308,pts_ddbb4cee430d89e49bf85124c014e4ecd7bf8de99976de181dfe4d514e1602f9,user
k6_user_309,pts_739597b7796dc1020aaf5c8564d008ccd707361d97790795c01320608e5a114c,user
k6_user_31,pts_6afec324693719c3e413bf4f959eab1cc241fcdd7e13b17cfbe29b69aca120f4,user
k6_user_310,pts_d1a1db571f8a9f2e39a7d01821c975ffb682194673bf4f3e3a0b3a5e45bc1550,user
k6_user_311,pts_c5a57f1c546e173ae04d1868291943586882127efd6e08cceb54ff5bd24a8f59,user
k6_user_312,pts_b4196b567eeff89e3d19cb79250d9f08c79ce90b11c557e67e8361afe160b8e6,user
k6_user_313,pts_7308fe324f928d165ad918149d668276e17fc5e9742cb70db2945787f4c86f2f,user
k6_user_314,pts_5157868230f9ff7095801006e1eca7d476da239651e0ae1b5a80fece5b42524f,user
k6_user_315,pts_9232a65dcd7eb6e9d8839dcc1ef511de69d8308e101ff7abe4f1ea5a464dbda9,user
k6_user_316,pts_98245226c83b8a370b85d377acef2eaa33dadf0613837e4fb3fb7ebc911a4462,user
k6_user_317,pts_772995e1cde413bc2337feab08abe9bbf73494831c5a86b55a4ec8a982106040,user
k6_user_318,pts_aa3c80860c5a5bbb0b58298502caa1c2decef3d30a008f53aacdecd395a9047a,user
k6_user_319,pts_1f720b31dd223842897871a5a612e13c4c1e2c42ba90c43b8f2a869f3821823d,user
k6_user_32,pts_8ab10e18a97a128dea9068798792e061a7726fa8f8bc628a9f7fea3d5aed400f,user
k6_user_320,pts_fb77eade87fb3c287453f494f900f615cc0f4e77c915cf5617eb951d6b9bb5dd,user
k6_user_321,pts_45359f98c917da26a9e4720dd346464cc864ceb1f2fdc330e62dd0d18c233135,user
k6_user_322,pts_afa64ca34d657ebfbdbadc4b2f6451689156049af317b5136347df1a5702a6d6,user
k6_user_323,pts_bb97359c29a906f9f99a5e3947a44a5afd4b99ab6ef01e8abb8fb7b262e53fd8,user
k6_user_324,pts_86918b34616928706ac932adc4c8cef9436445f29a73e1705c482d60eee4404c,user
k6_user_325,pts_986eefae48175a4c0ec65beef5dfcc129f3d23132149c34dc040aac5698f16ae,user
k6_user_326,pts_d13499f6f5dc9ba2bca18661cb5f8c1626da68d6e03f4906ad695cd3bf60d6f3,user
k6_user_327,pts_bfdf51342187207a3dc08806f1693a29595c512a4fd2ecf33d5dfa1f7dae05b7,user
k6_user_328,pts_d3393fee4abb1a2a9bf0649dce0f6fe15628a803c5414f5bc96ddf83c9929f7e,user
k6_user_329,pts_2a3a8baf9bec64829aaf3dd7dfc51428087098a8f05ea15742452ed99d568180,user
k6_user_33,pts_802350fbdca7b527f368abd9903d567a1a54b8505e80544cfa6c9ecc01dd8ece,user
k6_user_330,pts_4b2a5c7858dd13adf97d86817454ab802b2a7f844e74ed9374034826ca7b2885,user
k6_user_331,pts_d76b22d5623c26015203a5483762f4b188b3a681890a9ed3a5eaf7e5d6d5993d,user
k6_user_332,pts_eb45414e59c4abad0348970b6999ab8174881b046668e4c983b6236f52e3e70a,user
k6_user_333,pts_633b21025e94d581def4b08d203b79507f4ad1df786db8882bdc27fada1c0c62,user
k6_user_334,pts_c68423d8219e975693902109ae022612ab61918f049d6908616fb71f263b3cfe,user
k6_user_335,pts_c288084f64eaaa3af5955b34eae26d2df80e643b8d475250ff926bdc72f1254e,user
k6_user_336,pts_d5687156ccdd142c69580a1bb5ce766747acf06912825603538b7d40fa797028,user
k6_user_337,pts_bd913489027d02569c3cbc6fb5f5d53fe14613b3941e2842d12b4d97fab4782c,user
k6_user_338,pts_e2fdf22d57200753fa34ceaa60ab7aac084c08f6bdff49f95cefbaf3ef3e037a,user
k6_user_339,pts_43dc5ed79d798f5e7d1970ef7c19f45bb808134ed00c54e3ce7244f283254dcb,user
k6_user_34,pts_15d633826c79e878dfaf629fdcbecd313977f3f49308cf4ee7d048b26092f911,user
k6_user_340,pts_81f886c98cac34567022ea27df43042a72a438232b4c3c1de9db52230c5b384f,user
k6_user_341,pts_1d6109e4b5ecd87a1b0dd544fccfde190922be4c65ee7523b60f08d7075bc651,user
k6_user_342,pts_0e4070c8dd80e712aebdba650808a695141bce0af532290c7c0a179f1aaa85b2,user
k6_user_343,pts_8ad17ede6dbcc84137198687a8a28e58e0eba2e429d0d9b14da129f4064f7dd3,user
k6_user_344,pts_cd97b7c4c87103b21a20cb37d3cecafa77717d789806508b28338a08c125820e,user
k6_user_345,pts_f1ed11de37ddda3a7e067572bacdb96c948c6e8c44e7fb2763730766f31e803d,user
k6_user_346,pts_50047a8ff349646a52703c304b15db49d6af2b52439654d95b8c1fe9f7008561,user
k6_user_347,pts_3bdc9d7f9d1652deea7d43c98842b33d7d49b935aaa5710898143da2d40bc734,user
k6_user_348,pts_f566746f7d42ec98d091d4f69758373d70151e9ff471f6d6c604423c6b929539,user
k6_user_349,pts_2d8f0b9e5deb94762bdacdd11113e37bf7e471a8ea826de3e22b48edb7d7b756,user
k6_user_35,pts_6377644b591ac981f92d9cd96c4ba90df44ef1fbcb6990d76f9b8838a099dd88,user
k6_user_350,pts_11c95211f470437b773467eb0f3b03b575a6a62615dbe15ba27cd1e5f1093c73,user
k6_user_351,pts_451ad6d569a9f61ec35b7359f6f9966f460de6a284e6783cd8cca04fae4df154,user
k6_user_352,pts_b27f8e84d4a1abb8e28031df8c6e7c4d4bfe53f21ece8ba4b641ffd1e88f43b6,user
k6_user_353,pts_97aa66f2391ebcba3ec98156055583232eba136269bf37bab51d4eb3ef590849,user
k6_user_354,pts_e500cb7a4e276c1a9c255383a2a1e629b9e4d817bf9a0af7f8f5a63f9c508a3d,user
k6_user_355,pts_552f1aaa8ffe53032559aa77a0a4bbde09c4ca0a58e17de38e5a35e2a0bbe183,user
k6_user_356,pts_0236d87c8c5fc44244f1138054c1a500a45042e55c44b63d0423cfe2c4a3938b,user
k6_user_357,pts_51fdee187917c65b93ebef76629353677764467461f90beb945d5020b696d7aa,user
k6_user_358,pts_d537855f8b84bafab1e851febfae4d9f7464d0c54fb6a760e30b21911ad0c621,user
k6_user_359,pts_74f9407e008c8e0d21714ef44e75eedff42d516447de54f360c94da44c418c93,user
k6_user_36,pts_262fa661bd527a96e31f587c8a222b3caa40bb34792f227b9b815ee3e2044070,user
k6_user_360,pts_5decaea4acd2c226e743855a60c97605b5ea9a66c9d949c0a89a8eea055b88c7,user
k6_user_361,pts_25ca63da1e17984eecb20150102f80779370c1ddc7e1b5b43b048cffcfac17d6,user
k6_user_362,pts_f53f76e571a8d51b0543fecd919f7cd47c8b94f543360879078d42f36c6dc786,user
k6_user_363,pts_5dbb58f4403828a39e6a9f125b460371520c1c70ca72885fccdd46226665c60e,user
k6_user_364,pts_5ec4dbb53c7ff3c89349874be1bcc4b69494f0afa69a0af1d203461baf27f092,user
k6_user_365,pts_2774550843f748d2c663357fc7dfdb2f8fc93e7a55ccb824e3e339ecc8005a82,user
k6_user_366,pts_f09869dcdad742f10824b95250dda1cd0f90fa4d9a79612e40a8df0fedbad3da,user
k6_user_367,pts_bc74bc581640092bb9e0e45a05043f39bf77dafcf51029495754d5f70d7b88e0,user
k6_user_368,pts_2fcebbb3226734ae9926cf43b082c196bd15709ea6ba1702aec54b6d22069978,user
k6_user_369,pts_5f1b50081cbe69240a8f1b984892f731707123891b0c79fdbca8e62e3c0f37c2,user
k6_user_37,pts_ccdba0a8301327248d265f9f0d310ecbea13796390946d1c35cd996571e24cd8,user
k6_user_370,pts_0cec326af541225b8e44da879c869062c7e0870f645ee2b57b794388e07f9c3c,user
k6_user_371,pts_a83897d698c90bc296e7bd1b6e6b9dabe9ae758c5bb67d2f375280e571bbd509,user
k6_user_372,pts_6ed3c5fabeff97d083c6fa050827f16faa8f69502d5a04e3ea4fc5dc4a2f1ef2,user
k6_user_373,pts_ce596e4ad5ee4fed29fb6b5199ed66e0e65cd13fc068f0dbf94126eff8ba5282,user
k6_user_374,pts_c76e132ba2d416e9ee7e72f853ab85c2f3b348e4b85b76c992590175c2fd8765,user
k6_user_375,pts_7dadf590d2d4976549034651530a211a782a2361c78f102cb6fc9d4044e27839,user
k6_user_376,pts_ab61d00edcdfd7cae4b6f60fd23dccafa130a2a35f368d14133d7722fa9ef33a,user
k6_user_377,pts_a3457a83f8baedd5f8ff3d5e5972ada5291183d0c3678c011e818bbb052eddf8,user
k6_user_378,pts_95bacd6bf3a10b4cdcabc3ec983daf68100476feab98837e74dce76dbc776df2,user
k6_user_379,pts_eaf86a0f524a842c7c94983fa8f2c7ae044a774e686d7a8e563b2ec68b04a698,user
k6_user_38,pts_7b21f1bef886d025a5b6a555ad3f0f9ccbc911b874054c110b6fdaa9d053d511,user
k6_user_380,pts_06283995fd48ef694af3f5779c60de464b73752d265b2fcecf7186d317bf197f,user
k6_user_381,pts_f2a1b0b212bbda3b5b266c64b7fc9cb551224c0e38636c97c204bc37c71a9132,user
k6_user_382,pts_7e52a9abf300ef43a47eb189f99b417f82ebe9aae250aef96d59d6cb51bff924,user
k6_user_383,pts_bfa29956ed20eefadd92a99413b07bf43bdb72d13095d22c9dddb15dad321209,user
k6_user_384,pts_734f29cf4aa29d7160bce77547deaedfc12ab29f5968e6eab46909b769dabd9f,user
k6_user_385,pts_ac0629c32e6e1ec869ada60de1f366f965ffb1fe6d220bf69439b4c90c1c3ea7,user
k6_user_386,pts_8deb3ec430c1c0f5c61823d8e460a8e6f2039c97b0df191d939aa5fd7950eab7,user
k6_user_387,pts_967fffc108772c1d41668c1b8e6ea107e182e7668993d1fd94f2643e0c39b570,user
k6_user_388,pts_1553d41efc012a72b652923078076935bd7f9411bca779e7d46632b0d69a1ae9,user
k6_user_389,pts_7ac170fdf6175b61a0b5ec3f4b84bad0b2f0c900595b2af4ffed86a6a9472269,user
k6_user_39,pts_8a30bcf8fc52a8746919abbf7d7874a18139def79f7345100ce3445a38393a9d,user
k6_user_390,pts_4f1afedeadce59fde41c312f6a892ec3f199f9b9f7fbb71ce036e3c54ec03fde,user
k6_user_391,pts_e54dc707e6b4ba11610243b77e08a25306f53d9277e8e05c6e7900563ba68cd5,user
k6_user_392,pts_d70d915cc72f4d8924aa39c4fab39fd9155ea4c324f1a40faa7498c51e05f9f3,user
k6_user_393,pts_892ef8941b337e6d0de453ceeab8365ff1ef64d7fdcfc499b362589c95d63679,user
k6_user_394,pts_ebdbd7853ef02eca10cc8973bfac6d45bec45d8c1fd00664a419edb136b494bd,user
k6_user_395,pts_ada49c34266528f089e5b7eb11d95c0b403cc82d470dc6eb982c458fa0fe5873,user
k6_user_396,pts_c4417e05217851e5468de774effbee220579685bf0a41b344b1383322ccea9e9,user
k6_user_397,pts_5fe62dd169f8992165e394cfaeb81d408ae8feb0dc8ad6c92952c1bb8d49145b,user
k6_user_398,pts_642ef2dd65e9eaa42cd12e9dc53a924f2845d84ba89dab67e8a3d92a90a60a8b,user
k6_user_399,pts_12a671cea314715689306099dce3adf1508551d20000ca4e64f58a4e0d91d80f,user
k6_user_4,pts_5c430019b98a3792af5ec40ab27a0450f08d0465ca86f905c44f63fe874d17fb,user
k6_user_40,pts_274eacb58fa4fd172c0c1f04d6e0b6639cd0b1aadb360a7d4625241d39affa5e,user
k6_user_400,pts_36fbd7e3b8e453381128e6053fabe73e9fbc432c4e489acb3082cabc846462b7,user
k6_user_401,pts_c00c85c0de5b4273bb86c15c894497696a3c2f1a644d9412b1ef1224e680f391,user
k6_user_402,pts_4e95258b980237b92013ebe9a89fcdc5f428a5e0693632dba54424277695cfd0,user
k6_user_403,pts_a3ae81e2b2781a8b2d94968a2c5bf7e4650e96c457783e64bac3ea7491014463,user
k6_user_404,pts_5761490580df1c41a1a83bc68912157202413915efea860723def01f6b687bfe,user
k6_user_405,pts_aae9a0a90850db76e211c753e5552e017508abffde053c46d9b06309bc24a853,user
k6_user_406,pts_cce34269ef959a3519e006c36636b0d262187426b3bb5d1e8cf0d2ac11d47ac8,user
k6_user_407,pts_b364d02442c862ee7c923248525714ce6420877f817ed6c3fd4cef1b672100a0,user
k6_user_408,pts_1978f5a993388c4fb28b865b46abaedd8a93f9c61babc6cc65847250ea52b178,user
k6_user_409,pts_b6ddcec4e390e9edd17dbcb8728dd3ffb9637a12847c7735213c9e17e8532209,user
k6_user_41,pts_2aa5e6309c066530e709b6fdbad04ac573b21ee4aa4f56c7653b66c355a5d06e,user
k6_user_410,pts_28f2474ca7304b3fcf07b0b2d0c501b5b203b4a05014879833e220d5e13cca78,user
k6_user_411,pts_03e18956d1095c5606fba9c2391596bb86a5462b0b987967e0da0b354d1530e1,user
k6_user_412,pts_540e376c2269ba9d4fcdf95480607986f8d89e4c2e80a51867ec37d87bbb6601,user
k6_user_413,pts_a507e874262a5323fd5101417ac2a2a001349070a21fcd8630840cbbe38303b7,user
k6_user_414,pts_97729e05ee0e4c2804308a6b628568bf7106e0b5510a188aa4d5b1283a566ed9,user
k6_user_415,pts_a2fd7d8af2cf7af91eb3929ba19a0a526c6e66dba321715894221da6bee67c31,user
k6_user_416,pts_69c77c0c422c86d174453ff5ad5be54966f61f3d6f681329d860ec469e89de33,user
k6_user_417,pts_ddfd70e19cfcf1a71a605903dfdec8079e5bad1488563c03908ee14dfa9893b7,user
k6_user_418,pts_1fa9d4377e6a96254d2524a194fa677c71c6888df5c5cb22f0678884edddebac,user
k6_user_419,pts_e1103f2cbe49f1980ee1b19b087d4d76e9543fcabeba4a1d7df0eb1ae49d1c33,user
k6_user_42,pts_309f2742ac75351d1284731d94743aaaa4e9732e857a215df411c1303c9334d6,user
k6_user_420,pts_41fabfd7f40bfe57797b4f866d3bd03b4b70b30300e3b852488c6961d1478813,user
k6_user_421,pts_b8c452f547047fe2f04e3587409a7977c2194d7a88fb1ddc2ac238ef5058a388,user
k6_user_422,pts_fa1e71f20f9f8f82e046cd0a379ff6f2b735c32e45c63606ee075bf750e70425,user
k6_user_423,pts_49b727c5894dc4fbf34ace27caab55ef7c873b7d31ecdf0c1815814e9dbe317a,user
k6_user_424,pts_6edf62a6d861ad9a124a15d29229f4767c679ac50fd3a6ce9bdbdb3d24a797c5,user
k6_user_425,pts_1991b204fb84f1b84934e398b9080f5aaa8db09ad73f1632e1ad3eb9c0313f55,user
k6_user_426,pts_60cb8d770847f2fac1cc234835b55e0d22060e61ab6e10f62b76759f1c583976,user
k6_user_427,pts_496d15f14d61afcccbe9140aedacf83f0b87458862255a597c3b20b915efb614,user
k6_user_428,pts_800e72103e7feb79e83a8c7de26a497fbb7785cec6ed97526156483bec877357,user
k6_user_429,pts_3d5d9ce19d905b214ec80099b6783b7516936d7c809ed56fbe65f8fe785cf7d6,user
k6_user_43,pts_fd9475751b132e25ec8b17fcb7ec90c3d0d72ea888b0e80b1d69228960d0402c,user
k6_user_430,pts_ecfa11e2ccdaf2a481c6059e9f6f5fd039fb8d07fb1d5ecbd309a2116a7b4af0,user
k6_user_431,pts_0002e6c829e0b5754daaab4dcc641310a9241ee6b4e3cc20199c18138c474b5b,user
k6_user_432,pts_5e69c3b27e66f6a09f6a1b9bf699f1a6b08625774ccaebbf20fccd0813e4333e,user
k6_user_433,pts_3b5a51e667bcba9a5b6edb34526047303cea29c05e665f33932c6e12883b681c,user
k6_user_434,pts_f632bdd643ec881cd5ee2290b62618b0ae008fbb58e966531981c8a564022ed4,user
k6_user_435,pts_a2eaa65dbc7e43bb7c6fb0d307b56c51f0efc941d63a668fcd73060505cafed8,user
k6_user_436,pts_a37fecae027238e3eac887bd0b51847fa7ba1029c27537aff21bb219ec73970d,user
k6_user_437,pts_9d2964963ca51035990ad7326238ee2837acfa22dd88809893d5be92a2cc3461,user
k6_user_438,pts_8aa8a9495977c64a6ce8ef7413de234d96b7c79bc5f9401e46ce64cd6a84ce7d,user
k6_user_439,pts_6c294ae1473845cf7b5dd96f535581d0140589a2eec17ac1642d92651196bc6b,user
k6_user_44,pts_d847155ddef7c96fad009dc7bb922cfd5704d80d495da3f2455e85012f7f0303,user
k6_user_440,pts_a65ad0daa45c91ee6b0f25bb8c5d1051736cebced6820b4e27cfd7ae4cdc405a,user
k6_user_441,pts_bc34a5cca831c5551c2f7c2593d8b52606c08ad6b79c179e0584744dc0fb2701,user
k6_user_442,pts_fc91df86fe7195d886de995de60bc14939652cffb382138887aff666b3ea01d7,user
k6_user_443,pts_2b3e49d73afaa714d242ad8fa75f8b97557318764ed596ec28fc39bd345aec9d,user
k6_user_444,pts_0585b52398ada2ba2a94b23626ff96e0210925befcb153bd3d64a8423a3d7300,user
k6_user_445,pts_a202f12309987900fb177755d992f0a46405567f89d764ecbb3d5f808350aaae,user
k6_user_446,pts_9e7f146776c8dea414bb3dd7510017fded650efd1a7f96796e4c31763cf9e6b2,user
k6_user_447,pts_56d329e579584b2a3a5dc2b1be62240df267627548e4b9004c110d7a3ac41bb6,user
k6_user_448,pts_6f66cdb02e2716f40596d52d393f0090d2e7f44dc58ef48f07fbbf142acba24b,user
k6_user_449,pts_85516faa9a480f425f857da9ef2cbf25fe862cc1ead51fbf8e1a22de9cd08cb2,user
k6_user_45,pts_4052a7e1eebf8adbd24de8faabb39865b48b43e9ab6763355917bdba41a78202,user
k6_user_450,pts_6db4744331cd2aea6c2d84a3125bb6484dbaa78f5176342a51b0ca23559ff9b5,user
k6_user_451,pts_dc171982183cf8fccefa8e70df36af1fe39b73d2fb8c40a143824a4ae483e3a6,user
k6_user_452,pts_d251c57ea87e152ac95e2e168bee499d721355f85999f9a03c45930270f96928,user
k6_user_453,pts_dd0955918be062b1f5265aefd1073f476c53c70bd3891e191639f72be20265c5,user
k6_user_454,pts_d0d97d86a68c7301223b97b3c850ba6896b89e4942edf5e7b6eb44ccc119371e,user
k6_user_455,pts_a06b1ab8b26268db57acbb25f7af8c9e30b67fc4cdb4c0e77482148e85d40d21,user
k6_user_456,pts_69f0c8fdefb8064a1f8a0c5a4c5f055c9a318373c1b577aacf7f1a1ac3e521f3,user
k6_user_457,pts_0fee1b2031456893925664c78e96d3ef4990535bfaae5474c068921c80fa9335,user
k6_user_458,pts_fa9ea3e860eb22a0137225af7b390e8c2250eaf4e56ab427bafa1153d1d27d14,user
k6_user_459,pts_e9262e425663648e78f71d841b57aca81106a5b649937e9a9295a4327f4e4c41,user
k6_user_46,pts_2813c0498549bd882366982ca7ec48b08f29ca4c2cce2305f432aaec4842eb84,user
k6_user_460,pts_769544ec69631c6498977afa36508721a434b207c959e100006210b814c2d219,user
k6_user_461,pts_5ba3be2a728c2ca0b99229725faf7f4b71e09dfe04e5d3a223c5250c7cc21f04,user
k6_user_462,pts_cdcc0756f241d31501f2beb2a6f56a156d4d1d63cf43daf202fdc8c4e9e3ecf8,user
k6_user_463,pts_b77724ced13fee479f098e6774a6338fb75e5ad44baac21deb3ada35f2d2a2f7,user
k6_user_464,pts_774adab76dcfd8365f1a726dda6d7497e603897886124a4c883bec64099476f8,user
k6_user_465,pts_96af65d2a1f25381b3008afb9294881f1c551fa997a911786f08124d86139c1d,user
k6_user_466,pts_f52ae5ed652fc41b6fbdc482540933b71bcdfe7fbf37f9fa45e89508de88721e,user
k6_user_467,pts_558638a098739d72c90e6ef7ddd305f5bb556db65ddbec34721c1a13b7c150a7,user
k6_user_468,pts_c5b8b5d8bb87ebdbe69094fe3f494af40615a5094aee8cfab35b6d0a58ed6af6,user
k6_user_469,pts_aa6a319293c40d7d56405b63938573012da37a6a69d5f79409b37a5617e159a1,user
k6_user_47,pts_16230dd9a7fc20f80445408b912fd5b541225c198a88ca96862ab7dd91c0e229,user
k6_user_470,pts_352bd0d945144145b1668e34d1221c0335005de156e5cc9f6b5936f23dcd49f9,user
k6_user_471,pts_77b9b475a030ad988d1a8bb18ab924ca7ee9226606257c4e1e223fdc58f56051,user
k6_user_472,pts_55d0d256649c5b781996542eb20f3a122d8c362c880e02e824e1d0b9f3a35a94,user
k6_user_473,pts_8462e60ef201999de1044fef91a977dba662d02cbe80465c764a2a3f0b393d5e,user
k6_user_474,pts_726f9de00af6e0c90a34fc5b37f93b83db5cd927d9fee2233c55fab00ad28240,user
k6_user_475,pts_adc7cbd6d6f48fe838a808ca512bfc6ad6f6f0a785d48d1405e1d63fa2b2ea76,user
k6_user_476,pts_9f138af43409ea8d016d5df0840c9ded5357ca2e4eb27baaeb672e56314f91c4,user
k6_user_477,pts_5385bf6fb11b78d8c1ffbe609cef65bee34b7e3261954ca57243bdec341e2297,user
k6_user_478,pts_b3a73fa52f9e73f839599b32dc5aa4d4661b76a520d5067922801cfd45298c8a,user
k6_user_479,pts_cdd120273c27b6be39cb6b5a0c80a8e58477d034ceb677a416f0dd99592b2f78,user
k6_user_48,pts_897ce9302767c70ac46c705ef8a5d1e620c4ab21e1f5d1e6fb0af80e78d7b825,user
k6_user_480,pts_40a8360bbc9c05200105ae75783f9cb215bfa2f53dc6d642682663541464c642,user
k6_user_481,pts_7da19d1ece7ed3e94ca8abd5a607b4148684e68ca1932d6360de094dd1c10a6f,user
k6_user_482,pts_ec58368537a03ee14fe8f07e4cd3d7024b841f5c450261c71feae8454c09c676,user
k6_user_483,pts_7e7bc2b6c3faedb2e352c969f32ee249465e88c532ca3480bc47786032d4fd99,user
k6_user_484,pts_c165ee2544e819faec5e33ffdd26953dcd4cf01ed2412acf57636593a4a94ab4,user
k6_user_485,pts_f01dfc0c4357ebd1a81157ac9ca9351cc844c3f3823d241eaa128c95427445f4,user
k6_user_486,pts_b1c5be5de11f2580b663f3b82b531eaf012feb7c7e1aabf1a4b68e30cd2034e0,user
k6_user_487,pts_292351579b09cdee4ae611db0d645ef92ab789d38fe8875bcc93c82a9c6c9988,user
k6_user_488,pts_226963e6d1d187fb3c79e178a6b8c5ba0c7dc1df03f930e2045764dfa480b54c,user
k6_user_489,pts_afedce96f4c4fd0519cfb5e3d1a529fb729429d8945e97415e0e2103b8c07692,user
k6_user_49,pts_68d9c003d6dc641750a9bc32a7b55dec85add620f31a4d1c6f228619b099da4a,user
k6_user_490,pts_0d87181aada8021585426e7a0213a53a9654c42da5fbe22930a203393e7ef1f8,user
k6_user_491,pts_c8fd50064d46d8b37594917e80b14e096ca731804e3e0ba75ceeed585bb96a1d,user
k6_user_492,pts_9a01e2a7ce21f86d9eeb38c3f5bbdfa9969e80f29571ffafaac629c8c29a2941,user
k6_user_493,pts_dbb27c39a68ef713bca62df5ec2e7a25cfb0aafa3cdfdc2661b7f98699e910d4,user
k6_user_494,pts_659c34c2ea761f41ceabc90f7fe34bbdca488e8e8df1c2ada2603e5f712f62f8,user
k6_user_495,pts_d5ef807c03958e55a5f7ea4944b521fc4982b4752ed022fda07a141af0370de2,user
k6_user_496,pts_96eee5e421d808fda1ea341adf25317dfadb16ec52ae9e49432ef1dc4e5adb7b,user
k6_user_497,pts_2ab2f158283dfc39d6e0943a89761b55fa9aa5a5cae419c97aa7cc62cd2b34b9,user
k6_user_498,pts_4918f985b29706643ebd54d57f83f118482154efc9fb79741a774efb44af3409,user
k6_user_499,pts_9e2c44db683836987476dce2ea0ccb2bf274af49e2243dafaa5c50ff3e550f69,user
k6_user_5,pts_ef5d553c6f74aa0ddc8ab173036c60c478855232f9b36ed3edd004065150eafe,user
k6_user_50,pts_3fdd449bd1c1573c17ad333fb009419230bdb97ba92c4d1f9cb1f59195667dcd,user
k6_user_500,pts_c726359dfbea88e57dbbc01a8a0f6fee6daeda7cf0cef99b7ea0b84772800c08,user
k6_user_501,pts_864d53dffe99c6c42f116401fcea34dedc468da1660efeba1824fb9ee48781c8,user
k6_user_502,pts_4a4ea393d2a1e29b7069101a3bab54cc47b28bf0e8e10238589112582f09fe57,user
k6_user_503,pts_85a2bec471d736a92d39f81f16d9517ae4be8fcd974c60af7f68c7ee28d6b7e7,user
k6_user_504,pts_5b685984ed4df47d56d1aad2f50f77a272bbabe7d3b0cea57348934448d35522,user
k6_user_505,pts_c6d4f17a2ffa18cb9aabc3144c544450e74873829f6bbefeb5e1616865ecdddf,user
k6_user_506,pts_db7fd5bb04249b219d02cc64f048e83d1d26db81dee6577f67eb3803e084e868,user
k6_user_507,pts_476720d9a8372fc403225f8ecfba58ea46075abd4631b7e72e1dab20615ebc17,user
k6_user_508,pts_2713dd1367c5ec0dd37212c70c40dec51805bdfeee2c7a2d4c5e59198e72f21f,user
k6_user_509,pts_8cafc4eba2fb7a2c472acab568d0824402b6a378959cf2d46a9cf1a779b457c1,user
k6_user_51,pts_b154acb210bb94feef4b96c32f87451691dbfe446b330b62b8c1dbbde42728c6,user
k6_user_510,pts_bc7bfcfc7562ac10b79f186815a97915e2616ac3bf2aff50c59bbd7b5309023d,user
k6_user_511,pts_51db5ca902439a0fb86851f71b362cf1a6886140917b37e84f4ff06c07978f90,user
k6_user_512,pts_d3752c8c986351e043e35580caa3aabd1e7824aff76eaf41dfb0cff12f2e4dcf,user
k6_user_52,pts_c447531c6f7887dc74be5b42734d8085e6ccc2a22af26369a77989710f565de2,user
k6_user_53,pts_8a33b7067c4a52a7e22a22758a6d1ed77268b4b8d559cbab89dfc295e6ed644b,user
k6_user_54,pts_63bd758985943a2ef07ba876c28bd844e49e56af9974f20385976b96f391be6c,user
k6_user_55,pts_8d05c9a44a1942c0c4a0788567b595d2893e39ebd844cb187b0557ae6320aa38,user
k6_user_56,pts_10306d19ae0883444ecf058f6a3ca885fad52f61b180a3f59d3785452a9e59f1,user
k6_user_57,pts_1eb0671fae606d45dc964c3aae483fb5c05a4af2966295f539f1af7594b7e1e4,user
k6_user_58,pts_17d27aec1887ead6fac2b5fb0849b7708a6c5482a27cf743c87d6ba6916cf01a,user
k6_user_59,pts_6508b304a451744950115b4f0227262ba0cb51fdd7e32d100212df24bdfe1104,user
k6_user_6,pts_712ce92b99153c965ac0e948cb35bb80eab29b0f04630a89012d93b6188a2241,user
k6_user_60,pts_c031eefe2eb7b0e997383c1654c3ef156d7e66e41b235cf19667e55f013ee918,user
k6_user_61,pts_b805457ae7240d04f9a230145987f24dac7c04b05a0c81f2ef365b256846d751,user
k6_user_62,pts_ec467a41951afd546380bf291ea840a84ce4c6e6ba699041a19e31d10731bd24,user
k6_user_63,pts_3b0d621bafa2fc942695ef8df4683be1845803b101c875a9cf89dd2d6431c377,user
k6_user_64,pts_08e69da0d5758348d16a6da843b1c7237dcba839555c6c333818601d3315740e,user
k6_user_65,pts_66c9e180f9c78238e1f461439038c98016f05c728c2e05b973d0406476340597,user
k6_user_66,pts_53d2d62edcbfe43eff10ae8686de5121080403c323e61d4603f5e83027491684,user
k6_user_67,pts_100208787e947dca90998c678a21a35d0461e0e04078fe3181df9a77a586e22e,user
k6_user_68,pts_98b1e76a926c0c84637cd97209d3fabc86c70f99b70242d473da267cda5ece7f,user
k6_user_69,pts_5d224873344d8057ec4fc19c68475f5385237c38f44e1987ea2deaa88abbaa27,user
k6_user_7,pts_c0d71e92e93a46e72b5d20d5f61a8c65f6889fd9dabe7137467b7ae285f78c33,user
k6_user_70,pts_a652ea7542375a21b0930c15a72f681c12d418081143f6c6098af9d22547824a,user
k6_user_71,pts_82a78884a6bad3f1740cab4cce23cd7c6b06a6936cbc88c58dabf19c54a87bd9,user
k6_user_72,pts_b79d770f439d1bcf0ba92d014328485eec15306661d7af81a53115c22f8faa47,user
k6_user_73,pts_ce1542d759af11d0e8fe12dadb546d552333b292c4a83c368438d764d25827e8,user
k6_user_74,pts_8b0aa2620022e6e5a651ae2784531743d4a4c468634f89ea0f6dbf6221c387f1,user
k6_user_75,pts_dda07333d608b96d69e43e37920039c94fd802cf2169c8dba78317f883d36e75,user
k6_user_76,pts_b158244b42f660e64dd882d14302196fd45f3ffdf3c576582dcef38902ab9049,user
k6_user_77,pts_9f1afbb5a98f95c07d4886d4fff7f58a16a401be61031b0a37d8ea32424cd262,user
k6_user_78,pts_2fc8b29c75678be6c6beaa83a5385940679eda61bfc555ae080f1595e822c905,user
k6_user_79,pts_86b9569928a1f9ba5a3ff25987bfbf179746690af68a44e8bd0227680becd497,user
k6_user_8,pts_e15a3dca3c133c5f59c77a2baedb9018189513f600fb9d1e80a627dd43f46a66,user
k6_user_80,pts_42181c76e57618ecfec06bd335bf5fe49dc6896a326ca709f3a24332af13eccf,user
k6_user_81,pts_faaf79364b3f84eb97980877bd61104bf66d5a9155b37d801ca346b9094113ce,user
k6_user_82,pts_38cb579476a509d01529c882ef5914b2aa35ea967de47c0222c58ed8db39241f,user
k6_user_83,pts_18d3cb7a19c8a17308f6b0d06c9b412310c061c68fbb0f13de67008ac822e4c6,user
k6_user_84,pts_580fc1e2d7ffbafca962655462d8d06581166930b6d402aa2f6ad20e18894a7d,user
k6_user_85,pts_d68cf95b3a70cb68ae9a9fe27f00cad3ff27e7ecbf6565f47cdba397a7682d1b,user
k6_user_86,pts_4a16ccc4afd9367bac012493d0afc3bdba3457c3f24c3e7bd0ce5746d66d3eb2,user
k6_user_87,pts_c224ea2c4a4087d75c09ecd4978f11ded91278ccf97bb3c4b1b7e457c125c473,user
k6_user_88,pts_5455a7df8a7519b2207c21a125b170985b9d3c2a3423dfff23affd1f73e64655,user
k6_user_89,pts_f650670725cf0508e2b294bbf4a14199ac4959f9a4c0ed7905d00a60e723e5dc,user
k6_user_9,pts_fa66a332220b40ad2810aafa06c0bffac600663dec37eedb060c310973423ad2,user
k6_user_90,pts_fa679f59847aa937ab0c5f45a0db52919fecc28d8fcab979d4be7dadc3167c5b,user
k6_user_91,pts_6b9452515a0b0a2af9e2196cc0c6597d4c11b4d5d58109689223be94f248acd2,user
k6_user_92,pts_c21d1ef9d05484c9c2813617d39da26d5bc52f8e819965f539feaf40c99ad99e,user
k6_user_93,pts_1e1dfe479e59f112d1018825451bc9fb5fb7104ad49d75778a2420d3df5f6a3c,user
k6_user_94,pts_c385629d73927b4c34d0fe447a9e81ed88fe09971f4c777903d77e5d6ec1dd28,user
k6_user_95,pts_acf89fef0f95301a1ab9d56d1a993b8066124190e7dfad00b8a5a9c5b2dcf882,user
k6_user_96,pts_07dff3c5b0dd4103115821248453e96e0ae3c9ca77162a47c976a32cce37bb7b,user
k6_user_97,pts_de6b6ef1f13dc0e8ec173f58be100b96461d001d8a23dcd34d7341a873d33321,user
k6_user_98,pts_391c19ec156fc28578ec714d50fea647e967c8265b961f27dac4b04c51737b72,user
k6_user_99,pts_0541c9d9a881b9c954f7fddc212a131d36e5610075fedf856d92a2bf987badfe,user
