user_id,token,role
k6_bidder_100_0,pts_d42406505db2ef7e4ced03333309d650529b7dc37df87c497550631795f81dd7,user
k6_bidder_100_1,pts_902482a587ee1588d3d52da0abb8522cbb53d9fb8a6822b0e46f0f4ed1aeb836,user
k6_bidder_100_2,pts_f5b53fff7980e884ce0ec44949bb4c2fc62205e176d542e0e0ddf245bac80728,user
k6_bidder_100_3,pts_e7ec8b9dd9ab7f993d365d5fb7e797e06522228c778fb445a934d62a88052b36,user
k6_bidder_100_4,pts_cff92195c78c9727b0b8f183441035a8513d15ea8e807a6509e682b4b4d43d5a,user
k6_bidder_100_5,pts_b89ee36c7d83c77a5f5e6bb5f6707af09a1d6e03e1939686189c66a7e73b3712,user
k6_bidder_100_6,pts_2c48ce4c9519e30e8c058dd773aeb1ae54bc14f69037caf5b91b58e04ca9f128,user
k6_bidder_101_0,pts_09bbca4787adcdd717c43a2f13811853cbeb6f9197419609ed25f0b9508799fe,user
k6_bidder_101_1,pts_99304009409fadf1ae65c8961075bbaf151f909197b0943d8ad7188165dd7765,user
k6_bidder_101_2,pts_e66ea9a71051eec245f6577c08de2e83627bd1ef860e9ab95449b27e900b8052,user
k6_bidder_101_3,pts_92540acf264183e68f9914b54c1d3396430ed4fa522f6dbd7fd6bd16bfa71ad0,user
k6_bidder_101_4,pts_47161f8ce68969dde9038b07ddec43afcfaccb9e4e5afbe93b3659f93bd8aa3e,user
k6_bidder_101_5,pts_bb576035bc1c443351404254186139709ee43bb8ef09803d1d997d05c779f05a,user
k6_bidder_101_6,pts_30dd822ad6dd7a1c55b2841f22ebb5251a9e11b04c3561ea099b683b6a1fb2ca,user
k6_bidder_102_0,pts_54048f15fe78327d54147ccc8800e5715bc9ac2f40db057113c39e0ec359db8e,user
k6_bidder_102_1,pts_e741d4f463608da108cf53491fd40b1aa232efd404b0dfb672055bd61b76ba2d,user
k6_bidder_102_2,pts_0810b08708d4fa6368ab94d71a4cd4039450aaf9517ac0f869106d2a0a14f8be,user
k6_bidder_102_3,pts_6cbe523d98c9b57cb2e1565d66b72a68b64ddbe49b859376e36372e47e336fae,user
k6_bidder_102_4,pts_84389a7a30773314a50cce514da752fa1fbc855609a254d2d5a2a2c65816c51d,user
k6_bidder_102_5,pts_c111fb29c33f7b6492044e19c0d1201a8ddc0e14b7a9e56aad16e9e41f79f886,user
k6_bidder_102_6,pts_c6112f89737a677e452f437717c00257ac50060a9b8cd6c10a24ef0174e7698a,user
k6_bidder_103_0,pts_38c1c6e9b3a347c9e5c4f983df89250afc6337d5da72e99f65822090c83e7b68,user
k6_bidder_103_1,pts_6f3286ca77f160c83d5d7f3e379f466d54917d52e92175cb3dafada6476535c7,user
k6_bidder_103_2,pts_c2f7f2ba8e4ac0654f320c16ff85bac1622526929fe40e15bec94ea0c97c2964,user
k6_bidder_103_3,pts_b9a0f26cc8bbad4e1a6c6ac3fd2334499733507371b539fcb3d285e476bbd137,user
k6_bidder_103_4,pts_e92142b0285b58d623aa72ffe6e2f051da9c68392e0fa48e9cb34b5ebf56b049,user
k6_bidder_103_5,pts_a52918f3266e03d3f9dc6366790c1b89056396f4ad398224973ad71eb9b0c4aa,user
k6_bidder_103_6,pts_4f65b06a2976fed96fdb11f57f128c842758b52f6c08529dc45650669a38100e,user
k6_bidder_104_0,pts_87e5600c113e62aedd750a9a085ac4006b8aa9a2ec94f895ae6e626400163b60,user
k6_bidder_104_1,pts_8d451a02140574c0dfe6dbc77785cdddf27a01408de6d38e7b78f9123c463ca5,user
k6_bidder_104_2,pts_479e9cb9473caa272db30b90a06367fc86858e6db7455c572a82026d9a098c44,user
k6_bidder_104_3,pts_cb57bb8eaa827bea28a10d95ec6378973bcbbcb5238931cba806f2ec78d0ec82,user
k6_bidder_104_4,pts_e55fd09d6b6e42af6b673dbe773c8c37868cb4fc13a18d4838d6b604e4ab2c38,user
k6_bidder_104_5,pts_1c55e13b418e5061ce0fb23a2f890f4a129f1e21b03c84d52566392678a1cc4a,user
k6_bidder_104_6,pts_59f79d42d00451ba359767f2349f199398ca86153985517d0401eeeab4b58dd8,user
k6_bidder_105_0,pts_cfbc54769c7113979c155ada24e838a2e2b14067b31b6dad7fa5f5656ac27f1a,user
k6_bidder_105_1,pts_70a29b7118d82160b2d03b3d83ebb1562ae23d4b663a12f7f6a40f74760858ed,user
k6_bidder_105_2,pts_ddbeac69a358c04c27188b0509abb8c912853496ef02af161ea044b86dade1b3,user
k6_bidder_105_3,pts_b128249dcbd801640ae54ea09bd9a552cd3afc2a5be2628d02a8c8bba6f4574d,user
k6_bidder_105_4,pts_8501a5de100631a033c405e2dcf29c4cea50ddcba738ef9c05cfa962cffd8645,user
k6_bidder_105_5,pts_aae84d15bfdfdc2b345a4144cfc05453ff391f1cd5011b88a25aa522a88e2118,user
k6_bidder_105_6,pts_62d34beabb2c3d8a8aa9fc438f632582babd1e386fb345ce8c29829affd288a2,user
k6_bidder_106_0,pts_0add91813dac37d76a79d15423aee0023af5057ee3b0dc22a47b40206f30db2f,user
k6_bidder_106_1,pts_be4439a6b5e2ceebcd1728bdba75667f7121003d67ee16c3501835b5069455d8,user
k6_bidder_106_2,pts_5c4b56ba4cb04bc50b21d70d359a1dfeceb66869a8cc226c2adc7ecf1027dbd7,user
k6_bidder_106_3,pts_fd86237501c53b937d8b928999995e907544d396ced0543d6a3b802c83ad1fab,user
k6_bidder_106_4,pts_319e6135a70a2fe03f50754e4a356a22365e54065ad15f17f352ef1b7fff9a4e,user
k6_bidder_106_5,pts_11eca2f024f64245c5c2f93e1154c2bf358ce5adf4c52c7e937146eb2639881d,user
k6_bidder_106_6,pts_9f294fbcf28d4b18222922e82d7b0fc73f6c0bd4f4de406e8fac02a1d9641345,user
k6_bidder_107_0,pts_12a6978226939febea9e79b6dcc10c7e9cd851070d5f6ffbbc495a22f8054a13,user
k6_bidder_107_1,pts_d9f97c6d4b11b1159984d7f4e59472eb55485ae89cd791cb17bca8705912d6e4,user
k6_bidder_107_2,pts_8c7f2bcad0cf4fb4172583671d78ac49a1d7366494ad74e319015068592bf5a1,user
k6_bidder_107_3,pts_1af9899b501e4358ae3bfc07230eab14f517616edbfbb94c19a26b7eb5a6edf2,user
k6_bidder_107_4,pts_52503694e9ddd06672ee42476ce34f52406b22ba3ef2dd51403c410efc2f6e36,user
k6_bidder_107_5,pts_a2e3760e849909aab912e42d7be31a29502c4192879e84922a99d2ec711b65b5,user
k6_bidder_107_6,pts_c52f75f160f24634a73e6d4cadb5f899fd5c164bc99376a53155ee659300adc8,user
k6_bidder_108_0,pts_0e905b02221e0c4590538a97cbcc43e7f6520dfca4f80566dbb5898928903c4d,user
k6_bidder_108_1,pts_40b2f6c0a14b624d19ff9a7661141c12f91ce4a6f39ae659c27ac888c23176b0,user
k6_bidder_108_2,pts_51835de2312c3f4e771866eda2fe67909512c5a616a2a14d725b3072d5148bc7,user
k6_bidder_108_3,pts_b04f7bc06d8334d8cde4401b797ce5b08ca95c15017b6acd345c6d9e51234cb1,user
k6_bidder_108_4,pts_e866d94caa2c1710f06a9348cee0ac43554a139117448a74f79f6248baaedaad,user
k6_bidder_108_5,pts_9b150cce8228e41be2d0826bc928f59c41e9b2b0c3c62441d357feec61027ed4,user
k6_bidder_108_6,pts_cf3496504fcf9b893733365aae968287224b8d919852ee61910aa31b727c6784,user
k6_bidder_109_0,pts_5981b9cb04f2375d162a8ffe2386f5079aeb7d83310dc82cc7323c9bb43c183a,user
k6_bidder_109_1,pts_5e471f26a125249f99ee2e304ad7acefcd175da2722f5051fc8962e191353d12,user
k6_bidder_109_2,pts_c37ce1be52d373552879b0002a063e66e4cd8d9b81c8431646916a4bb2192046,user
k6_bidder_109_3,pts_8a51ffd3b5f0ca4c4076a3baba1cba8afe07fb4a35a0f0056975b0a76b1da48e,user
k6_bidder_109_4,pts_26db21c13b5ca2eb17754e800900396a95daeaa706126ec09d0fff768838d25f,user
k6_bidder_109_5,pts_f2c1283e5647e2c6f0e2c94beaf050d5c665b0dc4088c309a2dc8f80f35100cb,user
k6_bidder_109_6,pts_01e068f5ff9031f9f06ec1c81eeb073bc316ea005c618ca6cf95c53de1ee47aa,user
k6_bidder_10_0,pts_2580310854f9594a8a4a223ad8ed9e8d2075f506895aa9d7f0352c012d143493,user
k6_bidder_10_1,pts_71e3df675d585fb28777a8e4fbc9f32feab4809feae717a1c26e928f7c211251,user
k6_bidder_10_2,pts_e38fd36adc44ab027f4e15ed35886b8221796e1592a606ccdd00b6ddcaea8142,user
k6_bidder_10_3,pts_5804fd7f65db84ca1480d159171ebb580bf47e7bdda43412b702fd93900aca9e,user
k6_bidder_10_4,pts_53b84235708c997f516baeeb332ed6840e2bcb700bb9a18b78e2fee3b057c9f7,user
k6_bidder_10_5,pts_523e935d1587c27f7670c30b2e771cde0cb74197f9401769d14f75190ee6c44f,user
k6_bidder_10_6,pts_854b31cdebc0ff452b12029f9ae0098a86ff455716ca054c545734f807f8bc75,user
k6_bidder_110_0,pts_95eee4de198a09aceeaa700aa81e869e3051ddf2de4f510a743777b08f479053,user
k6_bidder_110_1,pts_90aa50470e2447c3b8f498d440579707d9e17936e03c446f7796322cc135e42b,user
k6_bidder_110_2,pts_64934fef38544bc61d27b2d0e2896482b5f7289947011c4a8928cfbca9ac0106,user
k6_bidder_110_3,pts_c6f460935e1af1535d35ff58415614055b6abbd6c39597f4d134a1f69ad9b661,user
k6_bidder_110_4,pts_36f99f8b1c9694e4d5f984c6e396ee3aa8999ab0fd17aaf32be3ed657feb5159,user
k6_bidder_110_5,pts_3b362458f2b436a22c2a20e0dd65629451854fd7b260d2f1725f2dc9c3dbbc82,user
k6_bidder_110_6,pts_2b71586c40c9c5bceea37278c9496539523b394e377c745a598f768d0d53fceb,user
k6_bidder_111_0,pts_88630ad04764bc0e707cda9d309eb892031f91f9f62aafba6fb83d8e37dff67e,user
k6_bidder_111_1,pts_1d58970c4e652893a7453ec7873cbd5551a120fb1a149e20d090b5713ebcb5ae,user
k6_bidder_111_2,pts_f489a5aa744c7c835c71dce887852e722c69eb65d238701c0af1df7d6a59d176,user
k6_bidder_111_3,pts_349353f4dae6d81868f723e177b3cbcea7f79cb81507f157a71841654c14b2ef,user
k6_bidder_111_4,pts_ce73fc345242cd57bd8f35c3a1c082e451091a8086517400a02926900cb1f8d6,user
k6_bidder_111_5,pts_129df2c0bdc39624afc8604cb54731c65abc58daa92ac1d19ba2d86110fe9eb0,user
k6_bidder_111_6,pts_d4a4f9e4791a6ca3a64d2493ae3c84556c6eb7479abccf8ed99cdf68ef49fb4c,user
k6_bidder_112_0,pts_e70705715b7da545ead5e05b52d81c79a0ae4618e20b6389f862a95c3a670f0e,user
k6_bidder_112_1,pts_8aa4fd3da13b3285f04a5421de0d4e774551392f06f266d2962150cb9f3b53c1,user
k6_bidder_112_2,pts_12e2c886104cf1f4ab7839066f6201eb8d394b6d6f8ed45cee93f842a86bca79,user
k6_bidder_112_3,pts_356796459a790730e87be45f6978383da6792fc3375dd972b0afdbc7282e5b9e,user
k6_bidder_112_4,pts_89403909c92a8353b6944d73c004179cd2cd8a7640bc5ffd067166dc44313c2c,user
k6_bidder_112_5,pts_9427976de755614db62d09ebe5ccbb1cc8d3aa030b28155606304682a36d5612,user
k6_bidder_112_6,pts_371db2e5236eb01f6800bd5115e07d8e9553c72c8e545bda5fbeed2dbac42921,user
k6_bidder_113_0,pts_1f5e9462bccf9dadab58e717f651c2bc0089047e8a7db0a56d2aace98eb3e7ff,user
k6_bidder_113_1,pts_a776547d8ba2c1a799d656e39adcbd64259f41d20d04374b9ba4fa52440e649e,user
k6_bidder_113_2,pts_d71c6dc766c66edc67ee30383c1fef19f7d4582d135ddbb8248eaae013118e42,user
k6_bidder_113_3,pts_e563cdee2335222811a93d4bc4d1a38007e4c20db2044db8737fb4b5d5d0df77,user
k6_bidder_113_4,pts_b5864253aa6d5e94e9ddbb9b812d4869d64a6ce28bbffe7ca07d66284c2ba72d,user
k6_bidder_113_5,pts_4a9ff030e2115091981408f6f10851d4b3d3faf5f1551fd2e035827eb6cb9027,user
k6_bidder_113_6,pts_c3739181739e5311914a67c1831eecbcc092e1c24263a78204fbe2b4dfa0880b,user
k6_bidder_114_0,pts_4cd927bbb71ec81d9e2043f38ee97fea7ba9c0d81521cbb4d249adfd71caeab4,user
k6_bidder_114_1,pts_e74a97061a88bb7d042f8cb8947ee8cee9b483b1ca184f472bc12fd2047bced2,user
k6_bidder_114_2,pts_9427873e2b6e7c7157de00ccf424f14d135a006c5691a0d2d845f7b079b3c6b5,user
k6_bidder_114_3,pts_46b7183ca5df7855fff23cf31bef68f08614085cc5a7bc31762fd1a2a8f2b474,user
k6_bidder_114_4,pts_a66efa62b915d40f29325fd63bf3354d818ba4aa6006878e6c5bd227d42b1528,user
k6_bidder_114_5,pts_b18189018a2eef22e368be3c04603088714ee54dc440651c363869cb63b066b6,user
k6_bidder_114_6,pts_9a07ac76f0f8fe16ae481bce6f3f389556606a3cf0dc6c016ea97d6fefd72f26,user
k6_bidder_115_0,pts_b5291e05c58e2808905094d7b3e71eafadb55b8d10d179f7781ae441ef06b193,user
k6_bidder_115_1,pts_064132016f73c3c4699467b8902e854613cd989ab4517035360c88759d5a72c9,user
k6_bidder_115_2,pts_15deedb64e8aa377b82fea08d26732775f34b70fb24a1680677565c311c36f3c,user
k6_bidder_115_3,pts_59218873501ea909b5c40af7a907a0d7f8673e108ee39877bc32cb062ab2bddd,user
k6_bidder_115_4,pts_1e71cbcd93dcd91df6b41e86b16ec1c473af07051fff4b36d7348c3120e4c2ed,user
k6_bidder_115_5,pts_e5f6952bf5b3f68ec05c8e30f5ab8b97e183941b27d6f092563bc6ef41f62b9e,user
k6_bidder_115_6,pts_7521f8f3af458d986b7f9df1bdc755d4c14280e1025b863c66c914be368a22fa,user
k6_bidder_116_0,pts_7de8a4bea76be6fc463433cf7302b967e4d9af83b5091694f8fde16ee284c32d,user
k6_bidder_116_1,pts_ff5a67f67255e8f6d012a52d3aeb261eb7bcac2883841fcaf1d202f4932ba325,user
k6_bidder_116_2,pts_a9e237c79df3e70a00b1ca90085f051a78942963536211d36bfeb0840c6b700f,user
k6_bidder_116_3,pts_1d11758b0aa53d923e81e46f64cfa0076e08c8f0314028266c9644d7dfff0d9b,user
k6_bidder_116_4,pts_585559270c5537636cc463a7be1f89d4dcf6ba2781058b489b53f208a1284f45,user
k6_bidder_116_5,pts_337751b08bd874a1e5e84b2316d25e67c009452c81c8176dc8a0eca5e1c9e2a4,user
k6_bidder_116_6,pts_9d014ca6fdf58f30530b7cb092c54723a0dba4c2f445ccfd20a5d589d54bc054,user
k6_bidder_117_0,pts_e7562ae6b379f87d3999f813b293e141ac743e0c01e5d17492fad36b29961e25,user
k6_bidder_117_1,pts_cf9f4eeffda64fd4587392ce829fc54f7c01314d883f6f8d3d6e13a74b3bc95d,user
k6_bidder_117_2,pts_844c536a23c8e231fc904cb98a6bad2f15031e141c9881cc66643ec84d2fda65,user
k6_bidder_117_3,pts_67e83eeb16687253a6767ade6c935598819edb84be5dd4e2da44fc27af06b348,user
k6_bidder_117_4,pts_b64daa018ac0cf220ae14bdd244eda7ddaa9a7972a64bd2c174e0fbb49d74f10,user
k6_bidder_117_5,pts_cce3b82ff66b94469b0f4f2a268e045da180368fb697c7628552d99bd77db65f,user
k6_bidder_117_6,pts_de8ead35d068d12ca9a760328b9e66a772bf67ce741367bdb5a3a51de1ec0936,user
k6_bidder_118_0,pts_903130ab478e30e041c9d8d7888f573d6557077175e4d305f7f6f88a6b09902b,user
k6_bidder_118_1,pts_9e3075382d0f7bc8eebfb46f9f85772ab35440d838e0430cd189abb70c6b5438,user
k6_bidder_118_2,pts_55388fda029cace286422d72d99a37125041408b9d335bd2c86b7d5f5800540e,user
k6_bidder_118_3,pts_2b8d227bdea46888ac5d58ec3da246a674cadf19bebcdcf4a84301e00e22dec7,user
k6_bidder_118_4,pts_b57195da80b1d00a97f464b62ee6fdc2402fcb0412282ff3d12df66c01e616d9,user
k6_bidder_118_5,pts_7a1c96e7446f090ff6c082595c09a16d6ec84b2bb194c285402efe67552b00bb,user
k6_bidder_118_6,pts_101c59d4c451ef30ad7d474dab1128ee6170df44ca1feb8201924fb69a6f831f,user
k6_bidder_119_0,pts_838763d635c7ff546ccfe92165c3809975f43ba2bbda6a278bc913c61de12b6b,user
k6_bidder_119_1,pts_e72377f3b493526ab51cf5c697e4e0fc52ef678d340f8db7280c70aff0b9e37f,user
k6_bidder_119_2,pts_6a9f1baa320eff4d01d5d20bb241dce2f77f7c1edc2c1768e296f63550f20781,user
k6_bidder_119_3,pts_5fb6228e2e51a2175a7fb67c87c970c54d6aead02b5bafc3bf396144b290ba70,user
k6_bidder_119_4,pts_527a13593e09991806556139e998ebffec5e6f2247f08bfd5dd3b4c48395d7d8,user
k6_bidder_119_5,pts_b91d8c1bf4bfe09dc74895047692d06ccb64ab7f3ebb1f4635b0a670a2a7954e,user
k6_bidder_119_6,pts_16395c92211729a701ee9ab966ec1b4cb38a530be51ee673c1e6f78fe61a0a1b,user
k6_bidder_11_0,pts_770b277c12e33bb380ec29dd6dc13b00c7836de5f19fb9f6ea66b478242e4866,user
k6_bidder_11_1,pts_167c9cdb1bb13c57876d2ceb876d6b0531079af05f4f9fd8abca3e0294b271d2,user
k6_bidder_11_2,pts_ebe5393504b264e50088f7480675b6b0a4097a02682f8b046a669d30ec7c0653,user
k6_bidder_11_3,pts_0a3e98af529437e8572ec15008a47ee73a0c742a5b33213ba3983fe732b1032b,user
k6_bidder_11_4,pts_61b3ad20167ec8f3a6f78bd0a2287a48fac48f4a7a0da91acdaf8d3be1039290,user
k6_bidder_11_5,pts_d104fab7f5f569f89cc2575202708f6e76922cfc7bfb0b11bf2d0992cad9bc9b,user
k6_bidder_11_6,pts_d73ac38800fc3f43fed343f4412f0b4d7892ba491da364185a44ac594b197890,user
k6_bidder_120_0,pts_d30814cb1a6d675b1a2aa76687765d001ec0005f6ef6bdee9f1eebb2050f4c8a,user
k6_bidder_120_1,pts_09133e38704c105d3b4728f5638dedd2b4c5f0555646569fad2f0f7fda5d17cf,user
k6_bidder_120_2,pts_233e8a183db69766088dbdd7162fb1b71487176f845685624a8d6aeca27e189a,user
k6_bidder_120_3,pts_6cdfcd054d781a6f69d5660682c02b99e41aeca8e44c45784d5ac402498fa9cf,user
k6_bidder_120_4,pts_0d5f11081cc289cd5c5f73ad9c06a01e10457988691a9546537949274b784009,user
k6_bidder_120_5,pts_64626206bb36a978127d558e94f30a717e4aed9d711926a455a935f6d226d9ec,user
k6_bidder_120_6,pts_d4d49129843dfc6869e8132cd1c97d1fb4a416965f897395ef02dac2983e698e,user
k6_bidder_121_0,pts_5c33dc17545c36f6e1a99efa0720289f2cc946c48467423855c95d8005cff266,user
k6_bidder_121_1,pts_c153bb7ec6670fbc908a134bfc43612b5527b96f67ce90387244960a8df6138c,user
k6_bidder_121_2,pts_0d4d85d43ccc5fc7aa17142010b7b79bc3c933e922edd885fa3905fb2227e42f,user
k6_bidder_121_3,pts_62bb3c0c41fa271fa8b57475e75e65bbf865d947e9ea95bc66b01258715a8c1d,user
k6_bidder_121_4,pts_5b0a5c5d6ea8d8e7b38c2d10a54788f990948a32a3944503ddb4591f54382533,user
k6_bidder_121_5,pts_43acd98ac00fc599291e31010be494a78931ef76b01fbe9d587844b1e5442187,user
k6_bidder_121_6,pts_dc7c83d32a07162944af27ed7bf802891fe7aa6077953786ec183d15f174dfb7,user
k6_bidder_122_0,pts_56d8c21d043c88849cf95043169220ad0210dd334f10394c0e3776687c0196f7,user
k6_bidder_122_1,pts_94f848f5b24a7d53717efe72206903644f77c6c0c81aead8e0cbf6b7e720f45d,user
k6_bidder_122_2,pts_406b801086affa7fad20e06287e25479af34b0f9ddb4aa3b8de47207118b3cd6,user
k6_bidder_122_3,pts_1b18399278faa2fc6dc5b8a8d0b40ee651f7f0a8c0f0469c13b3f3b854f115c3,user
k6_bidder_122_4,pts_20136dc57fc42a29068489e46d525611c556da30773dce42a64a5b8c612dda33,user
k6_bidder_122_5,pts_6b89b444b341082f247a828efbc455a83b1f20d8c842f42bb0967d2b59999adf,user
k6_bidder_122_6,pts_569737f1fcf9f2a4913b22d8fd0eac42cfa8776d094e5ab7c0f53b2d0e8cb32d,user
k6_bidder_123_0,pts_10f72e53c48264e84b164dc1f2008380b31276c62e8b365dc9b02befff77ca74,user
k6_bidder_123_1,pts_6a93c641229bd3058560d5852c753895bca08756979a99f10d9fa68d97c2fd8f,user
k6_bidder_123_2,pts_1bb69aa6a1af05025fde45f045e2c2b68eed44cbaecec03e21808e1d8443045d,user
k6_bidder_123_3,pts_b057cee642b258df1848c7b7a06f52fd0e6b36de426493796246c2e2a912d9eb,user
k6_bidder_123_4,pts_320120518504c26cdfa9991419aeb9c25f0d81c1081617ec010df92a2e2a6ab7,user
k6_bidder_123_5,pts_060530f19ecd264352a59086038709ae43fc6330bb233814737061e2b2570ed8,user
k6_bidder_123_6,pts_aa3c402a5cb2c5af8dc800fca7b44d384fbe7b50e0ad510d0092d8880a50b11b,user
k6_bidder_124_0,pts_6e9ab0395d9bd63e493947b22a0c7c7dd5e38ca791cccf00502da7ee9910c556,user
k6_bidder_124_1,pts_1c82e0f0bdc6c9ac6478c7c4fa840d4d11759b00b21b0f58494cf1f642e6ae4b,user
k6_bidder_124_2,pts_bf6e536436f2a43ec067c39373f14aaa53fc9c20552db7308c55586032ebf12f,user
k6_bidder_124_3,pts_be426f2e450350c7ed0bee3c393b8f8b6d279a1cd3504a53661f8ed8c56642a1,user
k6_bidder_124_4,pts_b4aa83fd292d6ef186667dba885d41773ba19e8d07205ebf5d1a3c410c5a18e3,user
k6_bidder_124_5,pts_e368ff99b0762d134ca03d32b81e2e1bb983de31b6144e4ea81eb46b1254e8a1,user
k6_bidder_124_6,pts_eec0342d507baac330fe3830f485d8dccc4a0b9c1309f1c4a10c8e4f2f771574,user
k6_bidder_125_0,pts_bf5c20589896a7920a3c08aefd74c41bc045e7c55fd9836d56469e1e395bb305,user
k6_bidder_125_1,pts_e849c266ff49821c361b299385755079e1485411490867895f11442a7aa31e4c,user
k6_bidder_125_2,pts_96549c52495be39326e402c6986adb452af4d82ff6b4439ab841a0adf2db808c,user
k6_bidder_125_3,pts_97d40d75e9cb1a8babbea858f4de4f9067e42039deb5de78d7da48efc9b1a6c2,user
k6_bidder_125_4,pts_2e29a43e06d812d242908bd8c93eb2ec5f1c48d1ff67d601ba382d69f5eb0b10,user
k6_bidder_125_5,pts_adb27d1b36b96481151ccab585cc3ef50625e97320c19ff9761d483db4c796d5,user
k6_bidder_125_6,pts_4763345e4d9cadb09d17cc939fbf2356bac19749ccdf75d6ff2f3230a46b9dbe,user
k6_bidder_126_0,pts_eff3cd179bb600b89363755f058bb626a46cbc7c81a4eee99347b3f23fc3e26c,user
k6_bidder_126_1,pts_9bb8fc446a626853bba03877038cae5d7dbb3ef976dd70b7ead916cc3b72a548,user
k6_bidder_126_2,pts_6b607d584372222378b0fcc9f3f38910208a44a8c14e6ed9d8f4115d50624b16,user
k6_bidder_126_3,pts_4cfd0d94c98a0aebd2667362b2f5c5e39fb5183d288bdaa48608f8070368fb2c,user
k6_bidder_126_4,pts_4e7199085e779557ff3bed5f5fc99277191fd0025a7a0f17a3ea1831907a845b,user
k6_bidder_126_5,pts_c69b090f585795f221758fd505eb64eee3133e35d5d1700cf0f10e53a398650b,user
k6_bidder_126_6,pts_1b84e5f27df46bbfe0af1f74eeb64fde452800ff5ad7e8d67bb0f2323dded4ff,user
k6_bidder_127_0,pts_2583664019c23cd9928507d277ca5d23b58d8b335614b8e09eb809b0b0b961ef,user
k6_bidder_127_1,pts_0a40246db49f9552bf0ab7340111d78b59653154ceed188aea7ae2369e69b125,user
k6_bidder_127_2,pts_64025772793f5ead4840cd000e075d05ff4046d43361ec60318c344c55491edc,user
k6_bidder_127_3,pts_47633e075ef8b4f30fcdc7b4f400d14585b6edd7eed6d217e6b157ba98454ac0,user
k6_bidder_127_4,pts_1ef005e0e40f2b95d012faeb62fb71d655960acf6833ccf184c9fbf35fb01c82,user
k6_bidder_127_5,pts_bff7a4374f0872ccfd57b84e32f73a48c04e0d962dd9b366ec23f8cc002ea83a,user
k6_bidder_127_6,pts_815d923476e1b1ef1d2a68ca2fefb92a380b6b71dda58c5fcda85cfd41d0e9c2,user
k6_bidder_128_0,pts_324689118399e1da71ffab15421a5dcb273095845902d52e542a2ad13956a338,user
k6_bidder_128_1,pts_689720ec189ec33fa4036698c5d355f0e43b7edafa49d4280d5cd6c06058c6fb,user
k6_bidder_128_2,pts_5ce3793de289c4701704238c4b1680caf43694a4a205b176015c0ffeac648aa4,user
k6_bidder_128_3,pts_b2db44e2794953c4ed5b357e94b3785be6d3a2f8267171b1b3fa1ba86c3edef1,user
k6_bidder_128_4,pts_925f1822fdd0fa4d4975635531b33f24401c0436fa83cdf7a9aeed2eae3c46bf,user
k6_bidder_128_5,pts_43491e08601617df24f69a40240b2a146659b2bfaf42a258e25d3141f1c0f985,user
k6_bidder_128_6,pts_13d47bf061bff35bf8c181c769b7a2a6e962be0919abbd020d69e0d5f82b5c40,user
k6_bidder_129_0,pts_2ea7438e9a46f2a18886d64f1118218bcb36b03f095a5bfaca379f1b9fb9b28f,user
k6_bidder_129_1,pts_d379b1a76600e83fdb4ef195d01dd18bdf2a9d370cbb5fd6e422264baa7bb9f2,user
k6_bidder_129_2,pts_46e757ac00be0b4cb8f212fd3efbd1ccaafa5e4e943a59b1ee60ed9555edc99e,user
k6_bidder_129_3,pts_7336e0f4703fbcedaa50a1e508381e6ff1da1b5a3530cb6b4ba2b9725583d38e,user
k6_bidder_129_4,pts_83cc7064cce34470bc4c881040431d81c356b495cb46b0815db2bb5c93c3835c,user
k6_bidder_129_5,pts_f34100e914330dc936254659621061aee2cbc86f738de64f6953583610b931a2,user
k6_bidder_129_6,pts_f633aea2d389c1bb532e4bfa8ce2dcd37137cb34717def2409246364bd2b9120,user
k6_bidder_12_0,pts_420bebae9458305222974dc7427508ae000cb502438bad2d83c86278931d672a,user
k6_bidder_12_1,pts_ecacd89dd28657f3af8a54ea737e3ecba0e050fb772644953e249f7ad0796172,user
k6_bidder_12_2,pts_dc0449204c0a1ca735c105320150d9c078145298720d1b86ceef6fd59afd3ffb,user
k6_bidder_12_3,pts_73ea4a72f290dc46f335e8a691080dd7352c8bde6850624d6a443eec4624a8d9,user
k6_bidder_12_4,pts_ce891b4e7658fcf7ce0c491a076960ed5b62553fcb429f2822cb6106d0305187,user
k6_bidder_12_5,pts_8b1a38069fc6f547a90453d7c5e8fafc6d2ae0d75b1f219847130c85f6284213,user
k6_bidder_12_6,pts_c73bf5d2164c63c7e56c3250ab188858c4c25e7e24549fb8971ff01a492c564f,user
k6_bidder_130_0,pts_f9b0786817d10bb3b8fff8e2e0237eecfa6f70b1e44ad20d466ba52479feea78,user
k6_bidder_130_1,pts_a980d32bfb6ad7653eebe578e57278bca31e713ac49a09bc45969fdc2b75228c,user
k6_bidder_130_2,pts_e2b78542c0cc4496a240c185ed6d9688022913fbc9c76cf41aecda3f9e7519ec,user
k6_bidder_130_3,pts_33c97054b97935a8efe10cb5eba49d7b9afc757558b2a5d51c6ccb509177b6f2,user
k6_bidder_130_4,pts_468f602f5131d656b5149d617a6e24c04d6c822c4aa162e0969a7ed42cd63986,user
k6_bidder_130_5,pts_90d878b3b5885f8fab7ca1d774bc8b4916fa1064e8dd3b43bf9299b4c861eb5d,user
k6_bidder_130_6,pts_a50e40abdfabba65ce003f530634404aed2d17a9f27428a22e6473b1b35c6b26,user
k6_bidder_131_0,pts_9112db08136fae68c9262225f1eeabd248b7dc863d3f634ec88204741240d658,user
k6_bidder_131_1,pts_2d1d851a23c44af6402b3c393b9ae4dfd33bdf8372f8757241aed300cbdfae0d,user
k6_bidder_131_2,pts_fa5086792aa9f9bbd2bb8a9ab3eb2c19e330ec43ef460056af994f1d5a0d627e,user
k6_bidder_131_3,pts_67cabb2773067dcd18a3b8d46fe0b7073fb7e351ae979911682c510b69ebf005,user
k6_bidder_131_4,pts_202dcd2c6679eb2a49de199816c49abdd0ec30b5e6ba8f74dbc2390ea9d8b307,user
k6_bidder_131_5,pts_e97f01ef507b41482ac5f5fea3ad18d5aa60e1576d8084f2ce35808945aa6cd0,user
k6_bidder_131_6,pts_285564bdd95e2c253bc1f36c5eaa2a9dc0510b8e6e54d2ceed9a325e6b1678b1,user
k6_bidder_132_0,pts_65fd95b562ddb72e98e184c53e58802c99d58072bc9e62d08b8a87bdc3439973,user
k6_bidder_132_1,pts_545be7ad3022c166a666eed1baefbbba0764137a700bf4bd6122b6b6f9c5fa5c,user
k6_bidder_132_2,pts_64ff040e8de808437de5304047982c5dacaae9cad847f7291b8de8aa6f126af9,user
k6_bidder_132_3,pts_908a533df06d4c683424ba2e7c5682e3b3602017a69673cbe408ea36509793af,user
k6_bidder_132_4,pts_8d3439e285e6486bd64ad7892e5c549bcfc12d5f47cb7f93466e45adcde935d7,user
k6_bidder_132_5,pts_80948a7cdd9ce426f2a018a405851ceb47b29fa986ec97f91395f42907b2939c,user
k6_bidder_132_6,pts_fb7b264de67df63192e8bd051e21ac4e1b2f207f947952aa7f95b6d4cac40a8b,user
k6_bidder_133_0,pts_77f3c82b2a6e6ab257b3a9bc8e4ebdbfd37e4fc8504614371dc9f763d86e4e08,user
k6_bidder_133_1,pts_4148993dc14adba03eb44d8208eb942e20ca35a0b685106503d4367a4732af15,user
k6_bidder_133_2,pts_f643f5b4bd88e0310feabd6607fa5ce2d403ebcf5af485a12569f68297fabac2,user
k6_bidder_133_3,pts_d9404e61f8d01b95d01fc5e1b102c720d46bbdd0c1dda7ed99b8f4eba72db8db,user
k6_bidder_133_4,pts_a651d686671631d6aa66f69a627cf4ebf322b631aae307e5d1613a1e104769fc,user
k6_bidder_133_5,pts_ff945cd1140750bb1b2853b6dfced97d43630703794aec13f20eaeaac125be48,user
k6_bidder_133_6,pts_b5eb076f1674099cf2392904cd54108f6487c5c04dadd493512dc4697201186a,user
k6_bidder_134_0,pts_9c805f476fb23a9e3bf8df5a59ec104ed1b4892e315c551faeddfaa3d6425c0d,user
k6_bidder_134_1,pts_cc11bbc46e9d31e84897f3f2581f684749ebd2fa99b3ff94e016b6a71da39566,user
k6_bidder_134_2,pts_e28968c76e4732cf2548fb57e10f0f55d2c550ad50ac76b8626bc2831c79d487,user
k6_bidder_134_3,pts_b3721b9ef510a75ec6e9e598ba2decca31ed92c89c81920fc62fa72cc99a602a,user
k6_bidder_134_4,pts_9ef09c1824b6d9da00a228791697ff811d0d7a659a39455b7b637ec369045c5d,user
k6_bidder_134_5,pts_3ad0a5be6f51c796b3c907b51b7433063f5d0e6e6dbf7d370a454bdfe9b1ae25,user
k6_bidder_134_6,pts_4293b764f00943493dca65aa4dd4a31677cd2e90db44ed959c1fd2c57fee38fe,user
k6_bidder_135_0,pts_4a23890fe06f99ae4a37772b910aabf874d26cd4820fd9f1198e8aa444401c09,user
k6_bidder_135_1,pts_6438635e980620da271cf8b84711fc6a4ab6211f0a6ded3f791d23f3386ceb33,user
k6_bidder_135_2,pts_d16ada4d1c4c704765d13a83c63acd55c51b613408cbbc2c137d9826ef7f249a,user
k6_bidder_135_3,pts_90f7d173a7bb6c8872a861b9ba952848d6baa5363de4df6f220d32923aed1748,user
k6_bidder_135_4,pts_4a2e65d51d9e40c518d5dccb1cac3b88b012b4880a3cdb691e458bd681d9f5be,user
k6_bidder_135_5,pts_04bfec299295f50798ed9c4bf074053f7451f8bebc2ed55cf15ac584fd261d56,user
k6_bidder_135_6,pts_ab0e335fc214e1943511b94a970474e7c7432460b3bc7db267aaad1c6264d79e,user
k6_bidder_136_0,pts_bfbcf35b5db9e1b3d4fe6bd8fbb5e5a11d02ad521a319e8b5ed98fc10d4a40fd,user
k6_bidder_136_1,pts_6659794be9f4e14ee9273150e4dea4e34821c1ebf2c3f639f44fd45449dd5dff,user
k6_bidder_136_2,pts_bdcbab12f4fd6635b8d161926e83daac85b70734f1a41bfacabf03867296b1e9,user
k6_bidder_136_3,pts_813684b7a450bea9ddebb4e792f0efb67199dfc847bcd05ac01482b4f0dbdd8f,user
k6_bidder_136_4,pts_85348fd0ccbcbe7035d42d91bdf0817d89c8ed837daa416d137afe70b715142f,user
k6_bidder_136_5,pts_174399e905221c256858113243a987f918a41f32cf596ca327469a429123bc88,user
k6_bidder_136_6,pts_52c348db0e93d44cc594041230e66b623c91c597d1a54ede73c0c8d4da68b0a1,user
k6_bidder_137_0,pts_b01f9ed3e78bdcae773a277b855430ba509fd8fd517d0d6df95bb4efaf3b4184,user
k6_bidder_137_1,pts_2879dc0ea6b2e833fb87b02791f6db952ca8236aaad342d8d9e2c1f5bfd18242,user
k6_bidder_137_2,pts_73812e00fda724c2cc6ef0a760076d5ae3e0aa36b687b19c78e42f36a3b8699c,user
k6_bidder_137_3,pts_113617915cc793d4f0272d51b6ea0c7df5e69fbccdb51c970e304cba0135dce4,user
k6_bidder_137_4,pts_e780cba1d9164ca2d2583758c66ff4f0d0fb4580c2acc572a6db60f57b914a2a,user
k6_bidder_137_5,pts_1cc5c53265666314298c34cfbd94e86ee74f8b4e3f413406fa853def3fe87a5c,user
k6_bidder_137_6,pts_e0588402d1524c19cfa61fbc40af37cab753985ea14e3b123bdf7c578a8d5cd7,user
k6_bidder_138_0,pts_29ed8fc83af22c2dd2a7f656a1d5f2bf59be12cd3300f4065e59c407bff87cac,user
k6_bidder_138_1,pts_ae8dc9cf60e02a5190eed63c82b8e59501a83a372ae967484bee211e6eac543a,user
k6_bidder_138_2,pts_4627c5605994cee70b8d1dd1d1d32a5c1ebfa440e1bf1ae0ebb1d0013fc6517a,user
k6_bidder_138_3,pts_3abe1367dfb3934fd1b4b26eddef3f657faa833853e8e71a7e3c56ef3a5dde1f,user
k6_bidder_138_4,pts_a26f654b01444346d2108a1608ce06d87f7b683f2d53871bd43d1d4db40b582a,user
k6_bidder_138_5,pts_144b517955c6b0b336f279cf1cb3d1569ae623fc779079cdfb2daba0c40871d9,user
k6_bidder_138_6,pts_35a1471374632d9d766d1d073e2543d56b1782dd85ed395496fc1f585303c46c,user
k6_bidder_139_0,pts_4edc44c43061d9bc2f2ac6f72f246b87570de75f8aa98a20374e315c7e853bcd,user
k6_bidder_139_1,pts_6469ef40551fa6d1d2cde99e80dbb249120a3c9b745834cafd58426d7861ad0b,user
k6_bidder_139_2,pts_715a04d2e6d075b3e24ef824deb78d36cc57395c8cddc8f8edce025c45f72b3a,user
k6_bidder_139_3,pts_9e513a5223cb376e0bd93b2210e8ce5f3fb606cdd987fa7ad0ef858572a7cbcf,user
k6_bidder_139_4,pts_b0f11432067603209aa3e32091e47b4a353432e73f3ac21ab6e2cc8e0640c412,user
k6_bidder_139_5,pts_e220f254eab5503a594387405ce82aa456428493d8fd7ea6f58042afb0dee173,user
k6_bidder_139_6,pts_35af3c199162400552263ea9e27a824e2634afebcc6fedcccaed1e26a89dc2cc,user
k6_bidder_13_0,pts_acef8816871189e417432ab275ef03fe2746e836833308fcb60b016915be226e,user
k6_bidder_13_1,pts_3abe7b61576ed835f612825ae6bc590cadd17f3499a033d4a763b189a35803f6,user
k6_bidder_13_2,pts_139806e01a71a3ce8f16909f83179cf85329459629cff5d92586c25eee0f346a,user
k6_bidder_13_3,pts_cccf19e5eb231164231eb10143c795578071dbef5df1c0226ae60736f89ab83b,user
k6_bidder_13_4,pts_b06ec4eb5a8fe9c12b1daecbf9eef479a7bfc79f000ec7c2ef2b3c5a7d254792,user
k6_bidder_13_5,pts_3017958daa2b7d7588a48bcdb9044b6b331d63bde717b17307e26b1b2caf3b4b,user
k6_bidder_13_6,pts_4dddd32b2df2152b7c5506724bbc2c0c8213503b16f341e1adb805d067ecffe8,user
k6_bidder_140_0,pts_cb210a8ee45f71474ade758d8d339d517e7aa95cc579a765343bbe4b783a5eec,user
k6_bidder_140_1,pts_fd28ec5a51dcd32c1f7199a12b19840c9e6d7612553d2ef5916b9a713a7836aa,user
k6_bidder_140_2,pts_00c58b5f87238b5a74420b27acaa814ae57cf6e13ca4e8806725dfe2c958037e,user
k6_bidder_140_3,pts_7c9703dcff1ac7cd62636c0433e009d16b9c41a06ef88bb451226c82e377f063,user
k6_bidder_140_4,pts_788082987b7be39c538d09fd6dc47ded14375c1a2b757b3f0a09982a2cc5b1df,user
k6_bidder_140_5,pts_d9d6608ed945dd12475ca85a9e3355f569d8a6feeadb0c330ec75f952a0f2426,user
k6_bidder_140_6,pts_d3bbb172a51993154ee9b39c6306426e2f650e364f544c447edb57910464e339,user
k6_bidder_141_0,pts_d29604d86ca42861abd18c3489ed5706cebfc512abd5c7c0eda74663e2fbfb89,user
k6_bidder_141_1,pts_430f2e5ca3621261d0882377a4252c15253ec8ce7ecd3c1b2f81434b89bc4a9f,user
k6_bidder_141_2,pts_bd380bc04d84b2c833cdfc8e22d689476ccd4e71259f25a5dd9651e719c06722,user
k6_bidder_141_3,pts_5a5edba90cabedaf46a35b9d9a7075dea27cb241d767b1f39b85ddc8201d5875,user
k6_bidder_141_4,pts_ac9f3cd441ffc1c150e450968b7c582805160fd051cf028c43f84af9f91e7621,user
k6_bidder_141_5,pts_4fc94d44842a4bd0d15050f53cec9f310220ed72f38172d99641fad274dd7ce1,user
k6_bidder_141_6,pts_ee4cc53f91c05391ca16be6e2d1cca381cdbeb480024cf3f611a6e69dc566218,user
k6_bidder_142_0,pts_c86e29fea5ebb01db212bf303923c5c901ba2ce7aeae21217e32a638bedc2625,user
k6_bidder_142_1,pts_91abb25004233c577d0ee7cacfdca35dd0d377bb5962097d48368619e04885b2,user
k6_bidder_142_2,pts_b2cf2bcc8e52ef30a30fb2200886908c971f1292d056a1129de97db3762d68a2,user
k6_bidder_142_3,pts_79bd4913329e08447c11483eb2c2d7db7cb6adf7932c798809a9f27ac0e0b395,user
k6_bidder_142_4,pts_58ac5fe1a05269c2788ab69df76453f3c6b25720730be4a03917785b897e6766,user
k6_bidder_142_5,pts_7c94026d50d84d290b5c525cc9c1b4846c4c6cf030d2af1f03f6b38101a3e609,user
k6_bidder_142_6,pts_8d9b6d78dd61b69337e92e9561ca28e15c80fb9689220ac360c3a02fca1ee1d9,user
k6_bidder_143_0,pts_2a0dbf107074aadee7d69df81710e19d5a95e171967c7d820e9183d734f919ed,user
k6_bidder_143_1,pts_448365657aa8c943fa60217f2754c74ff9f04bedbab5420552342794833b2db1,user
k6_bidder_143_2,pts_6f24121a06a19c4207c5b767037d1c70ed9db3e441ccf9c4d6155574abfc4c60,user
k6_bidder_143_3,pts_f36de905ddf522eb6ff829d5d51f3dc7684346ebf6754ead7217e302b1e0e7c8,user
k6_bidder_143_4,pts_35003ec17fe4df0abf288f32e5c62fbba8bdd568acc1edc2dcd660e20c0fa49e,user
k6_bidder_143_5,pts_e7dda44f9d6f7c885298aab4efb21c18623479dcb8340e8e2c4671402c85f778,user
k6_bidder_143_6,pts_172b54c1de03adb669ebd08cb52236477ed6373f19fb09b10d8906c848ae39ce,user
k6_bidder_144_0,pts_abcd76cd735ff10f4beac9ad0232cbe8ace9642162f9baa65c94e1db6307bfc7,user
k6_bidder_144_1,pts_9fa6166123f46ba28a01be3fe34a26e8d1544a287abecdbc6740830049a4758b,user
k6_bidder_144_2,pts_2470713754f7783481231a37c26578fd4234482675c1c3c49a8f4d6bfd22c120,user
k6_bidder_144_3,pts_3c5966ee20ca8512597d6c732d588e3ede8ca43af63390a666097c3127595b1d,user
k6_bidder_144_4,pts_0e8861791f931ca7f06c574658a8e5871f44e0cd5dffbdc0cc9dc4b0e66052bc,user
k6_bidder_144_5,pts_1de18bd52a53fa35f1a8caf8edf57ca2d1ee9ab021c7b87e7338821f09e6ca50,user
k6_bidder_144_6,pts_c777c46ab42613a124b704788857d37e121a8de9e275079f8164636887b72a40,user
k6_bidder_145_0,pts_92da70a2fc1053ac5238daff6822a878d4c0c15e2616343fd18482ad30818f92,user
k6_bidder_145_1,pts_36ec7a423aa289b5f4cf97704db6312fb5ad85c352786796abe687a078347cf9,user
k6_bidder_145_2,pts_dcd54246795cc1b111b0d55a3a5364fba2a328e11b642d4a9bb4b6ad77cc2380,user
k6_bidder_145_3,pts_e03e8b117b018f58c864ec6febfe70be8e0cb3914de481ed73e78089c068ee89,user
k6_bidder_145_4,pts_a4fca45a9ec60b3d6f6ff0ebec1bffd04b8e7f871e4d7621d930c7a2b17e9f3f,user
k6_bidder_145_5,pts_ff871cad55e2f8b9cd39f0c9e862e8edaf28f6e9cac50e2f3e87e1cd06798e63,user
k6_bidder_145_6,pts_01525fb562fcc1b0160c17ab82ef79b9fc253814396d01646309fd1788ae476d,user
k6_bidder_146_0,pts_0156704e8ea95b99a6ed198ad00d34f3b7e2554d06c22becb779ea022b317859,user
k6_bidder_146_1,pts_87eed51b02ded2db847838ebf5764dc396882e5eba0857983e2a1864b958b974,user
k6_bidder_146_2,pts_1827bdf9437438337a447e2cd03032862d07f8b31b9dd1bce4a3da444b230f85,user
k6_bidder_146_3,pts_9f9d06c74d2a85624f14c65f5f647fa8086ad3e95dac5e5335e7cac93ee7d1e2,user
k6_bidder_146_4,pts_c788d833754c8a4baebcb2c8d71cc979bdd96ea8ce9ff65b5fa048188f19fd01,user
k6_bidder_146_5,pts_075b550423bead42b74ee76e8e255bb4a4156a868129398af471fcf58c06f44f,user
k6_bidder_146_6,pts_13e5ff9331d591a881a274d9c36bc1a7daea1981e35690dd09ac690c146d1e7e,user
k6_bidder_147_0,pts_6d09565335da252d530677f0659b96e2bc75b587356e51456aa0fc1547b15303,user
k6_bidder_147_1,pts_e6ea2ae1518db05bec8996f75257d8bcff68703361340ece0e4bc70073946490,user
k6_bidder_147_2,pts_9bcc819ea861906498a2c1996a63e58a9f8f41b133b689b5d75930dfae865a2a,user
k6_bidder_147_3,pts_3b8f4191399b05a46a86daaf81a29c0144c2c0ec2ab4811f021fb9703ea0b62b,user
k6_bidder_147_4,pts_c88dbd6f1f47b5b7e3d6b3a4cee0e32342193ddecba06b3ce954869be5487f00,user
k6_bidder_147_5,pts_1a98945b3a3dcf9b0220da27e8946092aa4afb83fe0f1f5ec4a49aa4aab46bf0,user
k6_bidder_147_6,pts_610a859bb36e6d4b449da253e5157ed9d0fcd367264089782ce3d8941adc3c00,user
k6_bidder_148_0,pts_1370ecec4d06c58022c2fb3ed93870b19c6f6aa7fa9248df70c8d0c6f5e56b2e,user
k6_bidder_148_1,pts_628715f0ce5b791b4af94338400da6dc16ca4f0fd567e46a3d36702e56001c37,user
k6_bidder_148_2,pts_9e54084e1d1084aec28c00844bc952a0c2514ea6985508952ceca65d9bb9388a,user
k6_bidder_148_3,pts_1be2c465dbac6c20d7d6351eb437b4ae8b40da742d9144b41734e9b6759ae17e,user
k6_bidder_148_4,pts_c5bbf67b89465fae7bc2003504aeab502337b0323eb5311fe692ddb98fc8872f,user
k6_bidder_148_5,pts_9e2be57644f373ec526c6355b2386fc853be1015313209d746e6f9d19a4656cc,user
k6_bidder_148_6,pts_ef71e2900c52be54850282c9cb7e7984ebd86c4fce5296c2ed77d52ee44b38a3,user
k6_bidder_149_0,pts_809f7f43f4319808b68f5a203875f81dfb572e65030574f78c0ba6e85863afd2,user
k6_bidder_149_1,pts_376b8a24d316113e026836974529a007ad00ef334d56ce9eba9d04d321642e51,user
k6_bidder_149_2,pts_b70b7a09e4a3a9680ed191e1b140b9ba2a63f94779e9a69fcb49e14c36044289,user
k6_bidder_149_3,pts_a707f12c61a499daa35e0bd6af1a656994ac6542220091a5be6e1a8911583369,user
k6_bidder_149_4,pts_14354d449278be9d809441041191e51933d71f3a0679d5e615526266ef80c6d1,user
k6_bidder_149_5,pts_939795b7552115352d90b27d03c2067aea5fa94ab0f595a877a57a6b1d7c7598,user
k6_bidder_149_6,pts_89c1d433cd4eb82c4e2627987ad3240fca58c8c65befce796783f4eb4ab6d4bd,user
k6_bidder_14_0,pts_0f228b413b5c6b7b19800777559656c813a38799a97790f34929a15bb9d38f2e,user
k6_bidder_14_1,pts_e96409565f762bccd292b886ed8590cdecc6f79c851cd66f24f05cf6bfe9881c,user
k6_bidder_14_2,pts_20c0ca18ccbd1ec8cba2a27d8f8314f860b3f895a105c175d2599123c4f6c007,user
k6_bidder_14_3,pts_5a3f4ec87af5412cff0513f09a906970e2bafa417f654b94b01120dd4d71fb01,user
k6_bidder_14_4,pts_3e8747f737b3e3d20a49b87d6de12ca3934280d1c183a7485e6ef5176d101511,user
k6_bidder_14_5,pts_cb93ea2d3727c986f637491299e4551a8f7d9b0d46552b0c5f6be359a559f9e6,user
k6_bidder_14_6,pts_cc6ce9cbe11f97cb2598e9ce4fda0eba33226c5fb79c60725546aa2872751317,user
k6_bidder_150_0,pts_428425587e1cc932c55cdeb9c3c75f02d575a5d08cc8340ed74e0c0149b2e650,user
k6_bidder_150_1,pts_3ff5ec2bceb06af1c0bc712e6e8fd7459866a5520205949b56da2569be948543,user
k6_bidder_150_2,pts_aff37a916d07b137216496f71ec196cfd7b2369c058d21786b23947850af8867,user
k6_bidder_150_3,pts_5b6fd5fdd7c65cf55c9756bfaec650cb3e91c3a2b1b11a2ab53f1868946fa356,user
k6_bidder_150_4,pts_615b0db828ce6ba62253b8c63d543097fd0fcf6c2d518f7afff491222f26d386,user
k6_bidder_150_5,pts_53476659dee4916e07e6c1d1eef0861454b943985ecba280fe03ec652240bb11,user
k6_bidder_150_6,pts_2c94e46e7b6b5005c7f5b008c4ae1a00da50e8335c42b791c0b9089926d68d54,user
k6_bidder_151_0,pts_f698ba21353803b1da47314b7c74b314ead8cb88d8f1e4fff6a33365d8545ff0,user
k6_bidder_151_1,pts_e966e99f6f463f78c1caf103f3d73997f370de0b19f452911414066318194a6f,user
k6_bidder_151_2,pts_11161e626177e9da012114ea2c2510b4cf72a63a76e01b58d21170e95aa9e928,user
k6_bidder_151_3,pts_8ddaf0cd5c8132da15985bcc04188598dcda156e817e03be35b780157ee34182,user
k6_bidder_151_4,pts_80d0a6e188bd8ad1cbe36c9707f2b9fd34731964d358eebeac13e5af159de501,user
k6_bidder_151_5,pts_7402d1a413052655467f81900eb1b6db925af79fc3d35d5b8881ceda57e3a2a0,user
k6_bidder_151_6,pts_c16888f1096714eef56a6c4926562586641f48c5aa6adc844fedd2c7dcd092cc,user
k6_bidder_152_0,pts_e95295c86936795af1e8080b40bec89c778d445f6dd0ac0e0159dcccff8d4abf,user
k6_bidder_152_1,pts_f7f60764ed038feefcd7c4eb9c9abde4d77e5d50fa1bd756d8d4b7dd20c90323,user
k6_bidder_152_2,pts_b462e849bbb8b9e7e6d5653816ffac172f220c6df1142fee9ff2a65a0814bfc2,user
k6_bidder_152_3,pts_e1248acd72b6d5feec98bf6b7984fbe1c9202ba068088d395dfaca7ada4fc8dd,user
k6_bidder_152_4,pts_3d2e9d0da9aa13dc70a4370016a5b2a283f7143eb8cace3bfb2ef6a56af1c71c,user
k6_bidder_152_5,pts_f8caca9b1d2e9e0b28635c99a4e91900981763ae4d27e20956e1aeb54e3d98fc,user
k6_bidder_152_6,pts_3618162dbccf5e4662ebff9e5c264273d8b17a9be2e3c81e1816ee16ac21f03d,user
k6_bidder_153_0,pts_ab35529aabcbf7b1bc319e5fbf220f9b4249bfb59502e3ebd32b656655cad594,user
k6_bidder_153_1,pts_15ae185d8211fdb001b265d510853b9f31a808c92dae4908346db1a805cd91bd,user
k6_bidder_153_2,pts_8a534708863dbcb2e064534dafeed8ca75f15e23a0ef09074ca353abe78e62ae,user
k6_bidder_153_3,pts_60e1455bd00ec474b274e6c992df187745300235aac11668311fdb81b5309ea8,user
k6_bidder_153_4,pts_d83bf638fd17e0821a3469fe917498325f090dd9c16baefefdc3d4162290de63,user
k6_bidder_153_5,pts_e0100c1ab1629261822e2549ace6e317fc33b65535e4b10627121c6d12023a43,user
k6_bidder_153_6,pts_6a32041126d2a53a4f49a3bc7b0d32a834c37116d779a77bc444966579931f18,user
k6_bidder_154_0,pts_26029a9044008080d9d6a7eaa0a6bb6677cb737773014661fa18829694171bf1,user
k6_bidder_154_1,pts_da86a7a7f22c88c94aa58872892b0f53c2e9dc52a0fdedbea2463688b178773b,user
k6_bidder_154_2,pts_f21a3279ed6fb2bb22601edad38b9837f82eaca15800a7772fa9a329095bbea9,user
k6_bidder_154_3,pts_68244e9fcda3a1fb2221ac0775e9a2a45513d8953fa4ab42f9524d23f371bf83,user
k6_bidder_154_4,pts_e300b6e1eaf16095243a9948d187f3bc25148b8fed16db1473bf796c9a70707b,user
k6_bidder_154_5,pts_c1b025a93aab9a3378adf57558a734c00d5c3ce2c12b71e1b308c9752f188144,user
k6_bidder_154_6,pts_b3c9835fc945216e656df1982e60c206b690abe40ce55cfb75641203e327995a,user
k6_bidder_155_0,pts_545e962a0be8315d6d85c60ece54c30b3340ce236621ca5ad20cf8180a8d827d,user
k6_bidder_155_1,pts_022d2a1714e51e8cb253ef63fc5483f3e90381c93235558009aee9c60f2da3d1,user
k6_bidder_155_2,pts_dfa90305239599cce8815d41ef2c91db9ab8e8a74538120834f5c2ae4ff7014b,user
k6_bidder_155_3,pts_5c35a7ab17fd4ddf2ce6580f2e96ba61fead81107273b2eb48736259b488994f,user
k6_bidder_155_4,pts_c72447efc23040155a3ceaf799d9b45744551d31343ebe0c6c4cc03811b9d209,user
k6_bidder_155_5,pts_5d82b177462a52f58cf8cc75b9283d13b4b74c0a56dfcfaeb04843a842a5d82e,user
k6_bidder_155_6,pts_5e1071209d88ccc0a50f8438cedf6532ce1a4dab5acc0fbff89593cb55278cee,user
k6_bidder_156_0,pts_97bca8a62c07ec6316568564df28c7ddbbdd19b8712884880ceddda523c9fb1f,user
k6_bidder_156_1,pts_27074a6d6e236ed0c570b0e529583bd5da9a9d5e0ff09aa5a4259d369b5d20c1,user
k6_bidder_156_2,pts_ec6bb287a4885c358591e8025549c9cbc6a37d7510bbeab5f2d25f1f361ae4af,user
k6_bidder_156_3,pts_eb79dc56ff49ef7d801a53b1556139602457931382945e1d5a9a4616152c4b89,user
k6_bidder_156_4,pts_8a3c6e2609f98699282586c4ff3c68561db6124d8896385c359ff0475b5eff33,user
k6_bidder_156_5,pts_cf40f8449f0435923cc20f995984fc87c8aebec939f1d2ec72de7f4fe5df24a0,user
k6_bidder_156_6,pts_0fdf4c7a355ab6639c5593ffa37a97837222e4f72af6d7377b1aa2166a8e90d6,user
k6_bidder_157_0,pts_7e5051274d304a5dcf0ee23aed4c7f1589de53e153c60dc0db2407af68db2222,user
k6_bidder_157_1,pts_f0ed3ffbd381a2b3aa5970b5d293062f4256a74ea87b105ca895561df216e455,user
k6_bidder_157_2,pts_ef4731874622f3a2b0082dbb1e185cc55a1f8e059d6b9f84d2a0a632ad64c725,user
k6_bidder_157_3,pts_2b771c4cdbd856590c26c9bc8973f32f08f7d5dc8fa1acc0f52621a403c76c75,user
k6_bidder_157_4,pts_199be97d52598bc011a442bdfb173a8b02620181053e414373120c11de2d0131,user
k6_bidder_157_5,pts_53adb3db45863c24875348db8f790c7b9469459e82747b6f08a82c9164fe75ff,user
k6_bidder_157_6,pts_b4339ad026f4529ada1472927d2d89da16996bd356dfe3d30dbd13f7df01f373,user
k6_bidder_158_0,pts_531a2c268ce418992195dfff3cb8bacaaefa72c14fb587f10993d51e19d57c0d,user
k6_bidder_158_1,pts_f253a4ffc1595e05b2cd314483bc443e4b5e976cae2fe72bcf83973ef5631223,user
k6_bidder_158_2,pts_f52517ce67b475ef210ce2e19e0090384fadd7ba7b3bc1b205c4b5a9f0ccedea,user
k6_bidder_158_3,pts_811a107201638d19ec9bfa857b99ceb80e80e0a88779e1efd71395643aa4ccce,user
k6_bidder_158_4,pts_54ada0f169a7a8536cd26a0e504e7f068d2be17fe449e54fe02de7aac961c20d,user
k6_bidder_158_5,pts_0017d91a1b5b8556612b46b11788b6d98ba060ae45f1fa4a7efeaa0cfaba11c7,user
k6_bidder_158_6,pts_e91b975078e250aea8b0e2c11d08f9d2742dbe976c9ab8f636749b991699dcd5,user
k6_bidder_159_0,pts_8af7162859b033469b57a678ddfc57ed22e2cc4c6bb180fd356bb6e25d324306,user
k6_bidder_159_1,pts_3f48de7ed93536cc2e00a69d7cb97ba50a0e469eafeaafb6f3b21e4a61c26da4,user
k6_bidder_159_2,pts_dcd90ed3346b53f3ef845db3ed02a74745492995a71b1f72bbb35dc7d87f3405,user
k6_bidder_159_3,pts_cd7786df8775fa900b28072cf4560d6a96a5cb94dc9201013fb7f8914fc089d2,user
k6_bidder_159_4,pts_fb85627fa9f2523808a77f6336e10d11693c3274faf99ad0c7d506c777a8654a,user
k6_bidder_159_5,pts_0df6b6f59bd158110577e39df1d5053facaa8540b21624139108e13febc80ca6,user
k6_bidder_159_6,pts_5db02dc69e5378ed54f7c9b6da0b823fac882fdab0eb062eeca4000cdfa77705,user
k6_bidder_15_0,pts_0fb3550321ac509070bed7f109935670df5fe254560bc0963f909afad7097978,user
k6_bidder_15_1,pts_d55078629e5e576b392abe2f0121f8e942b22a8402f4a763c1ed9c612f2e931c,user
k6_bidder_15_2,pts_129f293b94b1040f14cc4ee45d7cb93fedc26fc6789043c84cc61623b708808a,user
k6_bidder_15_3,pts_db22a743b323386d5fcc5853a772c777f77ad0efd4078664a0a8b9b4a178dcc0,user
k6_bidder_15_4,pts_9dcaa3e8a14c8d947502ed3a59dafd3602f3939f88743d31a04ecde61ec217a4,user
k6_bidder_15_5,pts_8a9121ae7a17208730ec105418f09542459caa746b970f759bc6894aa3db673e,user
k6_bidder_15_6,pts_a1b027fb19d2d1d7f13a7a0fa8f65126585cd6e9ec5b0b185080490ab66da0ef,user
k6_bidder_160_0,pts_5a1827024c09a0d9fef473592ff8d71742a04b48f865c147b64a3e94bc447130,user
k6_bidder_160_1,pts_c4d04e90e4140b4ced01b0aacd1dc552e98a6b881df392a7ac73780b94ad8ab8,user
k6_bidder_160_2,pts_57c08a1f539e0eb40a0dbdd40c8adb7821774af18664c5bcd0a85bc0e2ab5eef,user
k6_bidder_160_3,pts_f587a0424b673112ad04f9a154dd1894dbb6bfb82ddb29bc3d7c5966d1328ada,user
k6_bidder_160_4,pts_c9d0eaa86b1b4a69ddf4f8ab00f9925389bd678f81e204748506ac9f7e00e6d3,user
k6_bidder_160_5,pts_aad5d0c48129353f2a40575ba4053de5acc17e635355d767079e22fcc000b32b,user
k6_bidder_160_6,pts_168e2b35e7b0ffd0f73bc6ed70c27cc15aabce20d5a4993f7d21660a4df13cba,user
k6_bidder_161_0,pts_4439fe3a4c4b92e813e0b147f894abfa2303ebadc453e880e4f438f333c51c4f,user
k6_bidder_161_1,pts_fac09c6b031019352a2a57b7acde6fc3559f0e14968d05b12d0392955c1241b8,user
k6_bidder_161_2,pts_d91ffc7e766f7197d3e4c5c01772100f1a4fe5df432e5060ed4d6cbcce2d5ba5,user
k6_bidder_161_3,pts_7a0180554e07c46fc4993f20f14c327e7de6befff520af73581fa0d43385831b,user
k6_bidder_161_4,pts_b1d8d09e9f97b2c7ef4da125adbf145c8c44a79e0b7e0e2397a8f9a1abd223d8,user
k6_bidder_161_5,pts_d2b66a1bd61a675b000bf33aafd6170c01f3b1a313e042c5ae4ea8cd3b3e7e33,user
k6_bidder_161_6,pts_b1874dd98408e314608eabab34cd9fc5c49724023f7ed3230a02ecb3c71d9a73,user
k6_bidder_162_0,pts_03662106f7e69ed3aa97dc135477ec18b84210f2544e848612473507a35894ae,user
k6_bidder_162_1,pts_6743d2daac276ba149ae28015285584d9f5f444290f00a02c0bfd863be092059,user
k6_bidder_162_2,pts_72811a8c197a34e5e8cd0505d4464eada2ffde43bc3fd7be04d16220e7a283e3,user
k6_bidder_162_3,pts_99854e621dda1548e1a681a8d0aac8630936b957966fc481c9b7dbf023928d8f,user
k6_bidder_162_4,pts_042aee312ad27f896bb850777d2ad41fe94a5be80fa6520af843ce5a9b17b911,user
k6_bidder_162_5,pts_477c00651a43539c0d89f45ae05bfd28d3371840f69ab327a8e40fe8fa24ddcc,user
k6_bidder_162_6,pts_510f10886ff7352b8a5d180d7e9dacbf260c44350972a2cc2b555cda272bef16,user
k6_bidder_163_0,pts_bb79c3807d9aa42dcaaa3dd0d9f4e6c68eab7513c67813308b64569850bc5412,user
k6_bidder_163_1,pts_aa3a9f9645d1ae0833c39d49bffd9baac4206f6555f139e32116f731a8556923,user
k6_bidder_163_2,pts_f22789ae6ffba561c6ae9e4011674c6959823f2300f50e4987e9e667d64687f3,user
k6_bidder_163_3,pts_c0f793bd6b01211890bdf17c4b5bee81e3c5a33fac824803e6c391407ac3d3c4,user
k6_bidder_163_4,pts_e3c2e73b1ae7fa99829084163806a1d5034b37394b649e339889871207fbba23,user
k6_bidder_163_5,pts_95418f622e3d0170432699af917054e17c66a86f80099e59398b7d8fd154579d,user
k6_bidder_163_6,pts_c3e0bdc687a0011c774ff734f2776491c26a1bd19a6c2e3c30be8e96cf9af959,user
k6_bidder_164_0,pts_6ad38f26fda731d529e53f9a44f289ebbb9feaeb7c4c9ccfbd354004357e6f9c,user
k6_bidder_164_1,pts_cd2f311281d2e218fa419477fc5ec84ad4bf44f7fc5c138335a074a038e08e2b,user
k6_bidder_164_2,pts_edba44dc5d0e352ff705e1b27b2f823e91bb86cfdd094bb9941aaf8d6c3b7c49,user
k6_bidder_164_3,pts_b633386ca1963b216e02d80258a7933657a7b5b26d842ed05301f58ee08ac949,user
k6_bidder_164_4,pts_05f9a566d06fbcc1147a6f06302b0d0a2ee78772d5893abc764db3b2d19bd9f8,user
k6_bidder_164_5,pts_2f99ca668a919854b054978ca56702dfc47bb275d6f313fc3476917a470b1817,user
k6_bidder_164_6,pts_d3bd6f98cddeda9fee7f7638d8d69b513057f2dc1ae70fa6199972ff9d0a8478,user
k6_bidder_165_0,pts_504bc65ee2f826fd8325c8f7a62ac25767a98fd37faf0e2049bb29289f023e9c,user
k6_bidder_165_1,pts_4fc89f430469fea8bb7f3919a430c5172e56dece7784c7074933e74aa770d729,user
k6_bidder_165_2,pts_bd44ab179894b1f1047d8a29ea463b41c44a32e0b2c77e5f9b0ec539ee2e3003,user
k6_bidder_165_3,pts_048d995995d7b59af85d2da00857cf48d037c23ac3bff017f47d209306814879,user
k6_bidder_165_4,pts_4330283dc67d239976dd3c7e097d94755c49f53e00b182d524d08ab5f0029e0b,user
k6_bidder_165_5,pts_db1bea158019eaf2dd08b728a87de3fab404cccc337e1813cda6daabbbf063fd,user
k6_bidder_165_6,pts_205bba27e8a9663d9ec9700ad86c77011b9ff847e10192c0e5f19be6bc257de3,user
k6_bidder_166_0,pts_e0deb0f2e626ac408fd9a4a94c3ae80015700e01d5d0cde17375286e040f25bb,user
k6_bidder_166_1,pts_76f80c893504d2e71bf14f462902243439bbf557a18be8c492a9fa7b5dde0d1e,user
k6_bidder_166_2,pts_10d4437b7747d2e6f9187e289b851b7b3c89332d794ece09eb0d5459801d325c,user
k6_bidder_166_3,pts_cff61c77086cd30c6c3355829bbde66b7e657cdad2246e9406deb40d0015bb9f,user
k6_bidder_166_4,pts_f4cc6a06933f9e6337c0297a236ab50449e1694a9062917bd59b8a17088eb7c3,user
k6_bidder_166_5,pts_bf0d9d36a688996adff457f802ad8f7f7e67d59e80ff9b6de241e17711374921,user
k6_bidder_166_6,pts_b9d92e4299d00c34fb19bfb78bf6366a609e8998f46f4a056df7550937b036ba,user
k6_bidder_167_0,pts_5bd73e21b2c993b73a9ed2a7a3da1ee3d73a788a950b097fec91dcf3e0d0b134,user
k6_bidder_167_1,pts_918a1ac469d750ad7bd5dd301c1f3c8ffe7800e4821fc2b8e9e2ed26310db11a,user
k6_bidder_167_2,pts_fb357d153cfa23353fcd06993f541fd0cc0c8ef3beafba4749145ce9d24babe1,user
k6_bidder_167_3,pts_b6899805d328de69a90f1732a13fed5510b02fc63206d377b021fce6570bda1b,user
k6_bidder_167_4,pts_4bd2f4a069d5aa250152917386822311dae3af24e0593388679256fd1c43aee6,user
k6_bidder_167_5,pts_644872f3d30c697097e8f1eb2eab12b978921715be8bfd02324eaa46104f4f60,user
k6_bidder_167_6,pts_18dd98c89be315a464d415e68d7a772033ce6d739edcad6ab09758a929b2fe5f,user
k6_bidder_168_0,pts_a73da0eea3517273ae1b6c47052d831b8778f2d86ea5173e4839232ff49bb144,user
k6_bidder_168_1,pts_e81068c76c6f2b15d2afca1c6760b0f1e2d5752a4560d51a78dc3228f78eec56,user
k6_bidder_168_2,pts_ec8817612db8230d7d76d683fdb8b5fca5b3d35fa4217a11dd36aa5e86683869,user
k6_bidder_168_3,pts_9ee560f63aebe6625c4b32b60b3e9f61607efb4f609654d8f2eddcb08bc4b5f9,user
k6_bidder_168_4,pts_70ba06629ff519899a23b4fb8e07a5cb7bef5611e37ecc79fb24900a6143a779,user
k6_bidder_168_5,pts_cc0bd8820f534427bf3d23841a321cfee286973ab286c080356172832fb56bd4,user
k6_bidder_168_6,pts_0124bddf05b867514c5cea605d38c211f83eb734e1f62c142069c2387c5a61cb,user
k6_bidder_169_0,pts_21f88f244885d2005ecdb71f52bcc20d2b88235022b7a85a8ed23d2bb12d17ef,user
k6_bidder_169_1,pts_885571f5cf40ca476f18ae55d4924d78f234d1b578f691ea0eb7199b9578b00a,user
k6_bidder_169_2,pts_253621bfa8944d66e2b9c400ec3ead2089594742a40bd1a9cac19613a590320b,user
k6_bidder_169_3,pts_5650c737adfdf30427e4fe230d3ebc2c3a9f54ba185d9c075012df4577736476,user
k6_bidder_169_4,pts_d0bc9a80e19e93a53977c183d562d21840fd7f11803d490bd4c408871f40a67d,user
k6_bidder_169_5,pts_5439dae6c29c36f4497b97e12cf369708e5bfb0c9085ebb9f7c7ce7077495a12,user
k6_bidder_169_6,pts_89e0af270fde0d988066dfafa678bd1dedb3ea153bfc3b782fe5c699bacd4e96,user
k6_bidder_16_0,pts_2b348cee763103a9d0c34c6dedb759b2e5c3138160623831edfbfe300b42a8d8,user
k6_bidder_16_1,pts_3a108c618eb900d633f49ad8caa8d8f08a23e66b27b97a4e55560cfa89c8f98d,user
k6_bidder_16_2,pts_197de231eba5e14bc2197d5856201ce83c435e3233d95e2e1ce6269d4e0f7b35,user
k6_bidder_16_3,pts_e07ebb58434e5034935538ac9c7d5f1ef08a8a8ba715340747479fa1e12f914c,user
k6_bidder_16_4,pts_dc53ffb19d9d2f5d12012ad09d9bd05804550a69547b6da24df8402c7b6721bd,user
k6_bidder_16_5,pts_d01695216a7bde2c22bf55a1a4093102b18b2d0d945e8f26c09ed57e2335d1cc,user
k6_bidder_16_6,pts_90333657ad8ba18b2a53848135f012a0fc8f002f42da7b11ccf6f7ee7f1403cc,user
k6_bidder_170_0,pts_4d9cd2229f83c42071496fdfdf8cff00816bdf13789a795e331354f2ac4d784d,user
k6_bidder_170_1,pts_0dd8f0ab23c8c527c9af2401f99fec3e5ec99f1a8f0be37594f45cb96814bec9,user
k6_bidder_170_2,pts_4319f435a8e498f031ee12ba1e106370481dd5aee92c6089066c97f9c939dfb7,user
k6_bidder_170_3,pts_4bed64d2cb5819c63eb4e758d0cb3f51e8bea792bcc32cd663f2213ada783cd7,user
k6_bidder_170_4,pts_0c18b264b1d18c671507d2e6eac878fd94cfb666b633a13bfc0e0b7abe96ae80,user
k6_bidder_170_5,pts_e7c18d73efd0513f22640a7eecd5cb8940556c27802f19550a3c0a25b6334205,user
k6_bidder_170_6,pts_d58ade36a775affbf954195b7d24ff380b10f8b9ff5cc28aa376fcc661c56db8,user
k6_bidder_171_0,pts_7ca5b7db25289897818eab3423ffc6b67c00fa266d15fc5912065bb07d0d9795,user
k6_bidder_171_1,pts_32a4f2a901755e218452fa02c6e7367a0dbc3b490089a3c45fba7f35de6360aa,user
k6_bidder_171_2,pts_9c084eba71521e72eeef0a9181416b4542c9269acdbd0b2f3fffb89ec63e7565,user
k6_bidder_171_3,pts_1046a75ec6be51f4e7aa237b166dce52aadf34bea306fe19c8143a7fe096ed7b,user
k6_bidder_171_4,pts_d09b05c4383b022c581fd063d33d884e61bc3559c619126a9e26554a2afc520c,user
k6_bidder_171_5,pts_1551af41e1626543f5df8b40bc7c67424a30ee53721c2aef285a39536ca128e4,user
k6_bidder_171_6,pts_01f8efb13fb7d8a5b7cccd3395fb212006d4433e229b255eab6cfb6cf11ac0f6,user
k6_bidder_172_0,pts_c8368edc6bbcd91a1aeb24cb0bd1cd7191642a8196faa80b9a08b6f09e8e0b22,user
k6_bidder_172_1,pts_5d51e12914131983b26a7af2cd8fffc7bb6763c53e1daee9c1092924e79e1275,user
k6_bidder_172_2,pts_96c874e6261b979cc1664757ed0994cccf0a7fdd41a20d32aca632510dfcfc05,user
k6_bidder_172_3,pts_0d9215c8f89ae747b8ad002d1feda36d0310ba82dd17126986e4f2526b4812bd,user
k6_bidder_172_4,pts_fb53b0af881018eff11be53fe61dc5e49cf892fcba9468556cc81d5b483bc046,user
k6_bidder_172_5,pts_b4593f7915c90e3c29aada0a5e2ebd655715e5417e4e83166a7333f0868a459a,user
k6_bidder_172_6,pts_76b5db0baf0fd0045914653f37ab8fe102d0f59e28c69d77f6688259b1739e6c,user
k6_bidder_173_0,pts_43b50b325a0190c025aa28073c87a06e4da9ee25ba7e64558cd0beb74bbaad4c,user
k6_bidder_173_1,pts_bb3ce4347d92194746d88543ce1bdcd7ee0725d422ea16d389106f829c3f6f4b,user
k6_bidder_173_2,pts_795d568674435467ef09d928b10ef004b0ee2027e9ee66a485136219aafa650d,user
k6_bidder_173_3,pts_80ffd5edf1831994852d9c263d9035b4934761c34370adecad70e1af29ca7878,user
k6_bidder_173_4,pts_e08b2164eac363949a79b3c145d2468cfca3df441f92eda6da87e8a4ea679269,user
k6_bidder_173_5,pts_9cb865c7d736c3f6e9518f164d5d45c8a86eb82db081147571ef574b8b17fa5f,user
k6_bidder_173_6,pts_32e69d529c0bdd3b03f6281f9af408e74c0185a7df4282bf663b39d3f5bd84c0,user
k6_bidder_174_0,pts_e25cd3f72323a1051e533f8e68c657c81b4c6e690e56b74ce5b1f6c5088b39c6,user
k6_bidder_174_1,pts_6b1c49b525fc7aef8d8e4619a6bc511cb3ebf180e3df895e62c5741b2e079116,user
k6_bidder_174_2,pts_f7c023256a1e35f29911f91ef6c22f3caab5d896f303d9d33733763994437eec,user
k6_bidder_174_3,pts_2ef4d8dc0c6aa5232bc222d2f53dc31168a91df90ac199ffb41be9faf0c9a8c6,user
k6_bidder_174_4,pts_9393ac2a424b7859a71cb80a2ae80f78d707609b25a7d79c4fb79c0294358902,user
k6_bidder_174_5,pts_4761bbb7f6e8d9e53f362c2b466c5d2868d302877c1a94329e2c7584e82048c2,user
k6_bidder_174_6,pts_f8e7b17bb7fb18102fec652b68c8638f37942e5b87ea82e27ffe3d353403cbf7,user
k6_bidder_175_0,pts_3a661b3714eba7e0830dd52ccb3523ce9510714e7d830df2576e23b379be5fb7,user
k6_bidder_175_1,pts_f3a4f914b6bd13c36bd6e99174ec7817c39cc086882453a098a5ebd5e879a7ad,user
k6_bidder_175_2,pts_46613632857cebdb98a5a8171af5076b347996e54a9d3c8afa09dc394655d9b4,user
k6_bidder_175_3,pts_9ff009cb3b2ed2cc6680c64533d996f81f1066459d8a1bbb906fe3748799f28c,user
k6_bidder_175_4,pts_e61dc215dbe75d170a82f55d13ddf89023e0dd05b00af57b40c724b4bb882a3a,user
k6_bidder_175_5,pts_7f1c2279b84b8d0fcfdcfa927f231cd53d35c847870b5829e2d2b68b35c539e6,user
k6_bidder_175_6,pts_e2e278ae86b5a6e96fcb88c9532a0eb99d0ee246fb29e17ce223e34cdea975b7,user
k6_bidder_176_0,pts_940feed6f7e5e960822a817ca6c63ef1ea227fcecbc3ef872b5a3dca5be01eb6,user
k6_bidder_176_1,pts_d8c11bab3605e7e919a49786f4356f5d14429f93637168c440680ca799bcb0f9,user
k6_bidder_176_2,pts_1fcdbb7fdc4de5de0d5936c0f42f3562085c6959e53986bcfb39da8e5f582201,user
k6_bidder_176_3,pts_d5ec7c041d9204321e00fa9962d29b1061e9e7392fbbe0704c55384b4dbb9c99,user
k6_bidder_176_4,pts_36f87beb2178d6fafa7f652bb5358c35217e917f00f8a7774e7d5590e44ca2e4,user
k6_bidder_176_5,pts_27d039149dbbd5f78d5d6d46d0a6f14364196a36453f0ef8c2d34ec8bc051383,user
k6_bidder_176_6,pts_e9d8035ebfe82b6cc82ef2c621d8614aee941a139b93e45e3a9280a639b9aebf,user
k6_bidder_177_0,pts_a83b1dd989b60b07aa513a2ab68ebe940089255751bb0de08efb9d07b0f84674,user
k6_bidder_177_1,pts_e63a19e43b0cd283a5060932cc1625406ca2e20545f7c2176f1495bd213eb6fc,user
k6_bidder_177_2,pts_45a55a14a307afbe4a43098ed729bbf7d4466387d5f912d322cfa91365866442,user
k6_bidder_177_3,pts_52c9b86292e96782d3e4fc82090288108a53cfe0e7cd465fcaa3869a6acae855,user
k6_bidder_177_4,pts_876d69463e327f79b55af57656d6b260bc772c84ea71f283830a11788551ddbb,user
k6_bidder_177_5,pts_f4cbaeb59eb9c3968fe82df18fa60301cc42615f07bcac0e375f730f75f65bab,user
k6_bidder_177_6,pts_9af924d944c912891cdb0d417fe8f311d5a2137f380e4255b22906573bab57c2,user
k6_bidder_178_0,pts_3783ceb4f02eb593e53f034b7833511f24df46f24fb91efa47c76f05a84b6c1a,user
k6_bidder_178_1,pts_394c7aa6bd25427bb62cca2044e634bbf3c381955c6eb783997449702d30a755,user
k6_bidder_178_2,pts_7a64c547880bb9a6e3722b19c47672b441cb0945a289285134c05a55d6bc8cbb,user
k6_bidder_178_3,pts_5c827329e9802ca5ecaea0b6fc95cedc9981e6e57bdc9bd6f1214314736fd970,user
k6_bidder_178_4,pts_86d45c5257c024ec93ad3091dc87d681c936b4cc2744c03ea5b2592698afe572,user
k6_bidder_178_5,pts_4dc62eb769fbafea468a0a2304013734ce16fe67317021de121f6b53173aceab,user
k6_bidder_178_6,pts_a57fe5defee2ff3fd6b00c0a6f0f83470c3e7ab59f023d5dcf1974bc5ddc3230,user
k6_bidder_179_0,pts_2440b961cf4e6455984b9a3b500f7b7b27efea7f733a65f291d085f277a90336,user
k6_bidder_179_1,pts_301b64e54c0f6118c731eb6d1e2c372cbde800f794a21c9808800724a32a0e6c,user
k6_bidder_179_2,pts_18fe37e6a0aa2d8a68a8c8dffd56ff3065669f8649ec398d264e43353b42b2d3,user
k6_bidder_179_3,pts_38306edc68096946dc00054e0475c03cbcad8c3272b91d028577451d0cecf142,user
k6_bidder_179_4,pts_22ae8c832afb729cf085e72b633fb58c337f640be19c35cd3e1b8ddb10799006,user
k6_bidder_179_5,pts_63a289a63867cc454d44ed50f133b34b217b8430ddfa74a8501d1be0b570f3da,user
k6_bidder_179_6,pts_1fa78c920a910d7111aed9979dc8efc4133ef59ddab318d026c788832ba14c56,user
k6_bidder_17_0,pts_fa2db54b78cf69c911242b05ccf94fde3367afde4687336711c9bb4e34e82ea8,user
k6_bidder_17_1,pts_e9f5ca77ed9b9626a4accb7c13e6db1fbe4c135837b90dffd847f86c186ba10c,user
k6_bidder_17_2,pts_68732fa159d11fdd22a89b5ac2587622265b1d81239b04f13185157c3f26a8fc,user
k6_bidder_17_3,pts_e2618333af0363a2e98ddab12542d5e73f1aa9fed1bbed71d86ffd733c63ab11,user
k6_bidder_17_4,pts_52ef1d84dd9df049a086041d146119904813433f514a670775ac67173963f2f0,user
k6_bidder_17_5,pts_e75973426cc09409152ca684e78b380697a7005e74c5f2d799e310513ca63ff4,user
k6_bidder_17_6,pts_a1e4c1761bf8e189f3ec3a07cd38226fd08e1b03685521f18b34ba552aa742b3,user
k6_bidder_180_0,pts_cb3f578f5c5213ecfba3cf6179fd4217a082bed136925c4bf756da7aba7cce8b,user
k6_bidder_180_1,pts_ebcb962fd4b10e3248951cc47d883eed43668ee979811468cfd691f027979617,user
k6_bidder_180_2,pts_75b42d0044d17413ca489547b010063e4f269ee2e406dee0b18b810bb723ac5c,user
k6_bidder_180_3,pts_cb1782680291ca55fbd0b2f8baa5008433d6d9db0ed283aa7bfc80f8bb06522a,user
k6_bidder_180_4,pts_fab903c3a6842c4c6c9e4efb38a89dfbe47babdbb3f2c30245c05064e2ae9006,user
k6_bidder_180_5,pts_7c79774e6bccdb15ca4b19f5c92f0b9a2b47c955c42c2dd7d4fd747857e1d943,user
k6_bidder_180_6,pts_e99c9bd3b0de71bcfc27c2d2f00f56605a876d958f9786b30f86dd008a06d829,user
k6_bidder_181_0,pts_cd804ad1de93eb1543ecf4006cac487f80524099e78011c76de9ac59100dd840,user
k6_bidder_181_1,pts_827a7807f396374dac2256e1fd6374ecef0d4941009452f4448fde09ed58df58,user
k6_bidder_181_2,pts_d38a42a40efa28c5b8c02ba7e44d3ca3e0b36c0d2395fb80f9c46a3ec510355a,user
k6_bidder_181_3,pts_8b60a6d9d4549bbee11d0ab73b90c2255c3ee3088bc8ff62d38efb805c24920c,user
k6_bidder_181_4,pts_2855d9c6fe887a3adf95b7997834d3a6062cf4f6888ce0a2bb02c80d9e2a2f95,user
k6_bidder_181_5,pts_6d60ee1fbf7bd223619ff4237db1f59b9bcbfba3833ce437844c4ff468781e4e,user
k6_bidder_181_6,pts_cd297224a307a1a4cafadcfcf56a77b24404d60ccc63a7a5f7109629a00f195d,user
k6_bidder_182_0,pts_33dfc34cfcecba2a1f17fe43bc1b940b914c1aff4a9478ef3b8e7c9618e5f48c,user
k6_bidder_182_1,pts_ee80904ad91c79e4898713c0a01e22c6e92f09d7442a833b2c5d74dbdbefbf31,user
k6_bidder_182_2,pts_58ed34c26c887da5b37d103c8770533c3af2c0bf4cef2710488e4d6fc022673c,user
k6_bidder_182_3,pts_1f37025cfd451d392888ae036930cc7fc917b6cb7a14d9fb96dfdd741921aebc,user
k6_bidder_182_4,pts_6e6361358949dcfa785537a3b54860a501390c41666f732a7fd4ea78c24a1ff9,user
k6_bidder_182_5,pts_b382e80ce1bf28dbd3e3b61e2338fdac85615e7fc3e3966563cda37b23bb3ddb,user
k6_bidder_182_6,pts_18126580af0486d397084132e7a9e44cf17b7cbf039103aeb74037f0a53a415a,user
k6_bidder_183_0,pts_a91e3e6eaef48d79a890599598b04c4acac7c16c3e04a2334337741ca1cc1e1b,user
k6_bidder_183_1,pts_389029c4647648e7c27c597ebeddb7d27b3307fdb43f3d9217bba3cbfcc34f54,user
k6_bidder_183_2,pts_9afb83e00881ae82741a48ae25b50c32e2085303ee0a94ebf73902f6c5d95a08,user
k6_bidder_183_3,pts_7baefd3f456561d3b477112647eaf9bff860a94851cb645f6709febb41c15998,user
k6_bidder_183_4,pts_963b20020c865af7196f879e7af61e75e5b7bbd068b8defb3eb810d68566dff9,user
k6_bidder_183_5,pts_d0ec69575672d4178e0d5bd17815d4951c538432770cc46af6ae22e1bede96d7,user
k6_bidder_183_6,pts_8b38ad29988f4a4d9e14cb2e4cb19893fab6bd83f4bac55e17feb02812e7f458,user
k6_bidder_184_0,pts_607c20fc549f01b1a9b23de51fad0f61d124541505f806a41406570abf9239a7,user
k6_bidder_184_1,pts_ee735c3565a21760e15e1d442335f0d53a7de3d646945a31672e4dec212f05ab,user
k6_bidder_184_2,pts_c434e0295654c4317a43d125e759575759391f3690a9e69d2e7cc0fa4cee10c3,user
k6_bidder_184_3,pts_549f65eeab9053290122e5ea5754d10b20cdc6b9e064e1b64cd950693843bc78,user
k6_bidder_184_4,pts_cd4b9779c7d250b4fa5c6bf02af9c9eb6cde40eae18d3a4050ce4cac818f04d5,user
k6_bidder_184_5,pts_f34cd8e71b72f19caa8b6b7c0a6fd9b3c8d585512098dae063da0ab034d68465,user
k6_bidder_184_6,pts_f91c0182c5c2e73bdbb657f669f94b77f017fc2c331d41a9913836686d78279d,user
k6_bidder_185_0,pts_f46bfbf07e87f65de151044924e558ea24606371d4725ebc447445b620b54093,user
k6_bidder_185_1,pts_8edf42fa2a7ad1797011a67b1b3ab1b993fb70988d8f0e6b6cc441a8803e95e7,user
k6_bidder_185_2,pts_067b285d35c64158d84af7f65116872250299294ea6e651b12e8dc2a7f5def65,user
k6_bidder_185_3,pts_fe1f9c8ef45f44255556be136d35e69d0af062948cde9010f4a977e9e2d29391,user
k6_bidder_185_4,pts_fbc196b8f351b78b797edef28f284478d1e71ca98bd21424f25aa65b251938f0,user
k6_bidder_185_5,pts_3c99aa1f4e9948e38e57e1489c002681e6e83f7a31c7c34a85aab58f6718b827,user
k6_bidder_185_6,pts_fe7d6adddc2264ce45bc899c4ec8e68c49b702ef30b7adc9f68cd3ff740cf90b,user
k6_bidder_186_0,pts_d3ec75ef7aea0d9fb4b9fc46f3e0399cf510e86d2a4d55ade8963141f170f233,user
k6_bidder_186_1,pts_e29ed9bd454d65032404dbe7c4534a754d2aad6a43110732d80d2addef1ef24f,user
k6_bidder_186_2,pts_21eb30b032f7fb4978867b923e3a425c1112fb1e8dabf7c3cb9ecfae95a9b0b3,user
k6_bidder_186_3,pts_76bdd74640252ab90687211405bc986f28a23c11c9b70814f2f06fd3fc6b6cfd,user
k6_bidder_186_4,pts_01e4a3ab934d8a3ae956cb135a5171d4b0eeb782b7d4aa1a72973abeb9d6b077,user
k6_bidder_186_5,pts_3f284ab2da5eb46fde00301231c4f76beb87bb65fcfedaa31e11eb74d95d5166,user
k6_bidder_186_6,pts_aa7f0eb00984a94d454f0df6ad84796900fd550e1e56ed902de69c9615942ce8,user
k6_bidder_187_0,pts_dd9740a82a591cccfe5baa8a984427a06debe020862d58a920d9f5efc630f16d,user
k6_bidder_187_1,pts_38bea3bc77e565a10a2e39698478210095aa4d21a72d257d904b76eb4214882e,user
k6_bidder_187_2,pts_f979ce15dad9868c5f2af5600c1dd16f286c62d9c0ac9f179949b1861f6c3644,user
k6_bidder_187_3,pts_7fbf89fb86588d67c411c6c7fee420d247509ff96c187f244cd57f8c1282cdd7,user
k6_bidder_187_4,pts_4e2ca36e790cc8f157145cc0a474cf8fdba36c15ec4ee23e0e7feda6a9c98dfe,user
k6_bidder_187_5,pts_51c4a6d05ad497c96a8a417a043cff5a31223f01db4851fc63f3cc4e9cdf4496,user
k6_bidder_187_6,pts_d5725a9376c97789582b1f751a9cbe455832390ddd0d639ea18b4962af5cff1f,user
k6_bidder_188_0,pts_4777568e8bdd5cc88e31860bf7261c0c0f14f25de9aee61f66ee80c757ef982c,user
k6_bidder_188_1,pts_537fa82106808bafa73560457f947f042787851b036d1ebe303307f378e2ef5e,user
k6_bidder_188_2,pts_705a9b0f1d96638caaeca159acb3c765745bab99cb1a758bba4b3676eb04ecad,user
k6_bidder_188_3,pts_61b21e2a5cac3ad801998195c14571902289e430e48a6bceb475b7d9ed3f0c65,user
k6_bidder_188_4,pts_106427e7d138b8a79c7d4fadc953cccfd93b49c64efacef44cbd611a766585ed,user
k6_bidder_188_5,pts_657f4198e9d41d3a5583e55eb629372f37b1cf983d6fae4d9f36328068f1a7d0,user
k6_bidder_188_6,pts_41fc50bb214514c34d7eaec0453aaa4b694f1c0bff023da8a6dc7ee0c36f9528,user
k6_bidder_189_0,pts_79afe88f5eff5cb9d8fcf3d889c630cd5371936519e72533e6723ab8ef990f09,user
k6_bidder_189_1,pts_abceb9c42ddf7b6acd896a13b1dabd61de4e21086d35eba140120f04e361ea2f,user
k6_bidder_189_2,pts_3d602e1952814c581de8032d7ddc4ccc0103d0d348f17ca536b004a149472f5d,user
k6_bidder_189_3,pts_005d26b53280fde894a386f70991e29ec5f97b556127b2c8eb44516b82b10fda,user
k6_bidder_189_4,pts_c3d2cd59056c468c65b5eccb227090e006c4efd3edfc15c4b82d6aff9b57f6bd,user
k6_bidder_189_5,pts_9fd03010ebf7522277e022ec75653330ef2aadd4c028e99aef459c3d6af73d46,user
k6_bidder_189_6,pts_bfa3b9cfda6641c033b0af58cc40a6e9e417e9a4f07335d0901d8f5dbf785897,user
k6_bidder_18_0,pts_719aa71af55cc150f7775b54ee580241a03b547c1cbc3a30d280f1c741665418,user
k6_bidder_18_1,pts_da771715a88051cb8a9f59764c0a2588e46fca464726bf596f0395328c003ed0,user
k6_bidder_18_2,pts_f5b2a8412434e0abc5ed4f9187972283d85e91b354f763bf3ec197cdb210a952,user
k6_bidder_18_3,pts_1083cd5aae723678635a9169d0d2dd5a7ed819b9d0c2af26c5614fa6cc5912a5,user
k6_bidder_18_4,pts_97094dce31170c0c30e3cf06b7e193e4b4aa1ed3ea966175f70ff29f4aa9141f,user
k6_bidder_18_5,pts_866085ee95995cb31f0b240b2ca46146e531301524339068a6e5b92bbc852aef,user
k6_bidder_18_6,pts_2b2309aac04719628b4beee1ebc7f2bf5d4fc242e40104c45eacf9a3cc896e1f,user
k6_bidder_190_0,pts_5d18d1cf6373cef825405046d482198246974ee3e4a2f6f9a0e7db80dcea9c7d,user
k6_bidder_190_1,pts_ef5eb3d21a8c43ac1d856e4e64b6dd3c985791be845216c5b23e33a3183aaeb2,user
k6_bidder_190_2,pts_b5848170457bcd76b5ecc163211ae50569e307a9c7e5e8121b876acdc453cc43,user
k6_bidder_190_3,pts_a3313074a09a79a695fec1094fc341f32e13c74fe84a2b462be952784beae08e,user
k6_bidder_190_4,pts_ebbda2cd1113e32b0f898959953cf861faeaf24f58e0a7b765f7de6b250f979f,user
k6_bidder_190_5,pts_8296205dfa55bea14542126a805584d43bb713b38432d6b9db02c23f1cb3b188,user
k6_bidder_190_6,pts_4e75adbfed9288f34aabcdf1a407eb60a39a8400b5bcd446143982da19a20887,user
k6_bidder_191_0,pts_23e7a7b02ba811582f9c5123530340d1e2ffd84dbd63032c50d09e93daeb298f,user
k6_bidder_191_1,pts_a87aff8d44efa92fbf21a974235cd1bfecc10c87abc6c6b57e46d4e058c5e3ae,user
k6_bidder_191_2,pts_154b0a2bedba96085c7350b0b94ddd23c48fedbd54aaf415ed7e7e5ac23c7998,user
k6_bidder_191_3,pts_b23ccce002d14a27eb76f23403c73dd323712660b1ce1a5afc81be66e1f61827,user
k6_bidder_191_4,pts_4d8f734208a022bb5af1d0300fbe61abd8e0be34a5567a4d1a940ffa3d8e0d9d,user
k6_bidder_191_5,pts_1c51625e3da0682f10e76e554828f6de949c0c434ac729eafdf804d9489f4aa2,user
k6_bidder_191_6,pts_0cdf08393cb21cfec65ca8b362224cf5efd238440a6ca0ffb5b35a85bcc12ded,user
k6_bidder_192_0,pts_7899a79653033c888c0354a71f304e1af81c84cde1e3ae64d97138bad009ee15,user
k6_bidder_192_1,pts_185440ca36673b0a25c39fdaabfb5fc9c36a8e3816ac78855ef2adc4489eabd2,user
k6_bidder_192_2,pts_0dffec96485e28825fe902f7ef1a76d071a9b1344234060948c1cfa8674aab43,user
k6_bidder_192_3,pts_ea142d5d6345b076501dc124d8734f810715c4d131ef5fe4c04f4c6bc894e6aa,user
k6_bidder_192_4,pts_cf142857bcbc4bf4c3d7c5e082f5ab4e1b5b7e8a633ab59762945ec893cfbe5b,user
k6_bidder_192_5,pts_d77f8ed03236ad44d704182e4f94c7fb8becbc0cb0c61854fcd396a395eb48de,user
k6_bidder_192_6,pts_a0844efa776ec8200c32a9eecfc1d59cb42536a85f74f8b79180076a94971f4f,user
k6_bidder_193_0,pts_24beb6f0a256c6bda39a132c54f8077561a605559eefb2ac827c48a033c0ce69,user
k6_bidder_193_1,pts_9a58bc3dfe2818187388efb3959d7af604a41e1a36b1677792cb4cac6b3536f1,user
k6_bidder_193_2,pts_2cbf2935d170f475076585934721461e52909480d04e4fe8a9e9785c0626b4bd,user
k6_bidder_193_3,pts_4815c161fef41d2f47d92f4a524bbfe4d02366883e25a5305a65876f5d0b744d,user
k6_bidder_193_4,pts_bbe66a4b92356d8e20dd9b7380070d7caf7cdec5f843a34ddb9842b26db35b84,user
k6_bidder_193_5,pts_6685a5241698dc04ac8347baf507a8a1c1b9a89770478a0b7c8018302495d032,user
k6_bidder_193_6,pts_b551b412889497d33b2be2a04d1d6ad23092bc11a6289fcf1c8ff30af89f4ed6,user
k6_bidder_194_0,pts_071b6d9397d380e965e8ce8c55ee1ff0bb92367ebe89d4def9c0b92d22dabff2,user
k6_bidder_194_1,pts_ceae961e1c756aa977705b1c5cea3c4ffe7d283daeafe1321e6b3e282f83b3cb,user
k6_bidder_194_2,pts_da52c5760e8c7e4035995fd752e7d752bfcdd3586e8591b93c3ea271cd5c6880,user
k6_bidder_194_3,pts_83ef0675c7ea0ae53814fe9cfd23d02097366d8339e7b476dd5bc28b43ce0534,user
k6_bidder_194_4,pts_3b11b1ced42cb1769d16fe9e6a121a0c2cdd46e06519af01bfa9a5619ea59dd3,user
k6_bidder_194_5,pts_20d2ad4187bae086f589a668d1fb72ba7d326f8e6fc0f37eb1f4203e5ab53a9d,user
k6_bidder_194_6,pts_8715953f15bd5d42f140a1df44d373185aad2533b6bd69fa9acc3f473dddd5f8,user
k6_bidder_195_0,pts_ceddf1eaca5cd9d9d9a548aa1e6cf6a17ec0bb53133f28c6f78b3e361847dde2,user
k6_bidder_195_1,pts_794cf5bf96270a2508dffdc84a7b2b3a05c73db720efc72ebc162be905bc07d4,user
k6_bidder_195_2,pts_0c017e460a9404bb8c5d3d28b434f62355b9ee0ad45f15f4af85207d8224df82,user
k6_bidder_195_3,pts_a841fa5e3cd34b4ef686c9272113ade3a6655f342e9e9f0e0938260e34916027,user
k6_bidder_195_4,pts_95dfc4876c0692af20f3b5a280040e9a325220b3a9b467ace9816ff026ce58a7,user
k6_bidder_195_5,pts_56a7ff99420bd9bae285ebc7455817b5a0ab99dc1e8ab91dc50e8966e79c8be6,user
k6_bidder_195_6,pts_02a8c88563c4cb4d847f2705aca175a0cb27a49f4fe82446bf140fbca9c56019,user
k6_bidder_196_0,pts_15ae2d6d5221bfe033ca8fd16e2160faac3e8fd3555dd0b7ea333080eb22ca6d,user
k6_bidder_196_1,pts_b75cae4e1ff1ce362e6a2465d903035cbcdcaefef155a8ed4523b3f23c5dded6,user
k6_bidder_196_2,pts_9eb6138b741f1f8c50b2b4f38bb806169fe3cc6aae1c0de8e96b8029679617ee,user
k6_bidder_196_3,pts_03d739d44f0a8ec383f8dc312de1dd1a30431e92566086212de89b7779729f09,user
k6_bidder_196_4,pts_6cc6480022469eae63249215f5a48b608dcc49c68510a55d149ad86bf6a71fa2,user
k6_bidder_196_5,pts_a004bec27b0065118b6c0bc6edebd3158ee32019f0f22ca33d73114dee8fb80d,user
k6_bidder_196_6,pts_409072dde8d12a26508fb15d3485bec61b72f14996a5cf2c726732bab3d36565,user
k6_bidder_197_0,pts_715e1f9a8309ed8d622f45ed869c24d7060af29174a25baae8e06ddbe6e1c11d,user
k6_bidder_197_1,pts_b7789fe24eea0ee48a311dc6dd7cbca1ef58b77349dafa379b3c9d690ffdb6c3,user
k6_bidder_197_2,pts_7311e100d401a8248ecfe45b0332832990f01c399ffca7c9901bce651127c775,user
k6_bidder_197_3,pts_ca0d86a60ecb5d3a1dbf3adda670c512aca1cad5b311af083980292db2ed0bd0,user
k6_bidder_197_4,pts_3750654a46c2f777edb7d82a91a033af9d6a027c0724e629c2628c77b9338d93,user
k6_bidder_197_5,pts_6fcc78e54ccafce523c6acf6ea9d5410d1073e4e5fd23a1099ebb93ddaa2a926,user
k6_bidder_197_6,pts_1416437fbdb32d31d3992f45d84f8adc7245dcab50a689dd02ad1bdfdbd8323a,user
k6_bidder_198_0,pts_e125d5ac10be1f25d14507f2727dea9bba257c8691971b1d16f722933b1446dd,user
k6_bidder_198_1,pts_8bb2230624a4473c4c9f33aa7778fe7db9a28d266a53fad49127f43e8255c05e,user
k6_bidder_198_2,pts_538d8a9df1dcb143b76ffc1e6d39b7287f88ed342a764bce924356b7dad2af7a,user
k6_bidder_198_3,pts_b560d4a54b80691e609813f4ebbb3b0767319f750394356936e42d0153db155c,user
k6_bidder_198_4,pts_8bed916fb45a45fbaac2f1a99f8edd8d0d43c200328314f830c50cf2707d7bde,user
k6_bidder_198_5,pts_b4b227f2b4b60e2bfaf83773443200569ebd67a39562e32db423d7e1a3cda52f,user
k6_bidder_198_6,pts_72a76ddf6304968b7af6c3ec579edfc180b7136f047a6d537a5e159453a79b15,user
k6_bidder_199_0,pts_66a7aec9ebed10e33e687e6910d9dab8a60a5a0b7616b98135b97a0ea6d5472e,user
k6_bidder_199_1,pts_dda9347788d081c1983d3e0ae2ca9ea602bbf1f4f5faa1f912210f3a1564bab2,user
k6_bidder_199_2,pts_0ee1f4c61e9fc03ae5ef9264d4cdcfad9e4cdd8ec8cc3e02021509674f2f9ece,user
k6_bidder_199_3,pts_44f7d9187cf405c61cc28dd535dd94e4eb33f5f9301f2dced03211d11da1efd4,user
k6_bidder_199_4,pts_436cfc22d89b92ba39918aadd52bafd1ab885c6e767f8bb0fa0a833dd66f3e61,user
k6_bidder_199_5,pts_bdd39656be3db6f93f46d25fcef152e44308bb99742ab65cb52391c2abc161eb,user
k6_bidder_199_6,pts_8f5d191647583cf1a8bf8e444be06d3120abab78943f61156ff31d669edce41b,user
k6_bidder_19_0,pts_f7ea78a552ac981de934d4f005bbf1f9e2c3f4e78533028f33ccb412a64397c6,user
k6_bidder_19_1,pts_f3d91b5f14e3e880117bc704230168ef1e71794300a7b2271daa172f455229a6,user
k6_bidder_19_2,pts_2f0963990ab811e977506535bdbbab26539ca59303822706157acc9e073d5602,user
k6_bidder_19_3,pts_a2655844ab70e57bcf0ad9dddf86d2ae5d1494d5731790fa714d9e548369917b,user
k6_bidder_19_4,pts_7ce4e3809d68da86386ee1e0cafb18e13e131672504a06c242a00a220c698dde,user
k6_bidder_19_5,pts_045e4d442c294bda80070e1b72790977b5f5e03a8ae793c90809075e79b05118,user
k6_bidder_19_6,pts_319709c38323ddcc0e0e36bda0bcdb19e25f1eed14b84cf750deb7b7ece85390,user
k6_bidder_1_0,pts_13ebb099bebff890fe6a4201c7819070269a0e76592408504c2757f6eaa25e6f,user
k6_bidder_1_1,pts_f704b2cf69c8491582f2472704617bfbc89bfe1f02483fbec4c5118145df5629,user
k6_bidder_1_2,pts_0dbf3ce6d9f7d5427dd1988f0792f85342383de2b41a80fa91fc7cd62db0a4db,user
k6_bidder_1_3,pts_76c39cce0756475ca6c4ba9e005ccf7f637eb7ae412f1a7cf7a12f55b67ffc3a,user
k6_bidder_1_4,pts_6e8946444b86bfc4537160ae5036ab27de058fab8d374135583d909159b3129a,user
k6_bidder_1_5,pts_4a56cce72674ec1795da6bc706f5ce89bdfff4097c1945f591d56ab7f49e01bd,user
k6_bidder_1_6,pts_a747d8a34e43907acd4c1794af4a5875d601d1a2648b437d6b0352435e6587be,user
k6_bidder_200_0,pts_a49be35979555cb270414a6b4a255528c590b0ebd6ab77e7ccfd35751b715289,user
k6_bidder_200_1,pts_c7e0b85e09689dc17723781850e7c3d44df847a233d1ad26ffcc668c525b827f,user
k6_bidder_200_2,pts_2d3640a4c79c9f1fd41ad167d6d86bc93835f786372a35e8fb8766ca2d8a2a23,user
k6_bidder_200_3,pts_1c8000bd76558bab3a0823ece1b1654340d41b235f4025243627985ec065eb1c,user
k6_bidder_200_4,pts_d372e4587eb3ed6685ef6322d0a5ff92a3fd7ea276ea9e6e242a916d8f527b6c,user
k6_bidder_200_5,pts_5eb008384c1948c4fb981d45a8409b2711f21c28d662f004eefe4604c6936a7b,user
k6_bidder_200_6,pts_1df48d936614b7fbff731aae37de62b9bf941233b43f294a64dd8fddafceb518,user
k6_bidder_201_0,pts_224edf78925d782d4722d560ab532d2e5b2727ce369a37ae6021d530ea4679b5,user
k6_bidder_201_1,pts_ffb70071be7c392b1e1515cff7521d6e82a5ba563aafb175368f479c791a8d9a,user
k6_bidder_201_2,pts_2be8c989fa76559d4c052b461756a78f83289541f47892788b67fa63d9eb2aa6,user
k6_bidder_201_3,pts_1327feac77aadcbf79ee8e8fa3f7eec377f393d68f8aa507a517e3adb3e9f4a5,user
k6_bidder_201_4,pts_5aba6e0fc42700580a6adbad55abe11214651695410b40418f72f85b932978c2,user
k6_bidder_201_5,pts_72ab2cb8906899d89b347572a5d8f5dfbf3700b3a0eb4e3eab7ebf0b476e0720,user
k6_bidder_201_6,pts_38b376064701cd2328816e40627a8c99ad46b640d5c212085e7ed18c91e584bc,user
k6_bidder_202_0,pts_a40ba8676a21e797780211dd4e9a45ba97db0fca4f672b5831b0a587fc61c3ee,user
k6_bidder_202_1,pts_c43ee05841e8eda18afb58434c9edcb0696e121f5c467be6a913d6e6dc844bd3,user
k6_bidder_202_2,pts_b3eb7a6169195a44ed9f2963bcb13de976078776436cc3d0cc02cc6568433c9f,user
k6_bidder_202_3,pts_ebc71d23dbb76ccbd3a3787a9be6d9977d5301f0ff15895b80a7fb57fde2fcf1,user
k6_bidder_202_4,pts_19d85534650e1068a0652d83d7700fe8834aa1f38585073cd839bf7048f43477,user
k6_bidder_202_5,pts_7b6b09a0af2a33872b8770dd981f25b57ecb79cf58c8796d79a23ab33d74f1c1,user
k6_bidder_202_6,pts_0d65b4049b67f899d56fc150a4f05f2db73bbbacee6a3cd4962d2870f309fbe8,user
k6_bidder_203_0,pts_2ea63cab165006140a3b4639412ffdf7fc11a24bd62d6a8d951fb81f6a4ccbe7,user
k6_bidder_203_1,pts_1ce970c68e77c6888aea0bae29600701782c4fb11feadc2be176dcf06cc0c49f,user
k6_bidder_203_2,pts_f7d6f3857bd766d7277ea0978ec41b48e56e40b8a05c865ff7e956a4dde36d0f,user
k6_bidder_203_3,pts_d1ca16611b6ac91868818388fcf62842757dc0eae4fb5bba03898acd76eb7e32,user
k6_bidder_203_4,pts_c97cadb6df9170b9e657e7efe2cc45102a0db1962034317901207fba120d0bef,user
k6_bidder_203_5,pts_4189d2a59fa0abdf415f8c11f2b88342ae3ffd16b934c88f036a8ef1b6f4abf0,user
k6_bidder_203_6,pts_9c548bfb9e1e2c6a9fe369fc7b07804e3d85eff59eedbb3d4677143264915d15,user
k6_bidder_204_0,pts_8211f894208f817c65f1b54e437413763b4aa7b434198a931626c8bdc440c9f8,user
k6_bidder_204_1,pts_86ab4b57984e4f3b7138cb9452cb94948bf9bfc7c4d649c9a3eba1f5ce96d990,user
k6_bidder_204_2,pts_a2e3c4dd63ffc47a0a9114572e6810ebfc860486ac0b249b9109afb0eca7071a,user
k6_bidder_204_3,pts_41f005d1ac7d9331f3ccddbf166494532a982943e39c815d197f5c4d77ae05a3,user
k6_bidder_204_4,pts_c3ee54763a29f274bbe8627683b6f3e35bf99e074bff7621f2ba65435709576e,user
k6_bidder_204_5,pts_eb03cfbb5b9d3f6a4e377216dfed991287984ba775f9b0de892c721fcb5d0ec3,user
k6_bidder_204_6,pts_12aa86324a9c93344b71909cf9b5fcd84eb857d1ab70bbd75729576df1ff4196,user
k6_bidder_205_0,pts_2a553a513a3dd33f3683cd76cefd9aec238d18eced7518251fb9b33f6ac7ab72,user
k6_bidder_205_1,pts_dc785b17240d636cd2598566618ad1029ed108445c50568d9a60c7b67a8d2a78,user
k6_bidder_205_2,pts_77427e9203bb2a80fd809a831f3a87ec8808af4eb818aa32eda2938dcedc84bc,user
k6_bidder_205_3,pts_68969bd28095a721374f1c91a34ec8401ae6d889009a824193d73812e779ef02,user
k6_bidder_205_4,pts_fa162b24c81858b588737d89e3de91454ca6ce4b16bfa73a3f1d7a8f3cead115,user
k6_bidder_205_5,pts_ea1d1249fac0d2dc5b7b529ae454bbd1696c0061f99c0126d8e511d8e94920bc,user
k6_bidder_205_6,pts_73dc5760b95af117fa808481b98c55173c21eac17a45962fd05f2824cf962044,user
k6_bidder_206_0,pts_8f2be9212bc2c2431d146d6530c2fee5b7ba93c73135728e2ba2d9fdce347293,user
k6_bidder_206_1,pts_a902ec9ab45cc668106bf12ce26b9d55cf87e7b00d3b13f29657022895271abe,user
k6_bidder_206_2,pts_7425865b1cad17f4b227c621e1e3e4b994dcb06082e13213b6147c883cca6373,user
k6_bidder_206_3,pts_030102ab058b75493e89d1e45103a12b50152a96c2b1b04d2f7fa3b62d37e986,user
k6_bidder_206_4,pts_a12977b9b63ad77dc9c5c7be0c08513a004e4bceb3fdab649531dcf1fee08e23,user
k6_bidder_206_5,pts_c21661a382c6bb4486d2a747810a76fa465f110044ec1c289ce10b71095bff52,user
k6_bidder_206_6,pts_b0da8798d3a692407026e11fc8fa98ab52eca5e6e9daf91523b29f2805861b52,user
k6_bidder_207_0,pts_b73ba29d6d05772c2635bf7363cc6a2ef06eddc66236a16b1d44658a5656ab0b,user
k6_bidder_207_1,pts_f9a7b56ada7c1c88c5c66a181e9612427a9fb8e1a5c9e1c5b10ba8702fbf6694,user
k6_bidder_207_2,pts_44fa1ef387d060bf571b05d3645c022c3fa57cafb9647f9d17d936d398371d2d,user
k6_bidder_207_3,pts_9567ab20a37279a3430435b38238b378bfe0c2b2db7d2c106434a4f56acd752a,user
k6_bidder_207_4,pts_b1d4d9eb5c071e0b42468e2d8f37635d5f233e2c03e0058d8c806dae284c2e44,user
k6_bidder_207_5,pts_b6a78c8b630db858c1e0ddaf9019026789071bd62ccba16fa093722b29fe0883,user
k6_bidder_207_6,pts_7cf12732e211d0bb738b852ccc729a00d157c701ec5e405bcde3bffb9854783c,user
k6_bidder_208_0,pts_703fd8e53483bb9c407c8e7adbb3d9fcfac8bdc4dbc67bd094a2ab835950fa54,user
k6_bidder_208_1,pts_9fe9fd606c97f9e2fb8b9c2f30d12c4fc7b293e9c88472e6d5e015fd0b031957,user
k6_bidder_208_2,pts_6babb4a7e8d2d0d34262aaa13d7448c7651ea08486861fd3989c9c1402771a62,user
k6_bidder_208_3,pts_b20cb721a69a065260cdecd80d5410fdc5978ed47c4614d7e0455ddd7c5a34b5,user
k6_bidder_208_4,pts_fc2eb6e134ae7cbef1de78e7a459f40ceb9ffafa8f45f98f3c21041732e7c05b,user
k6_bidder_208_5,pts_10789a34ab2c2bd28374e5eaf640537a19ad226e146ed6c1484f67600d940ead,user
k6_bidder_208_6,pts_20251d60e68f840d160d56855be06f5022fcd8dc8b488faf80ef05569376e144,user
k6_bidder_209_0,pts_818f45764f5dfba14f9df8885e049983bb6aea969fa9dafb4dcd194d4a688174,user
k6_bidder_209_1,pts_2c05feb96707f32a05a287c40e8db1b0b217e786be81e28392e2345a1dc98375,user
k6_bidder_209_2,pts_7ae5788dc51b78a3811f6afd230a50ce762108cee347fa8104ae99bdf39ba814,user
k6_bidder_209_3,pts_6c9314e1adab0766a2880120ddc5ce95d582dfb80455d1dd9f6bbdcd357131fa,user
k6_bidder_209_4,pts_9143c8d1cf700d00123f80972321c2f04a1d1f0532e8388ea2dce45ea325f3b6,user
k6_bidder_209_5,pts_5916a6bae00f38c2019370005be0732ddd0b3f91c35fe85edff5d3c79b86fa7d,user
k6_bidder_209_6,pts_c48e27564784fb7e287005e56acb1ab9ec6700c3919a77228b77d7f8245622c2,user
k6_bidder_20_0,pts_84549a6053bada049e8faa5f175fd02cc7746a52a84bcc7e76eba103b81dd68c,user
k6_bidder_20_1,pts_8a797ef6b8b97f015c191aaa4db6f42a50f158da825c26e6dbdae6ec0d23e63f,user
k6_bidder_20_2,pts_570fbba8a89491c9aa52fa205e464f97812cfde2b6f3ad6f4b8227a65d45f789,user
k6_bidder_20_3,pts_48a98ac951ad7c1dbc4419dd878fdeb533c61be92debf71c6ba91c5b986f1ae5,user
k6_bidder_20_4,pts_f5343742889ad3faa3bbb70f96e70b11cc424e62362ef1f3f0217b99160e9dcc,user
k6_bidder_20_5,pts_aa2528dd8745a9b496fc2372d9b25d0d2f1749f442513ae94ea27932ac5b4617,user
k6_bidder_20_6,pts_82512890d11c38a8941cc821565640e9ae02ce5fe4489b767188e3448ed7b7d3,user
k6_bidder_210_0,pts_0baf6ec8d177c46fa65023658628ecadc6af9f55f52ed0b19d18195ddf2da55f,user
k6_bidder_210_1,pts_f889b181664ab768e36faa12d5d26e5a98febc2de9f0faad609284761d84c33e,user
k6_bidder_210_2,pts_c4a5be2f40a47028e1066a8661f13a06efba7c7ba336c72938a8c43f4afe3666,user
k6_bidder_210_3,pts_60d388b404039f9211f2440435e29362a720a67359d5ef4c012fc44ec1c0a89e,user
k6_bidder_210_4,pts_5da9aa895a58380fe1c26231ef45a5de66574c7bbfb65140614d9d0eec5f0d5b,user
k6_bidder_210_5,pts_b0d40a38320e936ef4daf0bab269bc7234dbc899693126d8432723c0fed83138,user
k6_bidder_210_6,pts_aa253127d1f63a64a2d8f79d88f8f0a4087105040e67263c484c9c61dc4cb646,user
k6_bidder_211_0,pts_081917a929f90b2903468d356f71edb5666e98368139490a8a5f5a1a0264100f,user
k6_bidder_211_1,pts_0cb0e45605946a869de0746086104be423000ddbe2789b9a5fa77cfc54abfe68,user
k6_bidder_211_2,pts_075874c19192c137547aa1276208bfe89ab1b5896fb402cb8d7cd6ae6ef93f5f,user
k6_bidder_211_3,pts_bf9140b6fe640e89733db16640c20a092a7f96921e3817bdbbb5bc628d1afda5,user
k6_bidder_211_4,pts_7b731cc44a0f0a5dcc4e929d2eaecc85fdee448e4b30f711edecd9bed43b61b6,user
k6_bidder_211_5,pts_192233c15e1372ebdb54587145b23f81d84f36887712310bd412c4a61540ed6e,user
k6_bidder_211_6,pts_e0b835ca9057bb0a3da8302178c77a6877acdf9302e1520b948465c95d77fbc4,user
k6_bidder_212_0,pts_69b95ac504fd86a9938f7e859e88a8f9b1abd0a1f640ecd20b9d32b5c9a98ec6,user
k6_bidder_212_1,pts_bc128e3fb8cb434e0f62325d04053984341825c9d8c217e7b47afeba6199da56,user
k6_bidder_212_2,pts_dde81e8ef3ddbc30b9b5ac74082a8875e8092b4a98fdad4942b13ed4c6b47c5e,user
k6_bidder_212_3,pts_20082126ceda8f29d147d0517f6811f0a7aee7abb1c37244fe77fd473ec7f4f9,user
k6_bidder_212_4,pts_3fdb3bdbff22bc2d5227306d36d963b55337273048e46de61b07413fac96755e,user
k6_bidder_212_5,pts_58512132a07e1ccbf205fee722db67430eebc90466295e2797f6f79ccf4641a3,user
k6_bidder_212_6,pts_60a25aad54c4613239e7f850a5767dbdb6caca7c9616085954320bb278378899,user
k6_bidder_213_0,pts_fc90718a3f050efce80a0e456edf1786a5f53fc87cf80cdf3b84bfd9ce926a68,user
k6_bidder_213_1,pts_b3c1a544bd6abcc31ba426ff10530460e63b53178abc1fbf2181236f7f8fa477,user
k6_bidder_213_2,pts_c46b8ec88ec4b884711c29dfd76a9978c231255a94fc7c8a15fbae3e93b5d30a,user
k6_bidder_213_3,pts_75d291c15dbae81db6cf7715c8c0af64f75beee3dc60b5e146a4351d10eb583c,user
k6_bidder_213_4,pts_bfbc177249084500fe78256909acbcff4a83f36bc385bc5986b882b848e3f2ad,user
k6_bidder_213_5,pts_e8ff2b33dd368117384e1d267d2931e6b4f60b794b1f44121f85d20ae935ba6b,user
k6_bidder_213_6,pts_c224ef547e5ef97f7768c65fc82e47c358212300f4947afef7d9efad1051195e,user
k6_bidder_214_0,pts_32ee913dcf7fe85dcc908ea3e1772aa4bb87c5b94eae69830f7566ed8130b7c0,user
k6_bidder_214_1,pts_075d2ab1a28b8a09cfd40dfc8956de5a0e6252a2e81453278a108401124f6680,user
k6_bidder_214_2,pts_9f205e3b84134d2509a084761ce7285cfbe673e0b381c2a27fb3277cd5c896e6,user
k6_bidder_214_3,pts_da59147cda9fe29b065f0693a8e1b4177945ddbc03e553531d06001a51b395a0,user
k6_bidder_214_4,pts_94ec8db754406a7b142cf68b28652f7b82ce685e6a7f772735577d5419df344f,user
k6_bidder_214_5,pts_2b2a9935da1be3b1a6b6094a1df510790f71e58ae2e8172a03e3285b7dbb6273,user
k6_bidder_214_6,pts_7e13737ab43e0a3410a18ba8f4ae66dade4e7f9340c2b01d654edf5e269a5b1a,user
k6_bidder_215_0,pts_cc1c86691479c236199dd877378107f54f426009e76f1b3888b35d2f9d1890d4,user
k6_bidder_215_1,pts_008b43a1e4340cabaa7365549a0e8ff9d1caca4fe646e35f4fae7c81904e57ea,user
k6_bidder_215_2,pts_c4e2c38ff7371767b7634479d3df8835d9a902910f4c45c10718f48e668f7913,user
k6_bidder_215_3,pts_55e11581b4e5959feb9b19f6801108feca913a5a0c67ec13dd35b3924bf21ad5,user
k6_bidder_215_4,pts_a8e12489ba302a927370be40ce165334d8c66e4e371ccfb7a60c8e2ccddd992b,user
k6_bidder_215_5,pts_1724e9d038dacf3510639b9e52ad72f48e269ec9e46d6cf2b5c5586bfff73fa7,user
k6_bidder_215_6,pts_e698750be93040d593289e6700c68cceeabfd516a61ba02f4b5e6bc9644cbacd,user
k6_bidder_216_0,pts_fe939167e5072e2dedea92ef9520aff0ad415dbc5fd0cbe0c0916d6a13718b76,user
k6_bidder_216_1,pts_8bc5bf6a1b7099985d8483ece2edf1ee066771a6d59fb250912901ee222081a1,user
k6_bidder_216_2,pts_585eb4225d4a2506cba67ad7d5ff9b64621d17f25196aa3cf7923a9dbfc3963f,user
k6_bidder_216_3,pts_44aa3f9f65d447f9bc4eef9e0191dafae973958957e7562a6b413c7d611ecdb8,user
k6_bidder_216_4,pts_fb1d6653e7ae876976b545e9890bc5fedbeb58beb96ffde8187d8dce3aa544c2,user
k6_bidder_216_5,pts_1cc8ab437f2097064601ac65462101723eb77f9873d7ea9125eb22fe81573814,user
k6_bidder_216_6,pts_1eda3c2ee7cf67fb445866d422d99a59bc3475fb87631d68327f429264d9b84e,user
k6_bidder_217_0,pts_3fd6c6b13fe9ca3d8dea673cce7bbeca7ed0199bad0a228898f7afd0991a35d1,user
k6_bidder_217_1,pts_af566d837849fdca4477b94fefd42d6b75bb00fd788c864283a6c0e808f26d38,user
k6_bidder_217_2,pts_aa9b4d7195c76e2b6358e7d3c3591c5b076ea5efcabf2bf963fc11295a33b1a2,user
k6_bidder_217_3,pts_741f714e808003f1b857847e16e3a543c3da94bbd2617fee98067917082cba73,user
k6_bidder_217_4,pts_f567c86ea3f9e2199f2cf767faad22b6bb177856b22aa1988449dd38843b6dd7,user
k6_bidder_217_5,pts_f1a5178faa64563bc589a1bfe61cb09f992499277f453302383e4e87677a73f8,user
k6_bidder_217_6,pts_331a6ba392830b4e9b82fa825f4023ede257a94664d17e8c4cbee14093c59930,user
k6_bidder_218_0,pts_476dfa5cb2c943309570ac5579c962b2274dff66ed5baabed2349872ed21a713,user
k6_bidder_218_1,pts_6f31857bd796d9c2d9e40b077223f38e15e355a3805fb747dbb7635660b307f0,user
k6_bidder_218_2,pts_61ecb83f0ebebdce2be2c69c3c5263f52b8a157f18086eb36ec9cb5e1dc051b7,user
k6_bidder_218_3,pts_c0cdf5d339b77104c1c0448eb8879c63f715640f706aea050d5e33fc37c81130,user
k6_bidder_218_4,pts_2786867a404f8076a85a3354cc983707b6c005cd18f3809d8f72081fd6a1bbc6,user
k6_bidder_218_5,pts_161271af2e350c80fd8cc5df69bbae0c44dfe0aa5e22b5f0d8fe09f96718f1e2,user
k6_bidder_218_6,pts_6f741edfa32d85b836a63e2dfcb563139ea32a07d5c6eb7e1a81870bb768507d,user
k6_bidder_219_0,pts_8333d77bcfca6f266234e41ede12b349cccb64cf5d02f41923d0a6622fac7715,user
k6_bidder_219_1,pts_899a752b3d142334c0a02c7ec714fc715bb87ec98cc49ddd78301f9f0d38a0ae,user
k6_bidder_219_2,pts_97e028f6a17b66632b6a4a0f1bd57ab68d993f797f06bf064fbc2ad1406363bd,user
k6_bidder_219_3,pts_f1bf26d2dba49bfe154abaea2acc0418addec2ba0f4f0726d087eaf48d704a9a,user
k6_bidder_219_4,pts_432eb74da370464e2fbe0e160ab57a2c300698676bc4b3e7a3e579f5c8e27c16,user
k6_bidder_219_5,pts_81d7c9307d154304a2f45e8c871b3ab29f17eca0353b4f3b14f265ac6fda6214,user
k6_bidder_219_6,pts_d1fe7684397c3c44ac2789c2154c661c022064947d7f551c1f40ac8d6f4b2fd1,user
k6_bidder_21_0,pts_1efa451969e30f0117bfb7f80460ceb54278ae7c7b35184a41331c6795d587f7,user
k6_bidder_21_1,pts_53b5b2a02cdaf626b8c79acfad462208460b9d9a474057c823ffb64b73ee36db,user
k6_bidder_21_2,pts_09660540180e7143c8f4e7576bffcfdd13293347b848c622762311baec8cd180,user
k6_bidder_21_3,pts_981106cd6c120c588650ec6b34be07374f992c95d93585b3b622eaf5446d2f32,user
k6_bidder_21_4,pts_a8c58bbff62c5db2d5ccce03b859b4fd81a4e19e3618e54c4ee8a00a0e32fc97,user
k6_bidder_21_5,pts_360b9f53051233ef7863fe9b0164699f5319a9da9ee4a5e0ff6070a782c6feb1,user
k6_bidder_21_6,pts_7532910efbc8be2359a216d59a8f4b5e489986d657591488e10f862456d529b6,user
k6_bidder_220_0,pts_b5bbf3a09cf94a077908dea9c64df9b31386fdf51b033a841113e559ce8cd119,user
k6_bidder_220_1,pts_511d1c11cfb4a4ee781dff4ef1240c24d71164295830e2a0d24733d2d04a4424,user
k6_bidder_220_2,pts_42ccdd4fbc4f5abc70f127d8f76e390dbdee955ff1cab4616bd5bf6c1570d216,user
k6_bidder_220_3,pts_9919735036bdf1a7a28c5ad81aef285e7f47788e10739dfd00a03c85ed1787cd,user
k6_bidder_220_4,pts_3291dde76e6f45275f631163f3ffcb26b0d0135a850ea92720e808153e2c8c74,user
k6_bidder_220_5,pts_849b5330987c06d7878e7fa555a9fca5a4a6354251d09e33885cdbb965ea4093,user
k6_bidder_220_6,pts_a5aa57e12e6af77cf72619281a259b2728827a148cf92b14948a3f17ff4bff6e,user
k6_bidder_221_0,pts_94f2495d4f85f026d421918fe8792920fc85a03a8c8d7ac103205896ee28c118,user
k6_bidder_221_1,pts_1985d58b2439783f1efa20b6f467a1979517ab5c8fcb272b18e3e3cfb72d2625,user
k6_bidder_221_2,pts_02b2c68f13ddb56ff40ba5cf8ef7eb01fe7f2a4accd44d6a7dfb21c82f7ceff6,user
k6_bidder_221_3,pts_cb6b7cd6a246c652f73cfccf788faef3448a3a10b6a1ceb3b986fb69037562cd,user
k6_bidder_221_4,pts_5acbecf10d0f01a3eca9d6d975fb59ea737317905945190979efb74d9262d020,user
k6_bidder_221_5,pts_ce88f487007e2d58a3c9f5ba4d024506f7b3769d254888bb0743bf4df086fb1a,user
k6_bidder_221_6,pts_89c9cd21e401129c45e5200ce2b75d326ccea1920b982ee0b09845b2241bc891,user
k6_bidder_222_0,pts_6534a2d0463dd2b914157761ed22b038c2709afa33231f4ea6f17f6369ccdf7d,user
k6_bidder_222_1,pts_65e2edb192f436d1b8cfd00693cc42196b19d2a261ac6a13b9ef41a46248b266,user
k6_bidder_222_2,pts_6e89213f0eb0986b02a824334f3ca8ac5c1d38f2367cc66e4ab8d427cdf55dee,user
k6_bidder_222_3,pts_0030661f8555ad59e3f2c780f944c585944b2b75d1c3f6ef723a4928846e79b7,user
k6_bidder_222_4,pts_a638b96a2f8e0927c5c27d4904c72574eed3e1a17e098d772c6b5787129b968c,user
k6_bidder_222_5,pts_94d47bd4bb3ec86fd0af6a1167143238103bfd5057847026ea0b18e665340981,user
k6_bidder_222_6,pts_dc40aeff6a68b76b74231d6e963a51edabeed7a297189d6d7e66b8c515d58b4d,user
k6_bidder_223_0,pts_6b4eca5a8da4f0c07eaef40b97874946f0150b47795d358b1e708377109f3d03,user
k6_bidder_223_1,pts_8237040dbe3041511eab5d4693b49159e4196f5825e4f04e65c9e34c2bb97a31,user
k6_bidder_223_2,pts_055fcbaf8764b4b5aa385f6beb1a700a3775a7e7951e389faca47513b94ddc2b,user
k6_bidder_223_3,pts_2b9bef715f80ccb5c6e88748e6c34f994bf58567913527d1c347adc1caa54ef3,user
k6_bidder_223_4,pts_90b601d6d4972db7b2e581582fa1530c4496f1146ee615a15e3d3d6fe0331d2e,user
k6_bidder_223_5,pts_793651c8920b755beb80ea8247ad774e5ac0da729a09e9b66577d158f2b725ce,user
k6_bidder_223_6,pts_66dab9afe98de0998b51a0603bee3d3f4ae69c262549247bcdf6119bef1e0f45,user
k6_bidder_224_0,pts_dd8b1e72b8c5010c975b579bdc9544d4767f8a15189e8bbe844ae7803b9f84ed,user
k6_bidder_224_1,pts_41e266745bd0b4bd3d4e305ec55b318ec00542187498334ce848fcde3107c0be,user
k6_bidder_224_2,pts_dfd48932bcd7932f5506e4d1d306f908143544b88635024ebd704d35dc826a3f,user
k6_bidder_224_3,pts_f0f81a859b34582e1b0ead4633544228a4acebba6610d5616de50c91e7510edd,user
k6_bidder_224_4,pts_9c4c931a896e88959c005d0866567def64000b489cdf9f4bcbe8a336f0a4e162,user
k6_bidder_224_5,pts_95779bc09784dad844fb0d4f2e3a41d483f6ba2068ca9f0c7c58833a6909d457,user
k6_bidder_224_6,pts_07dd5f04bdaab5687c26f6c1c4b1e615a5bf3a563e204bbb74bb1336e5ed3c59,user
k6_bidder_225_0,pts_ab159b26495b011f804e8c7daaf4c620e6271fa75e1f5a59f945a57beadcae61,user
k6_bidder_225_1,pts_5aec79a1e9aec1fd00cec3f7cd39c469f38f62482da7758c9dae2ee9abe9ff6b,user
k6_bidder_225_2,pts_86757656424ce2f8494d808afedbd52dc3c79c8954d5e89c9d28ec374131407f,user
k6_bidder_225_3,pts_ad604cfb8718f7fff7aa4ddcd3d1a8be9b5464b97cbf1feb7f09c56c38d344cc,user
k6_bidder_225_4,pts_100395a4cc5d8e962642d15b76f450ad2e5cf286314534cd00bb597a4dec9bed,user
k6_bidder_225_5,pts_8e07b71cba7a4d4f183a7fea5cfe042565c3b77d2afd38df8be7939f22459a97,user
k6_bidder_225_6,pts_7a24b86d70776d6ce1d60f77df94ce8a86d1e2041845a27d18f46a5b28f15a33,user
k6_bidder_226_0,pts_a2d55492d15e08a0d9566620b35c011fdbcecdd4a2485c230b833dbf3bcd6283,user
k6_bidder_226_1,pts_c2401772bb4c461b5bf4b89702828f631e0bc0f1c00cf894b553502e8037a586,user
k6_bidder_226_2,pts_3837e31cfa127fe9f95a488533b82341d78694aabf60eb82e1d281c8bf60d797,user
k6_bidder_226_3,pts_76e2e922bcd85de6248a6d4b1ddcfefc856cc8163cf86444be82d0ce7a30ea5f,user
k6_bidder_226_4,pts_11ea1fea2c9b83f49400f1c90a559d69e992a29fc50881b090088046095b9369,user
k6_bidder_226_5,pts_538f081513a1268881a128635f5c0cbe35916accdd415114fd6cb85ce56802f4,user
k6_bidder_226_6,pts_ae257b094c7145e7578c8736592279f26d575dad75a6ee707ec24df8633c0713,user
k6_bidder_227_0,pts_62ad27922daf48480f057b314363708f24fae433bb1c094b2537b25d5c8c6204,user
k6_bidder_227_1,pts_2e010ea6fad63d235444abf93bd9ad40e7d2ba3dd27cad37911d81b83a83b7f5,user
k6_bidder_227_2,pts_76803843febf9ae87d3ece66f2fae99ae1c5dbf7b296426213b51bcf0cd80a29,user
k6_bidder_227_3,pts_57528aa72df45a3acfbc9d4b304c2b4ced84813f5724ac6b22e25626df392001,user
k6_bidder_227_4,pts_038d9caf04d08254c5d6977a73a7d8c191681b2eebccefea8a53b08c88d0aed1,user
k6_bidder_227_5,pts_2fa4ef75b8fffea86c54348af26903d388b66a98f7d880ced91b4bcd2a2c6f65,user
k6_bidder_227_6,pts_7940edfbe149737836ac9a1d979bf94f85622bb9cf99e3eb125f3b2a1415d085,user
k6_bidder_228_0,pts_a3646b18f76a2b890800bddce9f8c7b0a42e4271b8c11de34ca94d45e59a3dbc,user
k6_bidder_228_1,pts_0ad5c4949aee3a2340772a82279aea9c5e594db857e5da1041ba7f4254a00c05,user
k6_bidder_228_2,pts_ffeb2126784b59c77dbbf37b83104f3d22327c11eaec1f5b9d715372809bbf40,user
k6_bidder_228_3,pts_4b3c41528db6eccc05b30a9211c3b67ffbf04d93729908acbe311b9ef05df247,user
k6_bidder_228_4,pts_6b99d999940c4d300a1ea4b6a5102b76af5721b045794e5dfc7e90305e73fdc3,user
k6_bidder_228_5,pts_b38383c76ab54632173f65934a15f9517f397f76a64e2aee53b13696236b8e53,user
k6_bidder_228_6,pts_801f748bcf5b432febcaee61e044b5219341f9ed0e7002d9aa398375a76c6063,user
k6_bidder_229_0,pts_7ff8572e70f24504856f9667148acb51fa1cf446dbe371fc90a93b5d248a8ce7,user
k6_bidder_229_1,pts_b5c5310ec249c079f4cd0e589ef8bb2828210e014958169d4140c69042d96d86,user
k6_bidder_229_2,pts_376e66223430bd6f0a4e35495a7cbb7db4600129401135e4b7023b5ff0c61b29,user
k6_bidder_229_3,pts_5ebe4c3a02bc79807d104a043ea4d26d3da0ad14c489eeda01f716c8f58a65d6,user
k6_bidder_229_4,pts_850c6fb30963106e5e0b211dce918d0f8cd068fba0827d3d4236d25ce80b46f1,user
k6_bidder_229_5,pts_29e441ff494d03e3e514216108fd1e644b74c6afbccc063acfef6363ba044b9f,user
k6_bidder_229_6,pts_ca2c066beee8461a88efce5270a76dc4b2ad8921d235ab5054a683e4cdd5601c,user
k6_bidder_22_0,pts_d5356ca4bf4326346d2e04af17a64a35269de78211d18097cdf6f8f27f8c2868,user
k6_bidder_22_1,pts_1c9dfd9741a9edb21c5d7af54ec240d19bfd8748d34dd83bcfb9b9d2b99f4d69,user
k6_bidder_22_2,pts_6e8935781938ebb7b828a266df1517d811216f35c855315063b4241d16efc5df,user
k6_bidder_22_3,pts_daab275be5635f8d3945cc0179d1dd91c91527d68bb777b34d69faf2729df5c6,user
k6_bidder_22_4,pts_8a1462231f1158bf0e0c4378fca6b2093db5e7eed8edebbdad114eae3e36e154,user
k6_bidder_22_5,pts_2f89c2acb6e0d27a08135f51743367f01cfffa3c0798540fd638e525b98e0d3c,user
k6_bidder_22_6,pts_e29c01fdaf93edba046c3e76ac4e07b727f218d747bef8326e05e76d31c7c499,user
k6_bidder_230_0,pts_7a2b1a6001b5e1fd473986215dab8afe9daaa4af436e3f660b5ed962fcc7e73d,user
k6_bidder_230_1,pts_a0ee15411e91a414373b9f6c6403b03f5888b6f14eb05dca89dbd9573bde90a7,user
k6_bidder_230_2,pts_08511eab98cbd17d7eb4f38357a9d93d391f876c709863c6d7bc404f09cd3788,user
k6_bidder_230_3,pts_5bc05a94f0a45d10d4b2d656701d655a8bf1306e756a01731af589eb403f3648,user
k6_bidder_230_4,pts_fabd77bb8c053cbc2e0e42830e9b8d7ff3721ef4f24e22947abc363c984b9466,user
k6_bidder_230_5,pts_119429207f57eb9687695747b7d5980d038b4e5b431fa78c929d26af4fb6b16e,user
k6_bidder_230_6,pts_22bf2ab7fcf1d57df70ce175f2e7b592ef139bd7a7341f30df16476747e55aa5,user
k6_bidder_231_0,pts_82ceae6462a0b73154652ad7862d23144043304b925232ad1b9e88bfefece982,user
k6_bidder_231_1,pts_357d1b43e6998bf55d92b224b3bb0724de05cbde6150cd3a9df0c67d749a887a,user
k6_bidder_231_2,pts_de05ce37e426e96ca0a3e31d69d4d1c6490ea3f00e2683d5d3447c17c750ec7f,user
k6_bidder_231_3,pts_d5d774e8d9aa44d13515bd9abc36e8349afe505dbc029145288be72dad9c6823,user
k6_bidder_231_4,pts_7b31807ba98211ffabe2534a8a45369cdb60d64063d8a51e210f31debb32118f,user
k6_bidder_231_5,pts_d1c86c89c5aa1fbf8df13892e1c8826d0e0a8202a58275d0019470df8b9ec454,user
k6_bidder_231_6,pts_1da3d3aa28c2a77a5b55235d8a147e0aec5028019fde00751d613a787638400a,user
k6_bidder_232_0,pts_fae35143507c9c9023f00130e024935becdb26800245254c2203fca4a6db420d,user
k6_bidder_232_1,pts_c875a096efb553f59c102fec1b6b9d7a03979e8d7a87c0a117ba8ca135b59ae5,user
k6_bidder_232_2,pts_ad5fea5c678d9fc89ff2424337df87c8058db51cfb4827a3219665b88d202d51,user
k6_bidder_232_3,pts_08826d7adf9f352622591fa222240252984c5af8d095f78457b047a30418c77b,user
k6_bidder_232_4,pts_a028b5e1702f1b3a063c706d5e42ce7caa84539e8972418c0316684e459a28cd,user
k6_bidder_232_5,pts_efc061aff4d600c0a2ca85d560c9d268ba5152fff34137e1c766d943f86870c5,user
k6_bidder_232_6,pts_7bbe6ea1d7457d3542fd3d0073cc519da5ec49daf50814536ca46a34254645eb,user
k6_bidder_233_0,pts_7cf6b812787a807a50195badf1e65010a78f2f5e32f4af62fdaa4f53026e460c,user
k6_bidder_233_1,pts_5d7267716146cd76236197237409e24a13b6f492f36c5921bb4143cc2f966003,user
k6_bidder_233_2,pts_d3ffa51d29f28610bf0ee3d70a1df409a695065843b44a8acd227b2c55dca8c4,user
k6_bidder_233_3,pts_6e2c8540bc5001d3b5c1b30ad0e5b7f01f5a2ce0a164887d07ea07e43f81d325,user
k6_bidder_233_4,pts_6efb9666dac623b52374b1f1abcefa5cf942301f32312e310afdbb849ef042c2,user
k6_bidder_233_5,pts_1068e699fde508a2794992544a0b3f234ff9ac1076d050830e4f133b8a762a1d,user
k6_bidder_233_6,pts_0c35c0bdb480ecf3d79d3b9b6ee9ea0fa9fa48ee1cef4c8a3a99633fe2c7e94f,user
k6_bidder_234_0,pts_3d805536fcb41ad810a1a8a59941527af1a5fa5d02ae626f1889dd3cbda3fb1f,user
k6_bidder_234_1,pts_1d1532183be63bed992b0671020afb79ecad9479c0f9a0cc83921082f9ed118b,user
k6_bidder_234_2,pts_a8d232efc983cfca59cf4d553a9d68fc1bad86cd239cf7583bb690c2e560f0d1,user
k6_bidder_234_3,pts_e6bdad4b15a825eb9bd6b060d4a274bd97109aaf37067a79a57e90e38e645652,user
k6_bidder_234_4,pts_cc355fe03a7d6d06da4383cbf33e8362e43439cfdff8c1d201989d87fb26fce8,user
k6_bidder_234_5,pts_8ca2358cbcb2e0ad08b6ae84fa4e65d5f2c01d2dc40ed1db7c4d9da7bf981405,user
k6_bidder_234_6,pts_3e105ed09a4674e4fba035946e4fd4903ffc28688392eabde8c328659f1eccf5,user
k6_bidder_235_0,pts_b8ffb6a838d6876d89104ceda0e4ffbfdc8c947e5779d05fa0245a5825c8a347,user
k6_bidder_235_1,pts_a88b27f5c8b4c64bf1cd359206bd687235593facc6b4375e8954e765d4bfc296,user
k6_bidder_235_2,pts_485b06834a027dc28d00d30b6d7f8a1ecdf452369b070b571074d921dff5f2b2,user
k6_bidder_235_3,pts_7f3cc79cb4040aba3ff1d81d296a8156abecb2bfda1ef9051d8280bdf31e66da,user
k6_bidder_235_4,pts_960dd1f310ec69b760ea28b92318da43242ba32a333889ceffa0b9516ec46de7,user
k6_bidder_235_5,pts_54d9e0b0d48565d87fe394cc8b70f089ec8080bf96949d32a1ec4d064b9492bd,user
k6_bidder_235_6,pts_a33af0dd1fc0d3bd5e4d5d08c46bcca22a01cffc3c4d11b7d3e09b2d131f2e14,user
k6_bidder_236_0,pts_15f73f2df799d27fd67ae564d6c7c3d80591f2a4a8a71c738679dce3fd42082b,user
k6_bidder_236_1,pts_ef360dbf083e7ba191968f0c050090a66177ef7a805fb53e822bebc06c539d7b,user
k6_bidder_236_2,pts_bdbf5fb3fedc45a10cd5ba071f6623af54af23282c6044e010d364e68d7ca404,user
k6_bidder_236_3,pts_ca3df13e45ce41c064293a8dfd8b04450f836eaca65b6d731532e70a13c854be,user
k6_bidder_236_4,pts_e336a63d8b09e442a191c9a66b37a00dd77c6078a50d2505071d65fa3ea5c475,user
k6_bidder_236_5,pts_cc58c74c08ad86aaa0fa3fcceae7cc96007839f80eba7e28dc96cd832d454cf8,user
k6_bidder_236_6,pts_ea9efc4046ef4f8621cd12eb0ab6e47956a012ac258da456546e879d47758e8d,user
k6_bidder_237_0,pts_0c28a3616bdc4a78efbe224dd15c970379ed2306367c80147c2da4f477745842,user
k6_bidder_237_1,pts_31256e5bb018cedcb0481e878b366802526b0de25957a701a3fd095513fbfa0d,user
k6_bidder_237_2,pts_1041763a1b4a83770edd9a1822df66a4dd083351e72cc0900871e619e917f2d6,user
k6_bidder_237_3,pts_b6f720a0c385736412fa35396233aa3c6b01ec23e9f2d7a63f7cfc46ebc7cada,user
k6_bidder_237_4,pts_b23678284294ae1c092b82094a7dd6b10ba70e022c1faa67579918029504080b,user
k6_bidder_237_5,pts_8cd6a292155717fed792f2f7739753c4ff1381e6f2c6c2c40326c6b9433da50b,user
k6_bidder_237_6,pts_8f8faffdeb05ac54bb654cf50790c44f732ffb5a1ebd87ba8812ea84206a36b4,user
k6_bidder_238_0,pts_4952a60a2b564b6c88da16898ccd148328de6a1fa9e8ed3da45c278e1a9dd438,user
k6_bidder_238_1,pts_5aedcff8228892a90533780ce30f040eace8ba87afdc2c1e0a6d3a20bb20a449,user
k6_bidder_238_2,pts_0412eb945965b657352a9c1ae7b55b3539dbd4efecbc66f02b2716f0cf5b2e71,user
k6_bidder_238_3,pts_dc2425fd6b9024cf7468a557f46d5583cfb65a3a5b9d60586f6be3ba67563b98,user
k6_bidder_238_4,pts_36fb8a6cdc8315e53f0f615b029404b70b8bae9b294900da702b7d10e5f85fa5,user
k6_bidder_238_5,pts_d699da9ce8444655664262c431a5b335fd95be33a89a64782027b53b71469bd6,user
k6_bidder_238_6,pts_c4fcc2156c23d7d037073cc356958b3edf83ca3809e0e4d9cb13d3ae5983529e,user
k6_bidder_239_0,pts_b101bfb715d1095e2a5df1f8f37af9972e335a9c48d7e994acd550568108e97d,user
k6_bidder_239_1,pts_0dce8c0f0c2ab0ab9ec1d78d1a878ba25867f7b3356eefaee603f146b29a5c92,user
k6_bidder_239_2,pts_eac5e79b019d51f42f5d68ec08f2a5188107045ebf7de60ed5e4a7649265e094,user
k6_bidder_239_3,pts_e9a457452e4c615d6d849c66af2bc9931333199cfc181be955d490a4cf1b2f03,user
k6_bidder_239_4,pts_5696d251c7750095f29d3849ab650e06cf182f4081be827291806256061366d8,user
k6_bidder_239_5,pts_22a6e2677e1e0aeda437488339f908ec52dfb0e026ace3ed9925a88e6f4b5d84,user
k6_bidder_239_6,pts_0bf123c11be56a19a98de43124e451c1f031d76c310338bc487ac57270fe1569,user
k6_bidder_23_0,pts_14e71c64793affd01afed3edc21b390ae079345775bbbc20214b966fea392d11,user
k6_bidder_23_1,pts_0cab138f3afdf89651594c20e69349c7aee15699e97a71e5086d0edf0d7f9dd5,user
k6_bidder_23_2,pts_6171854f821e07e5ce44f7561dd80e2cbd10f1f641d40a19eece38b114e304bd,user
k6_bidder_23_3,pts_ad82a76c825025e4125325d8c715e92107de7393e7e4e7b2b30c2d23ec1122b1,user
k6_bidder_23_4,pts_46aceb6430e4bd5e52c0700659cf105852972649362bba6f3f4bf61c6f5dd85b,user
k6_bidder_23_5,pts_7364a64b77b5071b5b4ef5376e8cdea5a29242d82195fcc7fef7b2099484ee7b,user
k6_bidder_23_6,pts_70618241d22fefdeb99145b1e5baec36cb346144fce2cc33be24e23fdb4d61f1,user
k6_bidder_240_0,pts_bb464685c249815b001bd7eefa6a1b87d7de588962dc5700d2553d37414e444c,user
k6_bidder_240_1,pts_4aff62c58af60e8e5d9c7e378479f8aa8ed372ebcd32cafe6f7d8b9cfd73f885,user
k6_bidder_240_2,pts_693f25e2fafb066c08d4194d164986f95f02d9f07d1cb5fdc0c555ea3d3c7c08,user
k6_bidder_240_3,pts_ff38dc299ff2fed57a7c767f902d4169cbd1ddd9e79a470444d0407e2c319ab1,user
k6_bidder_240_4,pts_30b5363eb94f626180e84dc699ed0fe85a9df5ce705d0bb26101165023143a72,user
k6_bidder_240_5,pts_ffe73ce13c4598cac3e2b3b744d1ff6c61f75b67798990a7318ca7027fda5e0b,user
k6_bidder_240_6,pts_ad81d5a0115f88804cd75a90d3b6e0e49aabfcf3aa65f99ebaca6e17a1a42aa2,user
k6_bidder_241_0,pts_de42d0d8d17b3e5d17aaea3937393ce4ed3c5f72bd08111a0b522290eda1fc53,user
k6_bidder_241_1,pts_c509d538209fc6c5f7c58935ea8a9e6e871daf03e1593af1ab21bfbd3373bfa6,user
k6_bidder_241_2,pts_8115d66de74c183b8cf671293205028c6b2d533f18e38b9eb7dcc00a3b4ef673,user
k6_bidder_241_3,pts_b2316ea7d5a437547f852ea88dda41ac95d15e2cd742084e0d0df5b1d03d7b32,user
k6_bidder_241_4,pts_6c3284f59d62a88d8b65c0b79303939edc9d1c6b9c57f48d35da174e9449619c,user
k6_bidder_241_5,pts_1f1633af12c94abca15c014867a67057f79c7708d85a9ccfb4ef5fb0fda34caf,user
k6_bidder_241_6,pts_2c3f7da0db600fa9c57c733b0e1f01f96dd7d1f4d2b85d29a921da31d1fc8361,user
k6_bidder_242_0,pts_f98a26083d33fe62e83f7f8206b6752bf3b5d4ff2d16e1e66207277e0b0fc8f0,user
k6_bidder_242_1,pts_9eb757de37b9c6f8012481bb9b264c20f81047785a2fa17e8ed5a43dc4b7fadc,user
k6_bidder_242_2,pts_5e1ef941469e87d825e07463c62559a3472f95e33f69d4ef03d942cc0c21da85,user
k6_bidder_242_3,pts_deac971f24024a311948c4f3fdf37d75145c693df71d48b06d2b289d6fd08fd6,user
k6_bidder_242_4,pts_2e3932af837ac7bd442f43a0d0b4dbb36cd22d01b4cb9b9a750de8d7137cdd8b,user
k6_bidder_242_5,pts_332b2828669da307471d935248eb8530de4e97922a832e78bb80d86e1512a8df,user
k6_bidder_242_6,pts_be6e1c760f85e7dc53761de6d105eb8be0d94ac3b19d22cc376690607cf65d65,user
k6_bidder_243_0,pts_87b7fb37692582ce257227560918fe55f9cfaf183b813be11170004da1e070e7,user
k6_bidder_243_1,pts_a7f20b8e2b087502038bc7ad30beb6bf3ea68934cf9eca22580e13e844d76eee,user
k6_bidder_243_2,pts_3577614f850f35eb4c751363fd9e5e9eea322360b6b93ae977a290b726df58f5,user
k6_bidder_243_3,pts_d03f7e398accaea9c71f704674f5e6c9ad76a2423e9ed67bc4574c9e99332296,user
k6_bidder_243_4,pts_d74f91211ecda53a103c58d97ed8b71437244b74c1eabc2ad97fa6805141ba05,user
k6_bidder_243_5,pts_131f3b7152383b5fd1d6df024d9134839447515191b93b45d7e2d63128729ff0,user
k6_bidder_243_6,pts_87955d4ee17322d3d13568b3759f03328eccadc416c470dcf193cf16277e2b2e,user
k6_bidder_244_0,pts_362dad58a681a6a1adc77f5a5ae17cd178d42d3f78b2485432320d9224a57f67,user
k6_bidder_244_1,pts_ff9c466e93ffb191e64e1710490cecce69453e69fbcf41d85ac1ecc53c65de93,user
k6_bidder_244_2,pts_8e281239c8378a8d24f85fb09d72a037a99e609ec197868e2cc95c7c9f8a6700,user
k6_bidder_244_3,pts_16f5c25f4773fd09305fed06bcb3d67f0ad38e9ddbdd108dd4315ff6f12b01d9,user
k6_bidder_244_4,pts_001d1ad80d30e34b3399cecdca6f223fb349157c2af08a17a0314d3686f670b5,user
k6_bidder_244_5,pts_793240d585052f60d1a7ce2717017441db76b038baa8aa20c8d36d1f44cfb2eb,user
k6_bidder_244_6,pts_a1d2e2956cfad860ea091c8e98534f24f2f2e7078186f805833f3d149506ae57,user
k6_bidder_245_0,pts_7de6675ca1e458a28e099db07e28ee6c8fd1de21c5a62bb6ff3b425f7c0dbe03,user
k6_bidder_245_1,pts_a6f265c35db9944aad8ee1f748686bc855da75f68b40c4cb8e50cbac2d9f7cbe,user
k6_bidder_245_2,pts_dae28d956be87f097cdaf4f249a26d68af0212da77e952f8e74b1f7c2d455cf8,user
k6_bidder_245_3,pts_c676130f516825fd670dd4f9893c741326f9ecaf857e9a314429249863c34b16,user
k6_bidder_245_4,pts_c9410eb903aeda8728299a7c3943a0d09c95bd68e9c3ce6feccd8fa73923f0e9,user
k6_bidder_245_5,pts_49527a6d9b93d29b0ee2c55539fadb0220be365d0936a68d4e3c10e218b75417,user
k6_bidder_245_6,pts_86a54e38e7dcd31c71562f3bca6d26c1d93dc1d1242aa98b1705cc9e64552979,user
k6_bidder_246_0,pts_8aeb61c84d8e10af2c7d5f9ab35fd4e8ba888b6842d7ecd7205ae14adf15603a,user
k6_bidder_246_1,pts_b708590dc42334a82ef1b9fe5d39eab2451c95750493fc3b90e9ed24dfe551f3,user
k6_bidder_246_2,pts_92ffc1bcd160222eaca8a2f0221b301dfff8acc1c96b3d2630f580332eb07cb4,user
k6_bidder_246_3,pts_ca6f1d0c1b3fbcd68a7de84f098238607455137fe148d56f6821133d5ed5f744,user
k6_bidder_246_4,pts_af3ea88ee37b08a2e17d14e2e3c90d68b75337a40b851f54d14a1984eb8e19aa,user
k6_bidder_246_5,pts_f4419d1be7e88ac60ea4bb6317bcb46dc5ff75aa70c43670135beba6a6ea1b16,user
k6_bidder_246_6,pts_5890a6371e00e81d586d3830b06bb77bed177f3e7d996899c56bdf6a3a2b2465,user
k6_bidder_247_0,pts_ba6465a234f3a18382fa70fb60e3e9a550e152ede93bf9289ddef369b9a3b2ac,user
k6_bidder_247_1,pts_58495cc8e153825786502685642e8ea5397072d7cc6b627a6615e156e84713aa,user
k6_bidder_247_2,pts_39a54711ad471a8c2c61d610428db80dc00475fb37f18cf3ed8a4c1419bcbb2e,user
k6_bidder_247_3,pts_0b8733516f9a6143b91eaed1b9f744cbd57a400b7e7e41dbd33706a16a82ffb5,user
k6_bidder_247_4,pts_f00a53e2f860af3c0983ff6f37bb5766515d25a378d1da8c81d787d97a02b5de,user
k6_bidder_247_5,pts_5221953d16a9d0cdce565026bc0137d253098462136edb713e367431bd3279dc,user
k6_bidder_247_6,pts_6d46e95f76f3cc9a64a28f2e8cec64a751dc8c3f6629c33c747c0afd7832966b,user
k6_bidder_248_0,pts_09df2f9e9bd79ff4e2dbbf8aa09f0bb6360cb28aa74e8ac3972a56a458e1c481,user
k6_bidder_248_1,pts_53a8233b5a10759a0ce6643786a521ebd71a3613e17bc89fa8f8b2ad0d2cd35c,user
k6_bidder_248_2,pts_7e8e4d3c5e219a71260e3cc0885fc81365f652a0080b1e9c274cc5bb9b229489,user
k6_bidder_248_3,pts_67136617e7809fb5e8d8801c3512c5495378344906a62e324ca74002b89c1471,user
k6_bidder_248_4,pts_a62f26d4465a8f5a2cae7eebfff7a4fc5f354d6707fed3dcfe40ff7ef8e490f9,user
k6_bidder_248_5,pts_71f575611c4a792e2e1c8b4ed7139358c928f639faa68bb184df5c1853d19b8a,user
k6_bidder_248_6,pts_a69c981167ac011a66d5681a132a1fe3e948ba0e9f6cd5bc2c00dfca87bf88d9,user
k6_bidder_249_0,pts_df6fc4070c365558211ae104f0495a35193738929867145e9dc0b060def83d06,user
k6_bidder_249_1,pts_e13084eb435d32645d4b379e67b86a4d6a612d967aebbd417fdd14a3104a8a89,user
k6_bidder_249_2,pts_853e8f7d02a27e3db919f7d7a3684ed28e93d3b685a6a56461a6861293467a42,user
k6_bidder_249_3,pts_e4100a57b88a53532715b87336ab250db22db97a92832ea46856ed9560ffef1c,user
k6_bidder_249_4,pts_b7d29294ec2cb6060454797b9824735740c371fc83bf8f068ba25e23dff8ad40,user
k6_bidder_249_5,pts_6946adeccfe2dd486df7a36a1102291a4b45debc530d468c2c7befc599660f2f,user
k6_bidder_249_6,pts_776b7dc5137fc3c2afd439d2cf8f93dcbb7ccb1c4fbb214a6311659cfde46c31,user
k6_bidder_24_0,pts_650b2172aa77081bf0756bc0b5270139e2097169ef2b07f07637c3d2cac760a3,user
k6_bidder_24_1,pts_f5630bc9c51998ed53dda296ac826d08c55722927656da69d44f59c398e3768d,user
k6_bidder_24_2,pts_4475d6d4bfee147bb02d8dd61ee970e6ddde84348c70983ab1d7a3e7dd157af3,user
k6_bidder_24_3,pts_1b8567a2c25cc469977363c7acd9a3b486ca033076f7dae4b94a95f1fb947892,user
k6_bidder_24_4,pts_e470d2e001e90ab3dfed1dd917a0109c3d7a997e7e69146d46c320146fc6d864,user
k6_bidder_24_5,pts_0aafe96fe1160175db0f7f1862e32ca4c1811e58d7f4836ae1a0e5de82e7d004,user
k6_bidder_24_6,pts_4312255a9ab08bbbaef033b0c7ebd605dcf90f8e707fe24461e95eb313387ceb,user
k6_bidder_250_0,pts_3909b6b2c7205700447f7bf82acc65dfba3caa5e9b09f42191366f4dafd14b2b,user
k6_bidder_250_1,pts_1d9afba2d007384a7d60e14281d2e4718409a9fe5ffe526c88bf5f2b77160761,user
k6_bidder_250_2,pts_0316dd7af2aca089cf0b2e083867535205842b79ee3d5893d6f59a3a54023214,user
k6_bidder_250_3,pts_cc6c3adc6a70479e27ae887da607ca7b80db350aa71a5d011ba1dfe57a4584f0,user
k6_bidder_250_4,pts_ebf954ed2abf9f53e1664dc1d836a42d3c4299dada0d1d4f1bf11852e3557608,user
k6_bidder_250_5,pts_efc9c2d042e057d23b9c21383049d56d98e0d5ae44ff79a581fee52435c167ad,user
k6_bidder_250_6,pts_fd7ffcee71d7f65dd80f9d026c576fbb134163d54d6090689f2580133c407d9e,user
k6_bidder_251_0,pts_7f25da481f664481570090dd5c61a10c54c3ecb694a8877023581326d9e6208b,user
k6_bidder_251_1,pts_f10dbbd0349ed9f11f448ac1c0f708b72cb80ca06be2fddcd5cdc5ec7bb2a45e,user
k6_bidder_251_2,pts_dfae982425025f71edae0239719d783d9e07c128e4240476480c12fd4b143633,user
k6_bidder_251_3,pts_b2ee0ee451c5bb06010ad870c50a82f14f51c40c3608429997a3a03bb018d969,user
k6_bidder_251_4,pts_6a329d9a79de6f5be0fad037c868db30b0c0b585b6f97d3f5501a5c1a7d46871,user
k6_bidder_251_5,pts_cec8aa786f8c4e42475dc65df4b45137343e066471c6aa173bd1aee12c43ea98,user
k6_bidder_251_6,pts_f23b6113517d6620b91912516ec610c9742411b1b2894610ffdaadecfd60812b,user
k6_bidder_252_0,pts_34e55c90068bdc43c93b1469ecfa99d53f8432ba8bc5acd68d550e1fede49610,user
k6_bidder_252_1,pts_409e957976cca123e38027a610a0e3048cd48fc2062956c062499e51f364d2ed,user
k6_bidder_252_2,pts_1e7651849f6288b8eb59656efaba145e26b4d46d6f713324501def5713ce320a,user
k6_bidder_252_3,pts_9555de2f6142a63fc98fab4f76b79e0d0d18146b3f4f8997e41717a18f5c770e,user
k6_bidder_252_4,pts_41675a764e1d9c11c59d93b82293ecbe11a12cf7f39ea32a083ddfbeaeec0031,user
k6_bidder_252_5,pts_6258672a6ca24182b51070d8843b7469d05794ca0fe818eda749bb3ba878aefd,user
k6_bidder_252_6,pts_7ac3cb4fb348718de147e17bec8831ef8ad8e876e3329a934baa1fd0bafc6af4,user
k6_bidder_253_0,pts_f5da4922d2148bd1553de87210a419a8f6c7362be0f2c430b00b6860f5b7ef7d,user
k6_bidder_253_1,pts_58820e5647c4a4800301e09bdb24074c6df13990a00668b91247289e4fb12c98,user
k6_bidder_253_2,pts_8605b2c193cc1912b40d7bfbcf4667885d1be7a6e2acf100b1f923270e61ebac,user
k6_bidder_253_3,pts_c708b5b0811d47d6280a8743ff34335ec4f78858d860af9e940469df13451ed9,user
k6_bidder_253_4,pts_2140cf233ee3b67b503606f53883933061969ca0b576a3b120885da92015656d,user
k6_bidder_253_5,pts_807a2d90b96adafb5e914c731f99b36d460d945809a4b5b3868bb66e9323f4ec,user
k6_bidder_253_6,pts_0efcd4f1776cb4d7913b697720a0f0d95598d24fec739c92707d26a2a11eb7d6,user
k6_bidder_254_0,pts_efdacaf1e7b631955242c710149651477bc6eb4486da3d47dd9ec3850c0561d3,user
k6_bidder_254_1,pts_15d2eab9a7724249d732844c81e06ae248e264138634de62c6d1575f0c85cb45,user
k6_bidder_254_2,pts_3b620fb77beca2dbac9156b8d295a45b0e0f9fe68c4ef9e5fa033a26c2e3174b,user
k6_bidder_254_3,pts_637181cb337ce749a989e3043eeca4a65c2b34dc577c0242d9b3b39516983f0c,user
k6_bidder_254_4,pts_e384f80d9c39982a06a98d45e9f5d520c764d1af735ba88987dda9e725635ae2,user
k6_bidder_254_5,pts_c5acce531ca483eb40fe762a133c3783251286718022be133fa9071e298690ce,user
k6_bidder_254_6,pts_60c71de0e418230483e390ae5f9bc6c7ad36ba359755a30f42b9ccb75503385f,user
k6_bidder_255_0,pts_6c1b94a85e3b8e472c8e79709db709b0f91c2a52242aa7e4ae53e4095c7cc285,user
k6_bidder_255_1,pts_6d79591744a81bf6f2d5d89e6c923012eb2465ef3e422ccae18d68dba6e57342,user
k6_bidder_255_2,pts_cbca4dd6350d514d5544925a0cb2c4b0625cca6b0b722c7eaf7a09c717f5fe2f,user
k6_bidder_255_3,pts_ad63efe62a756ecac6f0eb0710b087d1c29a1df98d839e5f51f8c099e6cbf302,user
k6_bidder_255_4,pts_4c8d43c2a4aede843a06228e1f822eba528f8f61974685c17be818092d4fbe1a,user
k6_bidder_255_5,pts_3484bc90ae1fae02105327bea0c75fbbb1bc65642536e86a40b972b4353fc73f,user
k6_bidder_255_6,pts_08bf7be6c71920c2b2a243d5c014a29028db8b43cc71353d7b92fc28f236d109,user
k6_bidder_256_0,pts_75fd8d74c1a6a7d7f0593e52aa2e40ab7125795fe0a042681e8d9678d1fe01ad,user
k6_bidder_256_1,pts_bf02c6b190d1d49041c732eeb42d1daf1b330b41dfc3f1ca74200d16c0e2ae0b,user
k6_bidder_256_2,pts_05a85c91d26475407ec71b0d037b07b3d7dfa07d3f3e6c28dd6e7763e154772a,user
k6_bidder_256_3,pts_5cf685be89c158fa91fbe2c7df5e245d936c2ca15b456428d4e9d7995db2dfac,user
k6_bidder_256_4,pts_1d008f3520c8a9142ca793fd2f122e9cd62f2ba2deb9237cc13ab9f647e10e88,user
k6_bidder_256_5,pts_942255b30919272cb6fc640783fa84e2ef99b784a58126339b4b8818be270190,user
k6_bidder_256_6,pts_9990c655619b73e4947beac2649f94b51185651f1fb0fd5e47889689a104b2d6,user
k6_bidder_257_0,pts_68989a3296fec5d4704830bccca9fb7e3068beade7ef8e4c9d81d1c0ea968420,user
k6_bidder_257_1,pts_84d58a6cece6f92ecab35fb4a8a258f4804aea81b2b9b40889f3ea759d4c409c,user
k6_bidder_257_2,pts_96956d413a579d3e7daaa8f3e7c76fcdfa78445bf7cda225f72e7e012fe70b45,user
k6_bidder_257_3,pts_cec231d47027d9794d602a57d3c5a6ed1c2bec33865be42c5f39be143a53a25e,user
k6_bidder_257_4,pts_2fe1859b0931f5e6941f747955504166e74f16f32377a67610f6dc0b8b3cffbb,user
k6_bidder_257_5,pts_568c47f797b2d0c87157e7fffc532d0cd8692b5eb870031762b2c41d1e28e8e9,user
k6_bidder_257_6,pts_3eeb63e7d2e60dc4026fe184de08a357c716779f897eb89c383653283bad459b,user
k6_bidder_258_0,pts_9a2e0a8ecd4a30a59570eac05b459c652af4198a1f313113d7e9c29bac8664b5,user
k6_bidder_258_1,pts_68c1fe07576383280d9a4b4d165d1351ec6580de366641d5ab9bf7fd3aefabb9,user
k6_bidder_258_2,pts_852bdc57846eca0faa910da5e1bfacb1cc5a79882eb6c6ae9bf1ddb4db5eb93e,user
k6_bidder_258_3,pts_a256d57cf2126faf2b43fe90f907a3a07b5ac54087458204140a95b18f1010c4,user
k6_bidder_258_4,pts_10fa17fdcf41abd68df638dd1898f2875113c73cb1d4b05504da580555f5e270,user
k6_bidder_258_5,pts_42a9356414a5085a2fbe0ec1ab44e954bfd6d601597cbc2f696dafd38b11112c,user
k6_bidder_258_6,pts_a0f1d6ac683ca313a552f0d414036da0ee85dac51a2a9fc8bb56382592cf3260,user
k6_bidder_259_0,pts_33742fb9fe2b9b5cd563041a039117481eeefc52b059881a9f1242b123b843ef,user
k6_bidder_259_1,pts_ac53671dc0a8ca628fa64c6ee11ec4333570e8e5a2e5f9805e3b1ff7c69b5da3,user
k6_bidder_259_2,pts_81692357b7cf9c8bbf65175c4f7fef22cdfe98e13249378e0e96d7eaafd1f892,user
k6_bidder_259_3,pts_3829031b5164fc51a4e620754de0d566a6c190732d18c82ac75bbed41d4c5445,user
k6_bidder_259_4,pts_17cd5234abcaf24e3e74b86eb62a543673a51c56d8de8351a86b2f404367402e,user
k6_bidder_259_5,pts_f0640a63b1007bab9f6bc75f116ac63b18af7e9607c981a8589f2bf8a1a8925c,user
k6_bidder_259_6,pts_e4012ee50b2b250f83afcd65733335c37f93741bd7f1573512c16c1e2d80a9af,user
k6_bidder_25_0,pts_eed27656c9ccfcdf4fc9db5a4e8c6efe35cca7dfdda1ba19df6f042055204629,user
k6_bidder_25_1,pts_55fc6cbbbe347459e7dc947fb0c7b54823dd8f2ad54247a0b887c76373604e72,user
k6_bidder_25_2,pts_559c35eea5c9b9d9e0721dfb8e5d3b344b498063d6b8a0f68e25fe32c3b3b87d,user
k6_bidder_25_3,pts_1e309e3ee1a0f3225c87d765451f414ead360a37dee720d16487f0c56b230fb3,user
k6_bidder_25_4,pts_c21b80cf09a06bb5d0c6bcdf7e69f36466e7c87abc36554119168acc5a192c4c,user
k6_bidder_25_5,pts_73be4157a808855215b407e500a5cdbd31a98b878fda300eb3f23f2401d73278,user
k6_bidder_25_6,pts_11f0cf7a254b67f6d81841ebd5aff168ed46561542eadc56f912a993c867997b,user
k6_bidder_260_0,pts_4c6374e77073e433fb79b41aade0eb2632153a7d5769a01c86ae603c3ca79222,user
k6_bidder_260_1,pts_44bae0f3933ac3d1284247d358937e10e553c493b95268b27e55a590f8f4c440,user
k6_bidder_260_2,pts_1b9dc33208a6e73faf3cafcc0323da179a1ccd0b9057f2d62547e5a260f6013d,user
k6_bidder_260_3,pts_93d6b586f5e1b8be4393cde8af39d42e9c7110e71afaf9f2d758cf7ab0b7ddb4,user
k6_bidder_260_4,pts_384c6fc527a7e7e2dbcf7793c36ab799cc4db81443a692c7e61d11c67366db1c,user
k6_bidder_260_5,pts_e4971f5c5b672eb6de4fd5298f6337d376150d7af42ef1d310b2b35971934eb6,user
k6_bidder_260_6,pts_6fc112eab1db3a6e0af33d362d91096d686438c0992baf988c4bc850eab59514,user
k6_bidder_261_0,pts_931919fbc70fc77f6ca731d3719c7ee84501a14a84a9f874f083abc1014e87b5,user
k6_bidder_261_1,pts_8a8d842ae9f27ad1b58d9ac33d552981f46f3065e130eff3c053210d2d629c82,user
k6_bidder_261_2,pts_915e891e17797f91118da8c5d474ce91192788480b2588dfe813a04c0fabbfd0,user
k6_bidder_261_3,pts_4c197b462d0ed3fcaa75b0e10d05bad3db29c4cb7faa89d49b3905f555c10330,user
k6_bidder_261_4,pts_ead1ab1edeef74826bf76481d25ed45c4521ded58d12a76155f11fbb8fbd4df7,user
k6_bidder_261_5,pts_3da3393a18fc161671a8768760f45dfc4d3e67065f2586f791f01a25204d0bbc,user
k6_bidder_261_6,pts_a6bece227bc1857bdba2cb81bf798c7801ad2d93be3eb2500bed95678361beba,user
k6_bidder_262_0,pts_7f394f9f7da08e172e53a1c42c5c10d23dceceb6f9d7b7dba0b6edf9b5343eca,user
k6_bidder_262_1,pts_54cdbb1740f5287277c3f93596f4bc2c5a6d25a380ecdcdcb4b9ca372f596385,user
k6_bidder_262_2,pts_80a4f23a1162c4a23c8c8d4ecb62c6acf596ccba614a7ed21c6853a351028131,user
k6_bidder_262_3,pts_62fb925f963881b0e4fde1450ae768760961ca49a7746a7695269f2d926bb2ae,user
k6_bidder_262_4,pts_5da65fdfab28e36b791a97a0ddeb094589d6500e8a002677e073c0e0c2c9a49a,user
k6_bidder_262_5,pts_39e49b1665fda7db01c6f306c338a4b96f5330787c89c2850310c5956ad5fd99,user
k6_bidder_262_6,pts_2aba9c22583e4bb94b59f6a6ebeacf234779f6a383c7572154384ec4d2f15493,user
k6_bidder_263_0,pts_48f303c538b1f2784afc28be3e911eb1ad60d477de80a0b3e5e366432d8bf846,user
k6_bidder_263_1,pts_481483d6a0dc9edea8253b7696f56bca9d647bae864cb9f5fb89812a5d5cba3b,user
k6_bidder_263_2,pts_9b74868ae81c92beede91031b3c27aa2f1be856c261bd6296ce3258cde000f65,user
k6_bidder_263_3,pts_a5d88cbe67190f66f3b7d4909ba5ea775046cbbc8be10609e38bf03fc09c2408,user
k6_bidder_263_4,pts_90b574c4cbe0afc377979bbd34c12c01f598e0ab9be57465515748da948e17d7,user
k6_bidder_263_5,pts_408bd9ffaf9794e7f91c890c0635ab6216b7ff5d16c9d6057fb372dd7f569fb5,user
k6_bidder_263_6,pts_079ff61f254d1c217aa33e7650884e1dfef90b5993b0349bbfadd3a758d298bc,user
k6_bidder_264_0,pts_13d1f3bcfc0fae386f3f7bf8c54b3c32a940b15a1a18e9789ba3dbbb26cb9fd2,user
k6_bidder_264_1,pts_06d001f6eb7d01e2d54a09935b4cb47d277086470d4e178fd0a7e0d1b278f113,user
k6_bidder_264_2,pts_1be84e2c9917c0ba75aff0bb7ef87101e3498907189650c4645882a41597c027,user
k6_bidder_264_3,pts_c941bb42bbfbffda784869cd38ce2b371209160695097e02c186dc6fc27323d5,user
k6_bidder_264_4,pts_edadb2ea7e098b534edffc612b2fa0f16d60f5690cdda9b245df6f9650153e2e,user
k6_bidder_264_5,pts_3b705ed8a65f07312a759f9c86a853dd25b2374b8d4d20186d0e6ad2c7ece7a0,user
k6_bidder_264_6,pts_58e29be74c65de42f50e0ad28ca62cccddc42df6ec6f70bdd7389d134c4eef23,user
k6_bidder_265_0,pts_cb31a138122fa4f128001cbd64d27b40aa06ac1bcba30f8f1e689699366dbbb2,user
k6_bidder_265_1,pts_fad3e5baf1722ab132aec20bb157da56cb9538b462166be40fa4507b2ddaaa84,user
k6_bidder_265_2,pts_128b78370a35d61f3fd3e595ff1177ac5931aa2b1262a8729f52fc2d003b3791,user
k6_bidder_265_3,pts_c1a863a46e89761d4d87465d0695d9f499a0e664655e0d815efb23eb0dd2174e,user
k6_bidder_265_4,pts_e6b08c7193b4e7436cd03c6be0682831d59c849db44a35505f510ae06473554c,user
k6_bidder_265_5,pts_46341263045a154dd5fd822dff1fca3eb682cd19357767e94e37618745f9ced2,user
k6_bidder_265_6,pts_fd1b7355b7dba23620a5d63344ebaecaca15b8c2f3b12b4e82361af3b65efabc,user
k6_bidder_266_0,pts_bf8d11eae09a239383c01961fefec000c98e98a01aa201109e4bd8f1626f71e6,user
k6_bidder_266_1,pts_435286cd5ef5f481de6b2aab53edd47735bb8829ebfc914e8bf0c9d159ec7e1d,user
k6_bidder_266_2,pts_dabed94e2bddaecb70ead1450ea968acb0c8d05f72ec9c41e9278b26184be894,user
k6_bidder_266_3,pts_b82414ab76bff70fb624554ddb9fca514e08217d860d6fad90bea6a9aff43955,user
k6_bidder_266_4,pts_019a68ce3a91bcbc32e90c784777f570559f1087c98f12068a45e70e6fcd7273,user
k6_bidder_266_5,pts_bce234c0112f5a55fdf6d117662d3ace86a98dfd3d0aa57fc096b15173fc0181,user
k6_bidder_266_6,pts_184a881404a5080af30ad8e3cab41d04bcd62518647c5131044afdf366855f68,user
k6_bidder_267_0,pts_735a1b94883d9b3e9d0c6e6fbae391daddb96a9a77d7ed8aefbd6fd5ab2b59a5,user
k6_bidder_267_1,pts_8ff6e644b2db375b439dead924e1476622a62781cb4b9cba82b8566907a53215,user
k6_bidder_267_2,pts_74640cfcc37300b0aa121938345aee940f335568927ea4eb96a10687ca4adaf4,user
k6_bidder_267_3,pts_2543889f0f05d926867f3ef77509c77dfa9be2025c9555be04fc7ed557f31f99,user
k6_bidder_267_4,pts_901dab2aca343257c67ba13c7fc8ec48a356b4dd670b28574b599e4ab1040186,user
k6_bidder_267_5,pts_fdbc9b0f546a354606a3eac3279f9303d6d29f9355b0a52fe728b566af491fd1,user
k6_bidder_267_6,pts_e76a72ee263725c73909e80b5b08aaae629ca92a6110fc806d3f36abcdc26c07,user
k6_bidder_268_0,pts_e5a00187ef465eb105e74f08737d923f01a8fc44d1ccb32a65ddc557bbf951ea,user
k6_bidder_268_1,pts_72236b03d6629b126462fa9907e64c3ee9378d4203b5bbe944eaabae9ff072d4,user
k6_bidder_268_2,pts_107e0ece18aa1e8bd16bdf076e1dd9f97802af4a5763d4dcb25b8b7a04d0c3db,user
k6_bidder_268_3,pts_62c707527f3b67ae03cfe7b1b523ac0c3b5311743ceb0674cea69f63ec87b367,user
k6_bidder_268_4,pts_db1fa7d5a6772fd7793b4e1ccdcfb7cccc2885a158d5c2bcaf3ae666a4048730,user
k6_bidder_268_5,pts_354be263cfe596c04755b74482a59f65db5b958806d883e872d39547552a998f,user
k6_bidder_268_6,pts_2329c35ab9f58a19eb256763cb4533899285165812b1a10eb2bcb6b0f6bc9b3b,user
k6_bidder_269_0,pts_f72f3793b814f43978eedce0533363344a6402be2dfcfbbf81b63621a92bd811,user
k6_bidder_269_1,pts_ff25bc9a19b76b329b49311721b27c53a8fc426e5e01d54ac978e34ce907ff82,user
k6_bidder_269_2,pts_6cf079385e3e864b5485392dde9afd4bb0e77e02bfdb1b2ac141fef1c04f56c2,user
k6_bidder_269_3,pts_d3ce936af2041e58306d81e76051987d8fdb58e4c47940e33bbc12e83dc6e1a9,user
k6_bidder_269_4,pts_dcdfe77112930a50305fb8e2f33da786f106e1eb052e795a910c1111bafbd136,user
k6_bidder_269_5,pts_05c314d14f30bb9db51a8d47293b0392d2a7b1ffa9a2b8dba5c081a341778221,user
k6_bidder_269_6,pts_0327a60a8ea9473c44904f8b86aae99a5ff51cfe46299bac443e9525a012f970,user
k6_bidder_26_0,pts_c47ce2d50c8cb0846ada3e3fda93f0575ad1514d5fd9f2d9b0dba43fa2519140,user
k6_bidder_26_1,pts_52144135f15fd45b3d891cda02a4135ddbb693fbaee924a1a39bc013c42d91da,user
k6_bidder_26_2,pts_84b310a6c5b4dbded33c4d15d882e416267bd2bd954f208dc10675ac362b9327,user
k6_bidder_26_3,pts_0848e682c25b864240b79add858ac5a627cc8fb1f6f319de8f2da54102e3c00c,user
k6_bidder_26_4,pts_11ce9227070144ec88e9edeebef00a4076450ef7576250f47fd696908a4b37e4,user
k6_bidder_26_5,pts_176ee223ccde5b5c0c254967a492db60c5d8e405308cdd6f6810c9f5ec845774,user
k6_bidder_26_6,pts_0a6f0e19bcfc8b596227fcafeb2f728c76047601d00ff3cdd83bd82415bb747d,user
k6_bidder_270_0,pts_27db4c210571f1800ab85ab19f2ab53d5d4ed3730dc24b5619b88371ad1ad5e9,user
k6_bidder_270_1,pts_0364c8ad892c60e3ea0bd10e11d8268a8fed94b6edeb9a083cc322aa3f65f630,user
k6_bidder_270_2,pts_dd2044e565e97bc20a1f08f9b84bb571869043c4b85d1b7230cb0c4913257388,user
k6_bidder_270_3,pts_f5549ba41eeb43e2954e965beeebf4f582bc1cb6859c39318e10415abc3f373f,user
k6_bidder_270_4,pts_cc03f1c3b729438d63c4d2e0d46ad2a89f31bead1614d3d9f2f592a84b28479a,user
k6_bidder_270_5,pts_3deb908c9a8e2bd8a44973ce0905eab955a1985c5a844f028a5176bae9aa556a,user
k6_bidder_270_6,pts_86de00b7f97591cecb051cc388c87466594ff5232f8edcb708ce717506886688,user
k6_bidder_271_0,pts_9f7e12656078a89d3e88b482ff1258a9083e56407101cc8431cc8d49efe778c1,user
k6_bidder_271_1,pts_c99b46e7d3783b0fe8cdb2109cb971b9b48d830dbbf410c12fbdb6a79a75cd1b,user
k6_bidder_271_2,pts_d8059862ee7f951d0bdc5a89db897061591022891e26cc46ccb8b177ac81fbb3,user
k6_bidder_271_3,pts_c63965cf63c666fdff67273a5c6c9c2a191e170b8c13ae5eb49883bfe744c9a9,user
k6_bidder_271_4,pts_2c064e90afc573d28f8a04fad2fcf327c07ad7ca596b8ead64cbbd6cc7c18a25,user
k6_bidder_271_5,pts_b0da38b2057cccb5e2d4785a2e0d2f5bab5824b04e34183f146836f0992eb996,user
k6_bidder_271_6,pts_580850765f3808aed1af7cd77b7a913c1a95117dc51c4f02c80c374b68bbd3ac,user
k6_bidder_272_0,pts_8bf02fa0188105da2d3c37137968df26b0cbe068ecda57b1bbb95b68ce8e965f,user
k6_bidder_272_1,pts_f29fca0a6200773a9e014852bb22cee30570b38aa7e68e63e28ea9f7274e1c89,user
k6_bidder_272_2,pts_d85acfbb4feaea593dd69e9f6edc0e9da86be7d4b127591ecb5a1a12142cfd2a,user
k6_bidder_272_3,pts_768cac7a2a11baf104d73600732fbaf52a59f33297a05a23600f066a67e40c99,user
k6_bidder_272_4,pts_e301aa9a0ec3e86f3e4744b4ff53c78581b3cc5f8bf9bd729e214d6553031dc2,user
k6_bidder_272_5,pts_e456560abf7404d4704ca8ea22d560f52e6d9b2d9c74bef40ec89997c53139b2,user
k6_bidder_272_6,pts_6e71ab2fe9308b60fef9d47ca5b27fbbb2ea94b0423ea994edb913aef3ec826f,user
k6_bidder_273_0,pts_3981478b04ce911220da59563f916e49dd015d6395ce0f1940e4290e9d141a65,user
k6_bidder_273_1,pts_dc27c8e082cb65cc409c6a32e3c8c1664f9468f67898000d3000eaaeee2b7b00,user
k6_bidder_273_2,pts_bd543e7237ec1983c49a2fcbbcb362d245f9dc77233b31f838d7d0aafce09794,user
k6_bidder_273_3,pts_e27b125b1e90614014a5b309554dddfa5105da4eb2159dc97a8b948229df7b9d,user
k6_bidder_273_4,pts_ea31d9409fb03c05d5780b00aa1cd61ce91e09799fa6004f4a64d22d0c64e3c4,user
k6_bidder_273_5,pts_7469728d9c8f85356cf5d64d6dbcabcaa78abfe93507008113863e80441a88c9,user
k6_bidder_273_6,pts_9a6a48f11dee9608a2eda6bf6ef27b5d33a833908e3d1b261908930b8234f262,user
k6_bidder_274_0,pts_1e392ff2bc21d74734ad065959fa7b454e7cc0c17d2bedac8dc8433b9be61921,user
k6_bidder_274_1,pts_696bb393beb0a40c679259ba2635e2d8b974d5fa8c981e080dd044c097f70446,user
k6_bidder_274_2,pts_6064388badedda54e76773b0668186d4efea2482fa25f6ea847fe1fbe0301dec,user
k6_bidder_274_3,pts_f8fcd2908c0a98fe0efa185236f0bccb89f01fbb0d4808ff43a77571770797b8,user
k6_bidder_274_4,pts_ae29f03b98a947100a7599d3416cd040341db8aed2b539b132942804bc49c3c7,user
k6_bidder_274_5,pts_444f3f318ee449cf755988d929ec46f2bdd4303578e165f703b980042015321e,user
k6_bidder_274_6,pts_e8cc79a06c15266b96a015e80bac48bf1c9f8c80c7e9faf057d2cf8311eb5099,user
k6_bidder_275_0,pts_7b5f6659036673de72dede6e7918617afee1a8459f92fdc866cf20f0f1f755b5,user
k6_bidder_275_1,pts_f141e1860c678c7e7335eddaa2d694fd2686d5e81aef76b8f23861c508d923d2,user
k6_bidder_275_2,pts_7103ecf8ee5876d871114d8477186e57c9e95773d28763554af9b59ff6f26a2d,user
k6_bidder_275_3,pts_659e7146b5a89be0bfc7589e0bfeb767c0e76a96d3e3a4287cf536f5c814966d,user
k6_bidder_275_4,pts_bdb94b296cf8c50b5a3303a639752b6b84c5984129a526c987c51454286ac86e,user
k6_bidder_275_5,pts_02986b653879c193de6ff7b8968aaa43d4eb680857b871b996b82b38a22d4167,user
k6_bidder_275_6,pts_7e265dff4d35cba16c0245dddfc9127041ba127d755d2b4d89a167f7c3a1718f,user
k6_bidder_276_0,pts_95dddbebb438d3e50ea0cb63183c5a0c8c9b714385c62f5912cd2e0d92668ea7,user
k6_bidder_276_1,pts_9094cdefcaf2d3c188104016eb1b5a31babfa8fb7ca179f4bccd2efe5e180697,user
k6_bidder_276_2,pts_979343d62092221bd1274b008df1fec6ab690eeec30994563e92cea80f574104,user
k6_bidder_276_3,pts_ff5215b01f31415d0f91093fbf7a9ab17a930178772ae054ab51b049f3e61012,user
k6_bidder_276_4,pts_a71b1c6d7629f5918b2161528ae70f2ef0d5062ec2bfa6ebf0a85d93643db058,user
k6_bidder_276_5,pts_d7e55c99eaac2fb206016fbb078e5037cb29693e3800834b964d51e30ae8e1b4,user
k6_bidder_276_6,pts_278cc52f8c3d2cc4830118ff0827aea6982e1f87432f733aa4e948bdca3a629f,user
k6_bidder_277_0,pts_4ff8e11bfeb2ca7c288a22ecc2cac41799041e3646098e8130dcee90db9a0844,user
k6_bidder_277_1,pts_79cc89169f290df4fb65e71b386ea6c97b23445d8f64471857907c3c051be31e,user
k6_bidder_277_2,pts_20923a2c28bd6449cbd5b75073370d1d545181628956b220f28b48fa737f2895,user
k6_bidder_277_3,pts_e2f4debda20430db505821c30a6e7471d34796a1734973749fd103929c1c2a18,user
k6_bidder_277_4,pts_0d9c8963b45e276a985a2b8b5952d9244c300822e5751737c64d4c7e7ab025c2,user
k6_bidder_277_5,pts_498e6627c5ffce28ac87746fb5668c9fcccb11f8ffc6fddafc9829dd45159438,user
k6_bidder_277_6,pts_1575fee1c220a3ebefe92436be080159e872aa68dae13ca5a2a9d353a2c7c71b,user
k6_bidder_278_0,pts_6c426ec465eded8425b4e065909126bd34b30473e7c290625d91553f4366b0f4,user
k6_bidder_278_1,pts_f559864f66077033652962458ca93bd0395cb7787007bf10f1a40d363a65fd3f,user
k6_bidder_278_2,pts_511e5bc6ae15dcc576b9f60d335c9c0a0ca1daf65b02420bc5c89974774c7722,user
k6_bidder_278_3,pts_5434c4f681ab70aed9533623d23866e72f45d0bc5b0068215f42dc12ed66a941,user
k6_bidder_278_4,pts_b8e7158d1f51b6e0b1e053e79aaaa8555289f53114c96419547ff0213fc06210,user
k6_bidder_278_5,pts_06ab89d9da2512c3e4f7c37b737e5e7dc9a7b50edabdee1f9fa672c6126f18e4,user
k6_bidder_278_6,pts_26ef3e86ed657427b03749d84083aa4b3c45ebf09db96b57dab63a7304ddcf0d,user
k6_bidder_279_0,pts_1efb9261d06efa9935a616dfa85638d084d4a578ec34e266143fd66d175e6e3e,user
k6_bidder_279_1,pts_e0e043e5ef41f19d9725fd6c280b65bf195df9c4a8f055d1300e769b5064eccd,user
k6_bidder_279_2,pts_831e92443460a204deeefc59a730e6cac4939d873d158c470b5e9407000efb99,user
k6_bidder_279_3,pts_ad4cefe4716b479418951c90ed3b9e699ceaf2a99f369c11ac206deb4a95cbb8,user
k6_bidder_279_4,pts_f3d3c61d09e7972f64cffe80157bf75954d3bcee73fa2e2596441cfea2d9969b,user
k6_bidder_279_5,pts_8590b2c5f15ea8fa4690d96be0a42c0194153f0dc86c5067f195f71aca1e5f1b,user
k6_bidder_279_6,pts_34979269daac730cf8bcd9cec5b5068a1cffd2dcd3cab10c881c16333f2bc6b6,user
k6_bidder_27_0,pts_cf62d80eb5ff72440507d50a98917d4b6e97cc2c30cb8511b48598ad3b0d3ab9,user
k6_bidder_27_1,pts_d5bcc23f7fc29e01a676d4e140ba3f0ea48d6489696fab02cb9629ea1de50a51,user
k6_bidder_27_2,pts_25e3555db503ea540a0af914af16c2b1d7266262743d0dbd3cdd4e070a1388f6,user
k6_bidder_27_3,pts_372d787c5206db79256e99fdd1d8b624d46bec586646742dd84f5f2dba5b2901,user
k6_bidder_27_4,pts_335e047861e32ca0df3cc19ff65c631da6d045c65134404b6ab1eb818ac713a4,user
k6_bidder_27_5,pts_aa3ae48a9d278f56670c872c615f45eacf90354c771713ee88b44de4837e19d2,user
k6_bidder_27_6,pts_8ab7d9fa9ca460645f4f6106e3f08b4834bacd31a20d45a11847a863c6f1e33b,user
k6_bidder_280_0,pts_510113312ab888d8a2dfb4371792d2fc6ab24434a48fc9dce235ff6cd917e9bb,user
k6_bidder_280_1,pts_da0bf5027d70b59392d21fde81afd26047e38fc2ccf5433ff7551e35f66d26e3,user
k6_bidder_280_2,pts_c17e4ea4079cd82f7f647ee108d38951918b149d8d83ea38163030069602a71e,user
k6_bidder_280_3,pts_099d247c50a77540c319c20e674e2e8f8217a36c8e95fc429f1dbf5375da3356,user
k6_bidder_280_4,pts_9455811f57f8d1272306e039229b3c5a07aece6700f12bf4359bc00cebf3c451,user
k6_bidder_280_5,pts_3d8dbcaf708b2ff1e57ff31a8012e0c1682e947b63ac10245c4eab3164f71ad5,user
k6_bidder_280_6,pts_ff16b1d2c50c4796d611c413989642226ddca2c44a14656317ec4f98a340d8fc,user
k6_bidder_281_0,pts_1627e568b2476d5d4d0cda1fa44f324421ad4552d9f454db0c7f72530641e2dd,user
k6_bidder_281_1,pts_c08e39efb4fbe59f16b239dc2876eb44925c77385bd63d4351cb042ddce74f2d,user
k6_bidder_281_2,pts_e36ce1f0ca15277678a90568e133045592b58670e5b1ff2b6d31f0bce49eb788,user
k6_bidder_281_3,pts_d96029c115948f2d88dc27b92103e14770e7e174b52109422cdc396ded31dba7,user
k6_bidder_281_4,pts_4b302dd705482e3a23eb90f58091d3b2b2f6bc67a29096c546b5a68908dd2495,user
k6_bidder_281_5,pts_8896d9f90571b9a05d81e6839e2d04f6d1f9e2fa93bdac5358d0a1ec83454df7,user
k6_bidder_281_6,pts_8868225ddc010e17b351bce31721ca7abce263fd6835ead4fc27cff37b5aad6f,user
k6_bidder_282_0,pts_0494e8ded918fdae6c8fe32530e109cb3db1618f2431e55c8b39340f89bdd4e0,user
k6_bidder_282_1,pts_c553d586d4c39513e7f0f59e05f7abd4e5a0a6bd229da87abe1cd79cdfab46dd,user
k6_bidder_282_2,pts_d0a4382ab38e6833956c88d552924072be8e329fb8eef277ca9a1c61e450c805,user
k6_bidder_282_3,pts_8b9215462a1b63f3ed098a9a8ccd120e9eaf4ab80519b5f123353af96d5adc5f,user
k6_bidder_282_4,pts_571ec044a7d7654fdf4dab1960a9482b00595b9002878560fe16486ab48a7e6e,user
k6_bidder_282_5,pts_5ffe2ff2ed4f2f729c391a4b463fe2a0dffa9969091da3646fb8e35309e4882d,user
k6_bidder_282_6,pts_1e33645b4259092c23690834695e036e62fae89354638e0e422240a795ea9431,user
k6_bidder_283_0,pts_6642f981d0d4926df1d76b6917b364048abcd4206a8c40f5ad3f6d1f4860a186,user
k6_bidder_283_1,pts_c5586d372c7f202445cb15a7e9f94ad677936fa113758dcb9a102020279aba82,user
k6_bidder_283_2,pts_294b146120731e66b3152a6a0cb2c859babbc049f8c0038e57ee0e9c5b07a3a4,user
k6_bidder_283_3,pts_edf8b18d8f69bc3c8fc60dd868c238afb90634cdb0c36c5925d1aa51c4ffb676,user
k6_bidder_283_4,pts_2d8de496b651816cd3c9d3e5ab4de1b937c5eb2f69aa98aa7565b8f9b5ed63cb,user
k6_bidder_283_5,pts_b43f7ba74e5015c4ccefb694c6f8a980a59869a3dcb36a02b626255818a04347,user
k6_bidder_283_6,pts_cc52fdfb3e8bd1a6b193c3a097b90f0ccb023d51b349f71d7b6eb82d8b0a1a18,user
k6_bidder_284_0,pts_d34f3758d56537fdeaea523f26eea9363cd0665f6c63f4fbc330fc671d3e71c0,user
k6_bidder_284_1,pts_22798fbaec8f36fccf9143510c5f78f3be57e6bb1ee62d8c956f231ea8413aea,user
k6_bidder_284_2,pts_0ff11f542c55f65e4a606cb98a17fdbd7d9520246aede89bef2c96ca8f30bf9a,user
k6_bidder_284_3,pts_9cb02849ac4f5a9d1e04093fafe1abeb99a86828caebf67d1eb7e907abb15ebf,user
k6_bidder_284_4,pts_8590011297cec5bd7acaf0da90b8f7b9d5f91132a63c5453f2abb717f1fad333,user
k6_bidder_284_5,pts_501cbcf29cba0ba3b550f709401e899a00932dca1aae2686e2626dec835c3127,user
k6_bidder_284_6,pts_2ef8fbeacb38ef0cc612cca7550a566eaf843177ddc06aa63be02ddfe9e044bf,user
k6_bidder_285_0,pts_c52759f461aa9d61b7131174400f5b1dfd3b4673803b98fd2cd605623e45ced8,user
k6_bidder_285_1,pts_af0e5d244482ff7bd13930cdc04d00e16210e28c8a7fd5521659b99e807549f3,user
k6_bidder_285_2,pts_6143de6bb2b9fe2feebef9a063c9a532a58639081657dffa37c88f8e1a96e8a4,user
k6_bidder_285_3,pts_fcf420bf51d3ab3f85b9cfc380ec0678366ce1eb91abae76d8903640ecb1eea3,user
k6_bidder_285_4,pts_37b8dc9225435a3133957e7c03adb8da58d5334560f9166e1a55799606ee510e,user
k6_bidder_285_5,pts_dd5245589668e01da06e48a6205edbc465eb5b84f5fd47e9b13d6bd44ca4a3ea,user
k6_bidder_285_6,pts_9ef336c6585be3103f4ea4fd37c09516cd9a74671dcf42e0c9650ed6cb35904d,user
k6_bidder_286_0,pts_5a203235ee4bb79436a401c02501a79d01d8f28711888750a5f56bce3c0418eb,user
k6_bidder_286_1,pts_38ebbb9fdf5f85100250506ab17c375565fbe7d2679cd6657ca5fde29130e1aa,user
k6_bidder_286_2,pts_e74d321408b86d1f42fdd50186ed0286598808ce828df9d53e54120d422cb15a,user
k6_bidder_286_3,pts_aee777e944c71dfe0f40353eb72fcf047e8ceb850decfd031d22d497e5c50476,user
k6_bidder_286_4,pts_e8abfb9619a98d82c95d2efb893402bf4c1048bd2c6afe2a3fcdeb9e1759c50c,user
k6_bidder_286_5,pts_de8e32a41968806c5a0cd94ab68dafcb0d805ace229c2bdc7484a290d486cce6,user
k6_bidder_286_6,pts_789f79b95e654cc4f836039d7326de7aab3f0f5aaa1ae795d10094a269f123ec,user
k6_bidder_287_0,pts_9a87810bb508850f2f2db25157441083c3b041dffad346d4c317f587e2d3824c,user
k6_bidder_287_1,pts_3305b458458eac36cae43ddb1265e87b1b24218964365c464aaf7c41b08b0ada,user
k6_bidder_287_2,pts_7d355f99fdfb241494b01739ac0ad7842b63e553ca6564bacd526c2e85d52d7d,user
k6_bidder_287_3,pts_c6f903f2eb7ae46259f567e21cfa853aea8cf69c0ed6f318d334904568eb13b4,user
k6_bidder_287_4,pts_063473945828719f1a8eb9a504a0aad7592fbfc68a9c9e3464ba731d92ea74ae,user
k6_bidder_287_5,pts_f97583f618bebdced4cdf14cc2b0de05494f88a0027b4b2d3bbf4bde558f6def,user
k6_bidder_287_6,pts_21f6b444dae3187703749ab402201309c7e340bd7bf8da45e1b2818f649be45e,user
k6_bidder_288_0,pts_5495a1274c24d4059c9c6e71dff42a492ec6af72902b707e67d2bd1b350569b0,user
k6_bidder_288_1,pts_964ba77e4929b036233a592ebc9635884843f37fbc02d17463605dc5dfb22189,user
k6_bidder_288_2,pts_edc89e0bcdebadb76131e846b95375b0bf689d71d93898652d537c8c48da48c8,user
k6_bidder_288_3,pts_27e5c10fcaabc483c6b383855cb631c2d91b3af6146cbb971e534421587428e7,user
k6_bidder_288_4,pts_9d7f14701835dd1edca1ac2ac960b74546e522d729d4da0fc967741f9c2a0ccb,user
k6_bidder_288_5,pts_42513c4d1341f44d37d974b8147634e9c1edbe5894ebcb752957065fa3f79532,user
k6_bidder_288_6,pts_d8e5f7aed1f8c940dad3f4539b333d6bd8c8ee5857211e0451606717da03c693,user
k6_bidder_289_0,pts_f7248ecbb8be52bb769a579753a7368617d3a52acfa865226b96ce36e0a7c536,user
k6_bidder_289_1,pts_4e1e5ef390695dee2ca113b0ce8ea04119e1eeb5c5c59f96596399a63c09499d,user
k6_bidder_289_2,pts_d8d3598f5331bf730be00ef059da51ef65624f99cbbd61ae84f357e9d9ae9d77,user
k6_bidder_289_3,pts_7c453aca6f5103df87e56dfdd51b213aa20b44dc95981214b13e31cc5e38fb82,user
k6_bidder_289_4,pts_87d20a1b21771dbae8b577f79477a96852919e6d2e88f6454263e46816b8c420,user
k6_bidder_289_5,pts_76b89da4948b597017fdfdb51e036773098866673fe422d69d7b2a3216ac5b0a,user
k6_bidder_289_6,pts_80915c9e7754fa6ff2e551447ccb3f228f08db0623c226d9036ff7e9126518bc,user
k6_bidder_28_0,pts_9a10b05407f13d0f4cdc8063755dd6196725b51e67df1f2c060f8d986c1f7032,user
k6_bidder_28_1,pts_3edbcb8dfcfac32770d239bcb40356eb61dbe56c2e60e495b19f273141cbbb00,user
k6_bidder_28_2,pts_e9c3dfbf7032915f5047e95bc8cf48d10cb165b665f4f4a0f72961a7026d8f9b,user
k6_bidder_28_3,pts_b6816fc29ed173ad3b929e2438958074e5494dc4d44b6663593ff961a43f3c3c,user
k6_bidder_28_4,pts_9bc4261264b8e51fd202d27609e684cf4941cdfc209555faa470e8dcd4668efc,user
k6_bidder_28_5,pts_c231f9599a3930268160b495e53ae1390d79466bdc18a0a9a54860a1173215dc,user
k6_bidder_28_6,pts_7136de8aacbcf8c723068fc6c845b4bfcab23a4d14a004dfe23e4fc6e4fc062e,user
k6_bidder_290_0,pts_0fa79ca0ca15c3d60048147bd46f6e2e9a1368aa0292a8e5f2fe9e149b72db16,user
k6_bidder_290_1,pts_b3f162f29d10960d1c6292212da7032e6a8ad72d7eb15e53d4f2d483c78ff261,user
k6_bidder_290_2,pts_54368bf80e16399b236f78f1a5a292eb9563dcc2baf5b557d3cbd576f02b2ffa,user
k6_bidder_290_3,pts_0a9b5f397a9d3c80ea50c7dc0484610285ff0a114a6ede8ce23b8ee86f586abd,user
k6_bidder_290_4,pts_d6770fc84172e2592cf70c9de6cf4e1995532dc1c82ae527f494a24c66dd3f89,user
k6_bidder_290_5,pts_cc5f1716e568c32fff8c3cd202c8e131c50d4b97440e163c3929358828d9ccf3,user
k6_bidder_290_6,pts_9a6e45d61f3b8e4a1487ced45b2b5b0ca03d95d888262ac45eea638d71b6dfa8,user
k6_bidder_291_0,pts_5d651cc0f3c80c78b07da6797660edb675c5ed1fa7a992210ca8385db4a4cbbe,user
k6_bidder_291_1,pts_512bbea1248a3ea8090ee61dad8f95c0d86aa241fdf09a83e37c9483bfd3f7c3,user
k6_bidder_291_2,pts_b947ca6d4941f134fe7b0c370f15837e3daab3340424b10d834feace8235cb37,user
k6_bidder_291_3,pts_7e0b0540f800278343688f8afbdf94972e8501627adad788179b34d623bc90dd,user
k6_bidder_291_4,pts_40a7b1e781eb57e3d4acd0215ac61a37972b5878c4a40736bce0379658680f85,user
k6_bidder_291_5,pts_26014991b3a8f563df6be677fbc16e018b8ae9eb442410514db78c2f524405b8,user
k6_bidder_291_6,pts_ba3f1f71ad00e6cf9a7f35bf536f23daef9e902f164549d3b1edf9dd2278acd1,user
k6_bidder_292_0,pts_57224e7bf20ad689ec968ef5446eaa5b09a03b2d4908131277a0d10f0e6e03ed,user
k6_bidder_292_1,pts_71ec1a148fc4c7467fa58587e5b939a2d9f499b0f471fe6860ec7675d9321f78,user
k6_bidder_292_2,pts_fc2b651ab18ba86e31892433fe1f56b99cf104f018e9c43812b122a59ec446af,user
k6_bidder_292_3,pts_66cc75fd7b7d13c1f97f8ec08e6c79aa3b955f2dd80a7f6402a2ef2d16ab09fc,user
k6_bidder_292_4,pts_b7f088723047e33dada665b99cfcacf9b9bbe5ff847633293f2010127c8f4384,user
k6_bidder_292_5,pts_621685a9e884f10800dc632e2e5b8d3a63e28775f46dd334966fa0d7c1fc369d,user
k6_bidder_292_6,pts_01c0be69fc12b88a17959c576494f656a201e2013cb81fdd74d79d03d6ab4990,user
k6_bidder_293_0,pts_3511c2777a83a4ebf920a6d55c6f5161bc235e65ec852e8c1b47c40c96c0bf33,user
k6_bidder_293_1,pts_684ffbd4e135f70e65c3353640595e754a18478994457a5ebeb74301a110ba0c,user
k6_bidder_293_2,pts_6223c2e25057a9845f76c078613886c503d735d22d3451c70f79b1ebd67c0b9d,user
k6_bidder_293_3,pts_48ef22a320dbf9b673e6be897c2961e8cc9c775b7067155b6eb04a560632271e,user
k6_bidder_293_4,pts_31896148e4ea19081c372afcc83f757304834e40e81197e7159adc088f75abb2,user
k6_bidder_293_5,pts_705606529e935d288ce44091b7049f93df4f5ab11c0c17fd1c7049895c851712,user
k6_bidder_293_6,pts_3cf9b9cb2fd086e0f3b0dd4d58e83cbab4783c7b944b5ea58b3cdec43f70a52a,user
k6_bidder_294_0,pts_5a535b93fe7c103b6b6a5d2fa62acd1c8b87021f1df6af72fa8f462abb5b9f83,user
k6_bidder_294_1,pts_e39763a75e3d0ddcf330a2a63f8e1377b5e1474432baff06872acc197332b933,user
k6_bidder_294_2,pts_27c3632310daaac8e0a2ee469344a14e0dfe92166f44bd5cd637bfaa23b2ab17,user
k6_bidder_294_3,pts_2403fe03a02a518976cf3fb70c89901bfa93b3ebfb319657983025a8fd71f802,user
k6_bidder_294_4,pts_2317a9c3a48a56a87d2b93285d698720f21c495b5b3b9ec63e9f99ac9cb37fd3,user
k6_bidder_294_5,pts_0f3a90ed2105cdf3750148b99ff337b69f9547927c6532015f2d26713f7bcaa9,user
k6_bidder_294_6,pts_f81aee93337d89402324e20b8edaebad0286a961e342b35f1fe5a9969f86c382,user
k6_bidder_295_0,pts_4b329e87d58a5505e068d1b39051f8f46895bd1aca3a9cd67a6a0bee961b9e13,user
k6_bidder_295_1,pts_08f88c5e8bd8608bc47bc08b7caf5e20f8fcd4dbdb17d998266ea4488393a94f,user
k6_bidder_295_2,pts_9714beddcd5cb7b2ce68479f0059cda89b12cbd19084b17b6f45b06de3056e45,user
k6_bidder_295_3,pts_c3a87cced71b393445307c35bec33007a70bcfc66adb4b4ceb41fadfcdcfeb5c,user
k6_bidder_295_4,pts_e2e0f0bcc7eb8675099de0e8bae97000e870a809aef514d8d799d20bf17cad0f,user
k6_bidder_295_5,pts_c4b1d7ed6f51c4485295d40267fb41980210e33d189280c5ddd4980a9526152d,user
k6_bidder_295_6,pts_a6cbbbffdad645ff8447b924bd9f847c30e5577586c4a0a224e3358448910d77,user
k6_bidder_296_0,pts_b4af490bfc9004d4f8b96c0d7a6496cec4c6e5c45f9e8a684665ff98f14f6936,user
k6_bidder_296_1,pts_b5f9fb54f1ae09413f8139cf1992a1e3df7efa223c56c42c3caedb7226c940f8,user
k6_bidder_296_2,pts_0ed7a06e5ed5b026ec03be103df0419ae51da9df969dee8d3315d1dee64ea377,user
k6_bidder_296_3,pts_65f28fb864a740fbcc962aff09e434f9b2558669235d83b036c864c0a5a15fef,user
k6_bidder_296_4,pts_c856b49013daf8f615f0a9a9208d29d560f24f6ca3811694e8c69901aea85be7,user
k6_bidder_296_5,pts_b03612402e9a87cf39c307667a0d801bed26c6c64e25a39a90d4438fc9132643,user
k6_bidder_296_6,pts_535dee0d6da17863f61adbda524e5b873a8db54a4afbbd8f3a125ec93c164233,user
k6_bidder_297_0,pts_0eb3c92264a20be03488a1d957e49b3b26c905c0e098baeb2899f7f089b13e67,user
k6_bidder_297_1,pts_035062e9094515039b4869d40e23eab296099ded46db0bb138eee9eea1898e6a,user
k6_bidder_297_2,pts_630e635de7283259112a856a0740be4d03186d0cf0ec92183796899ccfc92d86,user
k6_bidder_297_3,pts_17f46496c5e98ce6ea2a777117c7e6c298aa309218eaba6220852a4e7a139d57,user
k6_bidder_297_4,pts_936b48f4e742eddf0a53a02f09a2f5d47a5f8ad4629a884bfb07cec37909ca84,user
k6_bidder_297_5,pts_509d6a7a6f8378b242d0503a3c1bbd97848830319ed7a4f896d1e5cda9b73ff9,user
k6_bidder_297_6,pts_d32e8495167fa5c47b5922ce33cbe765a022d445fed674e3c8c31092f0a4973f,user
k6_bidder_298_0,pts_70b531d27feb138debb7b983e0803211421052eaa92a3e7e09f2e16e1471b41f,user
k6_bidder_298_1,pts_28d5a25fd275d47a1a0b6d2a1b3a38e65ca0dacfbc53b79edbea4a5ce5b92b68,user
k6_bidder_298_2,pts_6398b3c97ef9ca4c7c4f9f0e081b7365f69c3e00ef066232c5838b444d313e94,user
k6_bidder_298_3,pts_c2f746c6304839ffda59441d5e439193ef6e0cb7ef84c005c27289caaeeb8acd,user
k6_bidder_298_4,pts_bdb365f0d7e312004e7debcbc6e7213c249407f30a43cb6fef35798f620f87e8,user
k6_bidder_298_5,pts_1b8a993b09d281f9aed06ff44b79067ee7650c6c439a5dfd5d9f03c9ad2b7c58,user
k6_bidder_298_6,pts_c14257420293e4cb21da3979ffde443be9cff288e50ca2158e1165758bb9e8cd,user
k6_bidder_299_0,pts_d7cbe6013993b7b9e5a2f7db5cf62fc8a1bfc21df2e1602cc28442d5097c0c6c,user
k6_bidder_299_1,pts_ac364be02c1ea64e0c453bc01d9f65a6ab88b4ba8981dd6856af72de6613ffa2,user
k6_bidder_299_2,pts_ea347c19d3e6723c24cc28fb3c1886385f8258b9d174ec1d797c9a03bd4d45cc,user
k6_bidder_299_3,pts_839cb154663468140d32a88b2e37cf7c7689b46b91b14478263424f271b6efb4,user
k6_bidder_299_4,pts_1e424403190b9f5c2613ec1a4194361e406ebe113479a91815306acbf5f4c179,user
k6_bidder_299_5,pts_b105afb875b6299620369b2e589e4e6bd63762dfcf55e256bc354d3e131604c5,user
k6_bidder_299_6,pts_a1fc9d197ef05aadb7a931c490c602ab14e3cc07af216b22d9e44dcd07360ed8,user
k6_bidder_29_0,pts_8c0514878e5eddbb4a6b8b05b2db38d661e7496fbbe65d47f02fc6488707cd61,user
k6_bidder_29_1,pts_f3a8485db43d4bf23db75f4598d4d7506c34496c690109f6211dbd1f50a88574,user
k6_bidder_29_2,pts_6d3d8984f8181825a87e35b5015bfc74a4ede0fb9f0b54d2d7461100ef4f0cb3,user
k6_bidder_29_3,pts_90671571e621f08666a4cdd119fe20af17d166580e8a7c2aebcbfff5ed639067,user
k6_bidder_29_4,pts_126d301749f76384c3e5f116dab205a96f27bb094da107af5e0cb79f60728ed5,user
k6_bidder_29_5,pts_348c2904210f55986034f523df7d4947323049acf8b5c43e8d6eaa9f576d2097,user
k6_bidder_29_6,pts_95bd4332267ce156071e665e5e1902266e7f7c8094a877f4cae2b60f3b46d792,user
k6_bidder_2_0,pts_f799397a23bb12e21cdb406a6e61bb0e49d6154a1e17c87ba8b649226d2092ed,user
k6_bidder_2_1,pts_2728a33650a630c4e985533ba1c8598225aa453146a5ab46444cfe94fff03030,user
k6_bidder_2_2,pts_ae41c27b60e4a4b696bfb16b904ea0fe302075e50303b790206acc1b4a430b51,user
k6_bidder_2_3,pts_ff73bf249e4f2604a30c74b4315925d250c4e9dbb3102f2b988e2764abe87e85,user
k6_bidder_2_4,pts_3ebd12bde4b62325d1da6437a37f3829db9cf5039bd57c93ec88dabec88c3536,user
k6_bidder_2_5,pts_0c2d1d57e7f629750ee07b3814457b25774a61d51a32667e598e0547c0d1f761,user
k6_bidder_2_6,pts_d081add5fb3c69470f6cfd8a1feef8611db89a99e79ac5cd4cfa38170f305192,user
k6_bidder_300_0,pts_a55f1183f453efd097a55c5fa5de7b1328952ed0faba02b45bada452f59838c3,user
k6_bidder_300_1,pts_29a9267d9faf540527a9809f6ca4e0c7988b6b31f3d42c023cb25f3e8db115b1,user
k6_bidder_300_2,pts_4026f16a39f97dcdfeb77f949cc295ef2e16c9e8a6dc3069e8fcbfa559646b0f,user
k6_bidder_300_3,pts_10fe55948811f1ccd14d69bdd5560b36cd75ac85d4f2f3a2a0b4bec8edb1b84a,user
k6_bidder_300_4,pts_014eaa64ce918b4c6dd8f35960fe34d4906f7ba567c0d3f35180eb74e6d6bc5c,user
k6_bidder_300_5,pts_b1032217fd027dbfd41c3c28ebdef363680f73ce4fc23159a96929a7978550d6,user
k6_bidder_300_6,pts_48991d6690706b65b5a47147a5da51444a352bef8497949d8c27ae0cc6f2de42,user
k6_bidder_301_0,pts_778c3491eec3b4d8d364c4998dba059bdad8056859806e8f432b2d08eff662ff,user
k6_bidder_301_1,pts_2c249f091bdfe391d5cb253016ef03c08532f37c7b38a9ab518fe0a705b20402,user
k6_bidder_301_2,pts_77dd8b2333b39519d4e66f90413355b763b82e36f26c274fdf81f27b4265cb16,user
k6_bidder_301_3,pts_6462557c0d2859c834b6176d068e4bc7d8d9326d7b1f5401baa8af75c6966bf5,user
k6_bidder_301_4,pts_096788f1f260dfdef1054fda31488db0321760af6721d50a435e8c1000f4e92a,user
k6_bidder_301_5,pts_059e639265c64c06fbb52b1548812835f9d77148592f1580de0ce8e57b6ff8f0,user
k6_bidder_301_6,pts_b9c42f1a80ecd81ab5498936496e263a9c84758553012e46525017c50c914afd,user
k6_bidder_302_0,pts_a67179a331764a7c35d92fbcc713ef22c297603c5653c815c17f30ea4b933492,user
k6_bidder_302_1,pts_0113012b0cbe62b3d705335e24620bc177d651fbcc99c9718c7387c0696a607a,user
k6_bidder_302_2,pts_6cd1f174313fd26ec9700d8ee8b13bb4cfa4ad65b8f3b82ac5e91bf193aa4396,user
k6_bidder_302_3,pts_265376c970b3fab40d1ad5c9dea5ff99d94c72bbe0128b690071ebc004fd4b9a,user
k6_bidder_302_4,pts_2d74947f769fe95cc92e3ca3e57151e6c89385ef2a07929030dca563b3688aa2,user
k6_bidder_302_5,pts_0ef5445b25433ee5cd83e4355bd99e2fe6d29cde5a16790246688e73dc4837fe,user
k6_bidder_302_6,pts_b4d0f131f799aa2c0d1067341227610d25b47ea612f440e7ded783df696e84be,user
k6_bidder_303_0,pts_595743ae77954b3265a14dd39c4d11409f20e55f5f30c3dbe6d2cbb392f06747,user
k6_bidder_303_1,pts_9383934f94fb84e879da0acdf3237fd983178b48707754845f5bc8c9bc124c86,user
k6_bidder_303_2,pts_1ff96efab7004b368fb7f3315e10f9d081e7758055b5aa4433581ded61df46a6,user
k6_bidder_303_3,pts_9fbc72992bfd7b69a8c2f8ff7320b1d7fb93a7ab95082700b1dff062fe1b89e0,user
k6_bidder_303_4,pts_7bbe360fca7bf81233577e2b2636ec24f05c0c2f30f25174b4d543729a88b49c,user
k6_bidder_303_5,pts_b5f4b256e1d8c5d17dc2fc8541e7f8df2ad445d2954f5b0e837bd973e69847e1,user
k6_bidder_303_6,pts_9b49d2bb8e05ac6d0d16dc8cf9bff83061c0a89e704c7f5c61ce75f8843b7657,user
k6_bidder_304_0,pts_77332d1bb3ca8c84c3dbbe46f63eccdbe2fae49fdbec9bcc5f358cb28cc7e222,user
k6_bidder_304_1,pts_7bf430cbf6f722135a90cb8f7834baa2feac370e2c276a50d353e545396aeca9,user
k6_bidder_304_2,pts_a25ea50dc9a4e6a88eb2547c9ea9346fff0ee2f3d8096bd568cb4d44711031df,user
k6_bidder_304_3,pts_07afaa91187671e8f63b25fe30e3d015377b3e66e6fc311e53d96f615f83fafb,user
k6_bidder_304_4,pts_bb69a213290da5ff3b40f85649797b7bd903fe6588a9ad0857fcf161bdbdf8e8,user
k6_bidder_304_5,pts_62a6ca5735e3ec8eb9604b334e854a240b71083993cf3016a72ff769fdeb94e4,user
k6_bidder_304_6,pts_901a32d4802d52c27d4320a0029c45c439f151ba665cc7b06a0ebf0acbd7f53c,user
k6_bidder_305_0,pts_de0a33a554f3c1e896268b59f538900c2f79d075696cfaf4c3342009152aa054,user
k6_bidder_305_1,pts_6609d3d37c0871ab1191dc11d2f1c62b9f848d819b6796e2b2e6f12989a1d071,user
k6_bidder_305_2,pts_20b4e35086636d1b243c36f0d350ae961f82d0de7ebfff2fb07f18c1438c6ba3,user
k6_bidder_305_3,pts_f849a1996463852c218f8dec236d984b4ddf0946b9b75ae399521b5450f5f6b0,user
k6_bidder_305_4,pts_b7a5f36c3ae3d64007123b57cd40ee31007c8f381bdd573b8f3b10025cc83798,user
k6_bidder_305_5,pts_5a7015184a11d04d10b941c2f2d09321cff55bfc97d7c4c927982f36e013b83c,user
k6_bidder_305_6,pts_9b62c120549bca9919aa26aeb936a3c9e677f3bee257ffed10ef58db69ceac87,user
k6_bidder_306_0,pts_5b540320a7ab6f4e04123d3db42fabeaed66c6ff311d9d9b8a89926f349dda90,user
k6_bidder_306_1,pts_159eef1da1d84acee4e2e27eb1d124deaab073d31e559a296e44df473447bcac,user
k6_bidder_306_2,pts_b432543b8a28b71a520c4971232f106b3d9e6d2fdaede18655faca6d4a642a0c,user
k6_bidder_306_3,pts_4a7d78ad44ca9cf55fd6eefa5f0fb44f33cd43c23968175490ab62e3f1f8200f,user
k6_bidder_306_4,pts_2ed882385e9403194edca49a726531f4dd3a86a6183bd5895ac2f52316bf735f,user
k6_bidder_306_5,pts_65035878a78cd1c79a7693bb3ee416a8f3a1110baedbf1c0deb112f8d9735c8e,user
k6_bidder_306_6,pts_a8196b0e758fdcad5105ee8c63e6aca569d832ee1a03a007ca78c4d6524abb96,user
k6_bidder_307_0,pts_d9242b0937aa07cad455e40d7cca1460d43890dc2e326a09a3fbc624ecf4e263,user
k6_bidder_307_1,pts_2e66ed6c28660d54a01ffb087931573b89359dc7c7e60db6f1568760486ecb69,user
k6_bidder_307_2,pts_33ecb914f55552bfd08b287606a634ae761fc010d02938a3b25d081ef0a354e3,user
k6_bidder_307_3,pts_c9256061f6a4a47b43c0349d5fe04ef00d00b1159aac334fc109f70b06131968,user
k6_bidder_307_4,pts_0e90cb3c0c836148e427d082a5951e0ca90aa5ec7b65ff7dbe03d6ac48e36f92,user
k6_bidder_307_5,pts_d342367113ffadbe9e5062ea54533d780afdb2983bf07de5c69795b4ede058dc,user
k6_bidder_307_6,pts_cf8a8f93cd2a14caba5c58c8ffa10426fc4c7264d22b6cde11294c270e27feb8,user
k6_bidder_308_0,pts_24f359f4b9ac5efd24476b65dce31fc2dcbe15c7cd6fdbf856fe1d7b51f412e9,user
k6_bidder_308_1,pts_f79aa1e726226c0f2cff6339fe77f1716379539cb8b9e42a7de50b832431c09f,user
k6_bidder_308_2,pts_c5c1223457b3dc4aa44e20bc0cca1f32074824cb58a19dc34d04cc1135df24c5,user
k6_bidder_308_3,pts_8e1db8a3dfb4608b6050618191bb3b923bce1d99a392487e84a3c1781034cb84,user
k6_bidder_308_4,pts_b3ac86284c7e17294171656ce3fa739d390a0316d1fb4801ff3a7502617c1a44,user
k6_bidder_308_5,pts_42a0e80306274bbd4adb3597e3f9b060308230763272ad5409046125915f5b6b,user
k6_bidder_308_6,pts_517a0d2ec85e9925ebd999719b59f2ee7543cf9abb929d0decf9f98b60f41669,user
k6_bidder_309_0,pts_af08f6fecbc50c9a4b7d71e2c794e4d74b847973383e8696da55a51da356d65c,user
k6_bidder_309_1,pts_743c535ec688d1823cdea728b2ce5d71fe0c2bfc145ad98b1ab946227e5fd56b,user
k6_bidder_309_2,pts_cf6dcf58920c674576170db9a1ac246a851e50fd7e8d25676c55ead426dd8da3,user
k6_bidder_309_3,pts_90142471262f9524d3834d6d8eace5ef41f972c1b5f4f3d6ffce5e34e7682b72,user
k6_bidder_309_4,pts_43683534388df39492325c3c77a1a720cb5616c16c3acc661d8f6c36a39220d4,user
k6_bidder_309_5,pts_391540c3d5fe114586d5213518bef97afe6cd564c40ce285b061123cbbf15093,user
k6_bidder_309_6,pts_b9a7f641c279f61921be641397ce8848be1cb4d0c5b9ef515aec4587abe14e23,user
k6_bidder_30_0,pts_60e432fab2e0d3acf562c8e7da03575504b5d7b42512827e69f871932ba291f6,user
k6_bidder_30_1,pts_7335e3bc1658c686042bd687e6990f05abe48fe07e2d69a2a233de1a33806a77,user
k6_bidder_30_2,pts_109375d27b2e64fb3d88849b689f3d998c3483390c194a8ed1501b5729afb8c4,user
k6_bidder_30_3,pts_990ce6e0c0c829c9d38b84307ecd5a24b433dd6b44d97e00de5037f057640cb7,user
k6_bidder_30_4,pts_92804551c7ae7b76575da9571ca31209cde4f9a02b98691e0c6c1161be39d1a4,user
k6_bidder_30_5,pts_623ef5731ba647354a824ceb8d2f3d3cddef1d7e4b1e153e40200274e7ba7759,user
k6_bidder_30_6,pts_5ab931e90022a71a358d2f9f773faf4d969fa6aa46fc91cae230f83eb64973ac,user
k6_bidder_310_0,pts_a05ee2abf33709adde35b72c742222717537a31d63fbde5d60f44c73c61003d7,user
k6_bidder_310_1,pts_5efc842b4bc8d79336858ec44cd0c9b7f9a941a3d3c4e4a06a7e2e0432885b92,user
k6_bidder_310_2,pts_213f6be9c976996660ad369deefa358897eba69f1f26030f913c85812aa8d279,user
k6_bidder_310_3,pts_02e56748cb472bc5c85c52a6be811a6bc4196a7167669d3cef020afbef33f517,user
k6_bidder_310_4,pts_98995875bd1021f2c38c24c09a0c92d9ad0877f1417ecdf0fc55d9c951dd91e3,user
k6_bidder_310_5,pts_c7b160e887282b2553dfc55443199dce620ceccc34cc5f35c52f1fe8bbeebc9e,user
k6_bidder_310_6,pts_560ff1773a559993b218e0044eff95be4ac1ba64a69ffeb7381b349b3c5b47c3,user
k6_bidder_311_0,pts_91316256f7d5eac1465032e2d754fa09d40fcc9437a28dd4df2d2b3a2de6a560,user
k6_bidder_311_1,pts_053efcdebd4f03a31c27af390b2b5914d5f54d5cca1801f8153280156a05fe61,user
k6_bidder_311_2,pts_107e835b17f2fe83698667ea8a3fe5cf8af954adbc3d7455715d8cc522fc740d,user
k6_bidder_311_3,pts_af6d1693c14916d7fae01b99b2f3daeac34e4c1831c7dbc49259107fc440ea22,user
k6_bidder_311_4,pts_885f8d233f814be34eb6f4b6b806d768ab876df4ed6d287b439f793156840c4a,user
k6_bidder_311_5,pts_46df6c06d4225495e917a1c5eb06ffc336e1e7597162e99832224dfa6559bb81,user
k6_bidder_311_6,pts_a11eaa8bb3bf42f1717f0237a3eab20d413905a3fe67fbdf469dbcaae46e983f,user
k6_bidder_312_0,pts_cf35dfea9f00ba533c3b500ff8c2db7fc60d3862ef0ec1cd848697e32a268290,user
k6_bidder_312_1,pts_7d3acfba790a2020820b2f455dd74fbe3dc0c9bd2524807126dc2dc21432f26a,user
k6_bidder_312_2,pts_b32567c682e43563928ae2e03fb44d49670bb91e1e01a9d1e42fa3c8917be099,user
k6_bidder_312_3,pts_23063e8640324a36e7b5e86f76499cb148e7f1baa09bd5c439dcd2297bcfbc83,user
k6_bidder_312_4,pts_362857b961f9a9223998a045c9f58696bab71aa9e783c72ce0210a39b65ea1af,user
k6_bidder_312_5,pts_4658d88a96797f9623be1a0a55706006be5665be1901effc650cee71b9706cec,user
k6_bidder_312_6,pts_b22828942dd7bff56acbfb57fecea494f56aba11616cf4f022b9c50b310054bd,user
k6_bidder_313_0,pts_82a3e1961bb9311b9e699192fae6c91cb8687ae5770e508002129fbfa2d13615,user
k6_bidder_313_1,pts_e4b0570f73de43581f1e2fb1a5aa1dc99d1eca19ec14059afc0a96426c2132c7,user
k6_bidder_313_2,pts_8c898df91c1fad92010e55e9be7eef007dc1faa7bc0f4880aeb9ca5fe12e4d52,user
k6_bidder_313_3,pts_24288e4b3326752a708f82ddfecdf6ba016562de9c02da754ccc01312207498c,user
k6_bidder_313_4,pts_b047a7187ead1fcee77a104e1efb43312b82b7ea62aeb0004ba5a23190cec14d,user
k6_bidder_313_5,pts_e7c3a8adc562b4f2099ae329b382961889b8204e232a034ceead53275962b84b,user
k6_bidder_313_6,pts_7844791caf753548a734009146bf1f05f1a5ea2eae9e509c90035a232640086f,user
k6_bidder_314_0,pts_8bc3210f529553aaa9a76ebc902124973c0fb7e131aeeb1e5b54ee08950721f7,user
k6_bidder_314_1,pts_9baec23a9ee0a578e40738d10ca84020cf8137da0c86a3b99c8ac1933fe1eb40,user
k6_bidder_314_2,pts_51b6decb3368ef0f1bbc291f75e8c121f03767d637f0be8ea1da5615ccf3cd99,user
k6_bidder_314_3,pts_93c05c0d3e8875c44f753357171ab687e92d2423854fdd83db6815c54696ac81,user
k6_bidder_314_4,pts_b74d2635f5f9106525ecfd6f0a594e92bde0b184cdb73a742e9c5eff91c80543,user
k6_bidder_314_5,pts_09e3507359ed13b63fe9fc4531aca4a991f3c3602f3d84f752e1a94a8d15a786,user
k6_bidder_314_6,pts_0fc130ca91042a6474ad4d29d4c2f407e32255cc4e48dd0596283ead5af042eb,user
k6_bidder_315_0,pts_d59b76b205627294cc154fbeafe4f4d9fd1c18b2c0806d51675e07e3f53abe35,user
k6_bidder_315_1,pts_fc7178cf8d8d854edd7220f2231bd6287800247fc3e5194e91bf85113de92ae6,user
k6_bidder_315_2,pts_1daedf08fdeed3736b288339d430abc1b476d009d893d1dd92957560933b9178,user
k6_bidder_315_3,pts_a60f65885081a9076c4a046f5b304c7e48a1869237e37d42b8f3630bffebd8a9,user
k6_bidder_315_4,pts_36066a7fcf2e22cdbe5fe559cf14977b85cf38ca67408e41e1331a51439ce9bc,user
k6_bidder_315_5,pts_ab25892c3526682e6b1a418001cbfccc9541e32bf1a6715772ace8a7ad85415e,user
k6_bidder_315_6,pts_f4f125fc6e3650147bd831e0e73666970a36e544fb4eae5c190daab9bb7d9622,user
k6_bidder_316_0,pts_2b2d4d411d2ab255d375a15181eb1974833309c90c23dc1c0c43a890c95d2ae9,user
k6_bidder_316_1,pts_0969ed6c1698204935dc4a4c30d88871b56e1642d49ca01a033caf6ed79d8aec,user
k6_bidder_316_2,pts_50c3b5f2356b4a2634fe6eac82404a05c60689135423b186e6409c18fbf7788b,user
k6_bidder_316_3,pts_690415880f66cca72295189935bf8e8c4f8e6d93eb0a034123226d1e5b4e4a34,user
k6_bidder_316_4,pts_31502d19d0c5e1bde1c1aa24799044f6d8dceddfdc75582d7c12ed6213c181e7,user
k6_bidder_316_5,pts_8d6466c5c5e16d922a40188a95ebef276edf61d9831016b5bd26c19aff711f14,user
k6_bidder_316_6,pts_650faaee81a0bfbf1709849c84a733bbd99457400fcf4830c06a952064fe5488,user
k6_bidder_317_0,pts_e44861ef2ba85c7c780eb6b188ddf2c490b323954db6267aea19271639f9ff78,user
k6_bidder_317_1,pts_f6fbb430e6ef4c26946503e791952959b577601c810666349ad58fb576e712e0,user
k6_bidder_317_2,pts_8cd5419e1638a922e33c3cc30de88809b025fc00ace729cd62a79affd8c0ee51,user
k6_bidder_317_3,pts_4ae9f22fe0fccc2d8627aeb5ce1f0623a551f01bcfdfe64081510fa614d624f5,user
k6_bidder_317_4,pts_cd6f417a85a09df3318139fb275a23b98e16fcb7c741a0499241db82776dee54,user
k6_bidder_317_5,pts_b6573b5dc966d45f2194494da71b5552a61cb5aa50ae29d32479322bc1282d84,user
k6_bidder_317_6,pts_322c72f7f0f5858bd8330634bf9414ce5a7a0dcb15fb9f8abb20edbbdb78375a,user
k6_bidder_318_0,pts_6ca9dae9c2f9bfc5822ca3800a8ccc489e3500723d5360e8af66d4d9894c5fd5,user
k6_bidder_318_1,pts_1e02bcfc215a69ea98be7c63d08ff3fd3294c22a8171227ccd768582a03447cd,user
k6_bidder_318_2,pts_7d96ded0d981e4ed748b57f41afc49a82b4f18ae3e1e271d18840d5e8aabd5a6,user
k6_bidder_318_3,pts_fd78bf2a1f5ad88f1c89875813cc5928d397ca02c60475b06cc7266bd7cebda3,user
k6_bidder_318_4,pts_8df73ecd3460765e3aaa7546f1aa04f3035cd3464b17a6fcd439ad49b8b8a5c9,user
k6_bidder_318_5,pts_8f43fa9dadcc68dde3340e57827510d5cd5f51ac321c770fa5f081f2b3b508ab,user
k6_bidder_318_6,pts_5114ff150f72033a729eeaca9900f88241778c5907b70303eb5d9a3b813406de,user
k6_bidder_319_0,pts_7d609259965029aa4af4af9d6cfe24526b892eadde18ab8cf20c2c974a351cc5,user
k6_bidder_319_1,pts_14a5b9125e93c2d673c340db0a15c7a00a5a3c68f55a4ebfcefbce1275268e7c,user
k6_bidder_319_2,pts_641276767a6505183b7edbd68b2956cde853090a5810ab8925d8071372114872,user
k6_bidder_319_3,pts_a9f0a4f8fae09ece62ab754763cebc07d924b5a8b58dad227fa867d45153ac0b,user
k6_bidder_319_4,pts_7719d927f43ab5699dacd39ce92304ae3d8e663a2c18b39b5af38905cb139f4a,user
k6_bidder_319_5,pts_e15dfc0582ed93565ab4e4d78dd5a9c68ed1325b0b4aa594418f6de282d622b6,user
k6_bidder_319_6,pts_464e922cd13879e11884e453cdf3e1b81f35fe67d908e5c719726f51984cab53,user
k6_bidder_31_0,pts_6d5c54aeaf48d1bdd315cfc2d000fb8075475a9e77928470f3706355983dc141,user
k6_bidder_31_1,pts_e9c7cd4176957f66626d6316c23691a0a22de9f7b0a97215a8e06795ac81a5d5,user
k6_bidder_31_2,pts_1ce95a0326f81e625e3e507c0d41cceecaa979f4565b09d1b4eb442cf4347d01,user
k6_bidder_31_3,pts_a6508816758c9d217ecd937c9d8dfc70d61dfe51c2ff74f1707a25c78fd8473f,user
k6_bidder_31_4,pts_11c55181912ccaeb3de89ac31ad676d6ce5727154da3b58e0268ecd98e345b93,user
k6_bidder_31_5,pts_dba111809ea2165f6d84dc0332ad365b92abe612131e85609229ddaf77f9e8e7,user
k6_bidder_31_6,pts_0cb3de5f0ce327bcae698f67d79a70e929ff891524c138f847337eaafec58987,user
k6_bidder_320_0,pts_905cc43e2a3febf557ab869f821ede3f332f500ba65c0f042e85d981219cb066,user
k6_bidder_320_1,pts_a0bef283e09b3de21ff66bfb252ebd703112c876ad6e9c42ab75031ba08baa8b,user
k6_bidder_320_2,pts_d0dfc3e1318b2d8b5042f1a165b71ea480d9b5a32a4cad6baa692dbddc5095d6,user
k6_bidder_320_3,pts_1aff58868051636e78f4b6a03f95dc986729520d7fcdda48fce26e997d55d947,user
k6_bidder_320_4,pts_08f6c9b89303bef5356297e7dc51bb2dc7c7e12d221b5c7ac5418e20fb04e72c,user
k6_bidder_320_5,pts_a898b39254d5c3ab2319da7ba276c4361b403f602d29f9dbbe0c6abf12f55452,user
k6_bidder_320_6,pts_1542ffe24f7b5d2963e407add19ab0abc5da0f311656a016c4bcd6500c0b1bf1,user
k6_bidder_321_0,pts_9a01ba94b1e314478355148b6048fb53b8ec9e47f13b9a7731aa431f3692fcd3,user
k6_bidder_321_1,pts_888e4a1bf03ad81e498203d895c9b3d7a7883b0939866c2ca294aeb7b4f4f4c3,user
k6_bidder_321_2,pts_0843e003d52ef1f5949fd983bbb1631670fc0f618d0d5d0115ad80d380a2f500,user
k6_bidder_321_3,pts_d0598480da85a923547e82e99dcded6769c02ba2bc3e643cf40842975fe7838e,user
k6_bidder_321_4,pts_c81de61c588d9f541ad0d79637237d62a3ee897f55b5ebd3e73f328147b8421e,user
k6_bidder_321_5,pts_4f69b9c622b532e4079690ecf24a7cb9d20d56fa71bd57cfd1dfe6254a0fce46,user
k6_bidder_321_6,pts_b12c10c854deef0a81334ed004ac4f0b3f93f9405d116abdd71900a4b9a914c6,user
k6_bidder_322_0,pts_bd4ce022749cb0f553589f727dd23405ba1d19b6c6796b6b6cc8d2fa35a1e7f6,user
k6_bidder_322_1,pts_5bdb0ecca733805637e4d7d75245581614afff3834ede47fb6d3a4a826d1f612,user
k6_bidder_322_2,pts_918b79729858d181629051c5b0fc434d55be5f75c2c8da748c08470c329b5bcd,user
k6_bidder_322_3,pts_bc42eaf79f57c04b20589f562d6f259fea1d2ca47d5b769de352f8a7d6d599cd,user
k6_bidder_322_4,pts_03fd50c260b7d054ccecca642598f8a652b2dcb1e571e97a0c4467fbb38a1a23,user
k6_bidder_322_5,pts_b6c83d9452f9bb0f18b7646068e64afc374e5de50a56aab521b2f27d732c5899,user
k6_bidder_322_6,pts_e1baae400b073f2555ea03ce31f2dac148f0341b2799bd847cb5cc562fb634c7,user
k6_bidder_323_0,pts_1b50c77899babcbfc611020a291236e934bf50a53443fb48a3263646ae95477e,user
k6_bidder_323_1,pts_bcdca77dc2bff95eae6393e4ef050f39ad5ecb9fd7b07f70d8ad72908a34d7f4,user
k6_bidder_323_2,pts_505c15143eccc23816b1f74948eb077b2b38b198b0792eefe55529372944cf1b,user
k6_bidder_323_3,pts_a4e874075a66bfd626d787a3633946132c11640b26778d91b22ed50052e1c94d,user
k6_bidder_323_4,pts_cffc8fba826708f81eb48028d6d6002342996745d92f3be924344d94d2abd34a,user
k6_bidder_323_5,pts_94454f20da09c351112f29f02750f1841d54dbb0e99b41252274fd8062ba3525,user
k6_bidder_323_6,pts_d6e468540d73bde203749c2749a68bff4242ff3f82b12fd798974bc8c5b7f2c7,user
k6_bidder_324_0,pts_7685d5308332bb5802df9a6216c5bdcfffad3838a1ec791bf9098dd75a36e6c2,user
k6_bidder_324_1,pts_61e3020d06b4c31c024d8f02f6cbd0ea67654e7a1008d477252ce550c02bbf83,user
k6_bidder_324_2,pts_4f18ce3c48ef376f02492be865eda792c89dbd8d066a8c4795a94995975c6456,user
k6_bidder_324_3,pts_ddecbb794c562b1c7f49cc5a1dba47f10e9de96fee9f29d7f237efb131d5fefd,user
k6_bidder_324_4,pts_90e57deca2c9928f1e2f5f900fef7dd14c2df1a0553e174287f76c087917c241,user
k6_bidder_324_5,pts_65902f3a1df294399c16b8692c2e6dbb05ee671a013365f30e7c7cfe36e071c2,user
k6_bidder_324_6,pts_12af0797eb61d3e36d6a478e5bcf18078009e010e70f6e9bbf622b3412e1b374,user
k6_bidder_325_0,pts_4bcdce251dc023a7f71a0da0dfd64d1cd7ffb39317105e7423e8e4e5c97fdb52,user
k6_bidder_325_1,pts_358577804dfd81ffd87b3b73a2e6da00629cc6093679f5c7eef3422fee4021b6,user
k6_bidder_325_2,pts_d2c390d65aebe3f6048ec8ba4c465c0c5d2b68ce004599af76903311ee342232,user
k6_bidder_325_3,pts_1f6977d55180afe29f0a58d29e03fc2ccd8aa361fe955abede652b14e07e2514,user
k6_bidder_325_4,pts_83e524cab05706c47eb927d6e55593719159227690aa39ee7dc1d4c1bedd0ea9,user
k6_bidder_325_5,pts_2d1cb57a843e25c1d0f96b191a23dad0d90bf160eb0ed03d72109387cef52b22,user
k6_bidder_325_6,pts_53e2dc19737aa2b4a5959fd55346442bc753c0c8191871d9b6bddaa1605e9269,user
k6_bidder_326_0,pts_949571ff8665427162dbe6db5d1b6d05fc8f14dc220a5ea8c21b925cf8c6e9de,user
k6_bidder_326_1,pts_2ba85fe3f8df7e5d6b59bd7e8086cd897c6d69900286a7fcf76f97fc2db47a91,user
k6_bidder_326_2,pts_0717d2960d762d594b9f9277bb9be242c28036957e04b542a222573cd18a6fdc,user
k6_bidder_326_3,pts_92bc8a42ac39e165d58a0e3fbe91ba7491bd0477bd3ae9127a654265e427ba39,user
k6_bidder_326_4,pts_e2b2a721f446aeae0b171b0423e6d9f92c26a6e360ac388d9dace3c5c5fc1fe9,user
k6_bidder_326_5,pts_681e615604d612cf4e5037a64eef206d11068b61fcfa546fdf8dcee79d0348bc,user
k6_bidder_326_6,pts_ddb1e15fb1e8a08de7e799299799ae443cca1c30a5f84a55b116bab82169e816,user
k6_bidder_327_0,pts_5b8e2e86146e89bba2d10c0c5125304a22b4b99953562c9edeeaea2da6a2ac27,user
k6_bidder_327_1,pts_9444d44ffc54d86fc06c1ea704a76a3a1ffcbaad99ae7b2bd88ea235247f62a1,user
k6_bidder_327_2,pts_7e6623bd47b2143da91375d50705ade9ba1a46339607fc90d020726bf7f66538,user
k6_bidder_327_3,pts_0328abea79f1b7c8d59c5b4610ac4ca590f41aa16f82f7159fa7a34fedb6bb8b,user
k6_bidder_327_4,pts_812922e2479c41b14359685509cabf2e6284d57599c965fa589c06d24ca9eb25,user
k6_bidder_327_5,pts_f5dd4db6359b368f67282543056ed8d5a334e34c911600ed2fab752c6e5b552e,user
k6_bidder_327_6,pts_d041d489eb2b4585d1c01441453728cb255ef88b026a3f294b0b1c6ef451ff22,user
k6_bidder_328_0,pts_81c4e6cf88581bbfc35e5c95a3910b5e9400d3db0a59cfe69aa0f147586e9189,user
k6_bidder_328_1,pts_84104bef6b8ccb73d905d4f163c6726d508ea12ae20104ac57330251cb124680,user
k6_bidder_328_2,pts_4f800a618bb6d2f4beb4c1aaaf0af16a6de596aa25dac1a4aae0a7aee45323ac,user
k6_bidder_328_3,pts_67c188b117383804b6865e821cced5ffb795d449ee87a36b349d03b8280422a5,user
k6_bidder_328_4,pts_a0d22cc64c195f2531c42d2ac2aea559bb8a9aa08855f49975e7a2e5050e9451,user
k6_bidder_328_5,pts_be55ec2c0c3df9f79e2ab8d0b9b441d9a016cbed43003862475422c058873452,user
k6_bidder_328_6,pts_25eba66412d2e64db69a791316395b863218fec43113550bf476f1c20311baaf,user
k6_bidder_329_0,pts_fbce14e50b87164964c10ee49323744d19f81567a1eef3ee53c9e1ac3809f919,user
k6_bidder_329_1,pts_bd30b8ad491b328cd4e9f98eb3ec5fe8df44cfe99ef8b7fad364c818766c8f47,user
k6_bidder_329_2,pts_04ae8c99c260b2568360987c2496ede34a1910d8e99ff378a9920558fc0cf87e,user
k6_bidder_329_3,pts_4d0ba38271299b8ce5b47a7d9c4766690ab601f020c268fb19380bdffef94a3b,user
k6_bidder_329_4,pts_69d62bc1fac794e707ba3e080c1a7973bc257f8805c9c19422a8c7570f719a29,user
k6_bidder_329_5,pts_2c43e7e9aa8a817d1930e35203cd5672d3689a8db30ab1e49a2c6b326f2c5a90,user
k6_bidder_329_6,pts_675715335156176b8cdeeccd46149f9e85fd16fe2fd5f3a411e87baa58fe12f6,user
k6_bidder_32_0,pts_40579ccc79a49aed0bacb08d9aad007a67b9d9e68ebe90b907cd8e2725eea267,user
k6_bidder_32_1,pts_89e90f2cb1e37d3a5728962a81dae5a0b9a4008ff68aa149fba9d6aa80b6a216,user
k6_bidder_32_2,pts_023f56b491f82941e850c27bc075d4c5e99264416d7681ef834d4e73f02ecf06,user
k6_bidder_32_3,pts_f71bfb34896cc4357695bd064471dec903e80eaff89d65ad4392206888d67df7,user
k6_bidder_32_4,pts_8d414e2224da3d758a2c7485d1a69fa12f6dbbe218da6cb65ed8e35c5360603b,user
k6_bidder_32_5,pts_debe8f093fdad41020e60d47181ef5b6ec39cabea4bff21f492ec35b22b4dcde,user
k6_bidder_32_6,pts_c64a48e0c649df2929cf4d763daa82331267ed3fe22380fd3010a4f541800669,user
k6_bidder_330_0,pts_9416a7fef2513443a3a7eea47c1b91f1fc32ba49447de66c010f0c8bef031486,user
k6_bidder_330_1,pts_86a498acb6f9d55adc1b2b91fac5c9b39b6974c75169e2408ef0d7536ed8d426,user
k6_bidder_330_2,pts_fe21e202c2159578e24f9db9ac3c9c13f51ae21fda412bbabba3212ae2509f63,user
k6_bidder_330_3,pts_b5e9d21cf0097f98780cf023d0d23c33ef369ff52721e3ea218423b71bd34708,user
k6_bidder_330_4,pts_fa413e40418fcf3db6c97c3699ce65dce6ab7c1595cf188360c3ff0f145e3040,user
k6_bidder_330_5,pts_243aa4cfd745d994f4a7574b0c72aadfdb30bba37fe6f2bc2ec08d5f03de924a,user
k6_bidder_330_6,pts_6d77b93be8e795767d86701b2f275c1b2e495895091607717c1db4102015b4c9,user
k6_bidder_331_0,pts_5c0221112baf6ac39d2d341a476b23221de515fd6d0bae96d5b86efa3953c036,user
k6_bidder_331_1,pts_3a8737713b6af459e1aa388e1f0ffb7bfcc2e113378c6b145fb25fcf7cb48b36,user
k6_bidder_331_2,pts_85706bff21490a67c8d6182b2d0c51aa3475b999627846217951f725eecfff6a,user
k6_bidder_331_3,pts_e9386ee736d0c55c772ea7750c368b2605e3c11c7f9b94719712b0bea6fb0dcc,user
k6_bidder_331_4,pts_cd4cf68f75e46453f63a4e12d92de022538ca6d74d98d2fd7d5298e58205032b,user
k6_bidder_331_5,pts_2c5105c7722646b16f21db71def2bb5504053afa114e179635f90d14686eb3bb,user
k6_bidder_331_6,pts_e176722e0326e1445113e2184ef9dc68c69d4ca1c67e295212d0cbce07e0633c,user
k6_bidder_332_0,pts_cc45a07be1fcc05ded313b10b0394be22c1d6724e0f0a61e61a4e1a23a487902,user
k6_bidder_332_1,pts_860350b17c5e8ab54f9bb9a52c109587dbb2e93280caa28ecc34b37067f96eac,user
k6_bidder_332_2,pts_ca2dbdcefc79be3c576bad09a00d2fc80fc269c6f49218f9e3fa82a9873f65aa,user
k6_bidder_332_3,pts_538117f1315090d4055353d6e78bbee36d713012e631bb38f8397faf97d8dc13,user
k6_bidder_332_4,pts_7de69fdf513e984d4f939d35742e637b8d8a7bbaca2951152106dabfa6162497,user
k6_bidder_332_5,pts_39178692f263ff3e33aeefacf70aacfed68416690cbfc8970e5d23324ceae2d5,user
k6_bidder_332_6,pts_0a8c7cea8aca884ff133f356f6a0a863fc21e510c328e97c670636715bb32566,user
k6_bidder_333_0,pts_cf27cddb9e28c469907a35ccdaccb8edd73c5c856274e4d1962bd8a4ea0ca756,user
k6_bidder_333_1,pts_983d6a5d609680f2e27801ad71521dc1483704100138f5a901fe0a9c80a9bc56,user
k6_bidder_333_2,pts_c1e7e09fb6caaaf58de4160ea32a0eda4e0ee004226d3c00a9c36f0108625c49,user
k6_bidder_333_3,pts_6d9da33b44fc7eb1a3836dc4e3ded99b2e1389a852f85873bc5cf61ff834476a,user
k6_bidder_333_4,pts_29066f972d9c3ad7242b2291dfd94633475affdcc6d13d307574966cc903a289,user
k6_bidder_333_5,pts_48c5331455ff40533e6a8ea19f428ce785015941ff3ad31cfee86c5297dd2743,user
k6_bidder_333_6,pts_11f5e6c84a2b7f7b7d2b2f75ec99ee40cb2be5495b6df997add2ee861b85c637,user
k6_bidder_334_0,pts_c48995749c592268575e2413919372c2c0a0071302d1808469724a6f552a1043,user
k6_bidder_334_1,pts_3acfab92dec8d52f01528ad7a9f9e1fabbc277a10f5c7d4bd1e9738fd0bcebb3,user
k6_bidder_334_2,pts_98cd7b2b35a55da9fcc7a6434a649b5e1181ba1300c50cd63384092fb40075da,user
k6_bidder_334_3,pts_ec8ff6381267f10137717c8473c329278a08d8bcb9f48df676c6870a334f77f0,user
k6_bidder_334_4,pts_09f7d36e47b57d8d9efafa3125f4af64773f418a31f8a3de271ae47661d18823,user
k6_bidder_334_5,pts_f3e756a9d4d8362d96166eb14bae7b936d6f22cb19229cac82719499c9c413c3,user
k6_bidder_334_6,pts_1f1b6325a8552914db9127978515f507eaa6f4743276965885851fdf3c4cab77,user
k6_bidder_335_0,pts_e3edffcb9b8662ad6b2f6ff2d5238d3ed45eaea7ae41e5ef16fd47dc0ed0334c,user
k6_bidder_335_1,pts_ed154067180d7f69fcc7b0fdaf8ad383f70c947f3e1faedbfcb6dd9fc5e4f42c,user
k6_bidder_335_2,pts_8c6dd1e621a6573e7e097803cced21bcf6aa5ca457aaecbb23c48aaee09f1d59,user
k6_bidder_335_3,pts_7117ca2288d25a16f990b7b019a65da6fc2a56f73ae166ace98ef27a7b618ce5,user
k6_bidder_335_4,pts_d3260ea5bfd12987e21e8c009e5be393a2dace1e203ec6be6c4b729f68d2210b,user
k6_bidder_335_5,pts_86916f4043dbb0d3632ee43066f7cdf0bf75a3d32995b9cca7c497c7203c2b70,user
k6_bidder_335_6,pts_41c12149479cd6c4c72c4d55ecb0255e6cb921d9afbf2ffd44afc020f3c6694b,user
k6_bidder_336_0,pts_8b80719db5fc2739dd1f3c41320002a5d88a4e915e7c10973cadf553862143be,user
k6_bidder_336_1,pts_70522471937702b7077478fa4ce21513d51ff473519d457e522e3f8fca2ee3ef,user
k6_bidder_336_2,pts_80ea715f02916dc7a7b89220641e74ee3295ba15cc24b28fec8b67fb17210529,user
k6_bidder_336_3,pts_4486454eb8ffc7e44724178db18d4d872f2ae0d0724c7d2acce49b2a1ee8d054,user
k6_bidder_336_4,pts_0c684ba7fd1fb76586a42fe9e7207b268df552dff72e968b947acd2435b90bb3,user
k6_bidder_336_5,pts_4e8451d2f36c82c971831750bb3d0f47be0cee2f197a78b5f5b3d30d9a3ca7a0,user
k6_bidder_336_6,pts_be6d252d93523a9b50a583e9ef67e79145fc08df5cb95693df4f37fcaa739330,user
k6_bidder_337_0,pts_b57f4436c1afb4a77af0d0bd62470f3d8be225c1bbbe6be3666723eeda636543,user
k6_bidder_337_1,pts_14065d5aae587c2e3083542676845fba95bf21344a63dbd515ae974efa79a6b9,user
k6_bidder_337_2,pts_8af897849805544914dd20abac5484fb83b039c7a8d1bbe209a97f313177e135,user
k6_bidder_337_3,pts_75088f33a92aaf804d009ef3bff9d1d90ee5987cc4013bce00b92113b7fefa43,user
k6_bidder_337_4,pts_2c0a38d52e71807bcc115a7072453737ff7aea58c001a1b8c55362498c3a4309,user
k6_bidder_337_5,pts_688aa5c3a0a039c788917af6ff3f197844529ba3c06ccac2928b76121715cab3,user
k6_bidder_337_6,pts_bed9ad2cbc0b4943a055423a7798e8a76ced2e28cddc65d279702f8d4ab7a630,user
k6_bidder_338_0,pts_ce6097449908b88cf1af7ba5ec7635e4900330ffc2e0be78c1eb6d3e2683af10,user
k6_bidder_338_1,pts_66f540332dba7976462eb74f85dacf55813515d55219c12752717fb423d6327e,user
k6_bidder_338_2,pts_eaa51b973f658ef1f6d62f05fc78c0a0fc395d9206c167210d06cc9a9320aaf9,user
k6_bidder_338_3,pts_75825fd48554d090dbb08c0bf134c17b4331f7307f16cd2ee82d2e86084ee431,user
k6_bidder_338_4,pts_b60f077b7bbf3df553d2a32d247622dadda011f1238ba33f702fe8d819165232,user
k6_bidder_338_5,pts_45353635d4762038c3e6ff668ea893f117aa6f080cee5d319b64e502e117fc6c,user
k6_bidder_338_6,pts_4b241947cbdb602f29b2f3b0c226ce788d1e4ad178df24d7f51dbd08be81c542,user
k6_bidder_339_0,pts_ed31ad8dd826ce97c6bc189d1a1ebef6d9b67db68bd70c9966067ff6c982a5b6,user
k6_bidder_339_1,pts_9b9cc386abda3212b286518e8ff8eafdc17a932eae99a39c10efa133ba75fc93,user
k6_bidder_339_2,pts_79cd3c015dbab2c83b906bd8e1402e8ea1088195135325c4c8530315e126ea3c,user
k6_bidder_339_3,pts_dbd4403983145e0dac9782d93a117098318f3e255aae190605b27066dda30b16,user
k6_bidder_339_4,pts_2ae7b4f7c7a737762de0d7409361ac5b682cf54f1a5a93f9c707bc1f4e712a90,user
k6_bidder_339_5,pts_559248b50f9542eda5fe60c99e0422ecd7d84c43d050b6f35a847fcfebf6737f,user
k6_bidder_339_6,pts_154d51cd90f1a4631dec0dff83544e7de49d1fb3c637e35a5b52f1dadeac2648,user
k6_bidder_33_0,pts_56da84157b3b1a134a5c693275d91078f502b25790b0181d1f26a606cdc53f8b,user
k6_bidder_33_1,pts_ec3d843023d9a64e468576f3494bb0cb8fc7fe004fe282c539e246627cec1d06,user
k6_bidder_33_2,pts_46150f9124ad3dc319f7d5ae63db93a05abbde1276b0178bc810f7acc3df01ad,user
k6_bidder_33_3,pts_7f56321a7a7023c5fc504136c6484e7384a594e3f7dbe2685724d8cba06d33f2,user
k6_bidder_33_4,pts_7bd8c0112cf36475ba254ac62bab20a075890cefd42a029095ee8cd35bc7d31b,user
k6_bidder_33_5,pts_d44cd81dfb1cae7a14a611f06045d022208546071dd53e227391f1898903b65f,user
k6_bidder_33_6,pts_9664b13619eab5d96ebfe5966a4ce4d7b54c8d74b1b57f872e8018b614d5c53d,user
k6_bidder_340_0,pts_383142d390272c5896657ce4661f9a2469cd71f1da96b68da6cc208138991396,user
k6_bidder_340_1,pts_05bc5af5d8baf13374159ef7a86b29df4c4e4c1acda2a44d8ac66002d5d2352b,user
k6_bidder_340_2,pts_ebec2f5bcfb8fab0a4cbb56a718da69551c7d87bfd3d236e6a25761040d07483,user
k6_bidder_340_3,pts_3cd6e26179b197c352e6b9d6fe106059e5cfcc18b69afc69e0f6e956cef0c6c9,user
k6_bidder_340_4,pts_81edb48794a82c34ccf6a61fb3a4af799b6a87c3ac84bbe55fd36b62ee1a603b,user
k6_bidder_340_5,pts_40414f7e101a1c159bfdcd06a44a66129c4471b3486719b411821e19f6575b39,user
k6_bidder_340_6,pts_c51060d2c1674d23580b3253f6a0115a0584ec3a98da20ef9b17dde4c5a94d74,user
k6_bidder_341_0,pts_4a9bc1c899585a77a5371e9c9200cf5bca4ebdef4b5167be2708f467d781e293,user
k6_bidder_341_1,pts_5105c156ab4b3c7d7653a3180e7f3b36141e67905cb6a4b2d9688ff02213b479,user
k6_bidder_341_2,pts_748c075cbcbef35e2e55c0ed5f9d3c4b9488f754d7b735c4a59a2a4d7fd7e1e0,user
k6_bidder_341_3,pts_5a424a8dd626357fe876428e72e0f2602f60b67270b2b8ac279f08c03fd59eb7,user
k6_bidder_341_4,pts_d7c75f08cb5b9dd8281058d8ed601c76418eb7a529cad6df2ed9f96c32fed3e3,user
k6_bidder_341_5,pts_65ad98b7a2c8f4c6401797497e289af6732488e8590ab9cfe92d8ba395431eb9,user
k6_bidder_341_6,pts_5b3959b59e7c8ff854f3e01ad77ac025cb706089c5f6e1fc918255bb6585ebf9,user
k6_bidder_342_0,pts_d906e709a0b4dcbac385d4825154b36cf39ce15923c7b2518e88fe514fb86de3,user
k6_bidder_342_1,pts_b4f5c97c26c4ff4ad93eb15a21a8e87c23329bbc60ee6c30e33df7d6a30b8f55,user
k6_bidder_342_2,pts_2b89290b7c9c9f2c3a8b8abe876134a8277f90ce31e2b1f361f6bb66c45b4e05,user
k6_bidder_342_3,pts_84398a2dbb7ebcdbcc1dc126c8acc7f41404dbd76c491d5ff7ddcb838fba98a1,user
k6_bidder_342_4,pts_ecce1d5ade7732cc041314a743e3da1947444ffb44b8022b44fd599c0ce14b38,user
k6_bidder_342_5,pts_2eae2ffdeb76885869880f73cd8d05285529a7dfaf630545fb66a70bd0e03bec,user
k6_bidder_342_6,pts_3001e8f1a33cae9b44059f8b82d3ea715622ad48f23d8c0144512d3d49552f69,user
k6_bidder_343_0,pts_37521d12530db6161c8cac38e72759c569aec9d340f33a9d504d3446f91adfaa,user
k6_bidder_343_1,pts_5986239903b9b5ab6788077439ed0dc3609d4de676dc9c720df004bd492b9adf,user
k6_bidder_343_2,pts_c120ba9997dd1647a5a728bbc8aa9da4d9206045be2d0c191b917afa9b3b5fd0,user
k6_bidder_343_3,pts_fb2cf2db550972380888e6bd7d67f4113be25591be7ec1a555b288436c84cce5,user
k6_bidder_343_4,pts_5bf4353f380cdd4dda5458fafba92574fe1e46ade027a58ba0d27970f7702c48,user
k6_bidder_343_5,pts_d5bcef31adb592f52d1c81f2102586b399df93248d0b44fe0ae02e870007b95f,user
k6_bidder_343_6,pts_2d05e480d01f3f4acbaa95e6755cd35db8672777d7cb5e2a85e5bd180af3dc33,user
k6_bidder_344_0,pts_52b1a024705c70dd78f084a8c71f9ba4a8f677d28081b351ca0882f6ed7fb03c,user
k6_bidder_344_1,pts_fc43cd7244f381d2ed2e1ca765432058cc299df7608aeeb6389f0668858c983d,user
k6_bidder_344_2,pts_e8da2a16c6243670cb3d6b92c82880d4fb8f6dd9f5796b539947c3e7215f1104,user
k6_bidder_344_3,pts_680981c807b69162fef59cebb6a821f68bd500ab610bcca23147bc1a08e68439,user
k6_bidder_344_4,pts_40c98d875e10d7c841d293718e1ee727848e5db43c095ae79f7952fdb98d262c,user
k6_bidder_344_5,pts_83c29f3f2f89f9757c427030f31b493a35639476a12975c1afa7a54030ea446a,user
k6_bidder_344_6,pts_2bd0f93e9a3ed744802bdb7ff7f10b50945bb23e06e0a818e58671f92414ff2b,user
k6_bidder_345_0,pts_f6d8609c8296dc1ec34df564b759c0fb3af6c826cc5deaf5f8b393ffab522d35,user
k6_bidder_345_1,pts_b690b33a7257fb9705fae857ea504dc2b06c45ca7eafcdc4e6436d764d77d5f5,user
k6_bidder_345_2,pts_42de5606320ca4c13b0cd14ce8c1fd21bcfb01f112f13a4754982873663e4ccf,user
k6_bidder_345_3,pts_a658b4100c60f9e9351f41c04dbca2d7bd1dfefa9a13035e4818af6440bd5b9e,user
k6_bidder_345_4,pts_f33e859bcbdf7b0dd014315e36b0e2424410232ce30ec706ffe71ba2860d4c36,user
k6_bidder_345_5,pts_f281daeba703cd2ed74b21237d3955bfdb59bba41d935ef1dfb6f554c5fba16b,user
k6_bidder_345_6,pts_3aff8f397633a5410f352a4fa77fbc7db9afbad56aef36efaeeff22be31d64b6,user
k6_bidder_346_0,pts_89742777095d2870cd075f4e2407dccec849b7cda7a9f8bc04a15da3f08ad5d6,user
k6_bidder_346_1,pts_1936406bdb18f63c99ad17c13a5e86603e144596a6c0873203f0f04e80ef1c0c,user
k6_bidder_346_2,pts_d16d646998d29cbcc90ba9e1651991a216be1da182e149b424d2e4915d689299,user
k6_bidder_346_3,pts_28019bb06840f7635ca4bc6da891b5257fa223e6a32ccdeeb6681ec4d05a2164,user
k6_bidder_346_4,pts_57c434bdee705e22ce6e81f21699f10b573936280b8930a95076c1a6ca37aedd,user
k6_bidder_346_5,pts_4f413a0dde91d4b80b048f6ca49ef2795276e94121f493b61f98a16513a0878c,user
k6_bidder_346_6,pts_fdf5911770d0ac948f49ecd60f79ed52055867238a23c6a810142f0ca1301802,user
k6_bidder_347_0,pts_bb542335dac64b26e3c05396bf5836064dac2dd2d6caecf7f858d7717387acae,user
k6_bidder_347_1,pts_cecfc1ae8e95f2195507baadba24c8e0715a53da8d292defc5b9d8bc697f8b7f,user
k6_bidder_347_2,pts_a7d3b24fc9c0db8813e1bd381675ad9cb3c5948938cc111614def1defa645d90,user
k6_bidder_347_3,pts_c9df86eac3cd126d45271740d67c97890016c64e7343c61613a712ff43703755,user
k6_bidder_347_4,pts_ce609e12f8fe68a82127ec08dc4e9b0f73a3d8c2ff2a4c147728f8db3fbf0500,user
k6_bidder_347_5,pts_0683d8cb46968f67ee743d80f539dcb319b62784c900eb63ca956a53d69ba9ed,user
k6_bidder_347_6,pts_9f40bbbe61e3c2e8d9fd607b4079c5245a39f535081d8f986602035336633ab6,user
k6_bidder_348_0,pts_e2128327ae84ce16749d62c7b48f1ee373c9cfed87614ed02a24364604c627a3,user
k6_bidder_348_1,pts_520b6173a0f8ed6d7339652848d44549072593cf103b2e3484fbf7671b435407,user
k6_bidder_348_2,pts_83c660abf0af696e157bf2c0cb9bfecd2b730c7180c3b70fd731d3794e949032,user
k6_bidder_348_3,pts_2f7290fbd63ad42c42ba3d9f2018eb58953c4a559ee05565670aa082e3974204,user
k6_bidder_348_4,pts_6f3756c22cc82fc2e421b67b2ed4c03b9acfd211f1fd79e33cd8ca212e8ec3ab,user
k6_bidder_348_5,pts_8bf2fd0fc3137f6384c6c8cc99eb2b7b967a0f76767e00d73cac1bd2be395903,user
k6_bidder_348_6,pts_d91e8d6186dcb2a59584914b0b293582596665bed13a2c206773e5a3f0301503,user
k6_bidder_349_0,pts_f9579a3b0e5e34640dcb434a0f86dec8cacc6fa7af7970ca3814032dc40b7b9e,user
k6_bidder_349_1,pts_eec2a4081f087edecd02ab1c01d6f6facad93a3873b7771642202081f9fa13b8,user
k6_bidder_349_2,pts_fcff063b2b5becf292a462f7bd1142079156927eaeaf2a9086f9c09ba783082e,user
k6_bidder_349_3,pts_e3ebd882aa28006c0f862580c39538ebb13c254da0cff140a9f7b378926c00d8,user
k6_bidder_349_4,pts_50dbe3872e519613008538047064295f9350c68ee4ec3e36c207883470931f48,user
k6_bidder_349_5,pts_8e73ab93f39be87e9f56c1c3e3e67bfac9bc6add3c05a13d14e2eba78f9d6ede,user
k6_bidder_349_6,pts_ee0d8a47f0f862be241e6a31c41134e6e500f0edbe3e36dab2a778b72c51c4f7,user
k6_bidder_34_0,pts_1b44e2f275a0d1b2da847f49b7ea36601b281c3f1391c84cd75147cbf6152f77,user
k6_bidder_34_1,pts_043c8769fa3136cdec7b8fff9dcfa447fba0b6a8841c285118098eb945121501,user
k6_bidder_34_2,pts_50d636c47d859899e061aec65c01adae62fdd5f8a8d4e75e832f6502f695029e,user
k6_bidder_34_3,pts_e0e5b56538f33965e3224a144ffaf0dd4c59e74b498ed1006060f9bd3ac19102,user
k6_bidder_34_4,pts_ce36223074545ebb6f599003db98ef640b7057675e76e18c33bfedc23bf0b79d,user
k6_bidder_34_5,pts_0a8ca76e469bc0df383c0c68d0ebf9cec66c0b09bfc37e4c9197633860c5f9f4,user
k6_bidder_34_6,pts_d957e15e6e97b7c4f03766b233b1f5b59a6d3501d95ca2414c4406b2d52ae494,user
k6_bidder_350_0,pts_63c8869b9ed9d3df18123fd68ce6826e6223949a9cb9a8592f872d02cc10080e,user
k6_bidder_350_1,pts_e028a4855f88b6aead5fe47ffec4c0d6496639272e544065ebdcb77b57deccae,user
k6_bidder_350_2,pts_acc9402bcc22865d640237dd014a5d804769b1d5c30635fc8cd8231220b1b72f,user
k6_bidder_350_3,pts_2a4cc1875c598f35dd01251f28a8de1506ef98d1fc48d6a20bdbc540a7bbcc68,user
k6_bidder_350_4,pts_a5623c5c5de9ed12cb39aa9eacb3a3cc0a91cccc7d223c46e732ceb6f7ff0b5c,user
k6_bidder_350_5,pts_6ade397b5bc6ae7e60d1adce6f36d7cb2ffbb02f92587f99d0c0d16631b7e78c,user
k6_bidder_350_6,pts_b0effb3d1644f7cf8d6d30eb8ac2b0f9fed5c384c21898613d528e138f6eb9f7,user
k6_bidder_351_0,pts_1d033806455b895a39f63c08cae07fe67dd8784048d5be918c49f17f8b8f723b,user
k6_bidder_351_1,pts_0fc68368d663df4e6db4793e4f46e9655840a08b4ea37d183179d2154886b68c,user
k6_bidder_351_2,pts_6e70053b317dd403aae8bea622936450b2225fff3cf83aaf561b1c1a6334344e,user
k6_bidder_351_3,pts_645be193a4528503b85aaef5bc20174d8e82874c7fdf187ecf85fd40cc45cd14,user
k6_bidder_351_4,pts_227bd3ac3fe2e57230f477656b4a198ce571c87b88d532791a27767ba1ba5402,user
k6_bidder_351_5,pts_0d8555643833f86a9f4d638d3233568791ea4fbb4a46dedc27a9aefbe994cbb1,user
k6_bidder_351_6,pts_626f570d4a571dc74862e3c5a52fc2ded82aaffd49f6bafb84ad299f1d48fd03,user
k6_bidder_352_0,pts_681a324654b7bd56092b583c7ae024b0a2861d644e08b4f4428b6845c899d1a4,user
k6_bidder_352_1,pts_036837f0cb245b5207c6e4f8170b84f686641e704908c10dae81f194c3077450,user
k6_bidder_352_2,pts_f510b59bb816084ed0a63ad7717a05898bee270e356a74e07ef9acd69c88fc51,user
k6_bidder_352_3,pts_eea5518d7d1883640bde15d24f33b8f1f5c083a8d649fb47d492f0e1cd03643a,user
k6_bidder_352_4,pts_88da43f6af245917d09b91d5d4c08e5dc61b377ff44cae7dc37838af10c656da,user
k6_bidder_352_5,pts_6e1240c072c028eabef803785196655a3515e3b5402a5ca097cf08ac386e96ec,user
k6_bidder_352_6,pts_844c8cc153499a3c1ceb61d32ec8e9375e829fe0076a199d9aaa3e89951c2cc5,user
k6_bidder_353_0,pts_bffa9eb223b4024894e2426cddfeede0277f0b70b419805d6fe53dc8eb98fb45,user
k6_bidder_353_1,pts_aaf4e591e3d07eacd81ac7a599ef0fb8aa23273a560bc081d246b443d94d04a2,user
k6_bidder_353_2,pts_808e1c8dc9f894ca91489578e8c714347e813dba3617f193b8824279d9774932,user
k6_bidder_353_3,pts_6b0eeeb6c7b5a30acdefac2f82a25f8ba6a4ef7ff6d1f82c1330051fc655f68a,user
k6_bidder_353_4,pts_9437f6fe62d3393fe641a51dcb21e2c4dc8ef95f3896a07333a547fabeacdbf4,user
k6_bidder_353_5,pts_d8c5704b9dcb0ca7177d197f0c7f74aad334cb3e3aabca70d6cb2697f26a844a,user
k6_bidder_353_6,pts_033f71da983a06182954636460ab1acb7dcdae09f41b5a06d7ded68010a4bad4,user
k6_bidder_354_0,pts_393d25fc69621faf8edeb6193d3c7f5e0f74345298ea6b50e4101aba87f42543,user
k6_bidder_354_1,pts_ad1298e99b6c208d160edced951142fab2a46b3439c5bf6cb2248f60f9a9070c,user
k6_bidder_354_2,pts_cb64cd636103013330d1675656a5f4cdedce9788c3f114ba87c1d86861dc9272,user
k6_bidder_354_3,pts_05c7ae2f829654241761010165b05ea0f344a4e648154a24ce7be92b17859758,user
k6_bidder_354_4,pts_89a52a6cea5dcbdeaeddb0be50c1a7ad9938afd4a80d8413b2a9351d6524b3ca,user
k6_bidder_354_5,pts_0f5af6550e3f8c36399e3713dd772a3e57d8bb89b4d5340ae5982cbf86239dfa,user
k6_bidder_354_6,pts_dedbe2ed2abf9494722ceeafd87fd44a5690134e6a474b9e67d372f2edc46d7f,user
k6_bidder_355_0,pts_14509eaa5e917610cff867c39397e3f53aa98eb6da7fbc062a61e0516390e815,user
k6_bidder_355_1,pts_4e1a1d129a1c27c9b57775b386d5df8fd3e8c2c0940a2ce1450ca9864d6471ef,user
k6_bidder_355_2,pts_7f0cae203e19f2440a3602fc6ba40f6c4e782235752b204afe0799d5a03214c1,user
k6_bidder_355_3,pts_e4715e4186feee66ce036858aabf73cc56bce102f95fc801afed1492e241b152,user
k6_bidder_355_4,pts_88d55fbc1877707ae4beb716192e5a0ac78588a7192126e418dd8e1e81494458,user
k6_bidder_355_5,pts_55e034cee9b2f0124d93190391de08b0a36443114c0000f2e39c0dd3ad4f9d1d,user
k6_bidder_355_6,pts_ef2af3e574aaece891148ae2b4d8ab7e4e96d89fb2f3f6135a6cea6103a2949e,user
k6_bidder_356_0,pts_9a8195e64a42abeb4e313acf0dcd5737f0f6feb553ef76981579dc00ce807ebf,user
k6_bidder_356_1,pts_8b6bd67524c3a02b09bf4d461388e825fb6e6b04bceba41375b3e678baa5d730,user
k6_bidder_356_2,pts_b782fc9cc11e0bba9f9129c356f7ba4194122a79f44ba1f735260c3f07d5d95d,user
k6_bidder_356_3,pts_e416575db2cf048e6c4eccc6b7444b01aaf99c1758e082fbb7eb4a10ecba46c4,user
k6_bidder_356_4,pts_45a3f503a1f591c40f5e1942a56a6e86cbccd2bdc2c4fdb8124c88a12ce62978,user
k6_bidder_356_5,pts_e6d1bf57b86a89f72d9afeeeb4720d1df04a11617dd083bbe1874ee363229516,user
k6_bidder_356_6,pts_b247dd56002db293f65e8339f6c19202f303ced7d1cbbebdd2ba947252bc418b,user
k6_bidder_357_0,pts_1a520adfea0360b62e34d98aa7bea8dd4779f3411c7291d168d62ade7a789e1f,user
k6_bidder_357_1,pts_c8477f717ded74c016ded6a47c139b4cbbaf57e9908380a4431eee1afbfe6265,user
k6_bidder_357_2,pts_2e93c59ba4c37851d4137c7defea784bd1ec0d3b5954a01babf22c89a755d276,user
k6_bidder_357_3,pts_361a353bc211ca1191d4dc8d6b00599b25799af593bc9f708072e4986150a940,user
k6_bidder_357_4,pts_1e4a5448fa1f4f361beeda812778209b41046a8b8b076c213ee8ed40251fd635,user
k6_bidder_357_5,pts_d360cb181de26167a395e3c884cbd644d93398e54ab414b9dd465afbc1f028f4,user
k6_bidder_357_6,pts_47b07b60204bf61b22398c36cd26d141fcb94a632df60439592ce5fe0beba858,user
k6_bidder_358_0,pts_81af540f90b8c2206332a549f5043aa9410829b00a8cbd2ebb03f519883fd6a1,user
k6_bidder_358_1,pts_182afe8205e2b0960799744f2d8298ee15d10bf64c72032010ca683c6e069ea6,user
k6_bidder_358_2,pts_71f8057df73ebd4370f5c406ca033d9af29a3b6ef6e4e7a24560e5366821c89b,user
k6_bidder_358_3,pts_c0a08e37c604594d76a757fb9986455c1a3cc9f7bf5c530e3b41775ab35b091d,user
k6_bidder_358_4,pts_5b87e580c6c69e4ba0a6c7a5774e8bbec0b10df7d9dee2dc5d8534d2b6326e32,user
k6_bidder_358_5,pts_7981fac25c0b6290d92ddae38f4456efd785b49aca44509ff5f1265f5f8e88a7,user
k6_bidder_358_6,pts_13c032f6aa4558a9e5b92527456a91a305006b9e7a30aa0ad55a2f1b4c372c68,user
k6_bidder_359_0,pts_2666f7152dbf7ff80d3d50ae8c3d78f4673711039d4d825cff4b4ae6143d69fc,user
k6_bidder_359_1,pts_95030d30de0fe66cd65e016a84b824d36e44756860f52eca994be607d6f1a5d3,user
k6_bidder_359_2,pts_7a5f8777dc7dca524dbdc19d92c93b442ba8f0be7c205e24df5743bd2431163d,user
k6_bidder_359_3,pts_1ec79937e58871d119026befefa10b19dd2212d3955dd271faa65a6c29f19596,user
k6_bidder_359_4,pts_88c17219a3d7819b306209436271819a4af62ff78f01bc299e6816be453b855c,user
k6_bidder_359_5,pts_ae67c1b933b024dd31a0da0044686aa1c177450bbedea904d25b0ab302464e2b,user
k6_bidder_359_6,pts_893bca1989b7ee4dd055244cd970a2af2f52776821ec826ecfea99c4fc224bca,user
k6_bidder_35_0,pts_de21bd99eb66806dce6b71693c96e6b9686ce47a1e4c361d2fd4a13245340a33,user
k6_bidder_35_1,pts_0e67546fae13dfd39a7d920498899bb4d3556ffe0ff3578c8cc37c10ed2efdba,user
k6_bidder_35_2,pts_985bb94c8d96349e9e210530e41e5b0aa29ba3b6018d4d659f0d3cd718480fde,user
k6_bidder_35_3,pts_de79cd0ae309776c763cb86aa4820ae5df80ff3d4cd1459e240ece4f55bde158,user
k6_bidder_35_4,pts_755d548fae61cbd8a7adc5788c82e7588829aa842603ae07ebd1b357797d6fb6,user
k6_bidder_35_5,pts_24a0031f9e6b86e652c3e7dad5500ff566abe8ff2bbb37a5ba3cee7dde2545aa,user
k6_bidder_35_6,pts_ba121a5d5293012a333789dbb16526d55e3995119cd4973c70e85f0614295a0e,user
k6_bidder_360_0,pts_1a5689cda9b0bdd697053cf8cc6ff1e9e0dc565685b18d89173b6c9dddc4d3d2,user
k6_bidder_360_1,pts_52df3921da6978c6e41083ddfec716dabb474fdd752521015324035d3f5a90c0,user
k6_bidder_360_2,pts_c9be2ab5b71be69a081048b396fbbb40f69d724dd0e145a48b7c7f53d5f9b929,user
k6_bidder_360_3,pts_fc39b29eea029e01de6bf159d3fe61726958bc75b08244a6316b0dc36d2078b0,user
k6_bidder_360_4,pts_44b7035bef46d0bc4e69d9cae07170b0e084ea63bc0d3f8e6293830f0dbd6a0d,user
k6_bidder_360_5,pts_ac42d836cbb3c15151ba32314e3106a0eb786b09e103246fdb32be1df7bef18f,user
k6_bidder_360_6,pts_e91f5d973f61167adc840177de4f8728be43c9e22f073ce3af6886c0699bedc4,user
k6_bidder_361_0,pts_bd786ec09398b832d166f441923dc76dffb614279743f2c70ceb59c8e2cd7832,user
k6_bidder_361_1,pts_fd6675db23ec4f6059161ba39c9ff3643386bd273cb55d9738f41807a600e115,user
k6_bidder_361_2,pts_d8d062395e1906c5ec60b93b4e58a79f04c2ca883d41e1885f78a749a07c35e5,user
k6_bidder_361_3,pts_af79c95d0512a17bace45036d66fa3d7b515d01daa8c5d8af1f338fd59f16ad3,user
k6_bidder_361_4,pts_4c74952b16dcaea93ecd446f9cc4180a639577b7445f06b2f79dc3194e88e0a0,user
k6_bidder_361_5,pts_1a918b69821fbafeeac07e1d1daff232c7e0c520fdb4ce2a1e8b027d5e532d0b,user
k6_bidder_361_6,pts_f86f38312b6ecc2e75875963f36ed4bd131e883309bd18907e90d132489aff16,user
k6_bidder_362_0,pts_10a05ef7352325a8557d736f758d1d9135a1bb4942200db620e8199925b9668c,user
k6_bidder_362_1,pts_42b5ef96eddb2b372b5d8ad88f6a5e737f445415019b9e73d9e75e3fe8150a52,user
k6_bidder_362_2,pts_da570da27251a3e0374f430f172144d1869bbbd0e3c4e71cf6938a609999a02a,user
k6_bidder_362_3,pts_7bb65de2f7016ee55b74ace81010e63188b3ebaecf722e04f5410a127b488d21,user
k6_bidder_362_4,pts_f0895aa142a77f1ff78afd5325f7e234ee10f37a2ac1065baf4fec3a323ff0fe,user
k6_bidder_362_5,pts_19e4dbe550a50d579ae00ad9bea145fd76f89983dc20bd6cec5b84314523bc36,user
k6_bidder_362_6,pts_0db2b6060fad033e240fd64929d6886373add91adac9c97667d1196f54943b6b,user
k6_bidder_363_0,pts_1a4c8d6e708b3ae1eb2cb99d950c1d0120b4098173291b57eaa10bce107b246f,user
k6_bidder_363_1,pts_b50d1aeab8d219f20e438511ef58f04af0bdec0e611720c1c180b7f9eaad20a2,user
k6_bidder_363_2,pts_4e10139b936a32aba5843c6fcbbdab9d43608e3be81f8cfa9ff61026f260d491,user
k6_bidder_363_3,pts_825ec01174f9303351893b7ea3b789301919c2098fffe02f71224a75790e0375,user
k6_bidder_363_4,pts_0b211615dafe91c3172bd507daae37b603a26e6a8b542e6733d30a8880d8b22e,user
k6_bidder_363_5,pts_125b78a704b4fbe4e049019ffaabdaf31772dfd8825a21924bf4167c5bc60075,user
k6_bidder_363_6,pts_ac05dc89c7d2cb1cf34108fc3fda66830549103f26f1ca6cca7c3c265ad77bec,user
k6_bidder_364_0,pts_381d172db0b010a26b61e75ffe10e8cd2fd13e0b05870dba21a3e0bf415c02f6,user
k6_bidder_364_1,pts_3d9e30fc030d4eefd8839a98e1dce296ae37a7c0445a640fd1e3117712baf17f,user
k6_bidder_364_2,pts_cc1ed7835f49b89abb0c6729067127363a55578ecff067ee6d8ed70b746c0fc7,user
k6_bidder_364_3,pts_526f147204ec0ea8a2459606465dca4fd0602b52c13dcbad0f9af95ec424f0ec,user
k6_bidder_364_4,pts_bbde1d38ca0c100bb65dee4f752dc9a6b7ba7b839ccf966fcd3d861d08ccc78f,user
k6_bidder_364_5,pts_ceb75171ac0d6bb8ff776637d52c007c4825dfb80e015358ea56c59d1d2e65ec,user
k6_bidder_364_6,pts_74f10787f28f9f1a86fb560e83ff434e2849e20e0ef31dd79ee3535744913b11,user
k6_bidder_365_0,pts_ae7c98255c8aee0e9edc630f5e2b52a9b6e0a223fa4c0816b18f43545cb625bb,user
k6_bidder_365_1,pts_4d4c0f201bc7af56a5812729540496d9eff020c2415e74ad8fa8d5457c2be778,user
k6_bidder_365_2,pts_473ace442af0573a2f27e1c7c51ac723ac62f08c42af2cd9650b5bb5421baac7,user
k6_bidder_365_3,pts_c1731135e6763c40e56418810d0d854e7fe56dcade163a55fb03c2e670158a37,user
k6_bidder_365_4,pts_204ffd99d4a57bcf1e2566e5c2626edb2a7e91b8cf2e71a25f6df1575661f1ac,user
k6_bidder_365_5,pts_22477a908d16c98c630bc705c3991308564650aa63812726fe97adb4621c3a45,user
k6_bidder_365_6,pts_795ebcba49804f1c6ea1e042cee4f91d1dfe6322769cac480935c96e62925ed3,user
k6_bidder_366_0,pts_1d9996f5ddf3a290806b6feecab965718714ad928eb712ad3aa4ddfc9f6768c7,user
k6_bidder_366_1,pts_c87970784785918ac9331be8603e21462a0b21b8aba1e456ab37ac5e5fa8ae49,user
k6_bidder_366_2,pts_adf6bc4a39c4f1db6501dfe0639e3de79d8cac52925a8e2feecfe2c008fdc89c,user
k6_bidder_366_3,pts_e518262edecdb019fc1b028594ab38145331adb80b2317092eefd20e82933c88,user
k6_bidder_366_4,pts_324aef329e42f6ec2ef36d4d35f6aac3af13cbe6f4085936b1252937771a764e,user
k6_bidder_366_5,pts_c18ae9b749651254d8af412b35e43c04a2de1fb8f74b16c569ec98c6740b2f3f,user
k6_bidder_366_6,pts_ad94e44df1a14c090628848a7e70c7a1bb01b4cbb08bcdc14a493d820b186830,user
k6_bidder_367_0,pts_4ebb6028fe751326b3f3e5ff772b8a1d126fab3903324fdc11999800eb593a2f,user
k6_bidder_367_1,pts_87dccee9e232e6d17c5b54791b045d0e858c9fbda790fe472dad557eaf033971,user
k6_bidder_367_2,pts_c610f5027850372ada2d9625a75bbd8f35f3ed4c45bffa71f4fe35fb6e80c122,user
k6_bidder_367_3,pts_f061f61948542eeb0018b34f5fc7792f5c46f7422ffa3028d1155707e13f66b6,user
k6_bidder_367_4,pts_ce729acaebf37d8a510632125e7ad0566251ca19239b6288e6e2759773cd5294,user
k6_bidder_367_5,pts_64e879e7fa64bae806f236eb38bea47eb6385a9e7a1a356f14f08f0696d3e9f0,user
k6_bidder_367_6,pts_2bd69653360d41519b082f6736d017c87d183e44f1b662bde8e3c5d5020060c4,user
k6_bidder_368_0,pts_ffa0e2daea7dc78a20dba369f5c6287f69fa09c15945d2a49f5aaa74daa7b276,user
k6_bidder_368_1,pts_d44866fd26211f1226d3a5433ce63bfbb10f2f54f228db4718d64a103f9d7d24,user
k6_bidder_368_2,pts_980284f82a14147d24ab0313aa780c67d38f3ce92d26b41e320a8b54fdc50660,user
k6_bidder_368_3,pts_c5ac079dd9649c57779bdb99a773b845c4483219cae3e21cd4a1d2a1e2591114,user
k6_bidder_368_4,pts_a168f21896316ac8f3470e3c305f91d36991ff7b5a242d1bb41685d2fdf913dd,user
k6_bidder_368_5,pts_2659aaf0187e93bb13fd649415997dfbe63fcd9a770f792846fb51b3013d3890,user
k6_bidder_368_6,pts_50502a8ab35d4cf97f9eaf2539a8799b0a380a0f86e78c1f6e02c71daf94e625,user
k6_bidder_369_0,pts_4de547ea701b71795e04ca8de22e4b9d81a6168b6a2a1c1b9d5953518c1a1929,user
k6_bidder_369_1,pts_33b22a18659ec20306fd103c0abae79c336db869cb8478c4efd9865097d7d57e,user
k6_bidder_369_2,pts_a4b0e52298ac1f39d94bc5571f12e809ab2ab55aa829a57fd17efc9ce16ba0e4,user
k6_bidder_369_3,pts_9058a2eb8b84c873237dd8efb5a1d98049e8052830d4fd6aa933d50f77d4388a,user
k6_bidder_369_4,pts_ee15be7ba67d7611a31318baa8fa7397a67f0e334450ab7e76655b074c24a79a,user
k6_bidder_369_5,pts_7931f8cc3d6977598ba368824d49854d06fce1185de8d5f8443ad12c4f6d939a,user
k6_bidder_369_6,pts_d65856d99cccaf52b4a2b52f797d8d82e7df9b68ce612872a7e8779be76a7200,user
k6_bidder_36_0,pts_4a7bce99146aeaaa18292cd70f66b285abb3a0a0631cdb87d3e88f0cb3cd9f01,user
k6_bidder_36_1,pts_227365ed4dfc52c94d47d6df3bcb8d38a9b11c7d0e4398b358c0619c1a1f2c6b,user
k6_bidder_36_2,pts_eb0eb96197ae3cd84507a3048545a91d05a30740d36529db0db736c4f63a31d1,user
k6_bidder_36_3,pts_04cf0ed55de69d0cc66a9c108cc34a3717020070d70a728a0da070a5bcf32589,user
k6_bidder_36_4,pts_59f5c19e82aa55afd065362271af3dbdf6875dc7e822990380e155191f329185,user
k6_bidder_36_5,pts_a1ca405ddcc3b49a206b3a6040d4c54f88e956377e36eb40d0e5952de2411a6e,user
k6_bidder_36_6,pts_f857610f2b540d2d67a9e845076ab1207ba9dc81f6401d854bb58388327f2816,user
k6_bidder_370_0,pts_0e5eb6a90d68add564703a3d61194409919c88ffecf803251165de82073bfd3e,user
k6_bidder_370_1,pts_4f11f2f3685be8c6003ca40526c40dbae3f7c9b71b74a9ca7f150f8c4ad73257,user
k6_bidder_370_2,pts_6315dfa26a9ae193290b014275ade653dcc86f1b0aa2198e4e1273d39138e99c,user
k6_bidder_370_3,pts_af04166168e061958e0bfacf213dd15298732c07604ffb2fb25b75a3d5383e32,user
k6_bidder_370_4,pts_d7aef4fe56535c2fe9a1fe1d981919a30bda3b3b51e7dd3dbf4f6a2538fc25f9,user
k6_bidder_370_5,pts_f185dbdd3de2227edc93b618e02cbbee9ffacb18a6df7e6e04b9068c909ffdef,user
k6_bidder_370_6,pts_7aa41f6a9d19b6ae2ad6cbdd773be707b530543c19162f801aef66cf5d8a8774,user
k6_bidder_371_0,pts_8a8ecf6ae268a1e1e0afb6c46f86cf56d0a5ae14be13dace61ea5427e9bc9004,user
k6_bidder_371_1,pts_b438dd8cc53455e6053acce05eabc086b8bb4e9714b46ae42a284b07322e47b8,user
k6_bidder_371_2,pts_041500f052332fb17b0a90379e78d74c4bc898ce31172ad21926d89a993db2e0,user
k6_bidder_371_3,pts_08ba7583b9eae7bff1cd4a1dfc2e3b187591e642d999cfe9d915d7bcda2a3694,user
k6_bidder_371_4,pts_1fa23506907a5b3f4fa05317338bfcdfd70ca73ecd08adcb5d81dafc3f82f4bf,user
k6_bidder_371_5,pts_eb4b06c08bff77d195391bbf7defb1e010237f39b13c3201baf53172ccd627e0,user
k6_bidder_371_6,pts_6ef4fadd133606fe7ee52db5180cb91f1fdaf85e192526366ad305656c0f52cf,user
k6_bidder_372_0,pts_78ef6ae93aace812867de2b74188cddef3b048245a261328fe874f2c84e4b015,user
k6_bidder_372_1,pts_07f4fa3bd6bc747a8ba39dd43d20fae9e5b8b2286df018d5489cb29bede39941,user
k6_bidder_372_2,pts_db913bfe9d5ea614afa463af95b9781d8f9c6aed0a9e3d3ba9e3e2c276dc0a54,user
k6_bidder_372_3,pts_45cf723f1419133d953e934a850a56eb5fb5cdfb33c8b04c8f7bea5f4544e066,user
k6_bidder_372_4,pts_7e6224e120cc20064857e84b2e884f94ef1780ef19eb70d3b80e3fe991e0d86a,user
k6_bidder_372_5,pts_2c4d4c0a4beb0320fbb5e358b3a944ac511d6cd4c213f51a546dfd3da1d1e53a,user
k6_bidder_372_6,pts_ad31cd5f9a70def842dda3fc2df4642416868dab75e9c0724762d0225fe0fa9b,user
k6_bidder_373_0,pts_3253245501d6992fa5ccf59647d1166cef216a7eb7cfc88995da6490afb98d95,user
k6_bidder_373_1,pts_b66a9d121ca223e65391f69432ee24d9780b6ec6afe9dc7dae02054095b35c10,user
k6_bidder_373_2,pts_123921113b581de751eb22534433f6d0d990bf52d6372fd70149f596d144bbe9,user
k6_bidder_373_3,pts_be90d54b81a0bd78e3764a549828caa62512e801485cee8415099657e58e0d4a,user
k6_bidder_373_4,pts_84ceb594484862d5d26c22e17b2bc320ba05071dddd6451a283ba94224c74a4e,user
k6_bidder_373_5,pts_afa68e370606d270d464fb9b56148305213868c032c62a87ccc5a0cadde5cf55,user
k6_bidder_373_6,pts_6cfe830fa97f93e1acee368bfa3f09a7d9f8366dc34b1a58f078c0f5aa684ee8,user
k6_bidder_374_0,pts_4dcf8a99b22ffa740acc84944570d133b06f991776433795e04a1c89ef667842,user
k6_bidder_374_1,pts_44924ff6bee513640f2f2514bb65279ed475ab41e8ef0d37ad2aabc0c00251eb,user
k6_bidder_374_2,pts_45e5b5e01e67763df783f4cba502c9f36a9122e4bc90429bfae4510947c02fbf,user
k6_bidder_374_3,pts_b0f0ea7f3e657915b3a06a0ec7febf92be0c4acfcbc9cb8567e8ee3e16eef30e,user
k6_bidder_374_4,pts_e895a92e906869ae1a597d12f26866899e343329faf50fc61b97603aa534eab7,user
k6_bidder_374_5,pts_e76fffa5c7f771136cd1786988eda4f1af991a6615433929b35bbf21abf6043d,user
k6_bidder_374_6,pts_2e72d5b890a9cfb306b859f177d9e5a1476077b1122c104bf7e7169f7dd33422,user
k6_bidder_375_0,pts_53221e6f71ea9480fefaa69427199d02a9f90fb0a3e17b77d3a405fc0b5b2eb8,user
k6_bidder_375_1,pts_f97456a222a7ab8c126e502db9d53fd92b0af4bc9fb009317cc6303eae5705bf,user
k6_bidder_375_2,pts_ca791b4520c440de4e54d4f8dd44d4fde3650dead0ddb9bc64876310fd44ec1a,user
k6_bidder_375_3,pts_dbd47456b4b47b4a1a1e4acd36ec08d901a81c1cdc6b1a074634c3e387df8337,user
k6_bidder_375_4,pts_b0f4fe678710ea423a30d3a356dbf9c9bd667f853bb3067a85f11b17ad1acb0d,user
k6_bidder_375_5,pts_885786c4cdc87cb6a7bad26b094d943e0c5eaf5cee867361066e59f8c8cb77da,user
k6_bidder_375_6,pts_cbdf21d7ce50010ebcd42d392edb0d500d81853b06eeb870f9b48f143e46d70b,user
k6_bidder_376_0,pts_17af43f413df6f7153916eca15503f9f2c033ba81fe40d2f262c4930f543ff21,user
k6_bidder_376_1,pts_2b7d5b26bae1d308f8427c45cd8c8de4a18b38c196773290a58c715cd9bd63c4,user
k6_bidder_376_2,pts_bd7a9cdab9e65c778b5c81f1e9f481e18a9314eb85bf7099a44672068f7a603d,user
k6_bidder_376_3,pts_e74bf338b94d908bd0a45f50460584fe845ef3e03935f0e2391c3f9a3ae01c35,user
k6_bidder_376_4,pts_d8603bf681279d46024d39b081d581c9b0e9bacb9461ea97e1bef4c19560223b,user
k6_bidder_376_5,pts_72be642c78068122be7f967d1befa04197a367d6132d02530fb9ebcd1d5052fd,user
k6_bidder_376_6,pts_203f3b0cfbaf24586f6535962313524844d7d51fb48829d38d45e17b1f1dd674,user
k6_bidder_377_0,pts_766ff17904dea0becdfe9bd99dfe126883e5af79094716bd4ab7bca7771c7f21,user
k6_bidder_377_1,pts_7b361dbde2d9f49ddbe44f61d7f778037e8a0e6eb99a61dc0e7b91e3072de258,user
k6_bidder_377_2,pts_c6f883eab08753eef104009addaa3e57364e8baf2fb351b478b2715263ee3f8b,user
k6_bidder_377_3,pts_7efd0583a2b66e88bb991d56c5fd17df193e1fc1bd5fff5df87435ece898a244,user
k6_bidder_377_4,pts_e76a4ba37f7165a8dfd56b56bff914c9e046b19466ae0f0f27944b08b10adfe7,user
k6_bidder_377_5,pts_3cdbdffac19d0c88d8e74153e36d2f6a21ba337354d7e4bd7896e33ba75590e4,user
k6_bidder_377_6,pts_2b0296585cda93e539e7c89a05c02e2996dd3c5375a93282fe092e637f36bd49,user
k6_bidder_378_0,pts_db815cbae7d567233235c6b136e3d0577b95c8271978c9de38dda237d5714d71,user
k6_bidder_378_1,pts_96c1e2fbda54a4daef8bfe3a55ac219f3851650ad2d2e8e89d518b963a4b0632,user
k6_bidder_378_2,pts_fb04304d023e4a3a4ec5ba243b308cbb28b1fd4f02de1361c05bb527edccd3a8,user
k6_bidder_378_3,pts_73b013c17612c0521dd6034025576262f25ecab895a8ce2496c710c11ba1dc29,user
k6_bidder_378_4,pts_d9b2605c3135ab30a1a36c55ef4c246c388c4e51ffb4f09d7d7eb05973ce1d5c,user
k6_bidder_378_5,pts_52b348974bf80bb2ef9ed938350a0fd5e6acc24c34c42d1ae3f5dafed9b1e719,user
k6_bidder_378_6,pts_f7602284cfda406fe3bfa03a88d59303a94e4fa68aa1870e0d81e3afbf581e00,user
k6_bidder_379_0,pts_8a92f892cdaf76c90d1f0ba8907d7a823c6805f40ac4f2f8489fe8a8a17ed785,user
k6_bidder_379_1,pts_c78f0a3ea713330e99978db49693a10ab39cebb4c756acd9683a423c45601831,user
k6_bidder_379_2,pts_12d68d07ea0b343e68e4ad56a7f78849960b2eb5b54f5827ccc8c1e97b6073ea,user
k6_bidder_379_3,pts_1cf6315b3aa2fe5ee36df8d8cfe55a934a008e2559428c2baa8e3ef4206e1ad8,user
k6_bidder_379_4,pts_b7de9c4370bc2c1892c1ed87a8e2cc595f0b3558e96f213d601992f3b5f2ab36,user
k6_bidder_379_5,pts_a4299a5fa16d64454b78edd3700c08557feef4a126f402e0515ce16823f02606,user
k6_bidder_379_6,pts_56207dfe07059b4bc67612d10d9e8e97a20c26dbcaa488853fb3649cac54c080,user
k6_bidder_37_0,pts_f1d0bad9ac79350fe0f90a3dd4a6214170e779b59e4da0987f37c29eddebb2f0,user
k6_bidder_37_1,pts_4b0ccb1c093fea082b924e29aba7ba8e4f2a5c8c0a7ee34ca9fe4a9eba1f8a5a,user
k6_bidder_37_2,pts_62497e671f56d96515dfc310b023711557c8199c1160b488989a4e931ad05164,user
k6_bidder_37_3,pts_5bb988cdd2b2f61cc92c39bdaf83cfe6240b32536cc0826a4d4cbfbc6fd13aec,user
k6_bidder_37_4,pts_120e0bc546c2b30438f3119ce26cab63d36e6200e718e3a290bad45a0b57f6c7,user
k6_bidder_37_5,pts_c3c7b61e155aa3d37d58e6fa0d76f71d5adf0166c20a28ccea7ef597912e1dd7,user
k6_bidder_37_6,pts_71e3d834a5d3fdea6b5cb770cd4e8885ecd8c949c8fba02d4c0e67505becfbc9,user
k6_bidder_380_0,pts_0a6606625368d5afbe26e0a99e3c0b5b922687e0ed81b1fbeabdd1383241d62a,user
k6_bidder_380_1,pts_749aa8decc67bcc354abcba6693c77bc0e3dcb42488b20464c19b04e5ff57cee,user
k6_bidder_380_2,pts_dab894dae1bc6acd26c844c5366c1f703377c8b17369022ca0291b1212fad477,user
k6_bidder_380_3,pts_0fa497dc8384ddf64013a2fab381376ade4ff271aee949eae881de7fd1c5ab22,user
k6_bidder_380_4,pts_6d5c05624b89f43219788d3777c372307c0ae64be244b9a95608e33be3539179,user
k6_bidder_380_5,pts_9abe11deb926d7552d24f43604af225aa8a85ccac9f827fa09ca828cb4c70551,user
k6_bidder_380_6,pts_16be1b204ab965f6d27257e107fa82df71e730b604fcddde62f03d88b01a618a,user
k6_bidder_381_0,pts_cd87100f2fa08a70e49b8b87357bab05c942cf3087162d97d8729207fe6c98aa,user
k6_bidder_381_1,pts_a45d2973b1cb7e9b1fbd983e8965538c62e408f17a0f36dc55e2621b780bb131,user
k6_bidder_381_2,pts_1931f5e87fcd9747348a6a1b8b274d80258e38c743bd319b1fc90aa2686ed34b,user
k6_bidder_381_3,pts_aa4eda53a314e68f81df73b4276fd151fa516033bd058b68b6163956e4c14674,user
k6_bidder_381_4,pts_1073b392a5d32c3b5f2ae7f9418a4bac7fe5a1598b5995e7f1f8f2e3867dd5ad,user
k6_bidder_381_5,pts_49d65f85b5fcb0d31236ae03319e3e9d6454543167f4ec062eac41488b96fcbf,user
k6_bidder_381_6,pts_22d1d729450c901358e61d6684ddaf1f7a15a06406f4e2912665c3143820110e,user
k6_bidder_382_0,pts_0bd14a1f8ae1bfccde4c43328619f6534072865c324f37917c898cfaccda7410,user
k6_bidder_382_1,pts_7325fdf878c5d55ab4f73878bc825cc5e620cd3eec960c0fc61bb16af488ae69,user
k6_bidder_382_2,pts_603d4acf23812746f25ef2704c987507c5eca1d5dc28147f4ff1b379e7fa8b9f,user
k6_bidder_382_3,pts_6d9f50b15a66938b199ee63adfe4ef177c1ab75f36c2c222ea3d6de0d774e0b1,user
k6_bidder_382_4,pts_6b44d35453286e6df0f1a0e64878cc7a0b4448c83290b4dd7120d3d4f8c685e3,user
k6_bidder_382_5,pts_593adf83f8b6aba5c85c6bc2afbc3ce38ffe325034086ff69baf9ba8f14eabb0,user
k6_bidder_382_6,pts_c2badcfe8f00c6f7fb7898b079e4a4fc209ee909ad0b796ad9b1eb3ac804abcb,user
k6_bidder_383_0,pts_95b6b6af7b15e89f32e5feae98b1ffb08818fa7aa6a76bc420623df6d529566b,user
k6_bidder_383_1,pts_2f21e6edb15bc780b620ebd6c88c0837a8336e69fefe04785c9b2ddae861cd4c,user
k6_bidder_383_2,pts_424bbf808cf655de45dbe2936381650d85740c1e95a12a646ec4a3a65817fcf4,user
k6_bidder_383_3,pts_763d76c2f95cc3e50bce5bda80c137c23f1bfceac3f45f00e8ab8750eafcf770,user
k6_bidder_383_4,pts_c1e8ecbeab6345aee203eed74bb281d6e0e4587a1ea15aaa91922c0cff9cc642,user
k6_bidder_383_5,pts_62f486da0cc5a428320c00f7873f8ff0687460e14c3c4b589740d1b5b1e922a6,user
k6_bidder_383_6,pts_2fcd9f343029302334f88ec077859964a52d0172d636c0464039f6a09d79df9c,user
k6_bidder_384_0,pts_598c7bfd0f906066060aa63da35021193c6863cf128dc673e7c99b956c713166,user
k6_bidder_384_1,pts_027ee2b02414755d817fb495515e22fa735e2cc015c314863284a5d8c2ca20ec,user
k6_bidder_384_2,pts_16881196c4830de1a76c3ed11f8d305dd6586c6ce474e27d11c9375f123cac2e,user
k6_bidder_384_3,pts_b77984702cede2ff3ac028083146b5c905092aed35957ef2b72c8dcf1e4e24d9,user
k6_bidder_384_4,pts_123db71c7c8ff87c980ac36d7a6618903d1219627650c457008d4f8d0583d061,user
k6_bidder_384_5,pts_e0e50a108bf71aaeb7bc1b1f57ec327b188ffabcd20b45fedb7aedbb92ebc9c0,user
k6_bidder_384_6,pts_4f24264de1a025544a7e769e84e5295160aa82493b7b45e1049ad0dfa28965ea,user
k6_bidder_385_0,pts_280d54f106565d3a72290623d0889339c8730d71cf4af5b0e01e9233e75392c7,user
k6_bidder_385_1,pts_f3cf53d191ffe6199a26d1b0d458d2994d2752471a2541b884771a09056016c6,user
k6_bidder_385_2,pts_620dc00d91d0673f9f1c334b0a09a7af76491469ec3b7a786afc1e90481330b1,user
k6_bidder_385_3,pts_868f8b7c0549ea5fa005c0e4af9ba28c9a7670105d117d8b6b34d352b8997efd,user
k6_bidder_385_4,pts_c81e1827d79962e3ca28d5396e78944a7d80c00ce541d242f74f4d086e267aa6,user
k6_bidder_385_5,pts_14efc250d55b22b937893d3b563c92d5a46ad5e0ff5a2fd5b1a7a3d5c7bdb3d5,user
k6_bidder_385_6,pts_fdc8b5a8229a031d8f6423403ae4c1360cd141f73be08f2f85c978aeaff192e1,user
k6_bidder_386_0,pts_eeea4aa633c91c918d6545c39ec0264b651d8853cc845ba01d11edae8b926acc,user
k6_bidder_386_1,pts_820825312fa9c5ab373c2458d20a5767ab5915a7a3f7199470d971a5f4c03b0b,user
k6_bidder_386_2,pts_a9a73e44e3d49e8a8cd45ec73142eef9424cb2ec00f2dcf796b249fed2242c89,user
k6_bidder_386_3,pts_3bd0339a0f2aeac783c58e54da86b2ff7cd38da6520abe3dc427f83bc1f20301,user
k6_bidder_386_4,pts_2304f66026a432ed39a8f4af3a4dcc01d560c617e1769c56b0814135d1ce7671,user
k6_bidder_386_5,pts_85a8069cc1a40c57ca028322f25d1aafbbb5f4cfe1bed0af6b77af47d445a4c9,user
k6_bidder_386_6,pts_0265a81a198c9107c31d4e3636a81893a4126ba6fb216a171d6b59a5389cd63f,user
k6_bidder_387_0,pts_c14487fcd0478d24d6697e803510c9b5358eed48d12bb8421373f597ed3a31a2,user
k6_bidder_387_1,pts_79b6945cc4939c4e874300217ce4e703a7006855964f7656636a93e60f6b3517,user
k6_bidder_387_2,pts_e9268115bec590f15c77d1f5d6d049e816f35ca6e0f80e0d388a4ee30f18a6b7,user
k6_bidder_387_3,pts_255d9f17f84a462e0b4dcd85dd96fc43373d3fa51a4547d7b567708beff00c10,user
k6_bidder_387_4,pts_8bbbaeedbf905c28e08eb750d7e44e7e402e582ae2228e8692c2b3b3dd591520,user
k6_bidder_387_5,pts_45ee592dd6d047e977b6e19eac604d86e5d4c64c1cd5a5c2f2d418fbf663aef5,user
k6_bidder_387_6,pts_b8bdba306941c2814de9b935b7f5cce4889f554bc1fd162bac458cc78f545608,user
k6_bidder_388_0,pts_2820f9381b178d28ee8793d463dc4df934cdd028824f4fb4de34eddc8fdeefcc,user
k6_bidder_388_1,pts_624d4e12864de113d1e66156b2cac79b2b12b58276e52536fa739e1f1ccf458c,user
k6_bidder_388_2,pts_1af9ea142fa3917d2c7df494038562028121383b0eb29c10cd7257f7b01819f4,user
k6_bidder_388_3,pts_be57077be0f67c38e1457e936d3be8d1a00a339d4dc47e36e0db2c4b1d42ee42,user
k6_bidder_388_4,pts_6d9d33fcb004ab2326989b766ef0dc28ab22baab99ba3ba2976cb58554ae1307,user
k6_bidder_388_5,pts_3a2783729bbe56acab1800911d53a305be5cbdc94b3b2d9e944359879616bb81,user
k6_bidder_388_6,pts_9f8347551630ef5a32228a9d0ed89b5ce605ad426c38d481255d262bc7591626,user
k6_bidder_389_0,pts_a2fa88699d349c07b696d0ebe9e169ddf2c502318e0f0e616ee8afed9d2a1542,user
k6_bidder_389_1,pts_18e93e03310f9e7ce35458f8c0303652e394282e2f1d81b53fc5cdf09c869eb1,user
k6_bidder_389_2,pts_0da37334a749389b3ce4988e40737f56eadbb841d3c2683b2ff485f6aefa48b9,user
k6_bidder_389_3,pts_e47a9daed3a74c8d40715b5c2b8e232930a50db634ae84a61fae998eee519e03,user
k6_bidder_389_4,pts_df2fd6da6b23557e5cb2be4bfccb1b0d8b33aa3d0c73d71a9b08e212ddbf8fc9,user
k6_bidder_389_5,pts_ce0f0c6dcf4a244afa413b49cee0796945a6984f63426f7cc24ac28f6f669560,user
k6_bidder_389_6,pts_7bf5fb293cdf5949811d915feaeb2606c2171dde481691b864abd488cbfffcb7,user
k6_bidder_38_0,pts_0440e80b59fec20864c274ed26bbd63761cece72df731db5417cdafb239bf358,user
k6_bidder_38_1,pts_dfa5391158b1593400ffd8d035f6f07204d26d87f19e96902d242deef4709f92,user
k6_bidder_38_2,pts_81b8870fb1a4ec2e3b5e0c9c5d74452631d1002efe4b1777f0f5b0353b70a94e,user
k6_bidder_38_3,pts_2df362da5189e4a432d10208dc3d421bb6b503ee35ad5932ed5e4ffd525e248f,user
k6_bidder_38_4,pts_929356171549581b987bab86488a66e4fe9f7ffb60063395a967429e5f444228,user
k6_bidder_38_5,pts_b748b7a5e5dc5cb02b8b8257ece42a836a4036a7e994a93368e91f20755d8fad,user
k6_bidder_38_6,pts_c0cef86b7bace80e9dae7d92df5fb1e611ffcf66ab763bac9c7c3ed5253b336e,user
k6_bidder_390_0,pts_8951b79996e125b93c927378059586eea9e9b6e3e2a82544ff872220b60aac9d,user
k6_bidder_390_1,pts_6884670e8f9d67054c4fd33b56018c16624d983d51ee9213c191e75e596630f5,user
k6_bidder_390_2,pts_f54774e2a434cb2df46c0630763be892db5ccc22f6df6ccd65d6b1f805b34597,user
k6_bidder_390_3,pts_a438741e907b442f1227df0d7cedc4bdb7d8ac75a773704bec7e70c07b6d68b2,user
k6_bidder_390_4,pts_e5d01cb46e756c5e16f487162397d2413fd68011966704feb5c814a036d4f423,user
k6_bidder_390_5,pts_6c337cdfc48cd637301afa9699c179a9c3084b4a9a4fe17320c553b4625f94a7,user
k6_bidder_390_6,pts_b83d350fdf19a84b0d2b5185dac50eeeea560728aa79215720270b17c23f24d1,user
k6_bidder_391_0,pts_9960b7a595fb69a941ef9d1ac178fcfb3cce18cb45405a1aa73aefa312116a41,user
k6_bidder_391_1,pts_0f2332fbdf0f22bb37cf57b06efd1a5b859efb52da811e03fdd77559111b87f7,user
k6_bidder_391_2,pts_16f412f9cb170f0edda9d45b22d47cd4784eef3e1e958edb01b7850a2a664bf6,user
k6_bidder_391_3,pts_e3d4107238f5f182510b14f3b1d04b93a142d56a80e8bb634dc7be67cd34c7fd,user
k6_bidder_391_4,pts_482db9b06d2b6a33b443ccb2feb406312192ce2745931f2280a3ef3ee58ee420,user
k6_bidder_391_5,pts_0b5ef3250be21b47589c2f10757f434095ec5b2df382918cfd1fb4f34f5cf29d,user
k6_bidder_391_6,pts_659d51b13c64bc0675d5f7e78ba82f4429943d3867f16343a86bff4f685c9606,user
k6_bidder_392_0,pts_62e9fb8b4b8c6f2658fa2462c8b04576a084705cfe1fea41a316c59d2495d981,user
k6_bidder_392_1,pts_f54809e21ec5340eabcb269c9d4d77216daf63df498cf94940905ba78d1ab594,user
k6_bidder_392_2,pts_1a6aebf442720d435f17c8757bdac7421b5c54f077e55dbd6f1f33ab34ac6b72,user
k6_bidder_392_3,pts_7be5043c72fb5f053454adc6b637fbda1b78727c3ffa6602073935caa3a843cb,user
k6_bidder_392_4,pts_f664c4731ad0b5dbbb60f950ba551234f8e061a1caf1648c4ff221eeb5c55eeb,user
k6_bidder_392_5,pts_e2ef085a9ff9b04da7fc339498b9a9ffcd45517c9d398056c44ac346637d7ab8,user
k6_bidder_392_6,pts_ecf8eb5213870482adc9e2909ed66a9b2ee38cb4f2ca9746d5435d3f0d1fc815,user
k6_bidder_393_0,pts_5e818a6cf0c31735867002c323e27db90ac1da35f827f240c218f7c0973a0a0d,user
k6_bidder_393_1,pts_f1bde31addd1fc9c60affdf006bdfe0bfed2a7859f95c63d3641cffd0dd5dada,user
k6_bidder_393_2,pts_9d68b017e147c220ba87f967aad8193bedbd3e235180fa581e89e39499cb6a53,user
k6_bidder_393_3,pts_bc334feaaf1cddba3e0af58679a2007476ab1fa907b7828475f22e9e38fcfd3d,user
k6_bidder_393_4,pts_2c40784424b72cb556a2d674bb04cb03dad150f07ce7fd60ce843fea2e66218b,user
k6_bidder_393_5,pts_ba289cf632b03099d952a6baac1a7888f18c22cd0e089a1b5922bb65084653fa,user
k6_bidder_393_6,pts_378ee4fb376db61c35708c45a9ffc3cfcd1b3b5cfdcf656ee863c454708bbabc,user
k6_bidder_394_0,pts_9c6ee9bcc7eea0bff002cee46f46551107c01783abea06429736e4784caf6013,user
k6_bidder_394_1,pts_98a88975b7fd64aadc1bdd3fd0ee25529eb6439a170f6cb9b984ab72898fe79a,user
k6_bidder_394_2,pts_84d4e7c5689a671b664fdee19196e9d5c7568ea7ddfeb107c29ec30714720b62,user
k6_bidder_394_3,pts_03db1d6c8f7d95de5e13becbfea995f580eefbd8e14e7f8c9f1f35faa3b5e356,user
k6_bidder_394_4,pts_59b2f032cf9e833618af457624ba6ffd30b565ad24a619d95e88c2a2fe5c79cb,user
k6_bidder_394_5,pts_bfec95825a9fb8e4bc250abbe8768f70352744d658b2773d7252b687659fecb4,user
k6_bidder_394_6,pts_aba03efa13bc7c6b86cae609b386936201b39aeddd87b487e31af79ff1139d52,user
k6_bidder_395_0,pts_c42c3faf856a800b11395ba6e5aa4bff198e8e81ff24e728ed4d32d18664a5c7,user
k6_bidder_395_1,pts_f61a605493856f99302e65b7123b0870eb65b61c6af4b7067f38661601ba87e3,user
k6_bidder_395_2,pts_0a1b1730c28887b951a47acd7aa8bf25173195be5087dcfddff2ac1d03c87a4a,user
k6_bidder_395_3,pts_c8d1382e60b9d6f5075172ce13c711bace2af55bf79a51e47e1f600337db25fa,user
k6_bidder_395_4,pts_4a56d60139998be4a89686f575d7af5c38707b38f8ba9afbbea5964e8102e467,user
k6_bidder_395_5,pts_59918dd4c8a13e7e7b994a01433ba8f79847be0952c823436c764dc12c9b9673,user
k6_bidder_395_6,pts_02fd7f1004bac339e0a02707dd3ff9c38d2f9ed7b5d12ad00d6ef80449ab1695,user
k6_bidder_396_0,pts_7ff546831c7890d9f5a0629c7bbefd822c8d5e876c69d2f4a33bb5e42d64da96,user
k6_bidder_396_1,pts_f7b159e1d0f2023db5bf95be1967b75f50219704211fbf2c6944b10035fb602c,user
k6_bidder_396_2,pts_ce72d1923e87c588a8763aa494a07b4f1ee98e9609042ee4312773729d9e93a6,user
k6_bidder_396_3,pts_a9aec31fcb39408771e02c8f16056fd753d8df4ca57df658a6bd3aa073e91302,user
k6_bidder_396_4,pts_5f9c4e27bddc0d43563937ab110d81e3d823c7fb4e694dc1e2beb868114d77a1,user
k6_bidder_396_5,pts_82511cdda2cc0a5165fbf06eb99b546787895f0ba164a9b75e0904890e21abdb,user
k6_bidder_396_6,pts_9853af17b9cff9c1f1c7e0033f0cfe2d28fb47f6e883350af72d16c24504e605,user
k6_bidder_397_0,pts_a83194eb4c6d1d9c798fdbb178443bb25da3f701b7aa8b1f7ff81d90255b27d3,user
k6_bidder_397_1,pts_8d3fe5e1b94804ed972bf36d724d656cc036029f77422e5b3eecf67e9d3b5bfa,user
k6_bidder_397_2,pts_c16ae151f3b6e1f932a14883a362708ccffdbddfd86e0701be72aaf15e6d3fa5,user
k6_bidder_397_3,pts_1a464c6ef509a60a4a49d1a5c596349ab83ecb8d7ec1ed45472c03c1f4753fd8,user
k6_bidder_397_4,pts_96ac1c2198a95cffd2c4b876bb6161bafcbe28262f7c0b234e14f42f68cf23b4,user
k6_bidder_397_5,pts_7eb582622535f0d917985db1728fdd11a46e27013e6a00a779a8ca711932b519,user
k6_bidder_397_6,pts_8f843f876d55eac9469fe1d1311e432db4506c6a989d250752347e64d962aa52,user
k6_bidder_398_0,pts_29f1ce2cf537e885497ede5d70876b3b67e473248e8d0e3fc6f01549b5344f49,user
k6_bidder_398_1,pts_c29e7011efcf30ed5c2f897fa01c22d8540851658e48c50128261398bb2e8ab9,user
k6_bidder_398_2,pts_31a9fc9adb627ab8e448cb82d0b735234de84210bed91e23f1a7acbcb7568c00,user
k6_bidder_398_3,pts_e878e30c619396a106c77337d22c7bfb121951426c4494b91afcb2289fff324e,user
k6_bidder_398_4,pts_6184ac5acf0f6ab7d5ca5a2a1d513085726e2f16dd76f15ab2731ea4e56c8455,user
k6_bidder_398_5,pts_d14d5d4e63f7dc399935a90b72c7f78d15c4674af20ad94d05a9eadcb3d7a08b,user
k6_bidder_398_6,pts_c36f162db39428b2a466a1fc8c3253fc312856dd56e5bb06c35a82ec079537db,user
k6_bidder_399_0,pts_3b026864663646c1b18f0cf628475c1171507cb56c394d5c07c7fcb3ca40967a,user
k6_bidder_399_1,pts_9c8ecf7de5239820061fc6c245c5011393f44f450c8273b0e2011a6546423cbf,user
k6_bidder_399_2,pts_9cdb9aeb5e5eb10a0d1d4df14183b1a33fa29ebb25c2e413340f0d385bd15ed5,user
k6_bidder_399_3,pts_244dc75b7552ce0617316a1d1dbeeebeaf9abcd0158f6c48a0f23cbc2994a9b1,user
k6_bidder_399_4,pts_1b11e68fcb4710dd3bd02a668a0ae120105b29e6beca1448eb5d9c951f9e1280,user
k6_bidder_399_5,pts_90fec8915296ed11d0973ae06d84b15a16ddf343ac2717b1a715afe0e36bb586,user
k6_bidder_399_6,pts_20e4fe541d54c310e9a043e76bb1377d659e1816b965766295b3bcd95d140b55,user
k6_bidder_39_0,pts_08a655edf76d7258740d433333cae59482fdf211b3d3998dc98897802396eb4e,user
k6_bidder_39_1,pts_3b72229278e5a768cd41c0cf5e21a486d1aadadefc4a303ebeb2f0b088b87af1,user
k6_bidder_39_2,pts_536faee023a3e6211cff144c03a7ebfdddd5e44724deca0b02ddb874f43e619f,user
k6_bidder_39_3,pts_f1dd5b4d54709e24bbe858644ccc78ba52d1c4e226354fa8a88f7fdb02339d98,user
k6_bidder_39_4,pts_d182ac7863f046e294d44c1c11d59361d18eccd0d1a6301b3032ef5e5d20d725,user
k6_bidder_39_5,pts_2a757f4781fa447c6c9c1fdd1b60d19730665c0cb036cb1888892529a693fc34,user
k6_bidder_39_6,pts_44fa7484bd7dc6d6f2d79b46e31509791f4f9617212053d743b87b2979db6e86,user
k6_bidder_3_0,pts_6040ad72931a4280c41002a4e6464a6cee5d43b0e7d352875810120ad40fd73f,user
k6_bidder_3_1,pts_a5893c4fd53cd29c1f22ee1c79ef5a5e222c44cb3d9964d0ab9bfdb74ec3bbf3,user
k6_bidder_3_2,pts_27e8fda9e5173da8d73fda294016e7b66c258c373331d18cd83df4481b5a2126,user
k6_bidder_3_3,pts_161931b016e8585d74f1f81891c31d8dafb133e19a535cc0bc038d65d767436b,user
k6_bidder_3_4,pts_606431aecec226f956eaec46cddc2479011d1d33543871a802090cf2089c2b3a,user
k6_bidder_3_5,pts_592f8158f0ceccd55d14ad6bc83fde64290e3f2bb2cd5f5ef61fd08996151fd9,user
k6_bidder_3_6,pts_f19634724ce644431c58082a3c4eaedbf51cd1d57c656b2fb3e6831f1313fce2,user
k6_bidder_400_0,pts_41b483f584f5ae466f85a639da4865a3545f8d5867bb609ead80c6b54a350669,user
k6_bidder_400_1,pts_91937e65e9faac30cc52d43d46a0052a73c8963be96d5fc7ed7a233d51186668,user
k6_bidder_400_2,pts_186062d30198703cf345e577e1d4cecfb43f46dd3ee0c2c60813313ce74b6abf,user
k6_bidder_400_3,pts_e0a7f423c9878935b6acc7405126b4c8421338ef0b0c92de180f0c80dfee4d47,user
k6_bidder_400_4,pts_5a64a9ceede9ccf74784245b553051ca682f87cb062d5fb48c53951a1d758178,user
k6_bidder_400_5,pts_f07e306d2289fafeece255761f7df51c1a9a84d576df20fa464607fd7392eace,user
k6_bidder_400_6,pts_c1ac9e73b6eeea6c3ae72a3d3a6284f78681727a8d7ad23241833053c42f2233,user
k6_bidder_401_0,pts_38201ce1600d250ee93cea689d3e6ffda51b5f3e970cc1b13cfd015c7e2151cc,user
k6_bidder_401_1,pts_a5ef55f677db5a06364272fd5b29bd5b3346184ba483cc8252735d8ed35cc5a0,user
k6_bidder_401_2,pts_997be1cfc078d3c8d8e8d4f62562d8309a9aa4681e83cb0b6f9737524b0d1210,user
k6_bidder_401_3,pts_d9409300425a0484f64a70c37aa3eccef42871c0b2f013be087faced1a0f15bc,user
k6_bidder_401_4,pts_331e4a38da5dae8e87ce3ee131bcccf882bfc3f9d6c9ecf3ded9278741ff9393,user
k6_bidder_401_5,pts_45d5d9344fae500be47b4dccedc48748f0a5668f612a5a2e97add34100e186d5,user
k6_bidder_401_6,pts_9b32e2970c69bdcdb08ea5d89a96eb8a1ff4ab9631fbcde565fcc6c97c33a320,user
k6_bidder_402_0,pts_95235a4dd74e7bfe959faa0783f55864ddfe2aac09123e063d75d1df73ba5ccf,user
k6_bidder_402_1,pts_3bf13d55c6f96d1512b7186f1e32f68f181b3e357340f51f5d96534b55e6f07a,user
k6_bidder_402_2,pts_405805c133d7762abfcad86b0443c32be9e8a55702d7ae1e5b7476b98ec71a29,user
k6_bidder_402_3,pts_ca75bee44a3309b678ecb39943cf7b0fe5acd13a22c5c13b888a41a451d8b669,user
k6_bidder_402_4,pts_ed563ffdd946f32ddb6bc778b367594dc50a610b809f278a0af509e6e98c07f0,user
k6_bidder_402_5,pts_7669d8fff7a5ee5c8e630968fee7832199cd3f671067fdd46ca7b45d3267f6f5,user
k6_bidder_402_6,pts_2dd73224da76d10b61faca104efc02bd005aef01f9b2f15c36450e678c2e736d,user
k6_bidder_403_0,pts_cf953b6876576af114edcbac50561b46db6a9938189c0128e0a3b0a7d5423717,user
k6_bidder_403_1,pts_97d832272f1e280502ef2c8a10d77554b85ac0bea0ac8f7d268530e3b7811b14,user
k6_bidder_403_2,pts_0d294b592008f94596b7eb7f77a11cff8550af3a92ceb8485d072d5bff55379d,user
k6_bidder_403_3,pts_74d5f5c0e0ff270b605dee5b51324d9fd90168d6c9d5ec74ba4b1c70d2e8ef7b,user
k6_bidder_403_4,pts_e51a4c2593b79db6657a58362a1ab0324afcb75dbd7eeaddf106bf4bf9c3484f,user
k6_bidder_403_5,pts_0b4062f45376552c7b18b700acdcc72fa5a24b213a0997223edeed9721a90031,user
k6_bidder_403_6,pts_cd5d9585a1c6469e3e9d04f55ef3d702e8c7bd93aaa3c41933f504eb13b9c6ad,user
k6_bidder_404_0,pts_84c2b18e55eb50c41dea97e728aa0fb81ebaa208745848c5896139f020ee0f7e,user
k6_bidder_404_1,pts_c618a4eaf8690f71aa1d2f6ac0d34e598064a2ddf1e8e52b73605e02e813cfcb,user
k6_bidder_404_2,pts_698ffc199813db02e9d693b598f3be59f63ec8769366acaacf40f3e1e576717b,user
k6_bidder_404_3,pts_af97b213f086c7ebfef2b95faeed75f3e818cebce0fe255364ebcc5c32c41b59,user
k6_bidder_404_4,pts_7c097ab5119f18348c8e0189061abab90f00fc23f9953fb36ddef38226a36847,user
k6_bidder_404_5,pts_426b1ea8500b502ce5d15c8b0f04f4221deb0c61546ab4766c81008dd9cdf9ff,user
k6_bidder_404_6,pts_e48cfd252219159c1a6074ca1566c2ad3369929c2aa666f807d17277be4f09e1,user
k6_bidder_405_0,pts_38526351cfdd2cee72386b73e901f178c4dc4feaa74a90108eefd6600c919f7f,user
k6_bidder_405_1,pts_646f79ca138a3474d7aa6fcfef1bf2825ccc699fa1c63772e7abf12ac9d3648b,user
k6_bidder_405_2,pts_bde800de574b588935e0a59263ad71bf76fdd0c297b1ce97fdb08b8445fb79f0,user
k6_bidder_405_3,pts_fccb006b3647c226a77c791e03a23c8123a70ee8e717347360326e822f87102c,user
k6_bidder_405_4,pts_7392a2536678beb2c6c5cef70660ccf80b222b3a11f4bffb77ab3a63e774ba90,user
k6_bidder_405_5,pts_6fd1777b1ae2fa73a1798001a78e7b52a0da231574187f0712b5f63ab6f78b44,user
k6_bidder_405_6,pts_51b3eb1f3c3479f2d35973a5579636fda20c59ea318a891bbe0967fff73af16a,user
k6_bidder_406_0,pts_3c44a6c7058ce741931c988b283360691ff991f26d4555bdc7cd0d9ebbf2a709,user
k6_bidder_406_1,pts_c3b75dffdf57a999740d23c42bdbedd07a8ef27f97a3cdfd89deeb7654660666,user
k6_bidder_406_2,pts_d2ee118ad2fcb427c37821bb984470c05417d256f9e866f7dceca83c8269dc46,user
k6_bidder_406_3,pts_a53cc041e08a3389b01c4ac6af8b5aafe40c97d7883699851472a9dd4122d484,user
k6_bidder_406_4,pts_74b4b3180f38a12a6babe57a34367749816a473bf5d3a38d184fc15109882d5b,user
k6_bidder_406_5,pts_15bfb403910c39d7d461469602fb01ffd5ce4b7c3e0a542730620396914a22ba,user
k6_bidder_406_6,pts_9e45a62201b67f172e72fdf08bd45d724c03f98dec734cf71ef9ce33cee83d65,user
k6_bidder_407_0,pts_04d02325bf752e24f0c7a59eaae1826664a56283efa7a8d7f18b9f029cf5407d,user
k6_bidder_407_1,pts_fb9749b4313ef4bf925ae74c8d162579ac93c89e37438a3e94757c793027539a,user
k6_bidder_407_2,pts_6000bb1061c8f55e7e33cd1b72d78a175f853940338689fc6b24e011f954bbd8,user
k6_bidder_407_3,pts_d565e969689049ab11ba0a3cbd264511d276d8362275484a76206c1c6eea4d49,user
k6_bidder_407_4,pts_2f3adf215f2cfa0ebe0a236a9bb44ff6db9d760d96f218f1e1838e3618fced29,user
k6_bidder_407_5,pts_7c5446085cf972c852002a3f962d6d5df41cef2a8b2cd0c9b5fbc1226f7af832,user
k6_bidder_407_6,pts_915dda91bcbb6ffbeeed9f16e18caf166ef211eb3fe3a275853e48ba4c68e9dd,user
k6_bidder_408_0,pts_499253fce295dcf4d5548923abe2e701144eb43df6ffa6a16068bdf9b21a1be2,user
k6_bidder_408_1,pts_8fb727f526531e9ac49514d4c4e7a772fd8b275dafb5a130925e9cd25140fa12,user
k6_bidder_408_2,pts_1186cd2afc52bc56640c3ce9338d572e21b43202113018c2e2f0c5515061ac22,user
k6_bidder_408_3,pts_ea2b00968fdb03f87fdf15fcafb2c737cc41f112ae8d00baff5e14032e5c228b,user
k6_bidder_408_4,pts_c05514bc925645eab427e55a897452991c516c63e6848fa865afdb3da2c87a84,user
k6_bidder_408_5,pts_fea9fa82e0a25a04f3ff9c6c497b87de9437cdc97a041adc38d163e31dd9bcba,user
k6_bidder_408_6,pts_0ef586d3694bd90321d4656b38908c8bb4a15445b0acbde5a2662bf7c379c25f,user
k6_bidder_409_0,pts_58459160273558e747ca159ce4d636dac8fd76c8815d0d701c00157f90fe7fc8,user
k6_bidder_409_1,pts_fb7183857decdb9c411068a1b383829524d4749aeb37776adfda1d42a9dd4f7f,user
k6_bidder_409_2,pts_5376501c372c3d4e42ce7d0d7a60d221e482fb628f5a4f90a3bd3eee45e0c3f8,user
k6_bidder_409_3,pts_3da299e430b496c8541f4b0a70b6d9e284f2694e2177850b2a6f847c5543bbea,user
k6_bidder_409_4,pts_4580a32fad3864ad9937992e927bf220c90c3da0668277f5c3265d9114aa52cc,user
k6_bidder_409_5,pts_bd1eda5bdda36e7482f822e03004f14c973b9e87e40f8293babb26db39b40413,user
k6_bidder_409_6,pts_4e71e1dbfab2d9d447c061e8f0c96226c957a17d7c9d22712542ac49b4ee9c2e,user
k6_bidder_40_0,pts_1d55543cdceccb02fea0351172505e1a68cf46a724b923906257b55dc632fa92,user
k6_bidder_40_1,pts_0a7f70fe5bdfa83a1b5c314764d0cf226a437f72d9e8626e17167dfb94c0b7c8,user
k6_bidder_40_2,pts_ae94caba210e0d2fe0eac8e196e9ba1f32a6d0db144507ac62314cad41be4573,user
k6_bidder_40_3,pts_62044036f480547785ba99a0c6e471032b043bdfbacb2a2f96bf74b4cee7b6fa,user
k6_bidder_40_4,pts_df5be1758513120a3201035f89a13629230a1c49186f40ad23be1ea5745d1628,user
k6_bidder_40_5,pts_6100bb2deafedf43d7411519bb307a316c08551481ea5e3ea0e48a846197b271,user
k6_bidder_40_6,pts_fe72764a9d8716f0c5954dfa2e6ec87300777a8687adf6a2151aa3ce9d20c41e,user
k6_bidder_410_0,pts_7844ad5199562fcf123baf44850d8e7dffc5f8ce34e1807eaa0e8f051a517da3,user
k6_bidder_410_1,pts_22bfb8cdbe80f00a307947360c1da9c0f2f5be219c3f5184547c7e5973c6a362,user
k6_bidder_410_2,pts_4be07ea383fae7d9078a51b611a148ce016b62af23265763cfe92e680d7d8182,user
k6_bidder_410_3,pts_acce3f4550af70947b9793beced2257bc58d03642bce159daa7af08e1d6603a8,user
k6_bidder_410_4,pts_72833c1e7f725e36d3fdc51871c76b7f8253eecd6f0bf2ffcc2c5856e042ac31,user
k6_bidder_410_5,pts_89dcf3f2746bf6028912e551560c8a5e5ff26e6c4aac1d8b0529532c962956ff,user
k6_bidder_410_6,pts_4beac9a1624443572bb3ea9304259040b36499c8789bfa6ee961970a60ab92f4,user
k6_bidder_411_0,pts_5b72ceb2f8e793b6cf4f408b4057115bd03ef9aec8b7e267d69f4d3fb4cdddfc,user
k6_bidder_411_1,pts_d6165b279443bfeb9f5a664c87d45641fd1253c726b22745fd2a6c6f2a83cf28,user
k6_bidder_411_2,pts_8aad7ba733d8e0ad3cb2b27259a23a61053ae4efc3043134f736517068aad590,user
k6_bidder_411_3,pts_c4dfecb44ca8f1bef898c02f2ea45711741f4f3e86599375a108a9776c8e7cc6,user
k6_bidder_411_4,pts_235cc56d2e084eb0565eda64d31b535c1910defb220a697d6e6b444c32adde1b,user
k6_bidder_411_5,pts_4a9966edc9853611cfe0983a5fb276a7a2a44f64c9f4a2048f49dd0c03fb2cd5,user
k6_bidder_411_6,pts_5819a85951c5cfc6b77f8f31db62ee22a9f49a7ff77c3541b0445390a10abaae,user
k6_bidder_412_0,pts_95c5fdc4340fd158aea86feb35e00a2b7df3b0714d96ab4941412740521fa651,user
k6_bidder_412_1,pts_9f0c16feb54ddecb97577ec2ea3ec49a2318b661faa7fca2623812afbf524107,user
k6_bidder_412_2,pts_904ff7f706704aca022137f44c98fa9d4bd4bbe96b2d342f6e880a8e6f078273,user
k6_bidder_412_3,pts_dfd8e52e30cd0a03cd533fbe7899fddded2a4774434cfcb0e27c4f846e36fa8c,user
k6_bidder_412_4,pts_4dace916a150666dfd8be1d128bca48b2732d608512bc918a8e935329173a910,user
k6_bidder_412_5,pts_2148e5f0ec3c3bf57cb18cad0414237769bd94738e7f0ffb91ad19d83f79afe5,user
k6_bidder_412_6,pts_2d64eab0573025f91cf56234b001b5dd8a9d12b1d4a1a04c47aafd324babb22b,user
k6_bidder_413_0,pts_4fca99e97d92f14feb11c2ee7dfa6a237b4743b71572f6097cbebc1ffeb4e18d,user
k6_bidder_413_1,pts_45ac785dcc9de480f9930f482550d9360e63f85e4be51d0b468f382cf4d3cf32,user
k6_bidder_413_2,pts_94e4f7dc171aa96d0afb3229626ba80937a74314f1ffd76e2cdbcc5848ce60f3,user
k6_bidder_413_3,pts_01652aa91b6013fbf153c414c37423297abf43964483ea276a29271be7f8394c,user
k6_bidder_413_4,pts_24d15e812ae2bb6c6fbd14810939fa97e63d18c3c1083641d85528392491cba4,user
k6_bidder_413_5,pts_b62b6f2a51d0b536ce754dabcc946ab4ab05dd2851d2ed6244be684037d54d6b,user
k6_bidder_413_6,pts_82a14eca10a59d8a98d455d2b1ac72a89327d2f2c755b42e36bb7ba51d6ac639,user
k6_bidder_414_0,pts_641da0471f6f98dca5d1291f18d52ece08ed7549c9c7f4d4ac3afc6a46b96f83,user
k6_bidder_414_1,pts_722b627f800369f61938c08ce9114307e73e58b664eccd9a54cf9fc18d659a2f,user
k6_bidder_414_2,pts_dcfefc71947408c3db60e7c181c964f5989ab2be0859e8d1f9c2f49c7f2fcdb6,user
k6_bidder_414_3,pts_fe517b1bfa0381a68c09dddfd2757ec3ab4314a44e24e6ad6658f424d48b3065,user
k6_bidder_414_4,pts_1804d47daa0b3f20812fcb2a825f9de8bcb16489ae218374d863457633e2bafe,user
k6_bidder_414_5,pts_50fd31b34d968fa5cdbcbcb99a861dcf229927309cb1d2a3fde2f023e30f3107,user
k6_bidder_414_6,pts_be73c1b5892383bedb1826b2674271650b061066a97a0b1307b62f3b51616f30,user
k6_bidder_415_0,pts_7445673097bd0daed564f6bd50fc7897e90e8e9f10340ff2e1331ce67c458f17,user
k6_bidder_415_1,pts_9086d6e4f88177a5ca5898d2b09cb2b8e86a636c3d6575b31d3fdc271a13afe8,user
k6_bidder_415_2,pts_312fea9552af7d23866d3b84417ced81072537160f7cb161f9a223612c04145e,user
k6_bidder_415_3,pts_e58cb8c91546d219e67a24638255aad0be24d82f4cdb2b678da509e0312f5ef1,user
k6_bidder_415_4,pts_219245aab4eb496854896bb9440438df9566d6c3984211103d5e8db46fd96ebe,user
k6_bidder_415_5,pts_e914778f9f260d41bf38ab5920ef0934b02d02aadb0afc7c5ec54e88264a8a67,user
k6_bidder_415_6,pts_74df1fe6c65cd32f76a199b4044a0e24cd3602d20c3db5f9e3cd148b34685af2,user
k6_bidder_416_0,pts_3383e6cbbd56351bf3fea1c2ed5f88c27470d64215e08c21baa77f53c22579a8,user
k6_bidder_416_1,pts_74862be153bb9aa53e4e8b125ab05a8981d228dfae10fede0b851e9a0924f1dc,user
k6_bidder_416_2,pts_8062b01ae8e337438e9eafcf65aa2e28df91371e6f4aba163b0646211c0f9ce4,user
k6_bidder_416_3,pts_b6c2d8765a56ef1267d85a4277569e0dc4f0ce36d77aaf3104e6250ad410e53a,user
k6_bidder_416_4,pts_a4438b0f84172dc8c0f02a6172b1cd79a6d5a5d794b2a0f2f5bf29f713a5e61a,user
k6_bidder_416_5,pts_7781fa42d524b228b3c45954a6380448075d4710cbc631df922caddbf096882a,user
k6_bidder_416_6,pts_2d3be5e1c64a56f31fec06121570e76fb89ea31a4345d4db595f0749a1eb3e82,user
k6_bidder_417_0,pts_e6a532fdcef1d626bde07f793eb0e7ee9e7bf06f53693e5c8288df95617f41bf,user
k6_bidder_417_1,pts_7913e9bc4421a5ee3afd37d30d171fc542cf29b1bb2f874903ba16ea199691d3,user
k6_bidder_417_2,pts_c8c269464b8c3f06ded60afd5a93ae3584e5fdd41e59abfd29977dfa3d1eefd0,user
k6_bidder_417_3,pts_240d62f6dfd32ddd4a8779890fd6a91b7868106af67a8dfd7338a3edbec827c8,user
k6_bidder_417_4,pts_878ec1795fe6f545415fd7e7bd48164c8a70fdc011df350acec4d91e0beabcea,user
k6_bidder_417_5,pts_e356c7115e962f59722e8060d61290ef093fa552230c165d8794d5ab5f47775a,user
k6_bidder_417_6,pts_3a0b89bb457eb8b0c293fd9835935869a688e622cedddb1712d92a6c4c235652,user
k6_bidder_418_0,pts_4f576757c3f7f7e3f7d7cf322fb6da139652d836ef92c75810494416c6a00479,user
k6_bidder_418_1,pts_42309ac51f27e19f38916630dd318fe565991c674fbf2e80d8ffb12c55ed9da0,user
k6_bidder_418_2,pts_1d5842b878a779b513abf31d2b02a1af37110300d1ffd1287d84ae65cca3c787,user
k6_bidder_418_3,pts_17da847d967b560f4b50d66823f7e5ed9454198d185a0f9999b2a716bdaf1aef,user
k6_bidder_418_4,pts_6384a8bd8d9dfd371ea04d38d8bec2b1bc3a9503f4560d90dfbe7088727ce233,user
k6_bidder_418_5,pts_9ebb270477583f2c820504e30c97d1229d71f9dad9f45fe70cbc255992cf6925,user
k6_bidder_418_6,pts_c96930f2844186b1618bb18e738bb2637ca47ed038567c29edd3dc2c899fc4c9,user
k6_bidder_419_0,pts_ea7271f0dc3960bd08bfb1dd0c718192136aaf8506ee51c4c2c1b9e86a4e5507,user
k6_bidder_419_1,pts_1668dba3e56cda80a594d4dfc1e03ebfc720ae04a7a5febc20fb32a3d239558d,user
k6_bidder_419_2,pts_1f50a696c1de93aea6cc3353abd4fcdbee85f25e23d06b22fa52d8d6c68aca49,user
k6_bidder_419_3,pts_0db03ea0fb9db739f50ea5c932753905589924ce09689daa8036aef8e7f0a92a,user
k6_bidder_419_4,pts_5aac3b8714fbbe6d39ecb9a0539daca9bdd8e81e0c63df3047dd7cd980758fa9,user
k6_bidder_419_5,pts_74b0f2804b58fb9641f432624f129d9559930b4761417dbce95c8d2422d1b003,user
k6_bidder_419_6,pts_e997f92d2e0db47543bb80efd46e63298d2e4fc7250340444d0e8fe8551d72b3,user
k6_bidder_41_0,pts_e321a48a9b9c2f11d26fe43e761a77cec86a2e95ed5f949c70dec6814837e5bf,user
k6_bidder_41_1,pts_7a1ebb6bb573c14fdf5ff4cbb5e07d97a5434455f731a92ccc0dbf02ca3e87da,user
k6_bidder_41_2,pts_f36ba46b1d6f823fbe1430156a7ac317e5c060b0aaf9a6efd4e99c492856b6b4,user
k6_bidder_41_3,pts_1930f9bec4c979b4bb34fae826ab3468db436a55cc4696ce7561cb615db65d6b,user
k6_bidder_41_4,pts_f160ebcd2a670ccc8121dd71fd9b4adb069104d977d6b0d139029744a18f552d,user
k6_bidder_41_5,pts_f26190d8dc04d6569897f6248f09d549e364b45ce80115934aabd221bc4af03d,user
k6_bidder_41_6,pts_e4b4d47b2aea2f370bd749e1bf47e8ef054659cd4022bbd894b5f1a59210d7ac,user
k6_bidder_420_0,pts_8ea10a1babfd35bd21b28f40ee91b0770757c3400d03a64716a15c2acfc81731,user
k6_bidder_420_1,pts_e589ce43696f5739ece4d3bc4dcefcbefa06521611832b5042717ce06eaaed67,user
k6_bidder_420_2,pts_e78d33608a5a1d60d457282764d9dfed26dd7d0da3b96b7248bc10a16be920e1,user
k6_bidder_420_3,pts_82a59e618d5d29f65abee68c20777387a1635144377da6254ea00ae7808730ec,user
k6_bidder_420_4,pts_a96b89de65c94cf1387e42f19eae5ded19a02907b6f18558b4f068043997a5e5,user
k6_bidder_420_5,pts_c94f7fcce3a302ac89233444d6410bbe32c1f6efb6e396c7d362c81b860d3056,user
k6_bidder_420_6,pts_bf83ba08b5af7d3c7982787a5d5dfb8b7e98d4ff525e3d13677d223533effb36,user
k6_bidder_421_0,pts_e05e610b606a8fc4d89d60428b7fb7e8e2368e2d6dcd9e904a73f0a8f4b201b1,user
k6_bidder_421_1,pts_983164868b1c2182ee95dd21d4580e0168538a3e95b3813dd0edd312e610c793,user
k6_bidder_421_2,pts_36fb8db1ade280631459c564b686975e2a8631ed8771563378bd4f2efe86f5c7,user
k6_bidder_421_3,pts_d69dbcc7c177ffa70b37bdd23ded70f40db8c28475d7e990cdb6c1f21aa0f8df,user
k6_bidder_421_4,pts_44fd6555d7c8c5264c64c8fc4aca5285246c620e57b3868b83d8b9fd9e358d49,user
k6_bidder_421_5,pts_3fa29c771100bd44e6d8daad1190addc0882eb72734e314b491c4d82b29c7d44,user
k6_bidder_421_6,pts_611061fa42c9e10d230032bbf65430098b293e1ba8b8a526f78ffb8678f0b70e,user
k6_bidder_422_0,pts_cbc705a87b26d7da16ec20c88dfc6f9455b4f1435d0142c7e20140b652f34a98,user
k6_bidder_422_1,pts_fba918516e45d66fee8064c5cccc8b66eb000b8a44f5c6e333115bc4fb7741cd,user
k6_bidder_422_2,pts_880fb3bcfc18b49bd6b9b848a389873348170a3821a13798dc75d4eed67e11b9,user
k6_bidder_422_3,pts_2f5709060c895716c09126010ee90399894635e68f6f45273a3d4390b02781f0,user
k6_bidder_422_4,pts_39d09f3a3030dfc83543d07298a3d7180f382fb10e92df3a965b90a2eead678c,user
k6_bidder_422_5,pts_4d80e4889ee5062f0e60d94553f1d918953604170823bba96d250c6df74fbefa,user
k6_bidder_422_6,pts_00f13815e2aa95ed261821f338d56bd7bca3150025c55c30626db0915f25c0d6,user
k6_bidder_423_0,pts_eb44f0c092f679879add6e3455f299c4a33d64fceba7654d602c1edcffef9875,user
k6_bidder_423_1,pts_95ce8b8692229f62efaa1d2fa79e94fbbb7e677b0e470e4c3541811c40c55dad,user
k6_bidder_423_2,pts_cecc35863267f87dfc01e9c6189bbcf518dea063081c0ef346af810f237748d1,user
k6_bidder_423_3,pts_d7d4c43b01a1cb4c31a3a4814147254e6d296ab05fb1ce7244535497ecc88012,user
k6_bidder_423_4,pts_c7fdbc15cb17c3b625fa809c2767ab7ed060c83384d4acbb71e3ed982c258d79,user
k6_bidder_423_5,pts_7f48aafba767c87cbad1d3eecfc72e4abd0fa52b5070309405159a9034af7a35,user
k6_bidder_423_6,pts_2f7bf19fb1c478c94e18a606c414cbf8ef5705d54ad714e1452cb9c35f255e0d,user
k6_bidder_424_0,pts_95ffbf47fdc2422803581499d8a30e22fd08406f435d9f338748376aba343527,user
k6_bidder_424_1,pts_5b6832ec11eba614e6fd957bf0520c6cd1dc6e5ddeb6b8dcf551f4fbb3dc188d,user
k6_bidder_424_2,pts_04c5f8ebbdf8a5044b476bc3927f73029d569f7a6006d99acb5ba5aa7d5a7e66,user
k6_bidder_424_3,pts_b9f0ebc54bbd5d18c68becce8a9dbabf005de918b89a23f676ab4560e0476a9c,user
k6_bidder_424_4,pts_3d979f58ff15c0759c6bdb32f4cdbc115b02ab8684fc00b955d8eecf194deff0,user
k6_bidder_424_5,pts_095614548009e4350714b76f9289b0a441911c0e1734cb477cf4487200b3cda2,user
k6_bidder_424_6,pts_a658523c57ef57e9b871b81cd3b7683d6d65204cdb58e4edf450159be3c8a7f2,user
k6_bidder_425_0,pts_1cab6cb36bd0cac2bf23ea492277dbffde68461d611f865292212e8965876adc,user
k6_bidder_425_1,pts_20014abbad1f8395a5a6307a3eb851cfb3f273e20f044277dd913f6d7cb2daef,user
k6_bidder_425_2,pts_6c9b6f0123fb9a82c8d489ed86591e17f697bd94397155cd1e2420fd2f11523b,user
k6_bidder_425_3,pts_f8d3bae4d1e923c89fb7c93966ad2806452026bb9cb4a757aa3002932992b77a,user
k6_bidder_425_4,pts_9e8f9082c2ab65cf57f98a0f860e8887a23f8791d091b43c55eac1c41d321ba4,user
k6_bidder_425_5,pts_b9c51078fb02ba04ffbeb4813ef4e6f1f64bf20e4f7fdaa8e8961297eed5f9cc,user
k6_bidder_425_6,pts_4522d3277ed03d1ec0dd309f8e74444c333e54a372e7755acb12df8bdd4cd05c,user
k6_bidder_426_0,pts_af4fb03db7b04034e06ba0a41e6abb8778bb750c6ea7010c6d1c129c6a7f926b,user
k6_bidder_426_1,pts_7475a69481e8cb4d4f73e31223f268b604ac90103e836bf770a22c81490084e8,user
k6_bidder_426_2,pts_9a6ee61f4c5a4a449913bbd89f5e369f3a9964c0e1be710eac9da1d8e32c1b41,user
k6_bidder_426_3,pts_9554a9a25ddcda545bdf83549379f5cb47af7bc81da544233b7b7f3990de870c,user
k6_bidder_426_4,pts_98025ee7275e3dd4ecb68fc7f063cd3bf7a15eaa7655cab3e102a184b524ad60,user
k6_bidder_426_5,pts_43014e655b004128215d6bf8251d56cd3d62da8c8a60a44e13c1048db3504823,user
k6_bidder_426_6,pts_35935f82e36063ad12d649dda2024f3ff8225d10099f26ed31b2123e3a80c354,user
k6_bidder_427_0,pts_172049b5fe84b7c8a54303e8ace7cb8c983a56de7ca40d8c9d3e26d72dfb45cb,user
k6_bidder_427_1,pts_f45fd3fb06d2c69759fad4befe13f7748c170fa0dca65f7db500071307fcd6e4,user
k6_bidder_427_2,pts_54b554a4e6103f5cf18028b5410c84b214c37368dfcfc6a75a82bf6b659e34eb,user
k6_bidder_427_3,pts_114ac915b11dc876bfba64815e475902388d6eeb6d1a506ebbec449089cdc7c0,user
k6_bidder_427_4,pts_8162823cc5157d13a10beee0281920e5ea03214ac09caa3b82acecfc57bdd8c9,user
k6_bidder_427_5,pts_e42a407a9e53fc6f78d9fa4185ca04d715d78e5408caf301634b8c1101dda845,user
k6_bidder_427_6,pts_7571a8946862b527bb528bb43acc2e3d2e4a8121c841d294546133346de2c544,user
k6_bidder_428_0,pts_bd2f28e0caa98c7a864d157b1f6d488bf8469ce2cf534492296b6509f8363400,user
k6_bidder_428_1,pts_859ab77de99109cb26facd7c94389ab74c2892ea487b95ac6dde49394bad9bd2,user
k6_bidder_428_2,pts_597a3478dc0d2727f4f0f3ce7b065047af4fbbfd099e39eaf39f7b0e575e7981,user
k6_bidder_428_3,pts_f95ce6a7f7d7d4e0831082a861d218a60e158ba41c478676d95500c63e538371,user
k6_bidder_428_4,pts_1db1c260da8cff7cc5b73a07ad5b9cea5af385bce1a03c3fe1e568cceae18f17,user
k6_bidder_428_5,pts_8b7792542d39f95aac71b6a3a811375c82f9d515d806ca2273330d41860ae25c,user
k6_bidder_428_6,pts_ef55a8762f35c9698b0b09142c99c520a9833c31c13d6d86cf19c15676814a0c,user
k6_bidder_429_0,pts_e07880d7d3f52a291189da4f0bb5761c29093a09b3a1192f9a3da66a3bd7c521,user
k6_bidder_429_1,pts_116089685a1bfb3f08c295ecb5d719d69e4be66e87f5a0056bb867501ddcd339,user
k6_bidder_429_2,pts_12c4cd402d5fae7e14a9955e90d1bfdee8aa5d03f39fd5257c12fa8f94472c6a,user
k6_bidder_429_3,pts_326d761139e459d169ab448a2fb10182ced14c48ae8cb6396ea935b8030348f3,user
k6_bidder_429_4,pts_b9ed4908279cc4d99b044c32327a8d6226f1004850ffb53dd86b1406f1aad59e,user
k6_bidder_429_5,pts_fc36c1d4ab5d57e117e997cc54d4b658d27a9bdf443c5d145330c8c5ab1a8b39,user
k6_bidder_429_6,pts_a690a2238421f3cedfd89fd3a0598ab5655d0a297f1c4ccd463f7bf9027c7141,user
k6_bidder_42_0,pts_55413ec2470714b90acdd6d556d17143e48de287c68578ad7b03131b55618dc2,user
k6_bidder_42_1,pts_af6292d271ec50713ab33c40b82d94e8ea2de15cddc49b4e7491a2059199aa6f,user
k6_bidder_42_2,pts_1c9dd8c67607e5a42eb1d81a1b7f8dcf7f140c17a9d265d895cd9d145ef005dc,user
k6_bidder_42_3,pts_39619858de84ae9d93b88f15393dbd7fc9d318b796cab4a6007bdccf4e553120,user
k6_bidder_42_4,pts_3b67d1b9904776bf9ea3d2c210e1918cab2437af3b344b15fe99ca7b5eb61a96,user
k6_bidder_42_5,pts_7ef41519554613585054b44cc7b3a97148fb69cec7455f163fdd0edbc74dd488,user
k6_bidder_42_6,pts_a6f25ff76790bdacad819fcc6df9fa5c063e425be01a7b5063157520e5cba401,user
k6_bidder_430_0,pts_2cfb3c0abf954d0f26267296c2db864c7ae01e39d5594e0982359a4669c8054d,user
k6_bidder_430_1,pts_a69554dc509c1699bb21884a282831841b1111f6fb90a0c8dea6b5a0eb6fb9ba,user
k6_bidder_430_2,pts_9aa1de39656488131596c01b2c53e728e00c88bcac60592377391c17dc20d8e5,user
k6_bidder_430_3,pts_f770dda202c6d36c1354ecc329343a6eb3601f6b83e708974700bfaeebbec4a3,user
k6_bidder_430_4,pts_71a0ddba0196a6a0ab57aa1ed39f43177790b8793800f7317b9ec8a4449e9dff,user
k6_bidder_430_5,pts_12881f6c3173a3b3803e2967a4a4f9d24ed93bdd27cd9ddb3a21368b0f274962,user
k6_bidder_430_6,pts_b855bc6b4421643a00af20c5045c229482441c1b40cf83641b9a9ad06f2a62a3,user
k6_bidder_431_0,pts_81e335a5229fdace303b638a258c34015e8fa6a958db1ef8050c62f58ba91c88,user
k6_bidder_431_1,pts_56f5e88bab4bf314eac47a5c9fa46de89ace0337e80d810e512d416f4fb430f7,user
k6_bidder_431_2,pts_f9921b7d6bf3275cf0d3db5649fa917fff2ff4867a300aa68f16f240b4bb2307,user
k6_bidder_431_3,pts_3e4d0593a41456f43b2b1277b2853eae9d6b3c0556b903d63dcadc476823f086,user
k6_bidder_431_4,pts_b77978c264a9b8e3031db105179f352490533ee87563d38cc7c92457743cac79,user
k6_bidder_431_5,pts_81d1d2e6307783f34c119e15a0aa900263604c54f065144f618ec7577f1eeaf3,user
k6_bidder_431_6,pts_ebb47e84996026d21bb37aaa3b43774eb53576422bf55b141345d4283871c2e5,user
k6_bidder_432_0,pts_7307f9a25d18be6029ac298edf8c2398b7a81a8eee1628a145c8af43417475d6,user
k6_bidder_432_1,pts_93fddd9a7ae219ca55aa6ad72eea2a429288975b0868e16489dfd5ad361ca9a5,user
k6_bidder_432_2,pts_f7ef403e47eb78eb6fb23586fced12fd19325be169c9d144de9b8856d9da10fa,user
k6_bidder_432_3,pts_b516c46fd349f2f6e514d69cbf48662f8caa65a56c8e2a31f6fd43eba43dc986,user
k6_bidder_432_4,pts_145487ffc23a85206e0a8fb48866e0160839e734335ef8043662a2de9a964813,user
k6_bidder_432_5,pts_2e55a41f2eba662d64ded33b7579dbc32fde9f8bfefa683a84a603c787e23572,user
k6_bidder_432_6,pts_be4adb466268ab25da113f7fecc8aaebd05b9551bde69f558a95ad41cdd8d82c,user
k6_bidder_433_0,pts_95020d2b79a96e3a463f7419ef86e42b849e2c6eae2a8ba1719e9ec0290dcaa3,user
k6_bidder_433_1,pts_84b4ee9c006fa8de384b55900c0f474f761f1ca0fa25ee6fa7ff33b2c2b09f21,user
k6_bidder_433_2,pts_8ffe8a51bbc36ca9fdb90bf43539fba31d2ed1ce087d5eea9c21865bccf28a26,user
k6_bidder_433_3,pts_86e962e169cde77f79861080492f92ca3229e9ff2312ba290c57248b5d2c45f6,user
k6_bidder_433_4,pts_96bdc0c71a1d8242e13ca5573872dda9aa8089e134bba9854c18dc6602e3fd0e,user
k6_bidder_433_5,pts_ace82671962b1922a0492897e164ddd370aa4a7ca690ea05420e5efc82445204,user
k6_bidder_433_6,pts_947f971f30b3ba22b3a5c012dccd3ab8d3fe801c2e4e59d143051935ba34d1e8,user
k6_bidder_434_0,pts_b3fc96fce638f24c660bf41c36257f5b8b6f6adb86d128bbe94eef62efe12a00,user
k6_bidder_434_1,pts_df8d329543cc51de12f40b348aa68f1b54071a82dd682b196b60641414733552,user
k6_bidder_434_2,pts_baa1754dd6ade711dcf848a22821ca5ae443953e52abebe4b241e26c7850ff88,user
k6_bidder_434_3,pts_dd461ccecd8690b9efbcb8dbe66f8906a7c1b0228947a11d07053891e62f34ad,user
k6_bidder_434_4,pts_5450afa564d2ac0cc7d57d83a6247079d7e0fb406e2fc3565ab8ce2a629a08ec,user
k6_bidder_434_5,pts_04e356638c3dd46eea1f8019884f6b41fb443bcd2c8fe1e6b5a4210df4e972f1,user
k6_bidder_434_6,pts_6e6c8c76ef6cbfe8d22a1ebdda8f1d2ff086d03d8ee760409b2bc96d78c42508,user
k6_bidder_435_0,pts_20d49db82d50e6a9f9a3272540817ef922655c56ff8abcbca06a179ce5cb155f,user
k6_bidder_435_1,pts_728d6833946f62efc6f8d5e2dc6170954557b4abbd45beb5ca51734f3d407885,user
k6_bidder_435_2,pts_4cbaeb2a703752367dc0b9e20f6e0423a34f850a727615ff85bd1dfadb2ded8c,user
k6_bidder_435_3,pts_26c46e083340c3a3bf09bb624726bc8831d20c5ca80d0462541033ec93fe16e6,user
k6_bidder_435_4,pts_c146ab1e444debfc3d5cc2da4e962b24fc31234eb6f3b4457803070848920706,user
k6_bidder_435_5,pts_d5061fae9c7154a7f568baaf3b4c18cb362a6c55731fff48c0002c5d49b94a7a,user
k6_bidder_435_6,pts_3dda336886618b46812b27b36ddba324cd4d725b6dad79668fb699b6bd524851,user
k6_bidder_436_0,pts_7fbdbc1223309d1dbad056afa20eaff2365df39b6241f175bfcc90c7fad1419e,user
k6_bidder_436_1,pts_c15f0a5c94cb5bb0484576f0d88295cc87274c60a3d701332f3a71e2f8c4d29e,user
k6_bidder_436_2,pts_78c6ae42c2d28f64dfbd07d959b1ebc3e4ca839b5a24ac158f97251001cfd64a,user
k6_bidder_436_3,pts_53522b55d0cc279e439c6987f965fe3b150f0aca56e2246940387a693d64c485,user
k6_bidder_436_4,pts_83fd8bd8b48b6660734798e0b8dd249fb04f78188be9c7602914103a2aa12ad3,user
k6_bidder_436_5,pts_441930e2a850f64202b5d7f7d8e72bf35ed39568d2b2a73e284e407a41e5c6d0,user
k6_bidder_436_6,pts_07a562a3387300d7a7b9b0eb7b719b8806d070874f1d4e40db5bf3b11e812e9a,user
k6_bidder_437_0,pts_030297de8f1b8f6aece5a18a54cc275288c5c331a3509383343a0baef582cfce,user
k6_bidder_437_1,pts_6e21df8988853adb85b44d057748a769ea6f73a4f5b3fd1765c443f05416f105,user
k6_bidder_437_2,pts_6790d3fe3f95eb15964f12bc2f65ed99cae2d4531056f4c0ba3177344501b7fa,user
k6_bidder_437_3,pts_d3c46c504485b1c12e96616f4f38e76532c295881ef3bbe888a525f354151483,user
k6_bidder_437_4,pts_a8d6a5abed57a957322c455827e9f75e1e3d4df83ce22fec277878ccd2056e73,user
k6_bidder_437_5,pts_b8dc941e6c6a0c86cd98eaee3533a799daa5ae7bd896017101533b14467d042c,user
k6_bidder_437_6,pts_569a60601518e25ef208b573562049e3eabffc9c40d6dd6145d2fa24afcd2be9,user
k6_bidder_438_0,pts_70056d4b2fe932b489d703eef39ac5915c8fc3bd0fd40d9155455abbebd78ecc,user
k6_bidder_438_1,pts_18b1a40bb39e90d054d2144c67f3eb20cf536a3c6f80ac8fd7cae659446a43a9,user
k6_bidder_438_2,pts_917bf13e883822057f748740cff0d1569e62e5c9d1817e31c9763ada0a135ef3,user
k6_bidder_438_3,pts_e88d5656d7e69f0668e7c8684172e28a6b2e5d35f1fe9ef319aa4dc5e8526629,user
k6_bidder_438_4,pts_825248785b4d2b596713edb9ebc978c0f0282c0f6123b33eafecfa3bb84acfb1,user
k6_bidder_438_5,pts_53306337b2023ceeb188e842427f67d2220f44d04861694048bdab6ea5832721,user
k6_bidder_438_6,pts_9ae030bedd38ae495105163399016159b3261d0e2eef7cc09c67ff6b6f2c574b,user
k6_bidder_439_0,pts_f5a459ec2dc05e94a7f917e846d7356cf8ea108106883bec359d0920686ee4e2,user
k6_bidder_439_1,pts_bf9af43c2829e516ce39633d17a28e42945bb4fac6b9f939d1e6d43ffdf1da92,user
k6_bidder_439_2,pts_fd70e0b24f6e3bf732a4bcba8868b01f7f167a009fcce022e752180e9d8ea0f6,user
k6_bidder_439_3,pts_1cd6c838e8df8b289ea3dba73767fd64faf2e1bc1fcefb2875ab1c51f656c300,user
k6_bidder_439_4,pts_e54865afbb24c9d78020ac79f7e36ac4d4cee3f0ba00695929c5712fd9718813,user
k6_bidder_439_5,pts_dbaa844cf82b1d71924de4a2b88a539cf4b860f1b9ea4eefdcd9ee2c7f3b2c6b,user
k6_bidder_439_6,pts_861fc8eb19e90925fb98c5d22b791760bc4528a7af5bc3fdc2520770ea248932,user
k6_bidder_43_0,pts_be5fb8f750a501b24bdd681ffa490acb8a44df3a20af8e8cec46547414278fd8,user
k6_bidder_43_1,pts_b3a097c0f3f5576107a56bd1a187b42e96862e51d6328e41d7209a6421519e0b,user
k6_bidder_43_2,pts_78d4fd622e8a1c29056e70e7be6fcca4cf25ae469c2f47b21d2952cf681e3374,user
k6_bidder_43_3,pts_0f7b985131f1d0523c0ad5c1ac901f41de728b1b479162a28f1a699c0fbd3ce4,user
k6_bidder_43_4,pts_76c462429c953b378ffee64e6ae7438d3de881215aaeee4509bbe09c4a379fab,user
k6_bidder_43_5,pts_9ec73db65d0be0b152c6f6bcd1ba103a996a8c26bc1b3bee29780eb63d1a4bd8,user
k6_bidder_43_6,pts_e30462f0859440762142497db2a18989821076674c44faf299181822e8be8996,user
k6_bidder_440_0,pts_596be33e068ac38b1e23fc70f140eff8ac8a6ff9578a2c0bd2cec2e85ab7a82c,user
k6_bidder_440_1,pts_c84465a8cf748d5e2b138e584dd44d0c0edbee6b9dd35bf5cd7bcbf57b19cd50,user
k6_bidder_440_2,pts_29a5d06c5102271b5c79dd8698f02e61fd7180737bdcb57c4ed245b07e36ff4d,user
k6_bidder_440_3,pts_8762192ef12baa2ca2c2e807fd64c5b8e448b1ea9c3339c393c6028c2dcc4d2c,user
k6_bidder_440_4,pts_6ed4b0d923478b6af45febf009996c3a2eff16a2f8748cfd7a2640b6aa0e2d4a,user
k6_bidder_440_5,pts_40c0cfa895f58708443ed123ebc5001ff7eb8c1b497c2a2f261f19c2b531836d,user
k6_bidder_440_6,pts_6f6d2b5fe6a7d64d46337379a990a1c5306b15e9af5a1d482c1f1f2d5e6986f3,user
k6_bidder_441_0,pts_fd27851379f4afffc713eeaee3fc840db5b15424dcc50d7c80126d51fed06d1d,user
k6_bidder_441_1,pts_6aa214b4d5bfce6ef42b9f60732b326d7027f4c51d634e83a0a3a7fe0157d293,user
k6_bidder_441_2,pts_fa662da869d261e0b2cd508d6248fb469e6834e7fa7d0de2d983bf3e54403a27,user
k6_bidder_441_3,pts_1a0c2cf9e70ff24a4879144969cc3518e4c23f530bdf1c68dd81001049694d01,user
k6_bidder_441_4,pts_741c19352ada8396af72568857b4a595f4d7b8600f7fac1d7d97870fddb91708,user
k6_bidder_441_5,pts_582b8b068cbac944b75f24fa94ea27d8fddcb40a0f572e0531ca5f8e72526b68,user
k6_bidder_441_6,pts_e6c27b464d105ecbd2cd343bf99b2330e23d20eb7705584464af9b42129a9140,user
k6_bidder_442_0,pts_afea2e1e3161f9fe2aecab32df8bef973df467e1e28f5f27efacbdb6d09f545f,user
k6_bidder_442_1,pts_ea193f4166f2e86dfd439278bc8e79c748aece395d6bb0e2093cdd6f667f207b,user
k6_bidder_442_2,pts_8154866fa23ca20fa784f6adb5b7b2c6c51deaf22f10e8952568e03eb4e416b6,user
k6_bidder_442_3,pts_f0dc06340a0b8f9f3efd4c8a6ecacf8e8fbe6d76e66668e34990ffe69ce9a68e,user
k6_bidder_442_4,pts_cb954bea4ac6e7ae514f86fea4c5ecbcdf8abfa6d4420d368293b893324c5109,user
k6_bidder_442_5,pts_42891e061e1a8311acbccc742d9438fc7936f56798878dac782648fd19fcea77,user
k6_bidder_442_6,pts_0189be38048b41ed6327bbb96e051b51008b27e1a4f79a405f92b4c15757c3c8,user
k6_bidder_443_0,pts_4cb41b66d907cd9d99d454027d3a2acd08a098fa1f9032b09d20f486a294a369,user
k6_bidder_443_1,pts_c5646334a2b114a4d3b89fd5bef43ae989abe47927c2526397561ce0679b6e31,user
k6_bidder_443_2,pts_2c8439122cb3548a62b4bca09dbd971eb2d60be6cd8c16c924cd2caec0e3d744,user
k6_bidder_443_3,pts_7e877ecc18e5ec7fbe2c4ec18819750a4f41dd9d60e3dad048470d7a43bf672e,user
k6_bidder_443_4,pts_d90e252c218a2329d5de3653139c3c32c7595de3b5d4a0eee91875711fc7083a,user
k6_bidder_443_5,pts_c407b4c62d81caf73980a2f32312d46d219a0671a043889dabfbc1efd4227e3d,user
k6_bidder_443_6,pts_6efe371191a3b79c9ab8368408f7e5fb89a02f2a43f11f54ac5055e8fe870912,user
k6_bidder_444_0,pts_533cc341d22ff66208ef3c60e992c2f689793ee920d20625aef67dae4d7dfd22,user
k6_bidder_444_1,pts_881626214d2fd34131f0b26d41d05331fc68ae2b3a3f0c5cd15d9cc90de2446d,user
k6_bidder_444_2,pts_d6ee133bf0bb5333d65d65e2271994c5a847a4373142884de866f3d086302534,user
k6_bidder_444_3,pts_4b143b0137a8cf6e81b4406204bf872023cd2f34769fbd7f9fc60148b70d7885,user
k6_bidder_444_4,pts_e000a34a264e6b442984c2eeba2cf43d90d8bd85e27c4def485cbd5f9121ec44,user
k6_bidder_444_5,pts_ba3e5582a314a5082573868bfd77db1d2e9ba259a6b79a3e09c9e9fdb4162f83,user
k6_bidder_444_6,pts_0dd671cb8c8e3ae5c8b0e6c0a0511e4b06f8fe8b49a0e2ad305c0d4b1639d8ae,user
k6_bidder_445_0,pts_8d4e7dfc03749d4216799695d079786e88be0457a8dd572fb118b249f9654444,user
k6_bidder_445_1,pts_722f47f17b0ed48890b8c00aa83a40895a65e82efbba59cff58ff6f6920dfcf0,user
k6_bidder_445_2,pts_e432df805e02fe7f5ff31dafcadb5f8117891ef2667263510ebb39bbe78be5bc,user
k6_bidder_445_3,pts_28f8fefab4408b7ab0dd6603c710c530ef7b2ea43797b1d540ecdd7b6c40824f,user
k6_bidder_445_4,pts_f7d6b7448dc408cfd8a4a28693dc08c239ed7c1a903f28e8cb41c6273e756d90,user
k6_bidder_445_5,pts_b33934a371d9402d0e132b22e04f3519e5742073f79fadc48a59db1daab9efb2,user
k6_bidder_445_6,pts_a6c4a4a3f4064557495e042a7393511c5b51baa23e562592d0925cb135df24dc,user
k6_bidder_446_0,pts_ba9946b1d9344487b5c72673f95ddb6e32395e026b03987f1a95a6952ad82d9a,user
k6_bidder_446_1,pts_e2063bf0989e0b09fa38ac44429a9574b92868b74224882add51dad12ca086ad,user
k6_bidder_446_2,pts_2e5c9d66c6e3f26525c7574264130b9aee162defb2474fb617b473fe2f16839b,user
k6_bidder_446_3,pts_258faa22a5dafcd9790bc32441ecf10f2268592666ca2ef84b538098524dd039,user
k6_bidder_446_4,pts_fbb4a6bde56f79eaed7639235d094bf83295e72f4d4850cf59514bbd930cacd4,user
k6_bidder_446_5,pts_082f41abac9520ce50a8975bfed28b48bbda573511f6051e4b0dea219787332a,user
k6_bidder_446_6,pts_d8f60c323c0a5981f3e9c8aae00d1d61273ec0324ba53a14e46f99da471fcdda,user
k6_bidder_447_0,pts_74c3625cc3d1a9f6273d74e174394fd65f0527b29c48baf937d0da6b47739682,user
k6_bidder_447_1,pts_41d23c227006bb418e6a60e707c827af7df73d95a1efd7d0a6a3b39d02378d30,user
k6_bidder_447_2,pts_b00b8414311ddff9e1d96a8acb24e44597c38522ace6ee4b1a36deb642a44271,user
k6_bidder_447_3,pts_148304e2968e4be8bf3938d1535a4efee92686a62c11e648a8c9a315ab7e6bd7,user
k6_bidder_447_4,pts_280e84f2dd42a7e93284cda8cc293c7746b8cbddd5ebfac759431ff25c1d1c26,user
k6_bidder_447_5,pts_0a06f5a8776d28367716318c7f7699da3a37a558bc6138fcdce0aff99a0fe4dc,user
k6_bidder_447_6,pts_07b9d21615b84686f16ea6f266a2fe8ad38b98be4fea3fe888601c8d63939d53,user
k6_bidder_448_0,pts_0365a865e595a177a7b94e6aa6ed48e8c770ade8a3aeed0cd53461853bf16642,user
k6_bidder_448_1,pts_704418ce0de399db19f9a56a0c6ea171c84495da6318f9a2f1d5f5b5b49ab674,user
k6_bidder_448_2,pts_d11ea9c5256239c481c54a1108abe74601483b6f26499b3abdfafa131534b22b,user
k6_bidder_448_3,pts_85e8fe0fa4da74c225a026b0d5eeba7c7006d5c29bfcdd6eb094222a84f15610,user
k6_bidder_448_4,pts_7a8a3f2d9486a8eae1c823e5c0d26970cf35bd4894ac81a8b88c36cd68b7dc24,user
k6_bidder_448_5,pts_6f9a43a1d7f9bdd4d53ddea18f9b515a9d7eb3cf739502781bdf8a12f8fbddf0,user
k6_bidder_448_6,pts_cf63a0745701b6ff351274e69e16d8ef96a3ec2368d0e53b61791113654ebe15,user
k6_bidder_449_0,pts_494fa78a14c6480ef8d08072b260713d20b57b2919ec51a2dd7271a2a4e9fe6c,user
k6_bidder_449_1,pts_9621bee96072e0d3e6d5ad7ac02162c93ab44b8f8393c8aa115933b4b48c1cdc,user
k6_bidder_449_2,pts_a7fb4512dafaada1d90a4aef144d1259d714327662a1a63e539745790a7c0227,user
k6_bidder_449_3,pts_4a38ce418018d5867d04dbda8b6e2acd55b6c8756cdb32fa57915efdcd752cf4,user
k6_bidder_449_4,pts_92e0c344ea2fff844037a458c3a334c0862eb84b733e62225afaae82008846db,user
k6_bidder_449_5,pts_94ebfd8aa550c0f11ed3c3f30e26faedace968d21e014675022243c54268a66b,user
k6_bidder_449_6,pts_943de2e9a4c9cb75acb30a03aba2c93ed27d7698e65173e03b82a03561bd0f41,user
k6_bidder_44_0,pts_18ea3648f40f36753af07cb7902339c0796df012a324a5c7d7d32d7e13823f37,user
k6_bidder_44_1,pts_ca840b62677581911687d94d2234b26fa0cacef5764ae7b27f5242407a1150d9,user
k6_bidder_44_2,pts_9f622f150be2998eec3aa28b96e3e80ad0b8fc2f3e6d699e6ff14484c7669b2e,user
k6_bidder_44_3,pts_c93741ab0e9a879f81563adbf4fdc74d6c2c9f27b57cb847e302275dc9d331f9,user
k6_bidder_44_4,pts_9ade870c362605a4b330c151a2fd060d8c7687b89b449b742d98bb35a59b401e,user
k6_bidder_44_5,pts_88a8e2db2b817eb9dfb34ade585e8cbe3b4582bd18ecc520971caf6912acf284,user
k6_bidder_44_6,pts_90a4cdb5b1f5e7e0830541fadd7f2f406177a33563ad7c1cdb79e68779956d3e,user
k6_bidder_450_0,pts_6333ce60eaba3f16fae5c490297eeb788479eef9e36b150065734830e6f092de,user
k6_bidder_450_1,pts_710436a2fd4a21a16ddc63d7cab2b165e2a7dc95dcf1d7c66c8a49567f0224b2,user
k6_bidder_450_2,pts_6d9c38e1bb2a3320fd6af0e30a7305495a6386861df8b26d00cfa29054681933,user
k6_bidder_450_3,pts_cb3c1ceeeb4709c4454b5e603d4a2d7ff91ebf314ece80a464b721730b307375,user
k6_bidder_450_4,pts_7a55aecc6f40893c2ded8af813c33c1c074dd09fc57f5397410c6886df25fb24,user
k6_bidder_450_5,pts_6b63f1715e3ed30d8722ebbffdf4c7286e9bbf4d756ba6eba3e7c077f69ff82a,user
k6_bidder_450_6,pts_c98035fba5755ac9ea416227a928be75baa9f0676adb17de4a627a38cdc6d879,user
k6_bidder_451_0,pts_20134379968d28d80ca81744343f1fa3667070c15bebc9bd3fa3a8aeb31873b8,user
k6_bidder_451_1,pts_0e57c766c51c4f3b03da70a4995313fb7fe2d1a980b2c10db13d5696a22af8d3,user
k6_bidder_451_2,pts_ac03789c59ea005ada6a3c52d709455d5f7d32572b33558b64ffe957c98973b8,user
k6_bidder_451_3,pts_21e44bf9e2abc6c779a6eb730dead49d1cba804c7133a789943a55ba83aee5e2,user
k6_bidder_451_4,pts_85bf7bad3d4f1e8ad9b755156df95a6983fc9917e01dee77d247742e2c1cbff5,user
k6_bidder_451_5,pts_3af2c6261a06d768e7c2976bf33fd422d6cd985530e48a2ff06f4df8dd43b1f0,user
k6_bidder_451_6,pts_7acb676ab4179e7e923d469167b5a114b52b1985e167f3c660740446a8743809,user
k6_bidder_452_0,pts_b5d7098175151494b287062de1985e5b3184d1d9e165cde7a011b4ac99e78c0b,user
k6_bidder_452_1,pts_5903326b20e95f0bd5f5af7ba3e35770de502ae2b9ba678ad1d91bc462bd7771,user
k6_bidder_452_2,pts_aff139836fe6bed71c4ff0b51fdf8d95758e9713b4f8d73bf688e4c6338adb42,user
k6_bidder_452_3,pts_44dba2adde2cf35b689130d83d793176874b13fbf3059d2e7abcd49f58ad76ab,user
k6_bidder_452_4,pts_c4e8bc861c8573558bf5dae4a238c3499dc93ce8834e09be753f8d6cef820459,user
k6_bidder_452_5,pts_f65655478e0da54d23a34c41aed99bd8244dcb1d7d2099a7d04221f4520bf781,user
k6_bidder_452_6,pts_3171f4aceee33bdbc7ab72c146d7b99011684d50b49b67d71b5ed9bacee64d27,user
k6_bidder_453_0,pts_c3914b195bff80011f51b3a69137b666449424a6d577bf8db9554208f208f841,user
k6_bidder_453_1,pts_acedf3296413231dfa6324a3d6f8f8a53c32cc2e11bc3566bc0d123073c25ca8,user
k6_bidder_453_2,pts_872c6e964f65de44469bb9ecb2954a579dc47be46cf104711f9bb05c36778c0d,user
k6_bidder_453_3,pts_57ce2b609fee5dddac5480406b6fa843defbd4524fbc5f0182af16d946892576,user
k6_bidder_453_4,pts_2167498f69312c4ddb7b096e186168f0b6a187cdf571e0f8c1b316792a1ce900,user
k6_bidder_453_5,pts_69ed8960fb55812b24e882a8c4e4814087ce579eb871f30cc283b42964772d55,user
k6_bidder_453_6,pts_0283738aef12d20ee9d246344e7b95831b48bf38b4c465f81d6e34a56899beec,user
k6_bidder_454_0,pts_60432ccc9e7e05fa32dda1e782f033c2e2f26c3c6b117b95eb6c7a1ba6ddf193,user
k6_bidder_454_1,pts_0e949c77cfc4ccd88add280cad4b0503aac01d24c89ac929c257cd4c80b81084,user
k6_bidder_454_2,pts_4fabc2b90edb43682f47bd1fa1c13e9030900455128411ebbee58d9d7e7616cb,user
k6_bidder_454_3,pts_cb5fcfbd1a5b633b4449dd47d48e01e3ca61fe69ddfc375514e6b064fad7aaf2,user
k6_bidder_454_4,pts_b7e6899845c33fda04179e36d51e8e6a4d214284addd724c4b3033803ee6a982,user
k6_bidder_454_5,pts_fab15f02aeb01498a4cbaea57eed2a14b8024040a03e0568ec869562ae68edfe,user
k6_bidder_454_6,pts_0b9d45a60d798d0a4ff6fe3f1aeb5a9af21a5749bc3427d01e65ec9fd4f8c048,user
k6_bidder_455_0,pts_757742179021bf067ce5a7efe91fd927149185fc01202c12acad48f198c20fe6,user
k6_bidder_455_1,pts_9e51684f8f7e05ce1bc1fc5380ce250ace53fadc5cad76b5e1cd636b40858151,user
k6_bidder_455_2,pts_5396e6789f4ce53dd79bc0d99511639670681ec23c4802f8fda34c96db28d030,user
k6_bidder_455_3,pts_a6a8522e2502a2447a7012c8e6bf8ba85c972f66a1ba8dc9f24100d36b048342,user
k6_bidder_455_4,pts_02ea4d2f13e2c58aa750656e5442b04d99efb65ae8d0b40bc6bda2b77596ef0c,user
k6_bidder_455_5,pts_ad74b0ab6eec952a5a5b03d6a4442952cb8477711ee6d8d0fcf9a0811c150b39,user
k6_bidder_455_6,pts_b853f05265b8b79c00d9dc11b791629c3340982813c2943174ab826d195d9de1,user
k6_bidder_456_0,pts_4dbf1aab75ee275427a7f7c17d7a9b62da89ff8a95ef6e940658428c36e4cb6a,user
k6_bidder_456_1,pts_70b6aef939a6ef99eecd26dc2b9301597613d471a4c637c5711faf7503f5ccd9,user
k6_bidder_456_2,pts_4ea29767ce41eb8e01744dbefe625ff2576cd3339c6013de9754d38db364943a,user
k6_bidder_456_3,pts_b6229746393ef0aa5d9839c8919761677c22e993d714a7d365fe0324afdf646b,user
k6_bidder_456_4,pts_c62b6ee4e378ff4274834bf5f62b41971ebeedf6c24621007c054b9e76bb6900,user
k6_bidder_456_5,pts_af745bf8508c03e630a8355af22f76d4b30db94fda9b3d535953190b29acb16c,user
k6_bidder_456_6,pts_2b60f3a2b4cf8b92a344949a91db7f5616814a8991ad053aceb5e4eeb2f39f24,user
k6_bidder_457_0,pts_7f9993bee241cddb1d05e19e716f5fef8913085614aaed11feb8deaf966c831b,user
k6_bidder_457_1,pts_9de49b3f4f868ab05d2d592a75fcf58b29b58d3084670ee733d476094762c295,user
k6_bidder_457_2,pts_ce5d4327d88bc659183b6443917b23670e9f32cce4af01e954822cfd8d4fae21,user
k6_bidder_457_3,pts_70c4a2ed5ca7babacacb62338d53c6c5d325feed44e09df3b418ed40517660e8,user
k6_bidder_457_4,pts_6bf02fd4dc01febe126def8a3fb417c3c114f6e8ec356192cab417531ca7daa1,user
k6_bidder_457_5,pts_46e2ec911aa5934dcae017f1544e171e7b06f259ddc3da8639d98f9e16249fee,user
k6_bidder_457_6,pts_65c5a4d8b5a51db539db049fbb45671c84309aa5c103e9b705367d9b1673bced,user
k6_bidder_458_0,pts_69e053cd35ad21e7ff0fac2ff78d808cc270e29a853badf873ad278917c502a0,user
k6_bidder_458_1,pts_3bde66be646ed2c83ee5a59f8bab031c0e26c4e8609425565d594d0d1f412165,user
k6_bidder_458_2,pts_004615757e27e55c189fdf3c014ea1a214f2032dc20c3165e8336dd102e81569,user
k6_bidder_458_3,pts_4f9b20a4704c039c15fb57ef1cfd93561da1da7e68e8568f9b8586337cf56c51,user
k6_bidder_458_4,pts_f0bb79822b6db62c625a66a4736058f364590bab744573e46c9271105c37a568,user
k6_bidder_458_5,pts_b1b6eef970803477ffd2b63785732ee0b68210eec372c979df1799c890dab170,user
k6_bidder_458_6,pts_7beef58a5e57a2220230c83d64ca22868f41d7e7b4ffac3e5331d993792f067a,user
k6_bidder_459_0,pts_aa7835adbfaf0c9528fc9b6e81f387d0fa4f19ef3e2ef34ac3d4cc57aefe31d1,user
k6_bidder_459_1,pts_a8011b27f084aa3bb1af00c42e997b8dcc01de9f119dc88979ea5d4a6c9d0ca7,user
k6_bidder_459_2,pts_de31cf0669af01cde88588599e77db762d6f3d9fc33fc24115a634e1f858c4d9,user
k6_bidder_459_3,pts_5acd4c5734daa53a2568be78ead924afdec147ba09d76023a5e5d6a5f3a4a6a7,user
k6_bidder_459_4,pts_a2cb8943bf7375d48b306a05a41a2169b0c5bf47a4bf19fa91b13352e04fb35c,user
k6_bidder_459_5,pts_baf69a09db8a52b4bb85cfdce7517074718b554e59f6b0fbc282ebf37296b493,user
k6_bidder_459_6,pts_15f2148e7c90dcdc7322b80a1ee2cb30de342acaf8e39ead201e0661fc87f50d,user
k6_bidder_45_0,pts_b1d89a81bb68263c170bdfdcf143ff404b00b460411a6b466f8436710bda9a78,user
k6_bidder_45_1,pts_d54110a2bb8b92a4cbc42106563acd3c0f86e20802d5a10c5d08cbe4f8ed5314,user
k6_bidder_45_2,pts_7cac76758f66f36fc16b708f664836a2f53c2b4aa5fe53c6d2eb28b6cc3fabfd,user
k6_bidder_45_3,pts_ec141e84e723cc583d6f8bbf43ca0726991ae798e750f079acae7b20a29e9107,user
k6_bidder_45_4,pts_afa7055d8439d90df499c40c0e1b314eff34adbc6f8c371cd25e9d43e38170fa,user
k6_bidder_45_5,pts_1ac82bf643ba5dcb4df3624b5602d2798d94fbdf118c23e5cf8d8b63b75ccb7d,user
k6_bidder_45_6,pts_09dbd3d074a7969345e81bb494fd083c77a89ed164dca99fb7d13c5bba0540d2,user
k6_bidder_460_0,pts_fa4ef4cad46b48d3fa16804a9065c957f359acbe64ef9b2b86c42880bf3ada38,user
k6_bidder_460_1,pts_29a800443e1b51b69fedbc7954d076566f5bffe7c7a9374d473dcd80ccf330f6,user
k6_bidder_460_2,pts_4bf296fc5ac5e6addde9efba84b16c1bf111217d22e3ffc8875024b35fd1a248,user
k6_bidder_460_3,pts_c66fef4218993caf38954f2b2db18fb5bdaf153f9f8268a549e6a6b83499a50e,user
k6_bidder_460_4,pts_f91cc99727f3e04884926acc5dfcc9cd617e1fb56d6033750cc8faded09d7a5f,user
k6_bidder_460_5,pts_4e9a346eedb3c62153a9e9944bd2099cb94a0fc04c3c52de07e35c12b10b8bc4,user
k6_bidder_460_6,pts_90c32d5f1c7a190527c7633835802d5a21da0d2ef6c5410867f370afe54f8e2a,user
k6_bidder_461_0,pts_989cc67ece1ae1b87e88b9c73e2ee35bf7ef7e13c8c90682ca7c12bb8cd3d244,user
k6_bidder_461_1,pts_8609285f8eeffdaeaa15dce94ead012cd97e6cbc9e93e18897bb6419ee061618,user
k6_bidder_461_2,pts_9eee9f0497f21c7c2c63726812e9ef090aa1fb6925e3eba4b866a82f9a6eaac7,user
k6_bidder_461_3,pts_27a70b8cb1756dffb42f355a6440d2beeac9b967a0a379a248557ece05539b04,user
k6_bidder_461_4,pts_3cf2874226b0795b4ca57644b4130e213579ee29a97746c09ab9322cd496ca3f,user
k6_bidder_461_5,pts_a12695a5fc5188bca99843a49c410b66327c09d792b7952627c7f62f5c988fd2,user
k6_bidder_461_6,pts_f9b0227472cbc2032e727730765e0b5b8578177e38b783e7c342ca2fb42280cb,user
k6_bidder_462_0,pts_6fa145371929d270866d74747ab0787b1d165fa1b94b700fe3de7ee329df1384,user
k6_bidder_462_1,pts_ca9d2e0cb00a83d83f507ae3ddb2580923bbf41e091f0e30a78af9d093ae4f68,user
k6_bidder_462_2,pts_52e3a37b225633fd059761119533b051949de3cba878e2985d0e502cb6edef2a,user
k6_bidder_462_3,pts_93adc6da71c7078729eefe20da4c7cc52060f48f71efddfd53aacc8ede7db3ba,user
k6_bidder_462_4,pts_d694e53180efa365c9c81d0fac2a1cbeaed1af041b83a92b2856ca40b92c9db2,user
k6_bidder_462_5,pts_fac94bf8a134d6a578f7d73f9433083dade473bc66a8867de997397f0aea5bfb,user
k6_bidder_462_6,pts_c8f3f39fbbf11cec00dbc6463e142a1e92276385a7b59c68d6f3f78b535f1c09,user
k6_bidder_463_0,pts_2da1ed1b569a13a3f80b34fdf08284aed8aff964980bf7a06c1a82f6f9c418e5,user
k6_bidder_463_1,pts_2e7dda64bf988f592cbd498bd446259c5f07d31ee761a37a85edcfe45b9b102b,user
k6_bidder_463_2,pts_86c73ebb7e240be12da8a8fa3fd825b28949619119858c132d20e56c3129f78f,user
k6_bidder_463_3,pts_16f997cb56003520df82bbac52c8e45166bb1fa2e53ce532d4ce6aa7b3ab368a,user
k6_bidder_463_4,pts_d8fcda7b2deb75462d1a262e87de634f33831d9fde462f1a174b0dcd8f1d264b,user
k6_bidder_463_5,pts_08e5cf945855b4cee3ca30e4b8d10f0e32e93e66ecb5271908f0eff3795fe296,user
k6_bidder_463_6,pts_e24456484c6b1ee3202b9d494f6496103347804737e3425eec6a094d215d4ec6,user
k6_bidder_464_0,pts_ada61d9cf7d2b1ed6b775c2ea2cf2ee73039bd9fa905fa0570adf5e8fcba561c,user
k6_bidder_464_1,pts_1d5702b2b30a928358a406fad9c9a092c4f6746898c0e9eb2e5beade4527811e,user
k6_bidder_464_2,pts_ba90001f16e8e86031a274da8c938e1c75e66487553c535ed2acfdf1fd3e6a0c,user
k6_bidder_464_3,pts_51165bbbde8d317c16b584738295cd1234637183722b87ef412e807d381c5ba8,user
k6_bidder_464_4,pts_1d410719bbaccb7cb4854df844c4af5827b06c58e282f3aeb918688ffed3528f,user
k6_bidder_464_5,pts_d17c0e2300f846c9c3c7bf143f7b25420c1f267b5a31f108a23a8fc4a64350f6,user
k6_bidder_464_6,pts_55027cee3479d43f840d2924e979a7efceb22a6f8b6dd46a9ba025926c56a8fc,user
k6_bidder_465_0,pts_27d7f5723c088e095d5a86e92738e2bbe1b2e51e77e40681032c7c7d24bb941a,user
k6_bidder_465_1,pts_27c54628edd44703fafb71858f174f34c047a895b3b938661a333187475b14e2,user
k6_bidder_465_2,pts_c75ee1c1e131463c025cf74648cd80cc539915ffc798241e2e595357355194ef,user
k6_bidder_465_3,pts_6fa0e9af8d448346ca4ec92250102a31b2aeed2f05cc609ce2ab87cd735dd21b,user
k6_bidder_465_4,pts_f1bb8e3469085eb60c2dabebad9875843874857e8fae8d663a0a1187df05291d,user
k6_bidder_465_5,pts_c851f0364b5a779c71cc10e2851371a01e7f197cd9e92c0705ba01ae92258d6f,user
k6_bidder_465_6,pts_01e0f5786fc2396857ee135235f094e301b4515fe22697d08d9777e48d935bad,user
k6_bidder_466_0,pts_2b1fa24b2e3df259ccb196f907195612dbcdffb3b215d4ccfac2b09fa20b6979,user
k6_bidder_466_1,pts_7fcca7f4adeee4ccd2390659e51821367c69f22d02dd5af2027edeb43d603805,user
k6_bidder_466_2,pts_f4131749ec376ca596f254ff73adab23116fdc8907eddede35ac78de6b69449e,user
k6_bidder_466_3,pts_e6447d3867b080ea965c72a91ce365da3412ad4cb6d3ba853ea5a5f74e4cfc1a,user
k6_bidder_466_4,pts_5965fc636e92968c3460c7e36a370cd0e54ccad5e23eb0dec33a172f7105219f,user
k6_bidder_466_5,pts_a6368aad104286648c07d2ee199dabaa79c9aac3b1e2068779b568d7787f2638,user
k6_bidder_466_6,pts_c77e7bcddea7407ca0e01d30b759cfbb3ac4aebf61c40ef00125561674506483,user
k6_bidder_467_0,pts_501040dc5727e13124dc7b8c1aeb9634b86b78b38d056fb711a95175640bc471,user
k6_bidder_467_1,pts_326a2e485dd2517a9fc7de543c51a5178064140b36d08ce3a24ee6d8dbcb6b99,user
k6_bidder_467_2,pts_48ff49b741d718f2966a3db9d148d1e509d26ff489be93673488405ffc83f355,user
k6_bidder_467_3,pts_339c423734643e0cfcec82cb0aab13a50a5be2c8a56988c76b5d882e444c34da,user
k6_bidder_467_4,pts_67a6e0ec801f02fb963dccc40d2d95160b4d02b2728eb82af6cd48b66d4966fd,user
k6_bidder_467_5,pts_dd3a89fa7f0f6529465bcf0c4280b51d00749e66c7da0e34cc7ae409d8e49893,user
k6_bidder_467_6,pts_dabc2fdd3a283e5405a07a7a68bd18419e040eff5adad9472913db93e1fa05ca,user
k6_bidder_468_0,pts_e111322dc980e5af3912ad6f7c1c9c6d42e9660e4af4d7d31229cde737194a64,user
k6_bidder_468_1,pts_fd97acaeb8db1b30bd19eddfb1fe51e5d29d3e488325f4d5f6428caad4534f23,user
k6_bidder_468_2,pts_455f696660197f9aa382fb0a7a18f6b0110dfb9683133c87f65f9f131ec40ceb,user
k6_bidder_468_3,pts_63bb664a492e002b28ca15ea5e8e804308c33b541fd37f69b58a50b3edbc785c,user
k6_bidder_468_4,pts_35787f052ecdf32039f8531830dd7fe3cbbbaeb75dc1efb3d77afb0287e4ab09,user
k6_bidder_468_5,pts_05880041f9df9a382b424d56d730edd950915bfbc550157afc98fb3d90534ff3,user
k6_bidder_468_6,pts_5a363f5a9e5580bbd36791148268958948a917c0af0116c867fabee1bd175073,user
k6_bidder_469_0,pts_89e953d98a4d3748b6f02c215136392cff23d300e6ae8c4644a0b567f6fe59ea,user
k6_bidder_469_1,pts_3c1b05e149beaf1ca7b83ccd015e263852cbb8193701ea49d38ae0ed1d050432,user
k6_bidder_469_2,pts_c22fcabbdea0562f88f6ea238e387a2feb02c615efbaaf7a6bbc6a76afa26bf5,user
k6_bidder_469_3,pts_21785a028fd2d30953e0fa9b5bd62480b6b5b0e4f77c1f34e08a86020e76585d,user
k6_bidder_469_4,pts_e5cba1fca548ed878a7337171943eaa2a00958eae6f8beb00eb67de2ae5db806,user
k6_bidder_469_5,pts_57dc50d462ec2e5f039d5e525d08425939b3612d98dfab2ee66fb35e3db91da3,user
k6_bidder_469_6,pts_70baea447836656e4156f60437a797da64ff69ff8658acecdf822ed2b2a7d146,user
k6_bidder_46_0,pts_6d4eca0e08dfd1c8c2a1c9d5d12461fba822740152aef4b4a62f6076c65cd49c,user
k6_bidder_46_1,pts_3f80358a1a7d842bb9895cd8991969806f6116cd44eb6cb883862814c73bd7bb,user
k6_bidder_46_2,pts_d07b287aef161912272377e0450a66ccd7b7470996c7fed2248ac97e626faec5,user
k6_bidder_46_3,pts_8c95fb5d379462bd875f1a8a808f64553365b359a4d34680968100b212098249,user
k6_bidder_46_4,pts_dbee0cfb8e0645020d4920d6218119d90e811f990167488d472f116ea8e5d0ad,user
k6_bidder_46_5,pts_3e31a32153f71d6b520ce2e16d8862e4b28bbd6b7f8e80b68462389e7287c427,user
k6_bidder_46_6,pts_83de065f31d1ce435630d07d6a15b2e85aeb45333a91d74820a0428d633fc790,user
k6_bidder_470_0,pts_03d86a9e2be681b4c636c7bcbfa2a924137b9402c59ccbf2dd41a13326e96fef,user
k6_bidder_470_1,pts_013e1b7e1f014de5c2d9ac2eb58855753c11db3a06a6a94eb133ce880d725036,user
k6_bidder_470_2,pts_cd2a71d06878aab40f2764b070e7d1259e7e33370d2c4c577239efa0683c75c6,user
k6_bidder_470_3,pts_9cf0b56966cfe53858c75e7d6822be6b44e1e4b1301aae5337e8503564b8c618,user
k6_bidder_470_4,pts_2dfaa3ed71e32c3dde3a85ff0fef04763cbed77d3b12f31fba61ce39bc167ea9,user
k6_bidder_470_5,pts_8fa968fd874be40e111f0e30ebefd22d1fa10c1ab6cd1a830a2f63495433ff7d,user
k6_bidder_470_6,pts_8663acba234d230372be4a5180b4a8d3db5cc140ede604a4248ff72ebfb268e8,user
k6_bidder_471_0,pts_17b0ffba1a5a2419ac82df6bf85bd2e36d81cda7e6c342f6c5d66a6dc3886f8d,user
k6_bidder_471_1,pts_5d280819ebd347ff69251737b5037a3fd496063b427903c1a7ca0d972cf978d7,user
k6_bidder_471_2,pts_37f2f66c72cd4a4062e6b5502feb2d9f6247561355575e49d6fe00caf9bc5b5c,user
k6_bidder_471_3,pts_ecf2d19bdcee0c43dc91685fff033b36327af0fa54de94c7c5f11b277f02bd67,user
k6_bidder_471_4,pts_08520e6f2668937891378d8f6e8036f02a7657033174fc28d4aa6ac6899083b4,user
k6_bidder_471_5,pts_dfc73cd5634aaea18dd9a92e5e461e9f61dc7e4cfdd67faf61dcab1df5af3928,user
k6_bidder_471_6,pts_a19de66c624fb7f9762ede9974d9aff353f03e2655c2286e20a4a7f882ff0ad9,user
k6_bidder_472_0,pts_e6b3efbbbef1ed6210a16367ac62f0083bfdd5c07432e6f446fe32255b232312,user
k6_bidder_472_1,pts_8c12f5f844d8ed2e77e7a6c163356f999c67f23d5462c03d3e8e01c079653d33,user
k6_bidder_472_2,pts_a273799474b4325ec0908427077251c10e94e326b7ab6c2b53a46c8967b15b8e,user
k6_bidder_472_3,pts_22195f53ee1cd08254ddc022209916b6e8e1b5ba53f1f5c83331814795d72557,user
k6_bidder_472_4,pts_c6382712eb6059fb5cba05d4c1b36d3d795f9fa9080b9efc0da0ca2e541a2b06,user
k6_bidder_472_5,pts_77b7db78620018a9d01a4364afaef07e9ae18a13e6da87ba264f848f2dde336c,user
k6_bidder_472_6,pts_8ca56cea4dbb8eef9ad65d5732ae86ce244d2c4faae9890a92515a9a5e144b8c,user
k6_bidder_473_0,pts_df9218a1efbfd22d50d788411dd0b4170f7635e981b1010d9c7d333e4af9685a,user
k6_bidder_473_1,pts_51a2b7d3350b23a6e7dc62ae2caa9ce83d16c36a17ad8e253234104ed10f5060,user
k6_bidder_473_2,pts_683ef3cdc1597d5299a61ac85269d5a1d348bdfc95b6c941440c0b4d87b3c711,user
k6_bidder_473_3,pts_41e1aed798ea8fbcb2da7a9aeae27301aaaf1deb9c40abe69b762fc8bafa2ef7,user
k6_bidder_473_4,pts_b65e10a7c63664b99b9683cabde4454c17126a112d24758e7cf7904f26efe783,user
k6_bidder_473_5,pts_cf9952f08ac2252905a6b84a947932d112bbdc9cf48693903517d761fe82c685,user
k6_bidder_473_6,pts_66a87d94d558045a4fd23b226c1819f448106ac9e2176aaba5875fc98b0ae964,user
k6_bidder_474_0,pts_e3b2b09d44dc44791b84565216fe7c7d7652c9576eb678284a110f4e811adcfe,user
k6_bidder_474_1,pts_bc57c8a0343ae4055019e775d738fba62f2713dc0486f67945ef74f92e681829,user
k6_bidder_474_2,pts_4218967774bba48d6b76c77665092d4db6bd60aceab92421f08c6beb0eee1a86,user
k6_bidder_474_3,pts_ae515f41c9a0c40f6da962b4310b8c573e9871e47e201f719f6ad80586971bf3,user
k6_bidder_474_4,pts_8af089afa48c0cffa309ca4badb9cc946a61ae5bc73998efdd70f31caee5f63b,user
k6_bidder_474_5,pts_5e8f83b72e4477c925f7025dbfdd1e8d43228e87a8e31fae6da99e90274949b2,user
k6_bidder_474_6,pts_ac8909578c116cc62c1416d68c6932953cabee893d08ba8b92c6a68fc39ebcef,user
k6_bidder_475_0,pts_5bf199cacc25ce78375e4d9a3dac2dbc8ed69220b25901d520d787a2b411e189,user
k6_bidder_475_1,pts_3b4a91e268eb45616f5e1d2bc393ce87f3c7f81df9f1b7f5c6a79dccce5269bb,user
k6_bidder_475_2,pts_570112b1261955a526eecb1bac344ed9cb929f8ca4b2b0aff699f4c1916b600b,user
k6_bidder_475_3,pts_d78b7543ddbdf5af25751bbef22dd898e62abca2d80c48f6858a9b966b8dd31f,user
k6_bidder_475_4,pts_46a38278cc734688e86203b60f62e7ee67bab1ca7c480944dcdf5de3da8e7e18,user
k6_bidder_475_5,pts_4b5bf69ea3f3d53614955a59b689fb6e9d002d718b538264a4fa6c90bf18f352,user
k6_bidder_475_6,pts_ab24a4f2f0c67dec293a95cade20a31305b3180f16f54a3c80bcb1696e143934,user
k6_bidder_476_0,pts_13c03cb81e6b2635a33e4627f3867c164795b8d1b20cd2e14324926e4a3e1a96,user
k6_bidder_476_1,pts_742bf6ffceb7cbf79ea702fa67f98f2d5204422dd1e26dd2a1b52ca9ffa2d3b1,user
k6_bidder_476_2,pts_475ac854d9abf1fd8321a33a6bb502fdcec314efeaf7884b4ece696fc8e1330b,user
k6_bidder_476_3,pts_d6ee31e031a567b65a7a6688d846c3970b3993eedfd03a62627af412e4ba5cf8,user
k6_bidder_476_4,pts_b6e660e7cc2e7bd98ed5bba8acd3cc4474ba496ff0bf2114439a709444da384f,user
k6_bidder_476_5,pts_47f9accbeebb020359de0bbb278591e16d5374008ac55060e207b78a15652d24,user
k6_bidder_476_6,pts_d74cadfdbce5d24ea648785ff9f2e73189859fda091b664526023367a8cac5e8,user
k6_bidder_477_0,pts_db141bd0e6330d3fb06614df2c4c8647aef2ae234143577cdfa6c50838d851f9,user
k6_bidder_477_1,pts_63d04cff40e93c67a0bcae01c58d86aed5b7b5f3daf3789b0d7e2c951b684d98,user
k6_bidder_477_2,pts_80ac5b3c7979ef3235311f4784dd29da90800aae9838a90c315050a49a23695d,user
k6_bidder_477_3,pts_ef93f8e952b26ecd9bf073ff2833f1c12e8fa7831d06acd22b37d37af72f3b1e,user
k6_bidder_477_4,pts_8d88f4905f1df32d4e58a66309eea86009778d2cb2d38d6bccacf6215f215ef7,user
k6_bidder_477_5,pts_9beccab462e346fd26f0d2d671d86f23930a946936686b65cfe7c693b392c6e7,user
k6_bidder_477_6,pts_caef7023044e31095bb7d8e12d625cc2810b021b428757fceabd2bffbb700aae,user
k6_bidder_478_0,pts_77d13c0b22e2b6f5efbfd15219a8f31363b6202f7d2fcb6b73e6aa615b911258,user
k6_bidder_478_1,pts_c3b4fa14499697fdae4509335f3d59b717de8ecc243002694eb61dd1ce52f471,user
k6_bidder_478_2,pts_bdce90408d30cb74b2ddb58ad5c180cd42ba36c4a81041aea1f66ba878721975,user
k6_bidder_478_3,pts_000e5a9a200ffdac389a2d4624f7d385b25b25000b691bb22b007934952d1aa8,user
k6_bidder_478_4,pts_f552ad1feb0cbee40571bbed42c1bf5123fd1fbad01fd5dd86bf3147d2ff4fac,user
k6_bidder_478_5,pts_da04905afc91b9edc56e7384f44c601efd9cdf57444d86b8764df923de9f37dd,user
k6_bidder_478_6,pts_750160ce300c659410640d719f3b03865bff3381a3fb20c638879d98d0b0a0ce,user
k6_bidder_479_0,pts_1bea2aa6a04f737fe1775b08065c31eaf6d092d9593b8cb2b9b33e1a3de56650,user
k6_bidder_479_1,pts_5a23f6318a9228404a30a9462145695c7157a75cfef59cd57105c88ddd81e4f4,user
k6_bidder_479_2,pts_dc7c0eee35774d16db75c3c870edb5374c0494aa5c7377fab866619af0ce662d,user
k6_bidder_479_3,pts_a11ee9bb3ec7682cb2a664788b35cf706eb680ba2dae503b1d00923275809531,user
k6_bidder_479_4,pts_87aa146393f2c24030caf3ef7db8f73926af2e5261490ba1d5d899bec6c3071b,user
k6_bidder_479_5,pts_fbfb6792e7abf4dde0cb6e89e1fc955588e38d399b34cd14246827aa633e6b7a,user
k6_bidder_479_6,pts_cb4b5d4124cdc70133e70ae5c2bbfca2137b3e7ed08deace42138fb46246d0e2,user
k6_bidder_47_0,pts_8bed22dffb27d9ba89a8149b60bcab860e91d4635aa69f4655222ded97782d4b,user
k6_bidder_47_1,pts_183a1f0f9fa754621204dc784e2e65520cad14ca9ae782e9884177956cceb222,user
k6_bidder_47_2,pts_347ce11aa9abedd800e4b0b102b29ab3bd80fb9b8d9f5a1410794c342526687e,user
k6_bidder_47_3,pts_215c44342bb2606eff678f23192f1de084adbf73bcba1e1be22107f5017175ef,user
k6_bidder_47_4,pts_a21d036edc0528593502d2c96fa112c42d3c9d2810878d90f908aad39e61e694,user
k6_bidder_47_5,pts_4d1a107e53932f6fde159548939f6649958620cf33ed21d5a60deea63b467806,user
k6_bidder_47_6,pts_ebbf8713acd2bc5360b57196e29d3562b33fe1dcc46361a2e1ea931c2167e246,user
k6_bidder_480_0,pts_f751b95e2ef0b7345cfd56d6cf709d5d4f7070e0e25fd419edf901111ea5fd23,user
k6_bidder_480_1,pts_99ef006f633f3fe1c309bc2f52af0d3bf520a32963026f96aaa1be301b0af03c,user
k6_bidder_480_2,pts_40077e74c6fa7c52f1fa797e65815c63e275913d5f2ce669e5ee8a74d5a6c980,user
k6_bidder_480_3,pts_10203f6837b73dae3999463ad1f3aa3306a75415c51b0e0b304bad3f5dc7f9af,user
k6_bidder_480_4,pts_f08c1097f36ba1b2edb481936c5c0b053a106e15a6228248d78a7fb84de9ca52,user
k6_bidder_480_5,pts_4abe85355668291fd03deddc05f02ed8dbe2cccdbdae3b9f7181ac2e6746cfd3,user
k6_bidder_480_6,pts_1148ea2d630770f6405748204cfc1ec0b7736eccd0bf654c7adbe66572a137fe,user
k6_bidder_481_0,pts_9a5b6aacc5c93cac7cf431afe67f769423dacbb1de89f222a7911ce6c5acf905,user
k6_bidder_481_1,pts_20f3097f4e0a857bf7f1a8298fe75d2fa9731ac09848da2ce359000f5b660aad,user
k6_bidder_481_2,pts_1062a20ca35d7394ed66010858bf144fdf3967c10a456d7c8c9879d625815f56,user
k6_bidder_481_3,pts_39ed7dfdcb3b477ad2ae9a287c801a78e638284bbf7e95770c6a30c5827b235c,user
k6_bidder_481_4,pts_280e8df88f4991afdf2b08ffea50e37db5ab51a08dd048ee36c7eafe7f3d5c13,user
k6_bidder_481_5,pts_2bb7fd8d69ecd29daf3b05ed45d8d1fda13cc7c3845412c69cc50d8165edf828,user
k6_bidder_481_6,pts_5920189bbcd5f3087141b023cdb228eaa61db135fbab689c9b8af6ce597bd900,user
k6_bidder_482_0,pts_cd8e6e962410c835d377fecb226efe9b7e4238a2299b402866371750ec51bf48,user
k6_bidder_482_1,pts_f40b2a9a9039f624d6f1587cc4b00b74951e32366d666061c20de35b1af4c517,user
k6_bidder_482_2,pts_283e98f280caf4072fc7250896c1daffcb72c5c167a173792fb6e1987939e596,user
k6_bidder_482_3,pts_4553e847c84b2a8699976cc75199a2e03e274be7e89c668bed1bb4da8e4629dc,user
k6_bidder_482_4,pts_64d42fb7f479d577c6aac7b9900c6482649f07b1eef5cf7e342a8b2ba318a773,user
k6_bidder_482_5,pts_0138f09ad6f4f6b575da0a789086a8050ac7416e3a48c3bacd34ad075fe5d37a,user
k6_bidder_482_6,pts_0ab0fcece1476d43d9a38d5fb4a7216dbd6a8cb6516776566bd52b2c8262bacb,user
k6_bidder_483_0,pts_12ea8c04e422372b212f8a71613c9b8186ab3fc5de57fab74d4352de77e9bc26,user
k6_bidder_483_1,pts_8d3efad6b4415d8a2ccaf0eb699ceca854a42ea14364c0fd35cb412de1936c76,user
k6_bidder_483_2,pts_25212d67eeb871f29c996d2336a7eb163388a2326ecef3b6d38f2973081b17b2,user
k6_bidder_483_3,pts_eca5d2c875ce84a0c43f651aa5fff7b3f70875583546755db3e435c0f7d3394e,user
k6_bidder_483_4,pts_c4ea126d2f12b16409ccd579ff84193f7486166221e0a3cd560d3b2723ed54d5,user
k6_bidder_483_5,pts_1df3445288dfe435c8221d449d17efc430e86dc71df256b77fc141d835d65ad2,user
k6_bidder_483_6,pts_93323314b47f97a9c19cc2d78aa683ad521cf349194915243c828e13b0351c11,user
k6_bidder_484_0,pts_c1f2b10eec199e38ae2d33e16f1ee9b4caff95dfb68c971ca5553a85d039f1ef,user
k6_bidder_484_1,pts_e1196318105831f5933a4cebee4fd9d503bb90ba47b2f19c43d7ecb168ffe7a7,user
k6_bidder_484_2,pts_80dd46912ec2c4155401de285ec6df3420c6b04644c0971d5c56412fe57c8363,user
k6_bidder_484_3,pts_5e5e10b30e00b053fa2b1ce79e5e9ddd6d0c3fd6b2530ebbf10495da47a9cf8c,user
k6_bidder_484_4,pts_07be1161dcc89bbea3952f9a4c7f1c3d4b16273efa180f508e99ab327016bb37,user
k6_bidder_484_5,pts_783fb116d2191eb40578d0611eb165d253db72408bac58f668adc71141e73824,user
k6_bidder_484_6,pts_1b8cb3b00a764d4e3cb1b09707f9e92b5342548647fa5f24b373712ded18ce56,user
k6_bidder_485_0,pts_3f4fdd27f2c4cf7f9c78ece21fb283b9769cd3c275804fec1efd1d78d9fa74f9,user
k6_bidder_485_1,pts_45d153726f0f68e5e9828745d1b873ba31a890b7a59e9a3aeac237358be276ac,user
k6_bidder_485_2,pts_19b6791b12b845df31a7693818e5dd7335f7ae9ff072fc363cb4e9e3eaf97522,user
k6_bidder_485_3,pts_b8a74cbf8ef377570aebdcaf1f990912c89181add090231e04996c6ee1ea8e85,user
k6_bidder_485_4,pts_8e69109212ba4688830c2900dd4974e4d3cfe2cfcdc8a9e358b69f8621ac0f40,user
k6_bidder_485_5,pts_1572489cc9608688c5e2647584be3d586af8ce5af4282e5a1b5b69f3a1754855,user
k6_bidder_485_6,pts_3288709a1656bff520feb029d4bc887c88b92df39a56d58baf059bd36f72b9c8,user
k6_bidder_486_0,pts_b5dddfe45d50292df37aab1122863ecd157f0a332c64d689c7c9ae3c1eeb8c58,user
k6_bidder_486_1,pts_c2fabb92f8c6949c983be28fc43e38d2491650cc047653cc79bd5bd0a099740b,user
k6_bidder_486_2,pts_fa7b30d7e6dce19b1063c00dfbc1f97d5dcb11502e8ca04ab27002fa3d096c16,user
k6_bidder_486_3,pts_ae9e57dff0e993495c07943113475e0cfe1500af64f56237244f2a73b8b170e4,user
k6_bidder_486_4,pts_93de695377635ace743cb43bf02520c793e0fbbff78bcb084085f9a7de195f7d,user
k6_bidder_486_5,pts_13bab2cf846e8c57d1122d70c0d20f046b370f1dfec9a593fe2a8b3c0cd77277,user
k6_bidder_486_6,pts_531e7f535418222c7c88cf7550efe893ef8b45646cf67bb137080bd101588513,user
k6_bidder_487_0,pts_de519348a469f26b4692f7e2e1581cd69279a9f4bd5b0eeb3ed021cb036dc458,user
k6_bidder_487_1,pts_39eeb91cad351860822adb74f5075d363abacd76434cf75b2e718d8f85cd79a0,user
k6_bidder_487_2,pts_8f6cdc02847affa3aec476f67bd27d1d7ab39f9121ddf4164170a7e248679436,user
k6_bidder_487_3,pts_0dc51483241cfdd8ce6f49889e62f9e2bcdf9c5fdcfb787f42154276e57ef1d1,user
k6_bidder_487_4,pts_e5c0fc81ed6265ef9fec5647de381731afb4ecc7c9e7c1ce9d130f12f2a7fbd4,user
k6_bidder_487_5,pts_b0f604b44035a6945899220bcf62dc268c8e038a6421ccbf5677bf6116d17799,user
k6_bidder_487_6,pts_1f9f2da9cca6a2c116302f8795c5b525fcd72520e03533b6d22ab7655c9cedb5,user
k6_bidder_488_0,pts_75ce53718565ec2c7b21d42c760c3c27a2bfb31c271829c7bd5588ec67a85737,user
k6_bidder_488_1,pts_61e2a23fbf5580d29e6228f65cb598db6afcb5d455de01bdc893f2b3bbb2282e,user
k6_bidder_488_2,pts_45a467db6a1f793e9d136f87ab1ceb93532397de7ff22d9b1903e6261f88a09c,user
k6_bidder_488_3,pts_31294d8bfcd906088ab1a37187bce34fd11798ceca73ac6875e6fd51c61541a4,user
k6_bidder_488_4,pts_dfd6e5b3dbd8703bcba18a12312f219593b829c5c7fb7e65bdd600a8ad4ed1be,user
k6_bidder_488_5,pts_afd51db085290a59f4576478d56079fe597d16e9bcfce403308cd4986130e96a,user
k6_bidder_488_6,pts_c0afffecd2c7a987ed4710994daccca23f421a93cf94ade37dc2c9268b7e600f,user
k6_bidder_489_0,pts_766ca9a2e1bfbe39e9b461e2738a1956b0744e11f00a032786944ceed38c00f4,user
k6_bidder_489_1,pts_0a2943cd1ebd8cdcc048b7c0ecbd8e45bfaca446cffd49f8c938d96f371b30fb,user
k6_bidder_489_2,pts_caab1a7e20f07e584f9ad7402055b6f7711a208ff0ece90afcddaf7f17158924,user
k6_bidder_489_3,pts_9d63ba451bd9995b0fba35f224da806899ee065b2d3210012ae30a3497ce7b5a,user
k6_bidder_489_4,pts_bdeb6e6483f8c9ebd8d35f8bc30fdf6d13dc81a9fe4c49bf444b5704662e5537,user
k6_bidder_489_5,pts_dc886f6a7cc703343aa634ccbf9eb942c5efd212931d61a18347eccedec35165,user
k6_bidder_489_6,pts_ab1345c6940edf77328c78c1c8de7677b4a68f00c164dfcad3a336d1b56d0b56,user
k6_bidder_48_0,pts_ce6f390874622399a7530686e72b9f9b096f89f5bac24262b4786ab8627bc756,user
k6_bidder_48_1,pts_e89d57642863967c86bf8c3c4de0f2172725d7dbb0a7004badd5c2bd136e5d8e,user
k6_bidder_48_2,pts_5d0bb0d080d973d8a4d8ed5acb03d251dda8fa6fa4256b9beaa2112bd4565399,user
k6_bidder_48_3,pts_d35325672ebefef055c42cd7b8df2e70974a90222065f2cab70af686c80be272,user
k6_bidder_48_4,pts_ad343b63557476ccef1337371e7ce3c18c1b8b33ab201989ba2c419450d1ed85,user
k6_bidder_48_5,pts_7f458f47272ad14921a392d088698d2ea0b99150014e4a59581f72f87a1230a0,user
k6_bidder_48_6,pts_4d023c9aba2a0721128032bd635f4dbd917ded2f1b3bb6a57d5d135db9b9e8d6,user
k6_bidder_490_0,pts_5e944d6d624e7b853ebf66942b7303c157ff8e86d68c227dc2f08786617a032c,user
k6_bidder_490_1,pts_464c0d367d90e79739d30aeedec23f7c7c079e141975e9bdada0ba3054bb0b99,user
k6_bidder_490_2,pts_78a75bbc087170bc60196e3d813f6349a4fd9539d50225162257b338c3d34959,user
k6_bidder_490_3,pts_e52f49a9e35f124f1ccfe91facfb2644a1e75ddda5e75fb3e545c460c90b88a6,user
k6_bidder_490_4,pts_bdca725377c017aabbfbfec25395e766ce8fc84a3b7811176025a95d0bb28d26,user
k6_bidder_490_5,pts_41255629f6e3cf40ff13a9a63e589c0833ff3562c3a8b709e9845dc044d4d63f,user
k6_bidder_490_6,pts_4f87c69829d0c071af490fd583485f823d36a293b53caf6e314de7c3fb8c64a8,user
k6_bidder_491_0,pts_dc3e6c1a9be1d3bdda35bb9ba65cc9a7aaf4c86add73bd3008ff901030f11099,user
k6_bidder_491_1,pts_d8cda8c77d10a767f31726af1d3fdeee002f5146cf3052d1237c91f1aed1e5a1,user
k6_bidder_491_2,pts_e0929adb2773547285970ee5e194ace5be751dcf4bf556817890bea89b010bf4,user
k6_bidder_491_3,pts_985dfc8b0da70ff5b8d14903cf6856e1b6ff42d449158f0249813825e6f15f21,user
k6_bidder_491_4,pts_9f68f8b62cf6dc431610b6e863002adcc300054d24aa22e7ce36bec48b7afab1,user
k6_bidder_491_5,pts_ab096933ea2ffc19f6663a05f1c72d78ad820813208c45c5b6eae75d9be8ed83,user
k6_bidder_491_6,pts_18a7c6678a0abc47e1649b1152ba428061f54729cd93608d141b5752d046bc54,user
k6_bidder_492_0,pts_9626623198e7358486590a244ea0ea214916d76b1a5f7ebaecc7b64cf5764968,user
k6_bidder_492_1,pts_17d36a456ad463ef63dc57889188eaafc6c187614db7db340432e9d8ad9ce62a,user
k6_bidder_492_2,pts_03c25586060ed32988a9807383bb3683bbdeb8dc53f6003af9e985a6b3c812c3,user
k6_bidder_492_3,pts_37f96a8b70c1589b4931eafc3361242df58c9f36b0d6d634e0292622202f9aec,user
k6_bidder_492_4,pts_ad241b63d8337dac9324c61771316c6b732662ad9639f9b6b53469771a0a39f1,user
k6_bidder_492_5,pts_a5ea1c13ed0d15621b4cd16882b410e6cbfc587d74c999f98c3df108897354c8,user
k6_bidder_492_6,pts_e45ab3441fa9660797ebc889b5ecc2fa78070f27d96e2ca5aec478820c635a3f,user
k6_bidder_493_0,pts_8f91df0a4220050abb28a777e6dbbdd11928d773d4ee3a0517ac04ca666192c2,user
k6_bidder_493_1,pts_a929568e16d8413d03aa29e72fbac763ea47ae2112b913aa3b33aafd37a60b20,user
k6_bidder_493_2,pts_620c7a99b4eabe624ce1ec76d91eb54533429a28292d4540f0082aaf91e6f0cc,user
k6_bidder_493_3,pts_8dd8f54a22c580426551f78ef74a9a707df116b19ce69f188dece38beff45711,user
k6_bidder_493_4,pts_773f930bfe55570f29a4fe386f89d372e1968f512e24d9a5d97be7f0c1a71248,user
k6_bidder_493_5,pts_978680afc42a3541641c3fab28b5122d9198390584df05cb7d2322f8ae2f1cf2,user
k6_bidder_493_6,pts_c1fbe39b4f700b3f670734c4a59afff61bdf45846d61feb1d87d1292aeea3e76,user
k6_bidder_494_0,pts_0db8a75f2551bc2208797173f07beaa3dea204818c59e730118d8dedda2c7cc7,user
k6_bidder_494_1,pts_fa5abdda324cec005d1d71935388fe756d7aca60d688eee3040663a2a5145912,user
k6_bidder_494_2,pts_39c0f421d8cda3ff56324c35e4e30e509d9d615a7eef9caa8399a383ce873bfd,user
k6_bidder_494_3,pts_d1912d8ed3fef058f16bbfe1925a832192b847c096707d57b701862723918359,user
k6_bidder_494_4,pts_c31612d2aa51c84c551c3ff218fdf55ac98afc069e8c034a83a888cb8e53c0e0,user
k6_bidder_494_5,pts_9085e5f9d18dc5e4ea6657673181e414bb374c43f7b1decb9c2095c76108bee4,user
k6_bidder_494_6,pts_54849bca2ecd2a0952cd12c807ca15c36e3b3c50f95a374e34dd85fe71110282,user
k6_bidder_495_0,pts_df4a0eb753a117efff2df72879c784b5bb96adb66c18a836296c730b1773a3bf,user
k6_bidder_495_1,pts_1bc2b8493df25c82fe501ef342af630ed55ed5903d7b691ca296212b855d330d,user
k6_bidder_495_2,pts_fe347de8aad7780825d42b24386d45105c958766b6decb7e70ebd06b553c49f9,user
k6_bidder_495_3,pts_0c40f609cf96a4d7bcf29eb107286bb92a23231706df9e9b2a75254ecf99a273,user
k6_bidder_495_4,pts_5675457f1734c8c608d73197e09707ca707c4ff69dfcd70ee44e9e6127b7514c,user
k6_bidder_495_5,pts_1b914d698d1ae3f92281e9a79b92c12cb100ee17dfbcb3d5664b4ef5812c08cc,user
k6_bidder_495_6,pts_5088ded37cd9e92526eec99a32d176e60257d12b96af146914448c10cda511f9,user
k6_bidder_496_0,pts_753f37e5e1a6510888ab2f64709038be954abbc79f5277502dcc5a388abf2bbb,user
k6_bidder_496_1,pts_19d3c8b68cf7f4e3f028215f734eada51cde525e18441cf8123d523f9b379f61,user
k6_bidder_496_2,pts_696482d613902c436d1fd8bc405b7d4cddb509fe30d4cef12849064e5a121b3f,user
k6_bidder_496_3,pts_01f2590f6d99fe5722190c38ec3c5539d7444d122f556695016ca1a86391b09c,user
k6_bidder_496_4,pts_c3e795ddfc77a358740a51e6515e3140092a379e58543eaade8757a819e87c15,user
k6_bidder_496_5,pts_8d31edcf8c2fb960fcf3ddc1cc78bb50244bcba94a9330a84a6a30d2b8a5169a,user
k6_bidder_496_6,pts_6144494799341e7636ce04052cb9958c48e980b0e1a219737e059bc4014f8782,user
k6_bidder_497_0,pts_d8955ee72823e352cfcbe24b76500f7f111207a7d3763052a2c6559c0e6c6232,user
k6_bidder_497_1,pts_89f4c5a41aa99c811e82241ccf894faed60bc4c9cff486b11e853f4169969b24,user
k6_bidder_497_2,pts_af1dc94688adec353db8ced940053fba6fec1a97bc68940cac05fb2d3f8213e2,user
k6_bidder_497_3,pts_ccf2d8ca9bc2400770a15b164d035fcc821496af50ddf5c44471992a55a947da,user
k6_bidder_497_4,pts_cf39a3c7df34338b37c337ae5099233c28ebe87d08fa4448bf3cbfe1399f03aa,user
k6_bidder_497_5,pts_45bc9bef21db4020887d58b06306da7f07ce6d65e0cc4b98402c7dd08be30142,user
k6_bidder_497_6,pts_446ce334d5d8494924615fc57b4597f860e8a70414ad835b15b8367c153d43fe,user
k6_bidder_498_0,pts_32a8ae7be0390792004f51b999895a675b35a6a8bbfca5154fa86e663342158c,user
k6_bidder_498_1,pts_442c7b2d0752ffe3b9c0ebabfb7daa59459cc233effccca1c53ca2eb7613edb5,user
k6_bidder_498_2,pts_8e8cb537c0fc4c5231e71c93d7b915fe4167131fdc1e6ad304830862e22e0c7a,user
k6_bidder_498_3,pts_54225be1c4a760a3af7a8252e858709e6019f0494661fab703497b48a11f1cc0,user
k6_bidder_498_4,pts_5b4f77d5e462665a41fd211ca33ccd65583e6c20ca8a4150076c1c33bc4d1032,user
k6_bidder_498_5,pts_4eb7057602f614fa311eed58900271928bfb145cd73fcdf8131f81d070c52dc4,user
k6_bidder_498_6,pts_bb999e3be5588dd55244359ffe16c1384bb759d5a1f4a1d805429634a66f3043,user
k6_bidder_499_0,pts_91bc424e6cb6fe4dfac0d20f7ea76f8c3ad5a842a36bcf80909ace848de6956b,user
k6_bidder_499_1,pts_1011dda280080f428ab1b0bf23133888355babffe4b3c6a71a6f31122b1e3e26,user
k6_bidder_499_2,pts_3d1b3c3495a9a2aab6fa238b7615d0f49c3e4eb4ad9516ce181151cb18033631,user
k6_bidder_499_3,pts_5e95ea11d11eaead24f103c97596d0d99ffb7ba6c2f907ffe4389f6fd8076884,user
k6_bidder_499_4,pts_d8b1635e8e3cf314732f62e60670446aa091e1d4388fd340938f7cf2f77d71b8,user
k6_bidder_499_5,pts_f06905ca75e920a48b2f4c721965243b879d07a8d459dc8580ef41a098180949,user
k6_bidder_499_6,pts_ceca8ee408a25e425fae922254a4ce56ccf4ec5e6f1e0d64139cbd09d0f8482d,user
k6_bidder_49_0,pts_209b0467b11f315d9712db55c97fee1d0d4fe97df43c16022efda521f634774d,user
k6_bidder_49_1,pts_e854b5b86ed6db15e1adbbb68ae3e4c18632d2e9ae2615d8d2cff9575ace52b4,user
k6_bidder_49_2,pts_cfdf2b3cc82a0a5acd1d8da4412c99717c9b81228c71aaf275226e913c4306d7,user
k6_bidder_49_3,pts_eee7b914e7f017014c12593eb73eb08fb4feafdb2575304d23ddd298b6f5deab,user
k6_bidder_49_4,pts_fbbec067ec1c45082ff34a15618e653b5bec4d480e107c2a1f2ea39583787a01,user
k6_bidder_49_5,pts_31b944ad433641f5aae00fc0f65abe50f4165596b92b20423577e604de092a47,user
k6_bidder_49_6,pts_ea89ca4c46080d8f4bf718769b0fcb4d8d8e79638bc42b9fd01a3b6c1df8526a,user
k6_bidder_4_0,pts_dd81113499eaa16312998434fd1776a96fca025748391a93a34f5d6b39e0b9ef,user
k6_bidder_4_1,pts_a1e15648501a5ca90ce82a833333144962cdd104a176bdf9ae62462c445ddab5,user
k6_bidder_4_2,pts_35e77ea7c2a632f93173ba71fb3cef45caafcc608a792275f5b081848aa8fff9,user
k6_bidder_4_3,pts_b3aee08c1763372e72b2a6d2642dfb591ba2d66e80c500e7e168abc527688dd3,user
k6_bidder_4_4,pts_24c05ddc383cbb16c43b5e28a2b853502b1270331b37280b64161013e474a144,user
k6_bidder_4_5,pts_70b7a9e62fc81672b14116f4ab0b716dfaa1a3b2967aa616c9aa3151734d58d6,user
k6_bidder_4_6,pts_1dfb05cd583dde797e97d8ae41062f52c4eb187e48fc61639a825571e44c905b,user
k6_bidder_500_0,pts_49dd373512c7ac206920a180aeee7fb97906f19acd479e91acc4dbc3adbb48ad,user
k6_bidder_500_1,pts_c7c1bbb5862fd0bb7cc1ed43ea5c60b9f51cef1e2ddfc71d5e985e12604f5208,user
k6_bidder_500_2,pts_2f55e29eadd128fefd05ccd7aed11a4023a6efac5377f95c504a8281afcc8701,user
k6_bidder_500_3,pts_dfd3a708e580fe5a7555a36959df11b432b2b6e2a485a5da75fec868e28929aa,user
k6_bidder_500_4,pts_4cd9e1b57ae562ab7697c36ab189c14faac08976a5896bb2cc4750a1247a2c3e,user
k6_bidder_500_5,pts_2d07a3d15864c7fce92fffb068a695973dfcb841b51cce6f11c053d85cbd96a9,user
k6_bidder_500_6,pts_e203dead9534260b7e9060071adfe1ddda77df8777302de030af7654307efb6c,user
k6_bidder_501_0,pts_5b1565139b09213860e085966a5590c160e16436b678a4b1e6be8838e60b7292,user
k6_bidder_501_1,pts_8e3451e584490b2d5325a75013a535808c1b1965674686e8eeafcd151891067c,user
k6_bidder_501_2,pts_bbc5ac92e53ba69b5634bfe4b19701712aa25465e9f63bfb19199f79d35ccc7d,user
k6_bidder_501_3,pts_ca179db4629fe6fcde9d6a2b5fa1f6ddb04d0e6204a5423e324238aa91867c68,user
k6_bidder_501_4,pts_4a48a5703a1e353b3d68ffe7f7516f592909330208a5182c42d2a80d43767d39,user
k6_bidder_501_5,pts_fa2138dea7585ba242b9da03dc812fc2979d46b0b97e1dc8f8a89effa1a30b71,user
k6_bidder_501_6,pts_2a67151ccd35b6afa3b0e19bb9b28043fbc321dfe5cbea5a86a5d88a6f14a3f5,user
k6_bidder_502_0,pts_3cc950d242ca9b351574a6f1fc61f436aec29b4f5e09b2d77a05ec27178dab40,user
k6_bidder_502_1,pts_a856015caaa196e014c8574eac748778b8e0845c3f870316c0de6d759277d55d,user
k6_bidder_502_2,pts_753753622b8c6ef116b47e1c71ee17b1b9db4aa594d7652da5b3c9240b44cad3,user
k6_bidder_502_3,pts_1c17654cc315788ab79e808de0d5ba23d627328781427809334224533274499f,user
k6_bidder_502_4,pts_364f00ab9bc3feb38b50905008f61b63c9eae98d9134236b5a14e82f1536f641,user
k6_bidder_502_5,pts_682b7f25cc792750650e8338172602cc1b40625ada6348385f34489ea2be16e3,user
k6_bidder_502_6,pts_81d7536bc55eb5cfbf2e48e763b01a7e2188a7272a00b27884bbb780515e94ca,user
k6_bidder_503_0,pts_2c0662a09211fd1d41cbf590c74773b6db71896fa14a3c3ac4cb413fa60ee602,user
k6_bidder_503_1,pts_7138b1ea8bb55922ca939f4e4375f014d29607face1fdd24304f1ba34997231a,user
k6_bidder_503_2,pts_7c00f2cf08672c597cd79979446246bdf9bc66d30ac10394e8591023b05f7f6d,user
k6_bidder_503_3,pts_13307b9d8bd5d168f34bf75b02fe4b1df1f763991250169f9a8b29db7e2dee67,user
k6_bidder_503_4,pts_dd7c932cda7d1b74a8b76e70a7d989d1155499fc4df8135617749981c899c3ae,user
k6_bidder_503_5,pts_15a0200d486de562065c45c5834d86b668f6a6fde2a77943ec40dba22c5fd785,user
k6_bidder_503_6,pts_357b8f8da33e5cebb242abcaee1093c65aae545d3e01776097e9c5b60f35c62d,user
k6_bidder_504_0,pts_d2fed7a08b9165409eaaf3a1867911c7f3596c125d00b2f7c6be92c9084492d8,user
k6_bidder_504_1,pts_30baa2cc62c02ce69b9dc5f5b6614b1d6e44b8f95cdab5a23eef7c07fc077de3,user
k6_bidder_504_2,pts_fb90542964d9ec138e89e34b3db5911114b8c88596b94184d6d2e462cdcf8171,user
k6_bidder_504_3,pts_05a4fc3a27f231719183bbd894bf166395f19b7fc8d0ef1609b8a2ea916015b8,user
k6_bidder_504_4,pts_3ae8a2eb194bedfd38f60f247fd5a571f2f52d6daf815c724002d76c7c846ec0,user
k6_bidder_504_5,pts_a182e3d3d8216fc5be83a15b6113103ca261e3fe55bed40f3f6c36f4c54821fd,user
k6_bidder_504_6,pts_3d75c521ad0a99ae1be54c6218742430e268000a3cdbeea8d3528c3715d8af68,user
k6_bidder_505_0,pts_964a878fab1a08dd1060f93762dbbb75a44966cad629e9c553b07451d1f89fcd,user
k6_bidder_505_1,pts_3f3e703a0bc9bbff097fcbee61ddc22dc7a1bfc9a6f182f18605239208a541db,user
k6_bidder_505_2,pts_c2c17503c17d5aa5243b9529bbf4a5cd98e0a9f750ed911501159378f107ad61,user
k6_bidder_505_3,pts_fbba58dcb4f155d5755e1eba36adfb2dc922f2526c689630a1227a2575d25bb7,user
k6_bidder_505_4,pts_d0ea444b7d8b0ab4b475c30882f215d3175d40838d0d7ec565a8a8a7a4ab765e,user
k6_bidder_505_5,pts_729b445e8f39003d002f73251382f71d9d047f4eaca7bf95fafb1102b7273ddc,user
k6_bidder_505_6,pts_c54110627e3ec5d20eed04a5f2ad0b74d9a08bcff6759077d57ead948fd52cf3,user
k6_bidder_506_0,pts_c4f21082b55222d60f55bd894b688b06399860455085ff3218378c2e4cfe0e9c,user
k6_bidder_506_1,pts_75c59ffec71cdaa7f8805d2934e4cebbc0dc90d69abdb49e9f283b991dcae3a4,user
k6_bidder_506_2,pts_85bb2bfefcb6516f64ba4135f84d35a7fcb07bf6551f58350b8cfc1b186ac43c,user
k6_bidder_506_3,pts_e5a36a4e9bae842027842153f452c2154928729459d7ed4abd15a699bba1d3bb,user
k6_bidder_506_4,pts_9386baa6d7037578aad2766d48abbbea385443485859ca620a36fc5e6333b8af,user
k6_bidder_506_5,pts_765fc4c39575f8faf04c37ebbdb44ed41f6e20cefc045686f1324eb643b10496,user
k6_bidder_506_6,pts_952f90ecdeed8dd2a3a12209bc7a95fa737e0dd0f35f04b8af968e976dabd86a,user
k6_bidder_507_0,pts_88eb307a8a8dcf11adffe50caecaa77c0bd9830f5f961455513f33ada6c3174a,user
k6_bidder_507_1,pts_a2a54b57fa3feed5cfb23e26766f777dae0b4b517af13c2516e31369e1162895,user
k6_bidder_507_2,pts_8728e9acc83c4b76f056b887ca0002d64e278b8942940d7b4a8d2ff2a046e6fc,user
k6_bidder_507_3,pts_1be37fe106d9f2e4853ebe32f72f77f2f2b7add4cfe33101a99f6c2cfce122de,user
k6_bidder_507_4,pts_f87e2b66fda18c89aa24da99a6fa0674e491367a5f5190256974f19246ca126a,user
k6_bidder_507_5,pts_2be9bef64b27adff5370dff7111fc40331d11e630486c8c80a08132078e53cb2,user
k6_bidder_507_6,pts_9bac3cb872162ae8c648c83c451c0caf975a77efba04be713f994bc502fe70c4,user
k6_bidder_508_0,pts_b48e2e80c237eeeaf16082900275c512a1053fc6e14ddd13f1b77acfaa41cf30,user
k6_bidder_508_1,pts_04659b09cc7c1cd54ef8bd213b6e5b984acb7a3f4dc58847e7f77d7ac172198b,user
k6_bidder_508_2,pts_40d015a249f848e7cc4c754fe762dac469abe9f0d6074ae24c8398c7f5d3c7c2,user
k6_bidder_508_3,pts_434db1aa04773582f772349c740b653e49b01f8fbcba3cc9483d15ad53369597,user
k6_bidder_508_4,pts_10daa1bc1848d82a578f1af25e84304046459e76155e27836672bdc0b6d4248c,user
k6_bidder_508_5,pts_34d5a7657b29657f4fb25a0be7ff671e1ebc8b8639b2cb8d620a6f0556fdb50c,user
k6_bidder_508_6,pts_c95bd76e54c5289afd2fa8d3869328c91a89a50aff5ce4526777ffc4eb83315c,user
k6_bidder_509_0,pts_fe6d78e9135cb10d128d642e2d76f737349784edd2d9339af76e3855072e61ee,user
k6_bidder_509_1,pts_8d3c2a76eb7cee0033e405c3ffff37e38b38f1373bd69bbc71a1da360a213821,user
k6_bidder_509_2,pts_da1ff8fbd57e0cc4e98bfd7b80bedc939739631565e06ff34313ada15b107ad4,user
k6_bidder_509_3,pts_9d89806b57926b6c4ad84f0b95252f2ee19ddafabbc85c7340bfc9782ff19abc,user
k6_bidder_509_4,pts_8bacb60bf94cc1f4b19d615a6095ad421feca5a6e6d395e4a504236fcd95a808,user
k6_bidder_509_5,pts_fb52eec7581c43293523cda95e9164019f9e41fa2baccdffdb4f23366aaee8d1,user
k6_bidder_509_6,pts_db98362d554d585f34e65b19a448e2f81aaa66f1a1ddb66a7cdce69f6239bd1b,user
k6_bidder_50_0,pts_f42d6a068a1f7f32be8c4cee9ac0b8049cc14b75f5839069e701f9f533543fc9,user
k6_bidder_50_1,pts_27fc4c6c38587693bb07bef8b9dc8775d361ef6438eebde61cb0c2cf8f989968,user
k6_bidder_50_2,pts_eff7b892b93419238f655e27d26332b4f17cace6491dd701c18789d314ee94e6,user
k6_bidder_50_3,pts_dff8ed8d4e0e758b69294994b52974684724e7a8e9592b02a531393be9b3e384,user
k6_bidder_50_4,pts_98c1d2e2d9280909d53bc0d1b9d1787d669cde0b566798cc44c379eb38966ebf,user
k6_bidder_50_5,pts_ea8f7c247a67aee90270bc68b294cef306204a8e44bbf18818c5a8d82def3c57,user
k6_bidder_50_6,pts_173f8f44e92bb8859fec0c1aed8e4335288df0d93e2c0a740058068be486458a,user
k6_bidder_510_0,pts_e9d513887a1d3713e3f9cdd214bcc40d38da858c4d00268708023938ccbd50db,user
k6_bidder_510_1,pts_e92e5699a7ba7ff29d0f809ecff3ab3964cfd740968544f8b9c71b65fb4968d9,user
k6_bidder_510_2,pts_638089494d008ffcd5471a731f787aea0909c378c3417cd161554556bfa29305,user
k6_bidder_510_3,pts_a5f7031c4887fb48757d9017e0361b5d860cf14b03ff5e2ff758f3ffc4deb928,user
k6_bidder_510_4,pts_c1eb64706a776a8129c74f3fb40e2efb94c58ff1def88bd0536653b7869f956a,user
k6_bidder_510_5,pts_8b6bbb72d77ac563622dfafc1b89d896153f93e5b697b7832b7b4e5bf3455580,user
k6_bidder_510_6,pts_11adef343bcaf08738e7e3599bfddd6e4f694ad5990024ec9ad4fb7ea60eff37,user
k6_bidder_511_0,pts_941bd7b06570d65a56f2991cee85e55a3259531448b33c50800aff514cd5bebb,user
k6_bidder_511_1,pts_1f46f4d242e79b8422d6ee755cff849a27c4e7ff8c32267ee6ac8865b452710c,user
k6_bidder_511_2,pts_be5d8736e3510d07319686b5984d13fb552764716140b44636aba07b2742556f,user
k6_bidder_511_3,pts_de40b7c6b0eec166c68c675870bc7d3ef867e96fa768bd1406b4fb1c87830825,user
k6_bidder_511_4,pts_a431859e84432418e1aaf67c3325f5eb7ec3b8941417c647d13e78afc79eca3e,user
k6_bidder_511_5,pts_804fc643f127a7b314573697bd43e34b41ff6236475117c7b05c4c56fb14cd3a,user
k6_bidder_511_6,pts_6cb7cc74dc6ab8530d531f77e10ababd42f34e992264678974944946d199015b,user
k6_bidder_512_0,pts_8d4b043d779c234d46a7ae6255d825d71da9f72aca14b0523b07c5674e4a4306,user
k6_bidder_512_1,pts_e5e6effc8a60f27ceebaafefac17beb8c73c00650f9eeca0cf5cd47e8e77a891,user
k6_bidder_512_2,pts_b13c559b6c5babdeb63aa69628945282374f21e88e44e7b012e07365baeab910,user
k6_bidder_512_3,pts_d36bc339ff3b3b66a806bb7224d0ed45979898b2f4f2c184925196caebcc2a69,user
k6_bidder_512_4,pts_db096e9a2814b3abe6e0141e1b6268700f475e780eed2ccd19fb1b390f4364c9,user
k6_bidder_512_5,pts_4ed7b34f7b80f2416b136777183d4099a44938c6631e6a7f551ce14fcab3f052,user
k6_bidder_512_6,pts_d6f73f0e20e57fdde04589efd9ef48d5b12af4ae8e22b10533f5b082a9c6e53e,user
k6_bidder_51_0,pts_e23e157a110fc390a8ccf0128cc2d9abdf48b1a5522d7cf88ab4e9b719ee9a75,user
k6_bidder_51_1,pts_fc1dd05e773176fd2a77982da6cb2aeb3ce03443c806382fe351a9331776414b,user
k6_bidder_51_2,pts_e4e73a2f4c584e82512d6cf195139f040207cd16e7995a93f7574c1779c45e2a,user
k6_bidder_51_3,pts_f7c278b6dd31cd75b901cbbcb6cde4f335b16e42c29cf1b9bab5852119dace3f,user
k6_bidder_51_4,pts_b34cdca45ab7a676425a5ea558b1c650404780a99ed05bcaaebf2fb33e7f823d,user
k6_bidder_51_5,pts_07b69ceed36e38bd389bf19837e2eb93df3be19e0bce3eff14aef5c6f686b766,user
k6_bidder_51_6,pts_ac190371dbe9d73019508201c4a57731e6f1dd6d003e7af4f901c030617a0769,user
k6_bidder_52_0,pts_1f89e5741579aedd573773bfd8cc36c96e3ecdb75f5661d582c5c1b843a7d53b,user
k6_bidder_52_1,pts_0703892ab91735adfcc66f64cdc7c6929154ac1794cd57a2d4392e5aeb095afc,user
k6_bidder_52_2,pts_59a48119aafeaec0a561d45c91a24ea6f18654d51292f99f08fff536e7e19f0f,user
k6_bidder_52_3,pts_46b67d6598e847502677be0e736abac60f54e155485db7a376aedf9186eb6a6a,user
k6_bidder_52_4,pts_57f9a3897d5003eafa57e977dea9bc4678afc76ec5eb2f640671cca2759681d3,user
k6_bidder_52_5,pts_766e9d99be81902e0c34f357e0e551b4caf5cc2fb158529293fd11e782d3a8c6,user
k6_bidder_52_6,pts_2f24e886338fa53dab12c17d20c95f3d0ab4aa4f2b60b29920c70bf1d110de38,user
k6_bidder_53_0,pts_3a5f37350bc94851d9f079fa3cc48b1fd38fe5453612b07061307ce228ea8f2d,user
k6_bidder_53_1,pts_2a44c83dd381032fed34f964fcacf19d2a0a8f40dc284c1366b2271f464ebbe3,user
k6_bidder_53_2,pts_5571020c82d673aa2bf8801e320defe9a581669279f778d67bf27ac0fd063d85,user
k6_bidder_53_3,pts_f3df17565a6005cbe277cee2425633c0c004a0c63d8165c4dc154dfc2a6fbddc,user
k6_bidder_53_4,pts_b71a612090d24d4f3fb797aefdb5b10bbc7e1c28ec5e3d7481ec24ee3389e555,user
k6_bidder_53_5,pts_caabc5aa50d221be59e253b9987f224b442548b1cf1556d392038049d0b2967c,user
k6_bidder_53_6,pts_5b67ee156a32c7597dc2c761e167825cc304285a23ca3a7b7a0459fd4a1e91df,user
k6_bidder_54_0,pts_0b1f173fea3341dfed1590d2d04fbe7e54194746eeabc258845170d1ad5cbcab,user
k6_bidder_54_1,pts_084c5f6b813dc51f2bf795bb80c70f83e4e1629a37f44e5b862e19901fd3e2ba,user
k6_bidder_54_2,pts_0c4deadab68562a1df2baa3005132da5395f841329d416ff208ac432528ae63c,user
k6_bidder_54_3,pts_8047139a5b7b0ab48676926aac555a27220207ea7ca607d3c180d52bc996bfbe,user
k6_bidder_54_4,pts_6a5b1f29a85ec91fa54de3b68bec0c4110c0621bf4438a2193762db952bdcdb6,user
k6_bidder_54_5,pts_9acabeec6ec9a6cf23e1c2536cc8e04e97d434dc180efbed07fcb11b3997fc05,user
k6_bidder_54_6,pts_c3177ec906699ab0effd4ef00acd07373312a17af75dded486674979a5287852,user
k6_bidder_55_0,pts_67205f75630ff2153675d9a951ae431f08d494534f55e0455deaee77c0cdf2bf,user
k6_bidder_55_1,pts_b9838b1a23bad7eddad5f0483ecc5c41a7af329b42d23c3cda44e8006f1048c7,user
k6_bidder_55_2,pts_0aeb6a3d14223939ae6060379ce7fb532a3f555c578b4720de0f1234cfdb9401,user
k6_bidder_55_3,pts_5376454397e75b5e0dd89775b62b656323109e53623066d78bbbd90bc01acbd5,user
k6_bidder_55_4,pts_439786267529caefdfeeb286886bb9af7f8635d9b7d65618a3a47b903ba08a95,user
k6_bidder_55_5,pts_fbcd6db48b045eef9775e1606a9d74c644d128c9b3254ab12c7401009b797052,user
k6_bidder_55_6,pts_5d9f1963b4590565c228ad49765879ad9fe139bc3ce89d3aa88f613b0b2bb53a,user
k6_bidder_56_0,pts_404524c714d5942c27d17878b632afb8b97cecae27ea6965d945f8daf9663a4e,user
k6_bidder_56_1,pts_5bab1b60fcd5cf4771ad444c4950942374652d9136cf05ddd2acf9cea4b59d57,user
k6_bidder_56_2,pts_34fda8113e001d5ce273ec84462425d5abdd25097b02dd50381592bff7f0d9c4,user
k6_bidder_56_3,pts_b5dfc4916167d17cbcacdda665a3ac9ab2ba28cdf48d9d5c8ae1611e28172b7a,user
k6_bidder_56_4,pts_281c693f716657cf835a59fb7a3389ebebdf9dc868bcbad1f1137801f02846be,user
k6_bidder_56_5,pts_f74ae5ad5a825a57ffef1c9c3531432b473f564e36ee287a5161bdcf28fa0963,user
k6_bidder_56_6,pts_f8d709848b41f4136877c6fd70b74f565296ddbcbf92779904c1d1bcee3d67bd,user
k6_bidder_57_0,pts_7ad16f8dec6180ce995639124239ebe6bdf92bedfd3b75d231a2bcb62c1a6815,user
k6_bidder_57_1,pts_7185fa5216efff277f8f64a99577a76e12de0d6478ab0eb00ae0521b94dbc973,user
k6_bidder_57_2,pts_fe094d542dcbd5938b6f3cd85c00fd7a8ca7d90567de0afab53d526e3a1dbf26,user
k6_bidder_57_3,pts_7660743502e0ab008e645301adabb3564047ed9d45a39b86f7d5e0f13fb8ad9a,user
k6_bidder_57_4,pts_04406c6b70d5d628548d7897d116647dd6a7a58d6088a1075e828102bef8ac62,user
k6_bidder_57_5,pts_798ed201751f698d83179884ae369b8732f521bb5acc762af0d060df5ae35395,user
k6_bidder_57_6,pts_4fe4c394c9018b51a1e58bcf93118d4d03f8447c8f5e3266ec5c5fe10f8042eb,user
k6_bidder_58_0,pts_6dcd21c62c88b49d5de9a7377bfa03d76a1ebec61a31d0cfa6da88afae66054e,user
k6_bidder_58_1,pts_ec68eb3272c72b7c485a98db318dd5f4f7222d04980a3da849182ad04a56ee9d,user
k6_bidder_58_2,pts_e7fdada0aa9c1e441024ae7e8c29e3ad238e2176db41daea271c5168c4ee60ee,user
k6_bidder_58_3,pts_16fd27e832fcb1c42297dfe85cae6038d9e78060a4b81a7b21163aedcbcb8903,user
k6_bidder_58_4,pts_a9ed71e07d96cab3db3ac1c3c7b84ba1ff1f6ba6f2d3c261e3e1bf018a58c079,user
k6_bidder_58_5,pts_d38f346f95be52a5cccf5966caf8d27307847aa859ddea6ea6412f6fb0d188fc,user
k6_bidder_58_6,pts_f341d7dade729ca01a4e383e1f0612b1ccb6c4e4762b634cc1ee1d3f949e061d,user
k6_bidder_59_0,pts_3287e7555b3ee727aec0a7050de585f50f72abff56cf4877abf07c382be78543,user
k6_bidder_59_1,pts_407cfdabd8d6f570ffb8ca9460530e64d50e23379f2e17c1bc1b2b219054b8ff,user
k6_bidder_59_2,pts_a661bb96ba8e989b2a2d0de67c5e029767d60de0f403768ea07da314aa38f872,user
k6_bidder_59_3,pts_bfa56153a214487d7a62e9a8394a6760aeb8ca9b61628119b0c3593c76dfc834,user
k6_bidder_59_4,pts_d531b99fb4a5bf0c881b00444851aac2c777c09d3923b0fcb16be96026a3a286,user
k6_bidder_59_5,pts_ee0b12a4efe10256fe2ca3017da91395ccd4b3e46d10070c587b87da4827cd77,user
k6_bidder_59_6,pts_053440b63208c27117a8ed697852f0d7671505eb8a01e53ec5021290f1580cec,user
k6_bidder_5_0,pts_0b8da90b81ea80883b557ca2bbeaee76da0c363385276998cd7f366d0ef4a3f9,user
k6_bidder_5_1,pts_5843b8edec3e80f40fbe5a67a0fccb8e967972d6d1243ebdd9d321f3936c5c04,user
k6_bidder_5_2,pts_67431892281a19a8f5e3390c87d0262b1b72948093d51ff78d5992a8a609945e,user
k6_bidder_5_3,pts_59abdf44a4e1798bdd4c1559da37165ad23e8f185c8db524a63f5244c87ce628,user
k6_bidder_5_4,pts_a5c64ea491804d56448bd31d77821a78e9f1d1ae4c5fb3833be1e46d230f75e8,user
k6_bidder_5_5,pts_972fba9b2870b3f553e9461c908c1453edcaa8edd8c75799e1c1c2ef18af9e93,user
k6_bidder_5_6,pts_6da8799d789dbb7ff84ef67365b0d84c9bf73657e3bae1d78726dd690a7efa17,user
k6_bidder_60_0,pts_2591a26c21aa89e6412e288ca5ba20e56934b7de24c3e338fca06c01c3170b49,user
k6_bidder_60_1,pts_c54b981848f88792bfd250f701d5ebbc25181bddfba47b2724509b1cf9dcfd9e,user
k6_bidder_60_2,pts_73048940542c97dde39574c6a8537930ecba4ebfa6737f36cc8969a0b0544137,user
k6_bidder_60_3,pts_dc31a80fc6fc1389b71e64bb6b357152271fbda31b1ae9bf5d32aa14ae7f8281,user
k6_bidder_60_4,pts_cca3af0ebffc90294102d707540ddc1107a4f80b0f828bd3b1f0df70e5b35d04,user
k6_bidder_60_5,pts_e09d8478da700ffd5d9e125d3762208419fb9c31773ab7ad46c0908aa5283470,user
k6_bidder_60_6,pts_0f285ffbc7d5798f95996260a78cd7abdeff1c65f695b86eb2f83d162c166836,user
k6_bidder_61_0,pts_8db80ca67786aa16cfef899cdc4e876f90cf89aa32c9dce4bdffb00f51bea40d,user
k6_bidder_61_1,pts_d07d798f95ba6be4fd387f7984786a64bfb23346ecbdf735efaec5e9b227e503,user
k6_bidder_61_2,pts_8ff0938eb6dcbefd854353f83828d9daf042c19b6275a0028b7082caddccf407,user
k6_bidder_61_3,pts_7f53446a79b397823c6356381109bb3ba1f8527f8212d6cd6910ca4c33e482e0,user
k6_bidder_61_4,pts_c1af8c71a36e02cf791639dac1969804f068f96fcddc879de1185149dd3844be,user
k6_bidder_61_5,pts_65603c2b97e618ca26a6af59438c01196af65992993f24994727123d5918d515,user
k6_bidder_61_6,pts_18e86db073bc8ec5391af426b08149dfc816269fef1baa7b3ffb16bb027543a2,user
k6_bidder_62_0,pts_d2f77e39967fa866fdea530921d6f43562f19a273ef8d8016a17e7c44abbecc8,user
k6_bidder_62_1,pts_bbd1ff14a862a76bfa322f95ecd230e981cb294f16297e2ae10941c7c66d77b8,user
k6_bidder_62_2,pts_272af3cb0b7e62c6218aa0253f0eb73669990ac614dc6ba19e7bdf581932eb4e,user
k6_bidder_62_3,pts_854c0384f8e9c8087f5f9c55f57a69cc0a4973bf9a04c85b096099c6708ff2f9,user
k6_bidder_62_4,pts_34c0edd1c793ec569356c7469ab3371d28ff7df04ee06839eaaf1f36b2a66f05,user
k6_bidder_62_5,pts_ae4e53a941c1046e10a7468d6e1ab26cc009c14193ae89520b157993d760139c,user
k6_bidder_62_6,pts_8d0ba3b76994d83ccf4c597616e78c55edd83a469034a7f35ebdceffeb8403e8,user
k6_bidder_63_0,pts_c08c7ec3328d6ab1bed8b0d778df521e4666b3e9b9dfb22be3e68adfcbbcb1b1,user
k6_bidder_63_1,pts_b35d4138cd34fd3040783a17ac38ecd7694dc3debb4e82712b486d1873134a0a,user
k6_bidder_63_2,pts_3638df46bef3dcb24a8c742917350e17e69fae698f30fc03060d70425e380027,user
k6_bidder_63_3,pts_c918aaf9527946590dfa7c36731ebf6568885b5a875be886719eb43322b80806,user
k6_bidder_63_4,pts_f964f6fa8ad3a06cd6888ac8b7ab61ed8351b3fa9501abd13c67a3b51c8d46cf,user
k6_bidder_63_5,pts_579dbe93cc853b359193f44962fbf9a7e04ffa51f781289c32ed947acaff7bcb,user
k6_bidder_63_6,pts_be387066f3beb4a725f4f1f84ba4db13e5373e9ce94e20e748dbc0ccc132093a,user
k6_bidder_64_0,pts_745957e54bab4079a6fba0199a900285ea561b96ec63d530f72ddcaf06bee1e5,user
k6_bidder_64_1,pts_e51f3534c33d7e3a32fc248aa5447d44cc455a521c22c680a0e7b4d34132b307,user
k6_bidder_64_2,pts_1cf07689ad61c03415ddf6e45ac180b4272bd50dd0292f8a1e3fd93af0a0e24b,user
k6_bidder_64_3,pts_f76609019d3a9a03e3149926a9c2bb2eb0226da5812db0e4504ebda02b8acedd,user
k6_bidder_64_4,pts_6316584444311ff896fe129bb6d506224a31d56d8ebec42c5f7aef775f3387ae,user
k6_bidder_64_5,pts_22d4d6ed2d4b7b1f40b36ac5bae055507cde6328bad2d2d89ba8e2afa5e2b490,user
k6_bidder_64_6,pts_4b4b6fbe79b5130339ba0a331bf13b1d9855e1a827df02b99e5e046fd6ae9674,user
k6_bidder_65_0,pts_73281fa8727e0667bd7a254ef6b3eec02871893e1ce2dda11312c8a68683df6c,user
k6_bidder_65_1,pts_bb4b22cb99b552a7a3b36658d45952723382a3f57e1653572f7c2d76ae16bce3,user
k6_bidder_65_2,pts_c455b59f59fda7172708cc97cd44fc58ac5e078ef3ecc3b4b4741e59219a7c7c,user
k6_bidder_65_3,pts_7d4a69729f771f569ce78c20c261643768de6f216397730eaf02be6fd912bbdd,user
k6_bidder_65_4,pts_668c04ac22fa6c71807e88e42f8ce658693523d65449025115a2519a885d746e,user
k6_bidder_65_5,pts_5d362e1eb21f1aaa7fc876e7400e4a0b3090216151f4b7afa7d79a237abb12a4,user
k6_bidder_65_6,pts_f5a5d66e2be8c1dbd19c270d27a69f18f08bc785a15c6a66e91298ebb316e063,user
k6_bidder_66_0,pts_9be3c69aaa6c20327b3ea16c019d0e876ac1ccad405559c2241710e136a4785e,user
k6_bidder_66_1,pts_52f91574c6bf7eecda91c14433a2dc1aa9f0bf22238ea001d427d46adfaffbf9,user
k6_bidder_66_2,pts_3e3cfd38d9233673ad7703849acc9906bef078fd733dc0fe6066767deae97122,user
k6_bidder_66_3,pts_7091a2aa259adc6564754d35e33e37618d4c685dcf1e103428282fc6451dc5e5,user
k6_bidder_66_4,pts_140945b0623c15fad95132b132cf817472562916e34c27a4b599b76aace98365,user
k6_bidder_66_5,pts_51b6c831224d994599fe06e0f7e6aaf596b7fa3de7da68e796418978912de0d6,user
k6_bidder_66_6,pts_9422e56e6a91c9117f8e6f35221c9d2be0183881ad897fceed95c783970411c3,user
k6_bidder_67_0,pts_15f2e9b3b573accdfed7e9d45cc272e91d61c4b45ee8f8d2c486d25cdb39a388,user
k6_bidder_67_1,pts_3455c6a9f15a02762b098b4216ec8dabe60cc679654363774a3aff0b83870975,user
k6_bidder_67_2,pts_d881fed5e409549feb25098e7ff323115922a042aefde4897765887ff50417ac,user
k6_bidder_67_3,pts_ab06f90f59bdfc32688c8a9c8aadb29673cec16951e84a4bc8abaa65116abc5c,user
k6_bidder_67_4,pts_30b495e31208030a4a9c51ef036ad51b906bf63442a3f0c57dccb510926a5fa4,user
k6_bidder_67_5,pts_88825dc290b629b4f2533303c7a2235a47f0ae2bf96a65320cb5010a48c85610,user
k6_bidder_67_6,pts_da66b7f88fac98eab23687d887b3f8c9f329890f40a4fc835b66570ab28baea3,user
k6_bidder_68_0,pts_5b1a1d80d78997ce5d206d87658683dda7c3778c3b96a44aac1552351919cb4b,user
k6_bidder_68_1,pts_80cfec625a25a964a788bbaaa5496a1f823c38e144e629d643128c04d2db9232,user
k6_bidder_68_2,pts_0c08975c9c43b997acdf6dcd51f3cc45370f8265a15da0e6eff2d7cf9189f6b3,user
k6_bidder_68_3,pts_2a7f2e5c3f2b0b4786af5fe020532c6e207d86b907292b1e287e0656e92ec384,user
k6_bidder_68_4,pts_3720c6346a244b5221b28ef705de109d6a29a4c2bcd50655e35545a4e4397d97,user
k6_bidder_68_5,pts_ad38c746c06300255d962d1b14332bdf88de75e75c2a4574ddf93657e2b7cf19,user
k6_bidder_68_6,pts_2cda4427b240cffb81ad1c21b17ccda78928f7ee7d53055859f0b74ef4c711e8,user
k6_bidder_69_0,pts_92cd38d97683f79edccc60ccc9a6ffb5198185d2bcaa41bba8b013396d6a2946,user
k6_bidder_69_1,pts_4f3a98a163dff5e280badb3285023b6ceb959683c2c7cee49d3092b3950442fb,user
k6_bidder_69_2,pts_9828ceaa2a7f1cc3ad53dde44524d131063525d792fa899f23eaf264bc611b95,user
k6_bidder_69_3,pts_61cfd8ed23bc849d169d56a3ff935adebeca6b23907bb758f01ef9f33f2d88ff,user
k6_bidder_69_4,pts_475c8e2e21a4bcc8a6202a3ce66bc6eb7777020342e3a4d99fc67c6255edd6ba,user
k6_bidder_69_5,pts_f4c1c454baaed17ad69d51a651cb82dbb4b061ab1a39708a57cd34fea01d9fba,user
k6_bidder_69_6,pts_19b11bf84c32f69a72a80bcc8898a985541948ec29719e170d0798f6d2229f33,user
k6_bidder_6_0,pts_00985777c70e4037d2b0a675255405839f973d43a5385c3c9ed0c4380233f27a,user
k6_bidder_6_1,pts_f5780071aa5e6ecc11cb407ec6bc6bd197974e36f056a1f7ead5144df1477f3a,user
k6_bidder_6_2,pts_e28faef24db79fcce2c730ea83755eb3d43d3f068bf04e2a9e4f182d1e652e43,user
k6_bidder_6_3,pts_6575d5e42c833d7afb7e91fb7142d567dff1c28d9b4b7098f6f94bbfb3e42888,user
k6_bidder_6_4,pts_98eafb50a145dc1633a7b3e0b5e30b3f7587855b1cd3a6a0e3230022d851fd6a,user
k6_bidder_6_5,pts_235118bea9c55d276eb500d3c22243c5b43b3a60da00a403b44daaf50b7f8ebf,user
k6_bidder_6_6,pts_2bfedc0946ca66246e26217cddd77b28cfdaf81883b0e7a9c95d053498df23b4,user
k6_bidder_70_0,pts_5a1f4a83d40bccbef0bab494899b464ca10d1696996613fd0d9fd1fdc7f5f2bb,user
k6_bidder_70_1,pts_4f0d680c7283ce648b3e6d5822e394a6e1f16ec3521637470bb0daee6b67f820,user
k6_bidder_70_2,pts_561c4ffee5d42861e824ab74bef8d5740bb336a476b311c10914a162a4d9956d,user
k6_bidder_70_3,pts_76229623a2a44a70cc5f8ec158ade1818437750af6b993220f099095a8a5d066,user
k6_bidder_70_4,pts_93a888d3723c69fd117e438982d10dbd93a93710f8d17d3692cc65ec0ccf43ea,user
k6_bidder_70_5,pts_ddaae86b4a9cfbfdd2eca0b2b803ca15789da4d7cebf832dde1c91603a93f44e,user
k6_bidder_70_6,pts_18c75965f34aacae8ca708bafa10f3bea6169852dc146969a1cb85a6f1da1134,user
k6_bidder_71_0,pts_5aae1f470e2d29273f3416bd92cf735da30b3f8edbbeae71aca8dd5ef840e2a5,user
k6_bidder_71_1,pts_c91a0da3e0cc3c90aa1c941f75c949e92e207e5a01abe88dfcaf23674b0f50b9,user
k6_bidder_71_2,pts_eb6d1ebf32d359ae8d71be053fb2e4a20a8762704e068988196cb9c6e554e532,user
k6_bidder_71_3,pts_556be932ed9fbdd884184fdc40aaacbd575f1ef9c4376119e743f1165b6f4f18,user
k6_bidder_71_4,pts_8ee992132b1066302987df4bcf91e0eed5d30d9469d006898567e886799853a2,user
k6_bidder_71_5,pts_f5dcfa27248eb26a3ee1d2cfc80e0a6a2faf74ae45550d6e9f7bed0bad710468,user
k6_bidder_71_6,pts_34f6dc048c1e20e1b5082c8b4dd9d7bfdeaa2565e8a0b621e30f95615acdce70,user
k6_bidder_72_0,pts_2d41de2bb488ccadb83ee29ad752697bdb8086d37f8010559abf9a4082ede863,user
k6_bidder_72_1,pts_985e1fafd265fb761b8f37df6aa18aab27330cc21c3b32e25857aeede485bb3d,user
k6_bidder_72_2,pts_3f40d56b2a5fb876aff951c72bb0905641a76ea86563e6c048013d042aa922c0,user
k6_bidder_72_3,pts_ab627cd587d3ee78db7ff932d86a0d4c1a0838ed17023f3c57c807345dba6efb,user
k6_bidder_72_4,pts_90ecec68405273d8d8de5d1d0e6c2f27fdbe1b9cc7586be2ac9af770417fc0b7,user
k6_bidder_72_5,pts_8a43fa1819593baa09544209035ceface5478fbf94acf2932381fe484d35ef21,user
k6_bidder_72_6,pts_a8f5b5d767dbe11f74e393e15a982e2f64ba5e7a3adb45531fe739692b78a089,user
k6_bidder_73_0,pts_8c0dd9cd8df2a5ea9566fc0e703079b79677cb1f05f97cd4816479fe6aac2150,user
k6_bidder_73_1,pts_c53e571ba549d28c879550c0a5575a031792887a2ddaf1e685b7202418ce1007,user
k6_bidder_73_2,pts_e1405a2f82ee123c02f0b58bd256d5dd57f99dfbaff142cf9919265bdbe7ba85,user
k6_bidder_73_3,pts_685a81ca207e2c7fa6ad5b6e3e5063d10455e1ef810b2cb5d8ed2daac126ede8,user
k6_bidder_73_4,pts_53d15cbcc7ff81d07fb7a6b1734d23f41acc6b69dafea7acc19d92d497335d75,user
k6_bidder_73_5,pts_90fd4645f5ccc6bc159c0e8122af07a0423aef9b434d643ae71dc1fed6877e69,user
k6_bidder_73_6,pts_2a154919051d9feffd466ee29f9cc94877255af680647e4a418784930c82858c,user
k6_bidder_74_0,pts_1272431a25764d47731302e84bd1b8cfd0d77ada4a8d5159ae4f861dc10605c8,user
k6_bidder_74_1,pts_9111290b6a82e1e993d45233a6599bc35eff24f800b7272ce43d9a8cb978d56f,user
k6_bidder_74_2,pts_e215f0f7c2aa06eccbb38e84c4d1fd648cadb1c24050f1705cc38199f8748111,user
k6_bidder_74_3,pts_7a910da449b0e25bba53538b162dcafbd986080af1e94f02328ab0e86e568f18,user
k6_bidder_74_4,pts_f56be2ecf5a611fd542f12d4bf5f324536b12417da5299290b9a83df13a4facb,user
k6_bidder_74_5,pts_377f4aeea56756f473ebbe5e0aeace972cd9766dfac4c8059a5b98842d5a9bbf,user
k6_bidder_74_6,pts_e03df5d9c263087913077d118cc6efc849aa8b8a17cb832a54be646f5e676a20,user
k6_bidder_75_0,pts_eb2269293cb32ad6bea8142a6fd390d1254a89d6f0b6dbf7d8fdd9d98e0a207e,user
k6_bidder_75_1,pts_d4dbea3de09fb5e87ec52121b13000211a28844dece4911075163a6c3ba062cc,user
k6_bidder_75_2,pts_7a4cb4098ac735f12ce5e2316fbb92e783532142d1658bf968436e038008c845,user
k6_bidder_75_3,pts_734710c6179920aeca3d1cf8525bb8f32390d3b20011439a0f2821143c202268,user
k6_bidder_75_4,pts_52b698d6928765dd40bc8b271f5f1203911e0f46090b9974106b041ef58b089c,user
k6_bidder_75_5,pts_9070e1c09f3a865448619fdd74613d11fe184b1f05af29aef7819542aa1377b4,user
k6_bidder_75_6,pts_a706029ddd210c495009deed56154488351650774e146855572eb16369888dd9,user
k6_bidder_76_0,pts_78922126db5eab9c740b2af166f49b6504b27a1dffc787823d2bd8dc60f904d1,user
k6_bidder_76_1,pts_a58a6881921a4522ca108558d314e921ac00ec1f94e9eaa59a43a2e425c47166,user
k6_bidder_76_2,pts_52d5e6335fc632529fe4748b916041bd53a8bcc0cc0a997c1ce380334767f8e1,user
k6_bidder_76_3,pts_29dd2fe55523e9287495226082fa9b9d11df802fbb12dcd2a675638071dcc8fb,user
k6_bidder_76_4,pts_fa6eaf917aab45219a90d67bb64e058f13f14077d3d0fc17172673868c8fc5d9,user
k6_bidder_76_5,pts_80b233528726e8d2b998ac022fe20a4a8ebf0749f63bdca3802049abfab0edae,user
k6_bidder_76_6,pts_466b37c6c3b8259033d5eecfc161bbab5a172ac03ca4dc2b49b583e84948a49d,user
k6_bidder_77_0,pts_6d26bde7c080a0788556295049082150c3e075cc4210cdbc761bec039f59195d,user
k6_bidder_77_1,pts_1d836f8d3d4c8a3eda9de0d318fcf5a94ecbf15998be84d6912750216adbb06f,user
k6_bidder_77_2,pts_212e4c4704b710bbf1379a223138e246d5e4e3675117fdb71d461d9d41ba5df9,user
k6_bidder_77_3,pts_913ef745c6f5f0c889dab2dfc7b8cd7ec380049046c0c94d19f4cdde5308476b,user
k6_bidder_77_4,pts_5af3bd99683c2159a7b04a4e5d2d7758e7af1b34d0b3647208aadabc74dca79f,user
k6_bidder_77_5,pts_b8c7ec7103029576853640bc24ba3c7e58ed78b9698799164b032e6a1dd41237,user
k6_bidder_77_6,pts_4be6b9ed818fd872289b567cd83458d9c0630ffec75e8a9a056b1f15fffc05e0,user
k6_bidder_78_0,pts_dde7ab7d4ca6b5c4d335399a71d318a130d4794bac174a3d45c4424503f67515,user
k6_bidder_78_1,pts_7d4c960d047d940af1d1eff9e4e05efadad58f3b3345b370fb1f1e858780377f,user
k6_bidder_78_2,pts_91ec73262c7cddc2a3c1c3aa33c5fb39bd3b1733b540eeeb251a67a5952177b2,user
k6_bidder_78_3,pts_1a6f5acbe46816c6e311f0bb8ff6996352e445b2b445617eb9551c897806af03,user
k6_bidder_78_4,pts_92a5b8f3a29000c10eb841177c7a7125af4340337da23560f90cde51abd95f9b,user
k6_bidder_78_5,pts_c6dd24aa98c750905839933eb05a88551b1d9f3092d2ff934bc55b67fbbb379a,user
k6_bidder_78_6,pts_4f669198adce810732b6873c4d5954a2686cabc77f73e116616c0074c7f59b5d,user
k6_bidder_79_0,pts_9369386310ff5f591e2af09b2b63e445455d0742f080cc189a5a76fe16e3fe4d,user
k6_bidder_79_1,pts_51728d17c50a2c48e9e388a584cf2cb6461ba595d10080bcdf00fb965ef8a1da,user
k6_bidder_79_2,pts_95d64c290c6557ca2b0b8ff33b3054a6319403d9d6eb8ff66fd525e7319a5bc2,user
k6_bidder_79_3,pts_bd0fcf4fca13db3b213678ccd51026fe871fe797daa829a03e164e910fd124bc,user
k6_bidder_79_4,pts_c4516b61f06f6f8acf307c8caf4f3fedcb5dbd736fdc2cb9385f0fb7a903b5e6,user
k6_bidder_79_5,pts_87da20893f35d6e853d85e1e18b05544b9140c1f4de16acf647af798854186b8,user
k6_bidder_79_6,pts_50bd072a2eb3a75938e752568934e32a0b59f79b793d10c607be3e3aa7a2b079,user
k6_bidder_7_0,pts_545177eba225b7b8df48e31c25575638a18e1252d965654c1308bbf1f1b68a9e,user
k6_bidder_7_1,pts_c3edc7048f0d2e1c5d75ade07d790c6d8dcf447110a3559068d5ef82653b8f00,user
k6_bidder_7_2,pts_2e29c29ad1196867b9aa03e1a93c4f1374afaff9ac0de0ad85bd4cc0141824ed,user
k6_bidder_7_3,pts_1cc2d085d5754c7d4f61ec68c319a09228293f87eb84e491c915effe7b0e7d3f,user
k6_bidder_7_4,pts_dd7097d785aee41141224ef60f515aeae465739f84465084d9bc6ab81be3a98c,user
k6_bidder_7_5,pts_197f70f806e19df710e8b7dac758bd9da796fad810ca63855b177a34ea4ed38f,user
k6_bidder_7_6,pts_ab0cffa72ce13c2c99e78ebdb520f7287cd029d0b0725353b1e536cf5fad5f64,user
k6_bidder_80_0,pts_bf67b2f149f00aad74aba22a890aa09e1fa8ffcfa7c0c39d6ea2cb1929d1d06b,user
k6_bidder_80_1,pts_f4143ab9bdfc1f8bf51daf3e755fa260bec66a5127392a2f3daa8e4f189aded1,user
k6_bidder_80_2,pts_3f28c01e5c5e3e904102b2db25cc371a3d1cdcc21df9f1cf8bf21158bb8126ad,user
k6_bidder_80_3,pts_a1d34f1b694a88d90d3ebac16a7a7a29a5d219b1fdb31d705109cfe5597394d6,user
k6_bidder_80_4,pts_d6360377cbc7c482228daa019d5b9361df74a0f3cb44ea430d4613fe4e39e8ed,user
k6_bidder_80_5,pts_b923580208c7d5462ec6dea22fc0c732f59f78fcd6a3bff513b39e69290a0620,user
k6_bidder_80_6,pts_8b5ae94467760cccb7f7e35d8d7807bc281ff1e21cc91c1448f77d3e7ff33d10,user
k6_bidder_81_0,pts_3121edce8361f16f15d245dc530a9ddcf91bbe5e6d11c4def6adcd0ee4de1bbc,user
k6_bidder_81_1,pts_538f36704d67411efcb494082f07c63fbff7c413e5b36d38dfd586ba57d84a55,user
k6_bidder_81_2,pts_e8e4c236a2ce1a2ed1e66ed96860fe0e66c212deeeaae44ac62ea143b2edc272,user
k6_bidder_81_3,pts_6b99336e091f6a6d61cebc721a539b9d43dd9e0e02cb71be0e0dc0e7b9a55e17,user
k6_bidder_81_4,pts_4490c984e7a98ee7520fdef28061abf15a6ba8a462ad12d3e13417dabc717e11,user
k6_bidder_81_5,pts_8aecc6697eccb0e43e3f7aba45c9719f950470fe6fc16f85ec0b2e906c401556,user
k6_bidder_81_6,pts_9c4dc1ab8de017b5a647705bfb5b2cc346ed71723bac937032be5c72722d5a6a,user
k6_bidder_82_0,pts_3310dce96d939ad8ddc6904707b381772a04cf99e0f62c7b94ad9926e9af4161,user
k6_bidder_82_1,pts_1c641c4c92451704148df7898ee1588feb0198d8040740900e5077daede1c226,user
k6_bidder_82_2,pts_81099ecc2ea247e8f2cce1d4890948e25c57fd4fd382f9454c6ca639408f3fa9,user
k6_bidder_82_3,pts_562553d54e66f965f8a523b90633976bb029215ebf25bb7a001f062bee37bbe2,user
k6_bidder_82_4,pts_f3d4da0324cb60d321615aa9241c4619de58663f58188e40b4703e757b60fdee,user
k6_bidder_82_5,pts_3acf76d67bc336817f7ec322f977ed17343b8e5c4c5d1b37f12dd1000db09b2e,user
k6_bidder_82_6,pts_3d5e2da1167036af4e4c35b29ad9fdc30058d25461e483ea7f8bd13979507571,user
k6_bidder_83_0,pts_c0e5f8746217f13e342171d2078718d114d408360aad54225267a9c556391e90,user
k6_bidder_83_1,pts_b33c2df3f12d00e2b1202e361c05620144bc56e2af6732afff78225415239ace,user
k6_bidder_83_2,pts_2922fe49887567b32b8d24d49a2612a19efb71cb1980d5b568da81d9a8de90d1,user
k6_bidder_83_3,pts_1d59d49c4d7ace0e2d789d2d943e3da2db2466a32f571aa5283bb74d4732e167,user
k6_bidder_83_4,pts_d703f92e4426d786ec236e5f3c2794fc6560fba803eac143ec852569ff53f4dc,user
k6_bidder_83_5,pts_cd2feab9985463bfcf4ba2a4577762f1273e96ab394bc9947e2bea3ebeb8c319,user
k6_bidder_83_6,pts_b8fec0476b61f48fd6d2fab955dfd4a6ae946434de692603149ac88a055a3f9f,user
k6_bidder_84_0,pts_e38d0ae4838a0df20c36dfc78c7a0914f8dada19de84a983c6a2423691ba7689,user
k6_bidder_84_1,pts_82d4b3152915b0e912ed5d43035548e94a17f26b4f7d86419d6e58c734fefcae,user
k6_bidder_84_2,pts_1c771c1a046d5825cd7ce4d977ffdf1a35f95dc3d730f007562b57808d0eabb0,user
k6_bidder_84_3,pts_9ca6eca7c995d4cf7bf2ac0eabe776197a07d7a698f014f4c6365f5ca51da77f,user
k6_bidder_84_4,pts_077cfe94c769fec91391d5d367a24bde4b2b12558f4352bf1ee9199889a46cc6,user
k6_bidder_84_5,pts_aa832a8e1c861e5f24df4d2a9f69e12c76425373900916e82eb950e9f8710ca3,user
k6_bidder_84_6,pts_2f61f967edbcc7bb4c657c93e0ce81dc391ae543badc62f2950c95b656c83a2f,user
k6_bidder_85_0,pts_30db2cd521dcccf0332febe354bb6a4a51fb78aca48323160d8586a4e4626a9e,user
k6_bidder_85_1,pts_9859f6ae9dbb0bf35c80eece9abbcc3a9064cfba885b07034e3eb3d8ae6907cf,user
k6_bidder_85_2,pts_3f476276353d3ac9ada6eee1220dfc581c9b9ad411d519cc1c3efed1d6c10115,user
k6_bidder_85_3,pts_e40b63c985f5ea1b399576be6a3e6f2e1a57e4abb6eb170bcf396ce947efd8ee,user
k6_bidder_85_4,pts_07e5b63c77062a7b3aa70dab5a36ddd85b4742f4c5004573ebee87742ac72dbc,user
k6_bidder_85_5,pts_6473358ca76fca8202ed8d17e870cc2ade9fa44786385fd0ba70f2a9d7585e81,user
k6_bidder_85_6,pts_efe3d02308e28453c5e64329bdc8910c7628544e3faca6df1288ecd80a34f1dc,user
k6_bidder_86_0,pts_a8c0aa760cd0b4327bad64cbf253b4363dc353a08d2da061d770cbe0e2597b7a,user
k6_bidder_86_1,pts_b8482d406cbed934f6d09ad6d8d76e615a4f90ab94bbe2ce385c7881c41f02a3,user
k6_bidder_86_2,pts_a36f8e5b6a76c7f43f1e720f2dc529ed27aad3030ac6685b0b339dcc9bfa221c,user
k6_bidder_86_3,pts_d8dfa90e7e879de0b189135d6d1dba5ef0b5fa5706b2ca85ce5cf9b5deca241b,user
k6_bidder_86_4,pts_4f09b9d60a18de06ae60849a1cb612f938427312b764644b3fab46167627fdba,user
k6_bidder_86_5,pts_35593c3c1c756ab7421b0e84eb775325f7331dafbd49117f502a17da7b978bac,user
k6_bidder_86_6,pts_99da46e4ece1e2e8cc8a396440bcff3c71abb909f3c9544420b74631a4ee89ea,user
k6_bidder_87_0,pts_5c77bbf5da190f206fbf709275ffaea142ce91f46dd1a94d51a50f722d0a57c7,user
k6_bidder_87_1,pts_243f873283994d796ab6d47f6200155ba1a7bce5d28e1c99d05f91aea20ac310,user
k6_bidder_87_2,pts_453ac7c7b27c48fe9de57989b162eb8609edb53683c9650520dc0cdc364bf2b0,user
k6_bidder_87_3,pts_838d87af043f75a19aa5dd2c8935bed0505030efd7cbc2ba3ed22b18b5e28b3f,user
k6_bidder_87_4,pts_eb75bc799f8e3d86334f606cdad8eb3327582b365e4149dfaa47c2c8cdbf0df4,user
k6_bidder_87_5,pts_4c5d8accb3ab2fd01e6dcbacdd0065373dd28163d37e95bb6054c3de778a74b1,user
k6_bidder_87_6,pts_6e6c0b3e9128513ffa7ce36bd64326c351e3b2b804af477a7c350e6f7252359d,user
k6_bidder_88_0,pts_ef5e422736a705dacb63981c403d2db78e6ab30126d414e6eed3b07b5c90cd8f,user
k6_bidder_88_1,pts_435f8a2225194383d15e33089b12ae78ee4ae38725fb4f94e6bff67d753031cf,user
k6_bidder_88_2,pts_87e99fd89122d34dcf3936b2d34d64da209687a391dae5e61a39abb47a66b57a,user
k6_bidder_88_3,pts_ef0229d03a0a0b8d62aeb7f1fd57e0f09451d34deb20f8925472287244730516,user
k6_bidder_88_4,pts_e67764d849cbe464a1ed9440eb2a47ac5468e4f1ca1da16ae3795ad3f638e733,user
k6_bidder_88_5,pts_68c4160a8946c3458dbf1e982f30ec91de43e3adafa780bc98773a14a8dc6dd1,user
k6_bidder_88_6,pts_e8864a600957fa20eb18201043f343dc11bbb41f5ad4a77216e3fd7f90f712d9,user
k6_bidder_89_0,pts_d1af21f9623a2bbf0aba15117c74cb61f6b433708bf75a0e8c53bc553342beaa,user
k6_bidder_89_1,pts_a523f28b7bebd4f4e75958dba4f07ce2ea471af6e0bc80f28dba7e7eb949ef14,user
k6_bidder_89_2,pts_be6f364cd40ce0a3a00d64be8cdb58bcda16898cbe8a2ff952b3039c83d0f8d9,user
k6_bidder_89_3,pts_454a722e4830edcb578042f2c46e3aefffcfe0ef3b4e0e9abe302de3d49582f9,user
k6_bidder_89_4,pts_82359c3e0253d015bab3f2817ed8ca5d03e3280a19747961d2afd84780415488,user
k6_bidder_89_5,pts_cf3a1e67295765b9c3419729c2b96d5f288d9b52eaa49fb639db149aadb00663,user
k6_bidder_89_6,pts_7778b16a05bad97e5d883cbe7c3e984c363dd82124e29e23a2ad9c0c685c6062,user
k6_bidder_8_0,pts_d68e1dff9b246f9afdf4e416dee5362a51c44acd569577fe43b2df0ade56f5a7,user
k6_bidder_8_1,pts_c768a5a77444052071847d9b54cc53859cf1ec083e820f559b660d1c0f199f32,user
k6_bidder_8_2,pts_8dd27766851010867bc09c527d038acf8a2ee4fa0e82776af29b549887d8f2d0,user
k6_bidder_8_3,pts_20637d4d6cfe661f21d27db21b23ffb6b85923ff167911ee95dde155864d9fc0,user
k6_bidder_8_4,pts_dd9f9b1dca08d0e147c94e8bbdde891dcbea096f1fe526ec780cc46e30aaec4f,user
k6_bidder_8_5,pts_3886a42d4dc90b461bc0da247039eee9993f896027453b10596f2de9355194a0,user
k6_bidder_8_6,pts_ec79d1e0d9792efd69c529adf2ee9ce5a0068f6a582ec5277ef4f94e8ce251e7,user
k6_bidder_90_0,pts_22aee5368e40051e72e97dc2c1be3e081c4b5f25b5f580177d7997402e37d9f5,user
k6_bidder_90_1,pts_b4d00b722153caa47f4434747a7667e6301f06699e67d9ff8f2f822fc764cf2f,user
k6_bidder_90_2,pts_566754f8bd64d5ceb5c65f83eeb787a6b08205869fb2834d47cfb779699f3e45,user
k6_bidder_90_3,pts_c33b135c5afb67d31bbbb5e6724fa3f12900bc866ca931f6584a25796dcf72c7,user
k6_bidder_90_4,pts_7d76faca8f4b99d4e5be67815ae729130d6f6b9e29566343baf595836c281ed5,user
k6_bidder_90_5,pts_3204aafc05f0eb77ca8faa7c2644ef1fbfcd3184493e27025ced17a8f80bd4d0,user
k6_bidder_90_6,pts_b55dbc8b36392f016fb5a4e3a317c4a36ea95302f7ae8472079f6fd861c9a60c,user
k6_bidder_91_0,pts_ca58451c0123f735a6fa722633ae0c61690489ce5bfb30474355ca9e921e20ac,user
k6_bidder_91_1,pts_9067d307e1718e24124816de7d452c389030de7da6e04c21b1b56fdb986524f6,user
k6_bidder_91_2,pts_db616bdeb1c1b825d7464db2f29a8b9ad1c1f128824d10e7a479ac36a3c16f9b,user
k6_bidder_91_3,pts_02893bc38befb776b92c086f5e6bb3729920156973d1855368e37861864bdec1,user
k6_bidder_91_4,pts_410e1450059a108ed75d8524e1b876556d18dadc6fc820086cd439e6bf9b565a,user
k6_bidder_91_5,pts_58943c7e1936479814a224a2e1914e14ed7f88e9473da8188a373d5975580647,user
k6_bidder_91_6,pts_d5606143137fcb1b47f3de6589167d910c24f242efa2777661e17c0aadb6417b,user
k6_bidder_92_0,pts_85bf1e58a7ac81be7d8ada2a73136b688ac7b6de7e742289c266ae53310d04f5,user
k6_bidder_92_1,pts_71b086a37e3f9f9c688f08e84f4a7df132c26d3aa74478e309f0cd79588f4178,user
k6_bidder_92_2,pts_4730c6481316dea68831fa3f18e883f868f7585861a34aff6d50b63637103c7c,user
k6_bidder_92_3,pts_fb5e2dc3e788e75dbf24c2af0aff838c9617b9a3ec1366eaa30c839db5c62f35,user
k6_bidder_92_4,pts_ba9636fe532c14bae23e9796437cb032b2c1bc864e217373878582d8d0f28212,user
k6_bidder_92_5,pts_44c8f437b468e52e3909ddfc18158eb43bb49bc77baba3046398352a6e3f10ed,user
k6_bidder_92_6,pts_2516eb86ea6b648274d588051d2d610578668a5c0f2f4a270111e2fce73b3ffd,user
k6_bidder_93_0,pts_b5cfbcc0fef9b84772c11df987fc927a4d665b46ab1be0d6c8a9c9722df2e7e3,user
k6_bidder_93_1,pts_2a9c30eff395da6a9403792ba6314180cfbc522559dd7d3fddb8d0198f0c9411,user
k6_bidder_93_2,pts_d4c4df36d518301490cbfe1acb602847d98a94ba0a28fd8f7f6552fbfdaa5cfb,user
k6_bidder_93_3,pts_43992b92d3130932f00d2da547774c000383dbb1f8c2d8746ef195ec43281c43,user
k6_bidder_93_4,pts_ac36d121052933f1cd02e9dedcc07fc7d946612051cf70319cbc05023a627436,user
k6_bidder_93_5,pts_31f7df8b517802566eba39ee184f7f7cc47ac6914f2479b51eecad722b6cbb3e,user
k6_bidder_93_6,pts_3ed5558c72ae9c12ae4ceee0e17b71f2208e580206fef086016869b729c9831b,user
k6_bidder_94_0,pts_8512f1bf298667fb1f9950bd2f0738704b41184e308a60701b50e8220bc568da,user
k6_bidder_94_1,pts_87f36bbf6ca9510b5fb63bfbf65f5da6322fb45e53d41b50aaae66f8f802ab3f,user
k6_bidder_94_2,pts_ee6329c9de2c26e4879182fe23a1828c16651873ab594a9ae6e26a7c7d5adc85,user
k6_bidder_94_3,pts_e13672ab943c73f68209e31873bd243d7879298641c99fde189c1d8eb608bba8,user
k6_bidder_94_4,pts_9bc44ce65fb38fb0f210e6307feba1e784482613c81ab00f42744b30bfa7cec1,user
k6_bidder_94_5,pts_bd491a8cd6912e105f410eeb579e3fe74b20cc147a43b4446551b5158eae9a1a,user
k6_bidder_94_6,pts_672875d91d9e7d0ed66893222be4ce55c875087a418474053e7d98496a374ebb,user
k6_bidder_95_0,pts_2cca2860865b62f4eff516e9c62af32bead0af7e511e7d3c43e268169ab21001,user
k6_bidder_95_1,pts_520117be255019561afff1bf497551b09f8865f245c00fcd406bd6e3b4143a78,user
k6_bidder_95_2,pts_f155c4fb9181dc2b1ce34842d7996afd4abcada79e0afab1e5afbdeb5c763d68,user
k6_bidder_95_3,pts_29e6ba7b84a7462a385bf5b03bbf69d6f72a51fe30542de8efba57b708774d22,user
k6_bidder_95_4,pts_6a00e5d149021bd3ca853654ac4aae8776f4832175d8bb4cc39353de9318bfaf,user
k6_bidder_95_5,pts_b605b2509aca0a92a5d3dc57cd699666c5b96dd7afed398688819a126ce91648,user
k6_bidder_95_6,pts_2ae7bb39d1fe47f68d675e8d4ec5ca0a59f9835f5ce1840032db79b1a5678004,user
k6_bidder_96_0,pts_e763f738e2f8d7850193e5cd39e2aa6321340f59d6fc358632c9548ab8f24228,user
k6_bidder_96_1,pts_6b14a17b46cd9d906eea7d0eab9b5ba0057fd5c8167b419ec346a9ccbe2383d4,user
k6_bidder_96_2,pts_930943ee9d239974f5ec8c8b49f6a3c9f17dd799f1edc98610937d4de48d6cbb,user
k6_bidder_96_3,pts_cf3b1f46e43ae5348ef2b5d58330b58613aa2327013f023031384ba11e1944f2,user
k6_bidder_96_4,pts_65fb6b2da77a736df344c35e64b5b123c36404bbc4fab9bd4fe682f19634b792,user
k6_bidder_96_5,pts_d6b091f8c1f276eeab8b676b36f350a85eb3d3b11043cc3769b8978749d68c3d,user
k6_bidder_96_6,pts_d7383af86040b55fd15e0b82304887aa41c909fe5a637363b330fd02bd161fd1,user
k6_bidder_97_0,pts_6db4e5692e80c78947f83f29533e319f1029df9a6ce2002face2b00c5b468471,user
k6_bidder_97_1,pts_681387cfd49934d26ab66c1e88a8e1ae4ef98e41a53066e1bef30ca10389b4ad,user
k6_bidder_97_2,pts_0fc370e628b947a91f808a01644b4d355868ff703b37371299de75b18fb5af2f,user
k6_bidder_97_3,pts_a8c6d2a342717f57527a4952e1678fef83e835479cd17bbfc4665d8ae0229063,user
k6_bidder_97_4,pts_8890d000c945ac7b925f09fc0ce4b21122f8af068c8dfff40573a743ebc2c9cf,user
k6_bidder_97_5,pts_ded560395518b6aac4aa040555c7174a6b8af918445fc2b84768ccdf5a56bd2f,user
k6_bidder_97_6,pts_61b185059f818b7a364c4818fa54a785773534905ace6172a5eb742ef9cd41b8,user
k6_bidder_98_0,pts_8f180c7ddc42cd437305626be0d6ed5b94ec33f1d4591abb1e71aed520acbb33,user
k6_bidder_98_1,pts_3af5bb7e7066435975cc49b73473e2e7c218cda2c57cd1e9fd130782798d8a18,user
k6_bidder_98_2,pts_b8cf8bfa68df5b2262e23d3d9d9d277ce3f09dcb906c04ecfcb1b2f9d1ca6c47,user
k6_bidder_98_3,pts_1ea895d5e5b760681e093baa1af7bf89ce2f295904bfccd41c1bcc5ee392c070,user
k6_bidder_98_4,pts_1f1b14a2bb41d1b1300264e923ad50a16daae43604dc26ea6881c6ac9970453a,user
k6_bidder_98_5,pts_95bee4e6c6226d365a4acfb19b1d24de44cb869814137bf3169ebbae54c9862a,user
k6_bidder_98_6,pts_bc74b59d0cadbdeb23ea6c04adc3a32028b78cca71a10d5b115429421875f848,user
k6_bidder_99_0,pts_394023c212f42001c029df36522acf35510213334bfe28e9d436f1e1c7a733ee,user
k6_bidder_99_1,pts_4743c9d872fdf3f81f4bc5c291ae82aee357c186e83722e227041147585fc04f,user
k6_bidder_99_2,pts_aad51e1d427847f1130a3195c61d0c8756f0347d463cffee6248cdf100445f29,user
k6_bidder_99_3,pts_5bb9fc8379c55c0ffdaca4493b940851d8017e2ba28986570df6f19662f38484,user
k6_bidder_99_4,pts_ee861567cbb5c4a128138a8b590ae8a960094ef80f878c038b133602a5a84c2a,user
k6_bidder_99_5,pts_7d8221ab6a0a8319b7c9becd2770d8bd24adea3b97ed731c1df088941bf86391,user
k6_bidder_99_6,pts_e654a10a13ed78115cd9a67570d877ef43a5022f8ffda3e888a9aef1478fdfd8,user
k6_bidder_9_0,pts_6e0670e14d280eeaa7f0c6d6fccdc07f6e8ac2db91b4932b11788a61314d8d12,user
k6_bidder_9_1,pts_247edaa65e926a8c50d47bfb9734f5da9b7520072cc7b53517e5e9b7f5504562,user
k6_bidder_9_2,pts_8184e032725139a6176a199412aaeca2dfb1eb0e95695d424449f5e6fca3503d,user
k6_bidder_9_3,pts_98b1c721602441fe50b6df328cd7bf8d86126f1d01e99d2ba946ea989d91b00f,user
k6_bidder_9_4,pts_b3e0a5f515b444988ea68ddb724731fbaeefe33eb365f7da37f9f9855b0d16c1,user
k6_bidder_9_5,pts_9ca4f4ffd5826d3ddf2f8e4546fc5d96e7518e690ea8cbf769eb9833d00e7138,user
k6_bidder_9_6,pts_05d5aa601d36b9966526bd2911b14606d76ef36107ce284ba8d160b51b077af1,user
k6_user_1,pts_cfb5ee8e0a93ea4a6a3a5160923dbff8a4d101ef714bac049fd695de51cc4b50,user
k6_user_10,pts_23266f9270c07e59729743ef707af5ce3a3699f1c5a5645787301e714492010a,user
k6_user_100,pts_170ae6a8721f5b11c009c37a6197ad82a890fb17a291e6bba036461422a60e9a,user
k6_user_101,pts_aabf27f029ab85738f69137f5484b662f3e80b2c0dc62ebb91ba96f76df96336,user
k6_user_102,pts_bad87dbdb0883383da600ef60601f32ede7f3a826b8149786fc77fafa8e2a919,user
k6_user_103,pts_02052984560570b943afa9cf08c683e647e2a1b7e44584f106fdd884e3acbf2e,user
k6_user_104,pts_79a47fe2885622a380bceae04c85b65e8ddfab82a5f3e951aec3bd655e2124c7,user
k6_user_105,pts_f1194bbc6c0999e4ce690e50392b670e16b5e645bbc6b21115421f237f279317,user
k6_user_106,pts_0d444e3e29d016bc6c0f71df37630a0a4778c26d8a7989274c6dce72535bfd6c,user
k6_user_107,pts_56ce3f97be20d7f0cd19ac3a6d827df8fac7ad693ca54e001e8386e1f1679347,user
k6_user_108,pts_58c84d009a0b6106a30e725bee1d9539055d9cfe05337bd4ddbb5e165948b881,user
k6_user_109,pts_8515ceef87c4289cdb769a182d500af88bdf4139e1f8dbb780fbb0c086814dd4,user
k6_user_11,pts_6e81ebcae31e85df79dcd8e25efe83a2eb36ffbf195e094a32b39fe8ddc4ae01,user
k6_user_110,pts_1ae86104d25400ad60d747dc014204d228065de0bc8a7a03b9c2013db85f9534,user
k6_user_111,pts_6b07268bd0f49ef4120611fdd8a78633a8721fafb4f10dbfc49b6bb45f4cd886,user
k6_user_112,pts_ec77ea9c5d85f0aae1eb782ab3b3b028e87c9c37cdf460c6aeda3370ee9f7e21,user
k6_user_113,pts_9629e7ea1ce5b45fc735c82d8c8d5e865e8be5b335d5365135d6ede2bc65467d,user
k6_user_114,pts_8bfd7585f6c8165b2ad77e7082697a473b51e380acd427219dc1e389bda85d3a,user
k6_user_115,pts_eb8bda6c379e072c96c15376969e7f4fb9b4fc387be824e086ede35cf4eb3483,user
k6_user_116,pts_453a3b7c44e0eb5a78fe7b778ca3d234337020b545d5a95be533c6705e126a74,user
k6_user_117,pts_b01d0564fea224dceedb1201fab76b37584797b31df93cb24eeeaf65982c95d2,user
k6_user_118,pts_c0a65be0fa4b16a59d7bc231ffb8945a31edacf83afbf2f8d34d06ca3cc647ad,user
k6_user_119,pts_af178bb535926be0b7a2000cb6f84ea9acffa4891d75a8b02cd1865011e4b67c,user
k6_user_12,pts_597836d20931f9b515753bea5cfff61376dedd7d1321c4aa4eb8520f1fba90b4,user
k6_user_120,pts_9977f221af25c88490e45d85db071d399072520e29cc147f7a3844bb55d3e2a3,user
k6_user_121,pts_76b761651a1efd65259c28566cc456f7b98e7a3949b07b5a6540ebf12bb0578c,user
k6_user_122,pts_917df0a5cd217bbcb60a466c409af8c72de14b3b4365dda9ef1ecc9baff55a61,user
k6_user_123,pts_7aaa47af1f4916639eb0e2c8704d68e9f2088decd5fc2b228e0fe6358f5b3c72,user
k6_user_124,pts_5586a384f33ab3a2af159779dbe6579d231bd724098222c52f3fca7d37247ad0,user
k6_user_125,pts_d1f43ba85829572a6ee8ddff63fdb266ae96e1d40336ccd355ffaef39e07c3a7,user
k6_user_126,pts_4636272959fd84af724b4849f678ae102e8d59fb7a83cfe7be3adf964e7643ff,user
k6_user_127,pts_3a3457c0d94600cf2f8727747d9aab27c3faeef56e59d43f61e976b6ba171878,user
k6_user_128,pts_9b0465d96817e455c2a61005482d253c0a5b62004d549f2914b4427a264ca005,user
k6_user_129,pts_6ba301be0291edee39c8a05dabfde8f4d1b4bd99a549637fa422fc9c5b4aa56a,user
k6_user_13,pts_c3a8e9ae8416d06d18f793638854ed516a88aa1e52f6b7869e2292e26090b94b,user
k6_user_130,pts_5846cf6e5af48829ed4d23320227e1770a12a1d9366db0f491707b468938cf2e,user
k6_user_131,pts_5eb871783fdd2670aa5af8e51bad71b8da0965bf98c2623636fd7b7a5def0323,user
k6_user_132,pts_4824bac41c54618fa04aa2a58c73a27dbedb1132b87c88c311763d98244590af,user
k6_user_133,pts_bd4a9628be541bb2f31417408b8163f4a4a47e89d5631b5877a5aa55941bfa88,user
k6_user_134,pts_6c45f02987883ec6a33d4fe76af1df1cec413d278b6974e5860880052711031d,user
k6_user_135,pts_fd4a150d5ad93b9076953ac6d6a9212af5c722357f85add51be493bcedb308ff,user
k6_user_136,pts_23f89f45e8f937d7ff617537194f6e2bea4c3d6414e9e18581ca6d61c173d5c0,user
k6_user_137,pts_078098b1d7d3552bf50a4e8226f7042a904f3bb0ed4c9945544543c3de0abe35,user
k6_user_138,pts_23fb6601139ef4fc3454ff128684ca394e0fe71dd0e891863d1d1f3bdf7c97f4,user
k6_user_139,pts_d7939e9b6eb08c109d22ca0c6e928bf49c59e3891e3114a53ea600037e863c27,user
k6_user_14,pts_d85aa63123f96bb262053cf525d95288c879e82cdda75d79288520517ec18da4,user
k6_user_140,pts_629876f3e2d2c34a532a038edfe5e35ea5bda799a54ad5e52a3b24df6f5ec1f2,user
k6_user_141,pts_7d1d99eab6d26384dd4cd002b147712cc1524f781a1b0153a3783659b1a92e01,user
k6_user_142,pts_b4f96bf320b8f341b2eb6f1c9bbd6318d36c56e40960f58489a1abf59bb9c857,user
k6_user_143,pts_26b745028f9b3520bd7aa4145ea9e7a4e8d0b3de683b2bd6787a4a8bc982dd39,user
k6_user_144,pts_cf29f652494a4b4c71664ace5d3887c41bdd85d41cfa2fae45bcc36748046dcc,user
k6_user_145,pts_ac83f44917dc92286b4d47647da71035b0183ae58cec8e0e2091f9a9fe9fc3f9,user
k6_user_146,pts_edc28098bc9a6f91bfc57705c86ee23edfbad29467d914db185ad80f213ccca1,user
k6_user_147,pts_66bc8a270eb3016574a0c3008983776a58b71668f600c4c94248b34e738c9684,user
k6_user_148,pts_e0e75f0c3542c4e2bc71cdeb6d8d62d2680086df1fb268f6e93cd5b087dda7e1,user
k6_user_149,pts_af1152fd145de336c975571b3adf399c3b50cff459dd260dcd3da43811497b4d,user
k6_user_15,pts_dcbe525352649a8601a3155867dd9dbc528ac055eba3cb34b157289fe0f59b35,user
k6_user_150,pts_e4444ba29b8e8afd7c441d1a2b9ed4ad8592ed8e6ac564e68f3c2aef693585c4,user
k6_user_151,pts_8e2dad8497a16be6c267e5189f177e9675e309e72701e154bd76fed0de2ee377,user
k6_user_152,pts_cc668fdae62e37936967115f91634a3614b18f6183ebda891713f32a6f02906a,user
k6_user_153,pts_e36c7a2816f08606fc12098eeab197b1d1437b8f2839905de5728d5b1b2fedf5,user
k6_user_154,pts_692bdecfc57f9231da1863e91555704f8899d1beff74bd00d73316a0bf5a8c6f,user
k6_user_155,pts_0bfed05506c2ff44caefb51c99d72d437c7e3078a03fe8906fa5abee0f822a34,user
k6_user_156,pts_593397cc2dab943603983e17e594171e6aa5c8a510f373e7394cca2f13994d9c,user
k6_user_157,pts_44375f1638b64dea9e372377c356310981090209a95dad7cab41bfce81e53608,user
k6_user_158,pts_069c4afee293a6553e634ddcb908e1446ba82bafc649fbb6543d3ea359139b29,user
k6_user_159,pts_f04258051ca3a9658ef5d81a8afa15cddb78660a85292bf8ede52ef4de670b21,user
k6_user_16,pts_e08eaae1e19981395cfb3ad6ce969c90bc9930e76ae9c9b780bb5b91858fc709,user
k6_user_160,pts_862f8f86ab283ce8756c2f7eeeb91af6f0996132f21082ad9fcd2a90fa8f66f0,user
k6_user_161,pts_63e08387f5a5394d59dc24f3bfb662e8c082a8689d0b4f8adee39d7bc8d68194,user
k6_user_162,pts_fa145415ca5e9e18292a6c68ddc0d484edd4c1fd9ee2adb49c6f19c9c22e6059,user
k6_user_163,pts_f06a9dc180b0b6560c9c9186345547ede7994bac7efa7a39e596eec8332f3d4f,user
k6_user_164,pts_c5a1d79dd0498f4aa9fa2bf830c9e5e2885ffc6c11c50260d8bf05716b72a3bc,user
k6_user_165,pts_0d483688efde16e2d32bf5655016654aaac5b67064fcbe626b09abdb4d886a1f,user
k6_user_166,pts_05474e0c9f98817f3ac9eb30e26ee8adb7859148c83f938383b2d951b2394825,user
k6_user_167,pts_788faf26083bfe8eae5677f458b1653774d7f9b628cc78e9170551b421db5412,user
k6_user_168,pts_a271de8ae6d6ba3870f71aadd28906c14da2be3048b9f447ff05d87a4b1f7e02,user
k6_user_169,pts_c3b37991f3301e14420902db3330862cf570d5226e599f42de51599386106253,user
k6_user_17,pts_5f4ce0be76c780982143203f19d45a576d943c0005e97cb7dd82de7dd318cd0c,user
k6_user_170,pts_966d8a3539cb29fd7facaa0cb4167a5c4e42062ed1dbaa1aac04cb45c215b0ec,user
k6_user_171,pts_aa10cd59facaa8fb3db2af11827e3d859aeb8ee439f4917ff1e65afc9ebd11de,user
k6_user_172,pts_dbbe9d7a49941f026eb5177dc738fe27e59069eeb98a2ae49b6c7251268caca3,user
k6_user_173,pts_fd2977041bf05ec4b5bf00d85325f19d293f1f8f5b2c4107e01aa84efbf90c3b,user
k6_user_174,pts_6a2ebc3b6398ec9d068f6681c8b758dbe8169196f7d4d6a90b3b3b790cd7c362,user
k6_user_175,pts_e160688b59d1099ddbd82cf3c242ab2c15a7d295f1da001c5f514f1d7a6d3df9,user
k6_user_176,pts_3afcc66a576900de6acfcce30bd097957f8cb31a9525167fe2090a58d1bd4805,user
k6_user_177,pts_8a1625417c06ff9ca928ea88865a598d6502bd94e3640fed35e4eb967a5e1cd7,user
k6_user_178,pts_14c3bf8d69590fa770615777b8d51a5de76ae8343a9c1b3ab06badf30e462eda,user
k6_user_179,pts_fb7048f927751dfda910867865e06b18a2f985099eff2f10f7b7ac0ce87cb6f4,user
k6_user_18,pts_1326b083c3bb85b411299326bf1ad4ffbce09af7a151a0edbbd5dd2e3116771c,user
k6_user_180,pts_2682187066a0cdc8e193768d58fd4ae893f73277e199aca62fbb4c232a0c59ab,user
k6_user_181,pts_6dbe4659014e5c8945d6c8274f21ad5cc130791e6d9b61cc3995519305313ac7,user
k6_user_182,pts_d0c85041435d5b191b425de0667579d80287419cbfd38ac421250b86b62cc678,user
k6_user_183,pts_39c95be1e4ba50f045a0f9a6ce508cb2a01b4b53f1a04460f05b9fe8fc19ac71,user
k6_user_184,pts_ee0fe9853d3db85797da13f13d2a407aea9ddfc924c60871585e33a0353fd9b8,user
k6_user_185,pts_4f7ca51cb815eb46741eec3e26e6f72b56ca6ce62180f9786529ca8697ad53b2,user
k6_user_186,pts_c7a8cded91a2ad83b67d9296c9517e45827fa3bfe5bb36ff3606a6f08aa4b005,user
k6_user_187,pts_9a027bac3bf63251527c9203e9a97fbfdc9265913870cd3bb38ffec4f31f6b72,user
k6_user_188,pts_0d66385ecb18ace8ad30ad2bd813289bbe33d3d678366f14c87ba50c5a727498,user
k6_user_189,pts_56c04bbe405b64f30178c5e03a2544658c27a8fa3a827547a09632532cdb9894,user
k6_user_19,pts_d6940b8791bbf1d44c94f828176ceaa9b0ad3a82ff479d810bc8e1e76463b22e,user
k6_user_190,pts_270224e6e534914fd941206f3516c9f5af83bb3702ee3c970f3a7e60b929b058,user
k6_user_191,pts_1670b53076e614f8e7ca43c43305c861d9a1949cc6a184300c923bb42c0de225,user
k6_user_192,pts_b84071f5fad3f5c31b155e7fbf3b3cef213eda6a948a6c76048550b69921a1bd,user
k6_user_193,pts_b70e210539b0f8f2926d4564130ce2cf3f8b25ff0b4c86cac5489a010c092a47,user
k6_user_194,pts_92d35e1a6fddc74efeb4911628e53b149a10de6b286548bdb1726f6e942d6b36,user
k6_user_195,pts_4782c4c31b1fd1a343ce246bdcf5d5482387e96d143e6aea6b4f2639ad057802,user
k6_user_196,pts_97338c3dab5ad8222953e1ce25559a8f39c0c12c00081b154d22c4a9528b6981,user
k6_user_197,pts_5b0e8741e2e90d3cd5dacb0b64418416c74423e304b015727b860dde3a963c30,user
k6_user_198,pts_1040224b299e6bc903817fb6a7548be10dd4213d98fb2649f7e3e632386a2d79,user
k6_user_199,pts_46766f82b6b349db097a2adc379bc0cd00f6b9707f8c53d728e45373ab8a0728,user
k6_user_2,pts_b4c8a2d4be0596e45c362c89140052d9972db32893688dace288d388e3da7233,user
k6_user_20,pts_e12947d819f4e005c607198d1fc91d6c8adec416568a77edc425d5fca10c134c,user
k6_user_200,pts_ea3b02d87a2ffe412a1d6c371f8b427b32a4ceb90feb6148843a12a4c8ac6ade,user
k6_user_201,pts_de222479c658f34c8cc2a08d2986031bfaa885f5b9043809b5f5f66b63395879,user
k6_user_202,pts_a58f0ffa1215404b48c603c01b37e3d5b78d8125bef9a02878c2f1fa726fbc00,user
k6_user_203,pts_b87f63f18382022a36b1cc702759e36b6a70bdcdf9f64c4b004e66891dea7d94,user
k6_user_204,pts_15daeb3504cfad2ac869b7783ca2266164dad65d2b1ae762eadc02436f94faf7,user
k6_user_205,pts_5900979859a52dd652ddebb9e8126c130e1bb8482a8c280f78b49e8531060a66,user
k6_user_206,pts_26320c13cb23b704f467ed909538b8471dc8f0a5e1642294f1d227d106c57672,user
k6_user_207,pts_685c9a81ae9796efd47f01fb4a72e360f729ead4fe52a6da5724d8c89cbeef6a,user
k6_user_208,pts_0d5948387ef728ebbc1bacb621b7b82b2939ed854c5c4b704637c49d5f38816f,user
k6_user_209,pts_dd81a64c85f42e24eb77f1fd50c04503358a0a4d55a219ac047540364a532632,user
k6_user_21,pts_917d5b267bab8618075cfd736f8d19721a2729a4a32afb64f379f2027981f5da,user
k6_user_210,pts_61ec9cb6f9971b8d3620dd3074e120a3c4616e2e8d49c3e37708c17ecec087a7,user
k6_user_211,pts_79be87c4f4b2eab9d16c1dd8abe37d52de25445311a6bf73856fb82e58701b5d,user
k6_user_212,pts_80fe091db8a0bec78f48801debeb81fce638e8b623b4cdb6995e2f4d7856ad60,user
k6_user_213,pts_1193b3bbc778f6cf53ea5f9c420136590167cbd53e869bfb244d828f0a0ac5aa,user
k6_user_214,pts_0ab852992cb9bb23105e58b4478328b4d48d51e6da07d9fff6f4a1e84bb2b42a,user
k6_user_215,pts_bf7b2e98f0ce8282d921eb4a88ca49405da61839101e79260c2bdd398fe5f4a8,user
k6_user_216,pts_f6630c2f3fe487ab4f8b336a296e1a9bba884a99c52ff630a1f3a48d75c22f6c,user
k6_user_217,pts_26e417d5b2f24096290fda4e5f1f0b2b64c24430be655bea47ff8fb311db4eda,user
k6_user_218,pts_d2c524fb9ae177d59254fb6ca543626ed6c74cd17b6133a791c756f9cc01d61d,user
k6_user_219,pts_45e61d4c5d6c03b4815f68f1da49a53c3b42a81339696bc7f36d539b29654a36,user
k6_user_22,pts_d459474e2b06c534eae1a1a2ae42dd416a8123dffe92f42b4b75c5659ed863e4,user
k6_user_220,pts_6120f11f889e67cc34728b4b4b9b40c09f5e4d92e340562510a25bae8a687c82,user
k6_user_221,pts_4fde2b72665ec2345e004e0733c7cf0577b392d2ac02da11bbd8e3cc07ae5de4,user
k6_user_222,pts_4db10c7f98183b7aad8d21288e703866dd42b9786984a99b7d622467a91a19cf,user
k6_user_223,pts_6f6809b46ee83890d63f97fa94b375036cf360d528da34ecbaaf96b7fa3a71a1,user
k6_user_224,pts_7ff7aa68fe9cf122af007d0e4a9f14703f191c59f89a0ab78e55d21e30e27889,user
k6_user_225,pts_df2948507cb30cd93a715d864eb818bf5da184652b4ec1871091461d79f3e1eb,user
k6_user_226,pts_5859e54a147162871b660a5586332b1450f05f53554cf6a98b67e2d9fa6036db,user
k6_user_227,pts_b8aef6519f9df841d58606854e6ecfe5c37318f3032589a356ce6204afc5681e,user
k6_user_228,pts_cce2922447b54d4f4e9d0edd4520bb7c57c013e9c7d2c8fe5caff95a114b49c6,user
k6_user_229,pts_6f85ce3d5af8dcc7ab68381158cb06d07068008f3b9ddf776ce01df4cdc72447,user
k6_user_23,pts_a2e92bc18a349cbe1ec39444c31cb515e438f0b146e77ed80ba27757f3a23856,user
k6_user_230,pts_7a2076a56a06fde52907ea56cfe19950ea3e362cbb4d67308e9433f50aedea2d,user
k6_user_231,pts_317f15f5f267fb788f7bc85a5deb49a35a25a0c14f7faaaf84a56156852160c6,user
k6_user_232,pts_4c6c04a111899e617c2ee977b11dc478f0d19be4c229a91269f01ad194c08c60,user
k6_user_233,pts_6efe38105316470540bf95ceb9cf15c896bcee3b6018723cb5e7e52629028774,user
k6_user_234,pts_68435665a79864e6ddcfce98ae0677e144d157e1bb44243f6b4bc11ffe9f12e9,user
k6_user_235,pts_6c6dd436d05b087b8ffa6f0e45b750241e8a7b8cba315fff22e4ccadb84f32dc,user
k6_user_236,pts_ba9e9aad37dc8ca45cff716ed306ae23396dbff1e91ff5ca058c957c56886bb4,user
k6_user_237,pts_e4f7327679f2aa9109b53cb2161db7328f72ec5acc9e305de7db4fbd3c886557,user
k6_user_238,pts_f74eb443cbc3abe2a28a9e2fafc4531f4d948062005c915d7ab956c96d3a4020,user
k6_user_239,pts_2048e1fcd7e291082901cab113a8efe93fd2ed3a6840efd4854f536f2bff1bde,user
k6_user_24,pts_252ff278b88938f9dcb95f8d03f638ce8de979df455114a2c3df22333e34904f,user
k6_user_240,pts_e5dee938513eaec54aecd0e21fa87dc59b3575c3791070a96a62071cce08f74e,user
k6_user_241,pts_70340f8d86548905afcda46919490575602684a431aa7313baeebb81d486c6d0,user
k6_user_242,pts_02120dcab57eaedfaa10190f892fc5097e5b57678a46990a3d48ad5d6a5bc0b9,user
k6_user_243,pts_e74d725aae01d12243c7d1c08ea473f88d6da88078a3e7ae77671f277d06995d,user
k6_user_244,pts_00d2fd6f007ad53d09871bd7bb09c204921729540cfafa17e968bcf064c2b4a8,user
k6_user_245,pts_d9896848ab1ef5adac923952811117847e488c43b059258b2bad39e62a995d2c,user
k6_user_246,pts_5b357929ca44aab65da26b1c45225d9fe0901a31077bedac83f1493f591aa246,user
k6_user_247,pts_1475619a15e7a350b0f24ebbb2a7da50dddc657985f2d7bafe989b535884648b,user
k6_user_248,pts_fbb7263094f53498f59699d401a3cc5e6c4a74703074a1cc4f6a1482b662bc72,user
k6_user_249,pts_a212d5344e0a0d4113e71c0b344ee1775677edb5e74e11831440c34689e4c9b7,user
k6_user_25,pts_4c97e1ea8adc0dd1c1175fd9545eb3f571f90cf85478a3117882a3e1afd456fb,user
k6_user_250,pts_356494badb0c05145fd31a48e268e25fb069ee122bd20ef83d11a057e15061f5,user
k6_user_251,pts_7cd80d40ef841f86591e4c457d42aa11a7ce8cb58e712e3f1a007fb1d1291bee,user
k6_user_252,pts_0a4aab5b900877cdfddbb42774ea855a8c23963d90ed153c9112df7a4bd5e3b7,user
k6_user_253,pts_9e7186a8a0c362a2b046371edf00144e82f3bc63eb8752edf1ce9401e2237e76,user
k6_user_254,pts_1df2f156677eaf4d5867a3ce59fe9dc6a2478e359556f31bc37a5ac3cd22e444,user
k6_user_255,pts_31b056ab2cb5ca9e85ee1a90716d7c0f5d381f3c0ac23fa0334e452c15b4b38f,user
k6_user_256,pts_b937b5c9bbfb2ee557f91ecfc5fa08647983c15377898a990b054eee92f4eca9,user
k6_user_257,pts_1f9ce992ee1c82cf7ced5af8802cbd58a300158facad4e7f512271266a0f0b76,user
k6_user_258,pts_6ba0e22bb5a8079d723c208619b2c2d5c9fd56b86f880f5ec782e30c88cd4587,user
k6_user_259,pts_b9d943d0b0c15440d2f546b49c935c32dba29b686aaee9c2da0aa8d8967c62cc,user
k6_user_26,pts_ec719d3fc455e3132e75ccb6120a3d7da351495f78d2dfdaf4f83936be3cdf45,user
k6_user_260,pts_59c6c927bc7939ef1210698d4cf675d2a6af6f6ead7200d7f2f5eadebfa7b298,user
k6_user_261,pts_3caeef61ca39d8fc48d69815e0b6d7b7a354855fe3c1c2824fd69bf7e717593d,user
k6_user_262,pts_51cb1da3bd8423adaa8cceb2117d28d9ec4370083d16bb1a90c2d96065c77aa8,user
k6_user_263,pts_388c895dd64290f2edeb8c718ece9bd72fa12068e88147c18a5762fecfb05950,user
k6_user_264,pts_9893b7620648313337b29e6b53dfa4178496253bdbe3f14db1ef2dac713b95b1,user
k6_user_265,pts_bfdd3396f8f8c273d5c5b50891d6656b95899fd9add45f70e905832f999aa2e0,user
k6_user_266,pts_ad08c4bee64fe603f943b052110a4ad584bda870668a51f9408bb8479b994112,user
k6_user_267,pts_e0edba1263daeefaef665b3b095a04beec2db80d905e5af577f0698c0482fd4f,user
k6_user_268,pts_79eeac8118ed862b6f8ba29876f39abce68f9f2b85b0df81ca3997d75cc495af,user
k6_user_269,pts_30d44e3e04598fbe2ebc2bfa9ff8e4e8a837e4205320c8f0bff21a16d880057e,user
k6_user_27,pts_8bb66f3bc563a997080d4cb6fa4d9bf99b5a50569a1311df87e7508533d09372,user
k6_user_270,pts_83012ffadbe6af9165fd1b81c67f848242dee2907831cdb378076689114c07b5,user
k6_user_271,pts_81236d7a3970b85f34396ecf488dc5d01164538f9a27d01ba915c4760d779891,user
k6_user_272,pts_aa8a3577be25a7edbbd21f8615e2d6d2a0d7ba7447baec1f3989727a098d6251,user
k6_user_273,pts_6b654e2c88fd6637164caaf67220e709cf2d0caec7e0e800fcd15fb4d1ec3587,user
k6_user_274,pts_8a9dacd2e4d9d072616ef88fdb3ab66966422c6d62a08d39d9c6111388c65efc,user
k6_user_275,pts_30b61046e72167c1986df00d5d40ba1baa3f6b53fc8e1ec6df95280df8d0187b,user
k6_user_276,pts_ac38ab5eabfa3450a125d105d038dbb2a70664ceaf98779f540ff35527c1af88,user
k6_user_277,pts_5527dc84e9a3a2974ed924d4bfc93b4d2c3f97a865eed3f88c376002ef9f53a3,user
k6_user_278,pts_620a8dd92934ce531326f0c9440883cb1e045d0b21445aaf6149ed19cdad0e3e,user
k6_user_279,pts_4bc81f70bf6bc2e03528e1085992da5984291540970657bb429990a0b0017474,user
k6_user_28,pts_cd298fc8f965eb6b70b2657b5678ebca81f454558f929cb9793b9d39feabc686,user
k6_user_280,pts_109843a4425f82835019ca797fc4d16f9c7a5bcd56227219a215ad75bc7d2b38,user
k6_user_281,pts_5fd0ebfc60bd3ca7b977d8ebfc294f8c3ab54cddea9c2cbc76e699016e0d9eac,user
k6_user_282,pts_36fb548edc12693d001921b4844345a3a6d706e79180812317fc71d68d2a9a7b,user
k6_user_283,pts_71cca526563a8a2d175f98f7fe2d911f9e903a6856e0678e9ae45133ef1357c4,user
k6_user_284,pts_8100bcdc82c75400c5558196e678b0ad8c8a15f21225494de5e40727bcd93b8a,user
k6_user_285,pts_f4e24a8254183c1a3a73b545981e23d7b1b21a31278e37c1f150d213de238784,user
k6_user_286,pts_d28d2e3985fa42eeebcde22da5dc71adbae5137cd62b1d69eb6fc3a504443a2b,user
k6_user_287,pts_c1d70a3d367bfc7723a3a79ee9eb3f39767c735b098388617759339176632b27,user
k6_user_288,pts_f9c8d59c7f5e69d6a00ba0fce962aa0c9adbb8d76077e277b7a3f2baf1e2bfde,user
k6_user_289,pts_122ca046a8e88673301dd223ffdf0d6c79075a3f59343e579db144fa09b8b752,user
k6_user_29,pts_a6e4e738ac905bf6228432f815a5161badcde798454d64f1896576bd43750ba3,user
k6_user_290,pts_932c6f6069af10d6f2dff8698793dc31fcf3ce42e6ca718b507e7a3259f57a60,user
k6_user_291,pts_338447562a545b00ccacc3e4e2f3a05e4d25be9027640f25d393a919ab8435c3,user
k6_user_292,pts_415c91bac678c392481de0042c8122a156f740c41dfbf68cf184d60b3aa0e572,user
k6_user_293,pts_8e8ea34a26180384f8c2a2d1e342f03228b2d1a86fd16daf0695a6d4d74f8cb4,user
k6_user_294,pts_38f22330142615cafe7036832dcc847cb621a7dd187ad014756a6420a462251e,user
k6_user_295,pts_2ed4678cf358511f5ff99ee933c96be23d4a8e453b100470e428bea9bf0e8969,user
k6_user_296,pts_f730eebad02a37307e535bc1f1351d97c7b7a72a86dac1bdf7b7fca9af782c22,user
k6_user_297,pts_0d5755c3a48cebd9ad12123816ab295115d2c1f3b5757df4b3bcc04d63654b00,user
k6_user_298,pts_f5e768d88cba5a916380da559b5da38f54703cf9bc7d45344523359fbffb99c4,user
k6_user_299,pts_2252bcbd72fa0309160305b6cd7027a392da3d7481de9b7a1eb68c668528ed4d,user
k6_user_3,pts_39d29b6d6547efd65f92270902cc323761e2a6b1964528b297094ab49f67f4f4,user
k6_user_30,pts_9504c3beda0f6ea99c9b301e59e8cd9cf3bf120a0163766730b4893ef21e01c5,user
k6_user_300,pts_86cd5798eeebcf0a0788594658823c3e51a769e0e89d6473e878b7f5d268bb45,user
k6_user_301,pts_d401e0e029e0797870258cf5a1e46ac415563a6d92914b6bd7b4d940c7116b12,user
k6_user_302,pts_891dd6870dbcaaed3eac6a2a79ae372cddb290209b4c22b472efe284c4399d9d,user
k6_user_303,pts_848e1ac58578e2769e980f3a93e6021f27ca1509e1fe53109c204b099c64acfb,user
k6_user_304,pts_3d56733b9ea73b1e011fb24c693b4a609cf05b35f070493d1d87fb8668e509e1,user
k6_user_305,pts_4a1b419b9d81901808ae225c4612c3e0f175322741021bb80ab6050fd05c097a,user
k6_user_306,pts_a6bdb3cc1bdb0e0e8b95c8144ee950bcf24867aaa178ea8131d7f7bab3a2214f,user
k6_user_307,pts_62f3f2c690f79d5c7341f70bcc757d9319a9c8cad5ac6ada26974c02cf398ece,user
k6_user_308,pts_343100dde4aaf5ff9486af299f8fda646a7f4eb02cf4910b1ac0dd1abbb98ff7,user
k6_user_309,pts_1775f359e7ddf55ece23b0c91884ee7ad43d4c32f827c37736a031cce16bf995,user
k6_user_31,pts_7f3d925e0055c64dabea9197a4e3f90e220da3c5aa209a2438a8671e81b641b0,user
k6_user_310,pts_29334e290bb4172d65947679011b61147a785e2137b5536221e7d4bd9827e3a3,user
k6_user_311,pts_e84aeff19d89612820b31522b11c3743bdb3f5ef88e989856ea17660b7911ba1,user
k6_user_312,pts_37f0f8dd543d113d7e481c2dcd3458da74df5a398f9d07bf00899f5c56a34b88,user
k6_user_313,pts_ff07664a5df4c848f97dd1227acbaff5f45663320d6a6fc5a090543de138f3a9,user
k6_user_314,pts_1fbf01f4c8d95ee7f99ebece7f5ceac27ba87fb3b14360f12f030685885961a1,user
k6_user_315,pts_017accb71db9bda093275a995f3058220185a5b6ad2cb6ed8ba715ecce49add6,user
k6_user_316,pts_e9a2e753714ab6e81529533c155adf345bcc6b83a61f014925ca269e3d7b9b71,user
k6_user_317,pts_bec0f7647a09a7c11472f6b2fd6371e725dd0629d38ddc1a93bed33d66bcc2e2,user
k6_user_318,pts_d52002e2700c24f4571b1368781c928ae4bd868aa62fb481b749d678dc1ea5fb,user
k6_user_319,pts_c7dd6c6a33a70b613d71fd50eeaf968f89fcc7836adc52a89d3f5b6cfe118b66,user
k6_user_32,pts_b2575dd62b466185dbf14f96985a5c17165a83f4f22289d412df2f31e8436d38,user
k6_user_320,pts_d884a1246b50b743de7cf2b2a711c46a1d1aae8aeb7496582c182d38f29ecd0f,user
k6_user_321,pts_fc13f77bbb33e1bed6abc8716214b3f601cc06ebb1765878ebab57d93419c7c8,user
k6_user_322,pts_02eb5284f6149babb4828fcab94677d8c9d29cc5a4a30a7857f04fe5782c95b5,user
k6_user_323,pts_4eb2d74ac3f62fa8aa27e684f3c1098abd46f674784925eec1f053ae4bc8b80e,user
k6_user_324,pts_0808bc9dc7f29f44cbc5377ec8f824870fa8bd37ca8ece7c7d472379d1ceaa3d,user
k6_user_325,pts_0787889c0fa3a1bd6c76b96fba23faf7d8256740c8508e89fe0ea15ee0f947ed,user
k6_user_326,pts_aec55535d0fba3a7e028386156a618f560b243618eea4d4c9195ad9df18ac841,user
k6_user_327,pts_caa80561d194fa7313eb8805bd71825080f77cbeecd287aaa22e51b292e7b2e7,user
k6_user_328,pts_b62e6cb2cd43c32a6e5f0184c2b12ca51e300bcbecfe5859e6285c01f57f2cc7,user
k6_user_329,pts_d34513bac810186ceb592f095890c5f4d21afa8077a4c151d6c5785478abcb91,user
k6_user_33,pts_2d40da7d55e48074fb395206b6dc2b381b17e14b9360c1385b278adfd52b4ebf,user
k6_user_330,pts_607334fcc44cc99137fb589674c8c90689ef08009f01f998537662cbdcca701b,user
k6_user_331,pts_16397d244ff29052af8f18a7a49c8432e063c884a952da16824b7a080dba4751,user
k6_user_332,pts_c3763f6af14b941d80d8b8fe528390da48e104d13ef5da22785fcc8cab28d641,user
k6_user_333,pts_6405ccc786a037b03908829b300d1b4adfc6f58bb0691e542b56aaa21b025e27,user
k6_user_334,pts_367ed2834a9bcb3e4100ce67dbabd51041647b916da62a2dc9569d4bf09e1048,user
k6_user_335,pts_ca79a710b690c3f989a9699ea73f19984fdcf0c950d108c0489ca7d159d6776d,user
k6_user_336,pts_d511209f196a582ceba6344c70185f5388f15a831d6c0326831050ba686acb57,user
k6_user_337,pts_b1dfab164489285c817fa98fdf36e0ab20a74fc494114aaa946750cd66f01a9f,user
k6_user_338,pts_360f750ac6360c64ea2df2fe995f235d1b03d815ea4010423771fd8a77a288bd,user
k6_user_339,pts_f3f533a4ba56c05463cb555430d694839b72c194134337e7cf919dd8f816f5b8,user
k6_user_34,pts_053a6ea73aa0d291ca52a562c314fa53d8e4680f81aa2ec439c2892d86fbc41a,user
k6_user_340,pts_e83737eda38b97044be02d4bac348e8f8b0c8d95a04ac4d7d18892b725f44018,user
k6_user_341,pts_4a682ccfc027be0bd9fe5b5bdcdb7a7736803f0db53abde385c44cac567cafbd,user
k6_user_342,pts_a2bab15125d9f11de1feb1d5aad882bdba550d79d24497e40ce1b6b55e9cbc02,user
k6_user_343,pts_2f09f2ef97bd3f53845f26894271c4117b40e006aca9b891b66d9f75e779fb53,user
k6_user_344,pts_e63efe48c1f9114b126c131bb413bba318085a2fffb96eaad2f52ef3c62e1e49,user
k6_user_345,pts_f170ec351d9fbdda7ad6e9da5ac6ffe5be26f4e6f96090a04357fc3ebd70b5da,user
k6_user_346,pts_f42088c67b56050411f9f8c45eaab08fd693494a118fe7724a47372dd30caefe,user
k6_user_347,pts_395d4234857365d27b754955e827c1ce35bc05045861da0aa1e622367e0ca380,user
k6_user_348,pts_49ff18073f74ae7c833513e892d956d80c00cb67900f553cd811d6a82ea40883,user
k6_user_349,pts_303012b5150a3ce8cd08d4e86d1b86718a51af574a16f30db53f9cf2d2197698,user
k6_user_35,pts_a86793d4edacd3dd41a2d81ab5ac5a5754eae04ff800f803d34bfbf4ca08976b,user
k6_user_350,pts_45c9fbc2a233293c6f48cd7dede1a4d0930b1967e5ad5178fd9091151c7a1dec,user
k6_user_351,pts_2190a03581c58fdf8b775f74364048da362ca52bfbb46ca60b4e21cbf671d6cd,user
k6_user_352,pts_ea027f3b93960a2ced7c35959426e7553e9f62ab869663726f333816269f36db,user
k6_user_353,pts_4ad0bab0cfd51c2dc40f506d97eb87dc7bcfa26e89c71bf81cf8004ccd90ad82,user
k6_user_354,pts_721a51b8f843eabb377f5fd6e28e5e7c08b771cb559e9740a0df073b393be231,user
k6_user_355,pts_c11e892722f8d9c56140e38880c7ffb4d59477e14d6d1e5507a978b35c7701e2,user
k6_user_356,pts_26983f22054eb290b08085443886c901f4e221b919e03448a1a4f1930c74789d,user
k6_user_357,pts_d99e3eb72e7f723016fb9329f492a6adb1537c8adaece12aba5e963675a8bcc9,user
k6_user_358,pts_c544eb0a1fe968caec83fb27d9c5e888b109e8f444305a54fc2958f3162dc068,user
k6_user_359,pts_1a0922d1bc80a74322fdb13423b0713ad287c6187ce0c4d97848414bc72b6f33,user
k6_user_36,pts_a146489751b844eb01ebb42bbff7c6d655dfcbe8149ba8f6fbddb9c87eead10f,user
k6_user_360,pts_2192448e8146376e19df0b1f8cd16d5ae338bff0e691f3eee42af087eddf7096,user
k6_user_361,pts_4e6fe6ca850d60eb31a42eba9c618678cb39baac640046d712714966b4a1c1e0,user
k6_user_362,pts_083e4b184b0c952ecbb8d6704538bcddb75f7887355c003b71f6dda1c7115037,user
k6_user_363,pts_b3e97ade005133ca1b45bd89faa88159928d8df492ddd2ed14126d3d1974a0de,user
k6_user_364,pts_a64426516205e246650ba4924ea81a30adc19a4223029f021403876ed86dbe20,user
k6_user_365,pts_154a23cf08bd7d9e18ff40d550ba9774aa6160adc8dfa282cc42c6f35d837efb,user
k6_user_366,pts_d00c2173d1f5d2fe4b5f83014a4de1104acfa9020911bfe248aaabad82d12a46,user
k6_user_367,pts_99fd9ab9c4dae49bb36cfd15d6c760273a2d3f1a8184a831c2d6c35d8fd39b25,user
k6_user_368,pts_e0a3d4ff59f9c493e26d225acbc7bd467b23fe9551083fa6995f8d2c5b0b9434,user
k6_user_369,pts_1ea4675bb319eb8190288e0ca622853fc1ac87bc185225b47308108662396f4f,user
k6_user_37,pts_b2589bf6550b80c6c28262a6eddb510f3f7350c4917b84d5a4cf4333066b55be,user
k6_user_370,pts_c6fad9b85799a68956769a46f72e99e55216647a4125b73e8fc0d126bce2d20a,user
k6_user_371,pts_694b8cc281fa931d46faa09562c69bd3734d1022332d8fb35a73d54471fbec05,user
k6_user_372,pts_15ba9024de48264b1323cc8d948314257c2b76e6870085607f81181371de7654,user
k6_user_373,pts_96b42d7809370479996958e70e4a61d52ba939fca3cff546404ff3d4e1742d73,user
k6_user_374,pts_1447e97285cadd63c7c5431c600ebcf6381e03e9b15585ca1eb70c02f6e77a82,user
k6_user_375,pts_c50008ccebca982bf7af5644090a1e78de089a60e289c0db25e7b25a7e5c2e3d,user
k6_user_376,pts_66595171f5b93fab1960835b0da29d158403b597b53d05745bfeb6406767362b,user
k6_user_377,pts_f45163cbdf9b8884a4d65e1b0c7a85221e935301a37a8c282fa4b65d67611f74,user
k6_user_378,pts_e97e653ffa388c09a79fa34898b9b2398016066f440e9ae6dc8d572fc1158434,user
k6_user_379,pts_e1d57b4e084fde219dbe0c3638812052b55a150b95814a5f55962aee70436d1f,user
k6_user_38,pts_860d8cf363c424b64e9ab5a107f1183e1848f23236a5912558b056588dce6e4c,user
k6_user_380,pts_a08d711e3224e50b44ee45ecb45b20f69e2d3e4a7f172247b3c49226eae6425d,user
k6_user_381,pts_90f93e7062ed66f6e76ee7b688c305c53042a4b179369bd8f75e845ee421b202,user
k6_user_382,pts_9ca4edbeb03d8436b441494f23c09983052b922cabd3263b506dd051402cbe54,user
k6_user_383,pts_8e8c8dba67a1da8234b7bfb72492917aa638a2b25d3946f898dd79e613ba6567,user
k6_user_384,pts_72cc5e9bac912c9eee19f8651f5cfb1f5c51f63dd4812f324b30ac808ef8739d,user
k6_user_385,pts_d248243b8443eb354a8107d511289246ac1daecf1f85afa10022f4755df06784,user
k6_user_386,pts_7a6a203521f13d5c21847c7e069d99a600bc996281bfc6e0945c05eb66305196,user
k6_user_387,pts_e2fe41facd88e1e52fe3562fcd6e7669f8f716991bcb62f2926113f5b76ab036,user
k6_user_388,pts_d4fa2098296ba5988360d0d3ffaa7485cbdd9194f6ced047e26b694a7de4f21a,user
k6_user_389,pts_ae6e4abb2b981b7beae03dc677b9253a0ebc094101b9b8304d7e60365f01cb72,user
k6_user_39,pts_73c894499433ae27b7a61da0e4cdc6019a96499beafebdb7f0ba1bb0a0358c01,user
k6_user_390,pts_3b33cad37f44323837b1a2367d45791acafa4a7dd0064665db297a31df93d39e,user
k6_user_391,pts_499e3b0fb3f67a4e49c1043215c0a7a39dcb6c8e48f75a52811eac04d3929d1e,user
k6_user_392,pts_5a68ccbf12140d809387afef142d4aa367846deb06fa86a9dbecc579f19ffc82,user
k6_user_393,pts_7e4004561a6a0d5121004adf630cb89a73189d417e7942df2c06c9c9256a4ed5,user
k6_user_394,pts_9f1fe959fd3a552e9a928b6021c125ef436be239a94b9f978f9deaac84d9328a,user
k6_user_395,pts_384e0075933c07e8d2d8fbae16e26de8c54bc6056f824c79626126257d7e9936,user
k6_user_396,pts_09cd9508d30353ada51f8f9dc9b16c2b1b0ef458b3753ebc56d64ddfd502ffc2,user
k6_user_397,pts_66ac76b4bd0fa1466aa0ccc86f4cae91b8d25966a80c3ad2d7ef4e2806ca12c6,user
k6_user_398,pts_6c7785af83ef5f729151789028cbc7ad756533eea04d7812a94e3cfa6714f3a3,user
k6_user_399,pts_fad243e76e7d2aeada3873c17c01748918bf8d64a501dac8af4e5adbdeba7040,user
k6_user_4,pts_c302e5608cd0e1e34fa6aa20af92d4a76f12f0537069ac8a2a755d98e34727a1,user
k6_user_40,pts_2adc974d0badd05e3460a6e4464041420846d4e39b94809d4147f862c91418fb,user
k6_user_400,pts_08424998a123aeabd9edca773785655356e5d356c7c188ea24757be575818980,user
k6_user_401,pts_de4131dd884d2d1ab72aff5e3e1e307d42a0f0d9b5807b0edac3f14767f2db00,user
k6_user_402,pts_b877dcaa56c6d97c8d38e14b17b7c9368084ebe98441c1c8f829d604bb50161f,user
k6_user_403,pts_5679849acfbccbe3d8ee7e29792bf17b32d6f2ad5983050ccde3851c5402de59,user
k6_user_404,pts_9d8ee53e4aa6c3a594e1d67173dd02b68673b8478f2d611eab9651923bc74f30,user
k6_user_405,pts_e014b96bc2bc7568c39efb86ddbabeb5a0eec3ddcfd70dfdb1658b669c8dbd79,user
k6_user_406,pts_29c34762c7b9719100db01a55d53e81c51d9ec51a23bdd7848ce8963c7bbedbe,user
k6_user_407,pts_3e61ee25e01c7521163e2b9671321327a3d0aed75fbbc5cc44a284ab63733176,user
k6_user_408,pts_0532c07f2a6b4b4f71dc7edf031d22f1e7a46c5a989266b0e5d2fa639ddd64fe,user
k6_user_409,pts_194d02abd30db1e081026c255145736e0c02d7b7b6bd5a23b81af7891feeb571,user
k6_user_41,pts_fba08d145765720a488fbad0c3b6f841b1b0eca64968c5f9c87828e1312ee945,user
k6_user_410,pts_ce9f11cb9966cbf513160709718512329e61dae942a5eaf7dace024afcba52fa,user
k6_user_411,pts_ea1a4a6812fdb13b6ea9ef2e8486f8c8a5a91733d559c53b39ae8ca406f11778,user
k6_user_412,pts_8817af0c4842c1607ca622390ecd45fca4ff61fe44e4ae37177167ccffdd9949,user
k6_user_413,pts_2e5cc83cbb1ffd12f2c36b1dc25b42b2137f511d90cb7ecdc2e1db6c9f4dfaf2,user
k6_user_414,pts_fcdde235829bd6176e3a629f6d48ef307ee9092b4a77f941dcafd9ae37dc21f8,user
k6_user_415,pts_360b527e7aff35390472c681f5ea4266df2f1f02d3b2de77fc1b767f150a8727,user
k6_user_416,pts_a89180a58e8769576e8651d8510e6df244106110230834b4bb5dde17fc4722a6,user
k6_user_417,pts_74b17ca95c549bb5b436cc9258969a154e3ec36f23052ee1f3ce8a22aa5c5c82,user
k6_user_418,pts_b27c20edde2d77968d41c3209e7666952401b17b3bb9b576c45e973fee11a26e,user
k6_user_419,pts_88170160ed204f35432d7e523d9b7b81ddcf222250161e596493117c705f0361,user
k6_user_42,pts_00d3e87ae516afbc8cc516804d04ae3c53c96afb428b2a47e9ba24a13d3e7a05,user
k6_user_420,pts_263c21cee1e09b7d3ebb3807a7ac253cca04c475952e77306a795ad075cab8ab,user
k6_user_421,pts_e1743c37064f1626b55fca162b7f8b82db89e70b1bcc525eedf5f39e7aba2539,user
k6_user_422,pts_d529cae35fe2ac6ce188f483d2e271d5fe31733b367186f6e81ca42420ab69fe,user
k6_user_423,pts_a05cabb74892f240bc641839ef47e3afcfd1414d79a41213e374858bbc647107,user
k6_user_424,pts_ff240b6b3bda9cd6f83c72bcd52bb7ef476a0de73df40eb9c395a56c608ff788,user
k6_user_425,pts_f9942606a5f48210f45519f04f7bc33ac8bc85fb2b493459c6df73586adbe834,user
k6_user_426,pts_48a87988413b1b14db62c19e1c69b18403e3a10f223b06dcf8c585e91f842f7f,user
k6_user_427,pts_21c4fa5fc84b8579ebe131faaae321f535969da590f550c91e317ea80220add5,user
k6_user_428,pts_734d03fff86a67fea82907c65d687db4db44ed2831503f0652b78abbcfa51ce9,user
k6_user_429,pts_1998fa1ba0bafbf93023c4e3213f9c07da2bd139d801c637ee373702c82a1246,user
k6_user_43,pts_a86b6504dc3da1a6c7901104c19892d4da0c05be7aef5c5ae4377c3e843d5194,user
k6_user_430,pts_97fb37247a76ac4ee9a7d031af609f1f24057592aab4d62d803060eac4296c2b,user
k6_user_431,pts_3e769d37ef57997e7a364a4797ea93e2faef5db699b5855be030c3e0c8c509cd,user
k6_user_432,pts_54323e962411c4ea1dfe0d0c545aa29ef6b9629319f017d7164dd64c935a48a0,user
k6_user_433,pts_1fb6823defc8973bf2d5744d129776d5e7856d6137522f54aaa2255b43b6c3fe,user
k6_user_434,pts_9831663938b4d8ba462f9d5a8549be1eefbbf73174a1e2ec6b737d98d468cc6b,user
k6_user_435,pts_d4ef754aea9780a714d30315aaefe08f331d07111ecbd89e976a71e91a02a3bc,user
k6_user_436,pts_408d434df82b6010b1149d032a12e430c1dc8244dd62792afaeb24ab16c5cea3,user
k6_user_437,pts_8d9a06c6c9afa5f19f56caadf46e38e7c1a9bce8f20dc7d7bd58158de6eb5ed0,user
k6_user_438,pts_5438555086e7aab57abfe46258f2cd06fc0d7820b6f90dd96a0cf6e3ab9f9b0d,user
k6_user_439,pts_e1a9ea94f548d503dc28498a40e254351194535aa7cbb848e948ead8b7989b6a,user
k6_user_44,pts_45b9db42de26d2d4c1c6b4f6938feb88de0462657318f9d17bd03e5aa90e58d3,user
k6_user_440,pts_39fe718795330c2187608e375867815932ff88da074a7d95acf06feb8a9b91ff,user
k6_user_441,pts_aad4f771fc8d20f0604840c30538c0bc76f29dbb212b9af23e408b236f45e8a5,user
k6_user_442,pts_3409e36243190eebecff66afec4669df92ae687bc37cf63f42ad9e68302718e0,user
k6_user_443,pts_33361bf280a5f0b4bbada85f99ef9a31e32c69eb21dfea1233a1a87c5f2b928a,user
k6_user_444,pts_e0130a5bef5f032b435aae9aa48f4c22233ed93559fc391fd73f8bbf7772e203,user
k6_user_445,pts_3597d37b12acefe1973231524df9039a19e724203184bf6ab8e2a9db32355492,user
k6_user_446,pts_95599b8d42be8dde0a294eae8969ddf9742530d1dbeced8d4d406b053e66f495,user
k6_user_447,pts_3ce7ff818fd7e29e60879966abd03c55c7b433812c1c395e4350bce097a55b77,user
k6_user_448,pts_15d95dc98a00f4c59a0206d19c976f6dd51778e001e0758dbce490947392e74f,user
k6_user_449,pts_b598a4d087c2bededa24d62ff1325c82af256d0ad9e19053e631a8391ca51c0f,user
k6_user_45,pts_5a884f9e4e523ccf07b26cdec9138b13b411c65d5fcdfdfa90033258cd29ad7c,user
k6_user_450,pts_ba4218ad97ba0320366e2f54df78f4afdd873c56b35829c3870a163e5b38717f,user
k6_user_451,pts_eb4fae422434b3aa5bf57afadb0fb46b9bd26a3765fbcd2a5b7690bcf119138d,user
k6_user_452,pts_c5ae7100b3cea99b09e62b5ade747e371713d7c4954e65e6f011d06d86aefc1b,user
k6_user_453,pts_ea7087be09eda487c112e030d1a18055e0496cd2d46e6fd52bf8e9eaecf08d24,user
k6_user_454,pts_5d6a2b1be60c2ab80fbfb8dcb6675d3501d724982855d0bdfed8e6ae5d102ad6,user
k6_user_455,pts_1fd42b1f5b0f573420a82e514a2fce9269d3d69a115e30e616c1e66ac7d5e59c,user
k6_user_456,pts_a626f025f70e38c3627a346d74ea1909c914872bec6eee460fc2474c1fcdc587,user
k6_user_457,pts_67e30dc93b0d443451cca7d3f6e057465ab9d36e720a0973a1c2d71118f28b4c,user
k6_user_458,pts_875eebbe39b895a4b79b8d4968d797dfadfce814fdd68b6a86dcce4ed9c68969,user
k6_user_459,pts_5f4ea4acb55535d9a6139824a8a3e9995b56e9f14e3da04f6bf1363f6ce63429,user
k6_user_46,pts_ed71b5847a6907e512dac3177c4530beb0c34bfbb75c414358c21b9b41043a39,user
k6_user_460,pts_aeeaadd4188c823e94a2a5f7e34632559e0472416a1fa0b20ebba89834c47594,user
k6_user_461,pts_76d79857d8b0a703de0faad02624d55435b4b0a9ab535e8f3a9542f347b6e5ba,user
k6_user_462,pts_d7a973c71a92d5ea55aa786f8448a8f0577e1c0ac435aa44ae7e30ce998f73ca,user
k6_user_463,pts_6b16d8241d310a2f556402402d99e307a7a09ac5d88cb9a455425394e1412164,user
k6_user_464,pts_6dce17ef156773341621b3c18a60f2281cecbc4a46ee4839223ac02693bf2ac4,user
k6_user_465,pts_6fa2f09c8685b3d7cea6696f253108f9a09819390f974ba18ca3d9d4aafd9a4b,user
k6_user_466,pts_8c38fad520066c62362b766fd077223729ca3d36b27d9b55536eac3e00bb2d57,user
k6_user_467,pts_0784ab6b81c40966a4cd406dc0e4f7f993e80651890da959df00cda528bc40bb,user
k6_user_468,pts_f2bc369ed6c11ce4fcb6cc84792321ce58ad12ca5b0df1d2d6bb3109a4390cac,user
k6_user_469,pts_a4259df18924c67981e305148aa504288c5dacdde0a06f0e7049ad888a9d67e8,user
k6_user_47,pts_425bb43950ec2de4f3fdeaa6274d54c37790cae01bd86e112ff94451610b2d7e,user
k6_user_470,pts_8e331236b5386e43907b7cd7a1ab4e053c841dc2eaf194730cac38cf4706559b,user
k6_user_471,pts_82e511106b1cc8d5a5b1c2b85fdf0d3ec869310dc42c2af0b24a98ef0924d565,user
k6_user_472,pts_f91a5c1a595725588ef4e4c772fede90c797d3d32aafc3e29f34bbfbb2bb3564,user
k6_user_473,pts_d125748369ad69f644e9458a7fa5014ea5d4e0d46694b1a95e921f9e3457283c,user
k6_user_474,pts_36bf66a59fd599f676995873224d0c481f68fdefed4568cd0fc032ec3a86071e,user
k6_user_475,pts_bc52a325b859d2cc135a2ac506251c7707937044b1f3c4b41a0e9c6d795a0ca9,user
k6_user_476,pts_e37e16148dc15ba09beff16f5876833eebdc45622f5b63ceeb8026b131a7ebe2,user
k6_user_477,pts_55d9b45f5ec4fc3aaa091904210ce7bd249420694b99f3d2536ef3404ecd74fd,user
k6_user_478,pts_8bd2c89d070a8d7b97466caaf888ac35f97753ab230559921a2218d5533215e0,user
k6_user_479,pts_39e6fd137f766806b1b76a0fb1fcd8d3dbfa7a1eb250dabc89e3e94abd37aaaa,user
k6_user_48,pts_1b405495b2b5b50ebdda554070352a2d6f2db2748a4d9471e40c06615d223829,user
k6_user_480,pts_94c48c7f5ac6c4420c23b287ac0a58944fcf3ed68a7120e9f44adedcec9ed2a1,user
k6_user_481,pts_bdfc279718042949ae0c0ab01b655f56a6c00f357ae30baf4f373199ddd947fc,user
k6_user_482,pts_53d7cdaf5ddf4ea38be679f0c21b56f122c701e075c16fa66b4bbee56f452371,user
k6_user_483,pts_596be6e476fd794d186a25f66d87522cfd4ba38e5420dc58b18d49bfbb9291df,user
k6_user_484,pts_3801206b6d3338a9871a042a60c408a10a3e6dc769da5e3169f54c287002c3b1,user
k6_user_485,pts_0723bc14fa689f60c8dd008f898baa144b970e6bfd439b1a43214ef90fe634a0,user
k6_user_486,pts_3add9efe10b06e7428b26ab5f6e0091b0069a6cd779689800b2a8a452074f46c,user
k6_user_487,pts_3bd7af3fd8552784e73bd92dd1d8b873a0e2fdfbacb9b6ab95b8661043388de1,user
k6_user_488,pts_a0ec51d911fc13979a09f9397fa6fc4b4e7f14710083eac46ec86c04bc2bc503,user
k6_user_489,pts_0cbbd4fb181bc8ee64d4139cc84599443777ab6e38e891a4200ff7f7ed256507,user
k6_user_49,pts_a73defbb217c1b077e81f82cfb5bbf6d20a6692f5422257a76e340e460c1d901,user
k6_user_490,pts_81baab531bf3608b1992fafbb382dfd7c311d56792581c951e56375067eaf6b6,user
k6_user_491,pts_f73bee2a32baee8d017db088920c6f220e827ec6125d6175708dcfcbc0f45e39,user
k6_user_492,pts_04cddf706b8447766c9c917345faf65fec76c7a665c61dcb33dbe6e2dfc52e7e,user
k6_user_493,pts_9307c15e79868e874a36bb0db47dbe1351ad65b64512c1e4ff97b0748c26d77d,user
k6_user_494,pts_1cda764fd45ac992a545aba9d356b68453f4fbcfc95d3c70b789a09c8e7df9a3,user
k6_user_495,pts_220c593c2023c638b21fb5e685765ba61edac1217213d7e69a26d1a20afc6657,user
k6_user_496,pts_c1bb42df6746f3d3eeacaf87a9fa718c2b42925212b1c5596eb1f111c58d4a86,user
k6_user_497,pts_e05edc19b0b2bd1d803471fa6719fba745b943130482fd4658360d2ea4f7dbaa,user
k6_user_498,pts_9dba9238dc30d4495bab6253040ac87f61b13a7d9f2a634b3eccc41094aa4dc5,user
k6_user_499,pts_c261644b47b9462efd844fd6042101d632d1e5ae4d1bb80a4439adc308dca508,user
k6_user_5,pts_5cb1ffe567906285c6a009140f6b7ba5a2157d18f2641f915938cefd7d67230a,user
k6_user_50,pts_a37655b7d5a47dfddc256fba882f1f6d5a026b236601609e782f2ee00279dd34,user
k6_user_500,pts_833b9b687621e433668fa84ba8a5678117c2b33591fea58c2f3f87399e15dfd1,user
k6_user_501,pts_39f2372dc4ba8c0a336f47272113eb8446ca1b0224c7a5e134a788208f262b04,user
k6_user_502,pts_335dadddff5a8cd6e013e2978e665fcd0d3253d9c064f5763726fb82a9495443,user
k6_user_503,pts_9bb33d309dee28ca7aa32ccebd2e7e8c55f7b683621c8f1ce351c5c22f48e467,user
k6_user_504,pts_5aff01eab0b5318874ee0093b401c481176388df86190ab1c18aaa8258a84c63,user
k6_user_505,pts_b516b00ea2c68fb9241d5b766569bfc9daf318ad0fa11520a9c9e12687af8ad6,user
k6_user_506,pts_26664c8fbf2cd0e01b8a888a685dd2da0c898c00b017f2280f274a6ee1a67e02,user
k6_user_507,pts_1e307ae7cd05fb60f49eccfff1628579411aae1a66d9e8ef92d0edf409ddd730,user
k6_user_508,pts_0d94ffafe66e682d3d8b91ef2e12d765b4d2d5c100f90d761184ea62e5ac32b0,user
k6_user_509,pts_6e2a748e02dc9add12f8ea70a41e81c42b4ed0f680ab93f538f9c4a25f1b8a13,user
k6_user_51,pts_f463cbdf4bde6de6777e4d9197ff5c962a1632c75bdbc11fe37702ba08678b81,user
k6_user_510,pts_8398c3850442db28c5342da0a4b0db66040c93c262c37498b35b7d34bf6cd128,user
k6_user_511,pts_a0449ab62f7df61d5e13af630e725788632d3797b991491a2bb137b1c37def25,user
k6_user_512,pts_679149f615970a17587e3f56441782905f3055d962cace4c8d8a13334738383f,user
k6_user_52,pts_d5e330d9c10d54e12e58deda5056e7d0c2110b0d0754937da5a37d71e7dd76d0,user
k6_user_53,pts_c4fa8e5f9aa9799443d78279a84d3f44473232dd12f9355c074a13381b29acc3,user
k6_user_54,pts_8467bb32049b1f473948a19e5150c1c27dba0b256b9e5d2e764061b7d6ea8646,user
k6_user_55,pts_068108069a4376df3507f96de1d24697de676e981a14e60c1e1d61f686a8eaf3,user
k6_user_56,pts_4892219531b103be883f798763f5fd5f2f2abfe7ef675b0b42972daa70afbc2b,user
k6_user_57,pts_e8ec109095da551074ee8e456b1c6333803c67d82b1dfbd4fb986b6199373d57,user
k6_user_58,pts_606f5b613366a0bffb7cc51509aaa4040f9cb3908dd0b523a5678aa270ef7f11,user
k6_user_59,pts_550fea0e7ccd62210a9f8884c8d8432b266462959618205bdca54bf0c344e761,user
k6_user_6,pts_9d981fb0c53269bd2fea39c68005d185a5683a92521e0f976285f346fec8ea73,user
k6_user_60,pts_4abcf9bd4709b467193ce4a3320a9accf21e042f67c8c11944a2de83f39a3e4b,user
k6_user_61,pts_7b4ff708971af9c8f084c6648c9175835f9bee8b019b869d6988ae796c2c5bf2,user
k6_user_62,pts_d87dbd3e158d8dbc9f5fe845d0a0d10d90f6c816802398ce0a15641b9761e833,user
k6_user_63,pts_aaac55f7f4fc2f02ac52898344dc594dda8b4fc5226a6054a614b6a393efcb77,user
k6_user_64,pts_7eb970ecf032d4020a59e4fa606a855756fbc4550191611e319f1f264b7f93be,user
k6_user_65,pts_3d3a6a47e2e562d48487c918be659ccd503c5b750f671b43696e25abe729de62,user
k6_user_66,pts_849de8316d61ad521de6dc17e2eccef7df1f0d683d1777277cf6c4ec01236a5a,user
k6_user_67,pts_994e5611ecb54a6b57b5748e7501935f77b953e1bb9383dd2443c951e0c2fd5e,user
k6_user_68,pts_2569e051b9e93ab48aa69d6990bbcbcf689207e55c5b0e75998910974453aa60,user
k6_user_69,pts_f41a64cd1370b606b9dfb768174cb2544b96caeb15107ac700185d684d71db48,user
k6_user_7,pts_766ede1856665f94fac5c093bc2e842fb9847e1048ca3cd42d95896bfbe0df7a,user
k6_user_70,pts_1696c9b8ccffaf2adaf9dfaa3854f28e6ce28810b589d1c68a6ea97e349de97e,user
k6_user_71,pts_9efc04279275ba08abfb1ae38ba6b8d12235832957f14b49f1f72aa027fd1564,user
k6_user_72,pts_c5dae69d9efc1dc9aa6391411d8e3e0a064ad3ba6436bd2b51b261da3e5ce202,user
k6_user_73,pts_d5ca0686a0e64e46f1ab686b0dffc5ee3391a0a363e68b0df484a164f3ddc262,user
k6_user_74,pts_a6ba28869e8ad5b5849600bc3b3e136c2ec241295fb987c79fe61fb04052176f,user
k6_user_75,pts_142ca93242dd3190984ac64ab7b5e94174da7b53945a1403678e87d50eea096d,user
k6_user_76,pts_645db1af6ebfe8d5d026af7a4f4fb55db21ec65cbe9b6233de02b88c8f2d6cc8,user
k6_user_77,pts_a6cdece29700f083acbf97ed9e91d1982f9a59e7788b856fa28d5c7d7c80eb1c,user
k6_user_78,pts_bee9fc53cd3d5abb827ec7520b3ddb959d1f792ed5cce7ac397e29116c0e8719,user
k6_user_79,pts_3c49374d60da6cbcdcecd85aa4248a15f9de3dda558b9e8de346bdbf2d3ba811,user
k6_user_8,pts_f25ea35533c7ec66c97ecb97103446ff496be24e4e97a4967a0ea15a476e4d54,user
k6_user_80,pts_f0e31ced2b43af7238e25fe46cc293e824e133111d6818555f192512bce027a9,user
k6_user_81,pts_0698ccfb59fb3e229232dda5dc42c76dc6f20448c689a53864ec812298c55645,user
k6_user_82,pts_9623f25541fd90e8a0cad0c560b0525324dcb5b42650d477b6966f9e0d879e0f,user
k6_user_83,pts_ebc53862f705b59ce62c0348b8e7a170604b5ce10fd1a99981eaae0baa0441c8,user
k6_user_84,pts_68a51b767854f74c3aa88700ad1454296a250ce238ab4581939a38dff6b81ec1,user
k6_user_85,pts_6d1ebcf02408dc81b14674abc85550a51ebcb290fa6b856ffda336642ebf765b,user
k6_user_86,pts_a64622ba81cedc3e6c0c4100f08d3cefcfec36fa6d4b4e1469fc1a2520986ccb,user
k6_user_87,pts_2a8978342c5d754e7607606fcb38cc94de2e139c79e357b00650b4daf20cc70c,user
k6_user_88,pts_372f4d15b83f702f6f9d8e316aeef76c9a3d8e33e566e019622d831045006330,user
k6_user_89,pts_3c477e26bbece004901bf691e75ec52d5211140aa4eda7f79859bf935f8c053a,user
k6_user_9,pts_9895227bd441c8f760ce7734e4db5255ae4df017e659bdaf687dec36bcf6667a,user
k6_user_90,pts_fc35ac61ee2d5d01e4c757e1f44c164e7518f9fba4e2fa6c41088ec4bd3bab59,user
k6_user_91,pts_c1d1c9111762ae43717ddc09e2abd61931ded26439127ca756e7e4c63aea15a1,user
k6_user_92,pts_1516238b1e19d7b2c434e94061fc6559cab5705a98f81f144cd938d1b24174e0,user
k6_user_93,pts_6c0446606b4d33afb7ea23ab2613ce58ed9316fa6cd76f2568edcb7838e034cd,user
k6_user_94,pts_ff7b2d41e91a957885051e458e494934e1a5ebc1e4ad3fb88afb52cce65bc5af,user
k6_user_95,pts_60bb429e9f727a609139c1b7f8d5c89d31493d4adbc42e176c4710b19f498344,user
k6_user_96,pts_2207e7d37158155357c586af2372e12c71b83ca6baa24d6b611c559105055dfa,user
k6_user_97,pts_c680525658354b3d4dd430d2eb9827eb61d64386aa2386c7c5181657e233c2aa,user
k6_user_98,pts_ec35c112a4295a1161ab7b3899ac62a096f841df0a31e99b0d60aa2a05292107,user
k6_user_99,pts_5444ee0325deed32300aca4160564a6de62d48b74f900e4ba5fe8f3bb0749cb2,user
