user_id,token,role
k6_bidder_100_0,pts_9afdc007c33eb533e73dd475f19ab32fbe9cb540542dadd654e292ef1ced74b3,user
k6_bidder_100_1,pts_0f7dbe1a2d33834d66191ec2f1f4fa2cd690fd264294256b3142a0306e405ac7,user
k6_bidder_100_2,pts_e1c3449f076b27085a4ad838fee09558bd818c079bfd534fda2aacaa43f52e24,user
k6_bidder_100_3,pts_9dbe8eb249612102e10a37a0da745a6b4dfb399d7d9d3a8bf7d8a9cf14269cff,user
k6_bidder_100_4,pts_b7a3ca2f10fa7a78b7393b3336240883c832481575303e59f6e161e0a903773b,user
k6_bidder_100_5,pts_401959d524593205a36791a87dd02a5e28f1d07adb7daa1ba4226901880bd9c9,user
k6_bidder_100_6,pts_cc8ab3563e1304b91d52fdb4219adf238dd0de29646623d10205ef3e607dc1f6,user
k6_bidder_101_0,pts_c492bdf1b6b493ec7eb7e2d71c83dc6ea98a2f29d7cbc18c16f733e173b71682,user
k6_bidder_101_1,pts_51e0e2f234f454034beae39a7b0d9f08c6a233a4a3a6d2dc3269118d279bd4fe,user
k6_bidder_101_2,pts_20d1c4ea782d022a529c39725c0b06bc42d2bfc231e2f0351828439a26630853,user
k6_bidder_101_3,pts_7a199ce72251279651176cfdc10b36f41da68c72357c45999e365838d8ea65fd,user
k6_bidder_101_4,pts_76028527df03cd7178871e35768974fb63cea49e6f743f97ae4ccc15769f21a5,user
k6_bidder_101_5,pts_e039f5a67953046d2d9c053cd7032757f82470dcd56839095c60c08497b7a3ad,user
k6_bidder_101_6,pts_5f942a120dc945ba7471b1da3575f2b356fb073a0eec6c398e22f1bcbea4a2f9,user
k6_bidder_102_0,pts_123a2ea284b61a2907351111b13cf245f99a76763a2c6f3f3404ea765f2b8718,user
k6_bidder_102_1,pts_95401214f45864bdcc8af5c060f9c675881fb27cd7e5c4ce9644b16343a58083,user
k6_bidder_102_2,pts_2a5765e3042c64b9e8c12a1e1e731939c12d08730d49e3107c8d2bbeff59b75b,user
k6_bidder_102_3,pts_5a4207e16d442c31f5817c5158106ffe8cace9d6c99452441d799854e31cb1f0,user
k6_bidder_102_4,pts_ee3d71d7845e75986edefe5fc7e89cc8ff8490d08767238c3f40cf508ed9613b,user
k6_bidder_102_5,pts_b3dcb0befe8874ae2a4b95b650a3c7b2d80bd426f1c6ca79e45f4aa09313c2c9,user
k6_bidder_102_6,pts_d1e5b8036bc92314476ca428c25e069a72f53883917400c097dbc851f2123132,user
k6_bidder_103_0,pts_6c865da4e450cc8245690d4cbf88b11b0001add81d3f6485ab420d2816de6eef,user
k6_bidder_103_1,pts_c561b7876c9cbefd6fae24e205b902ac0e9afd358e8ac19a3a944c4626669fc9,user
k6_bidder_103_2,pts_575306f46f3e346e487a0426c980740a62c039cc49dc68f4fa7b09a6fc463cb9,user
k6_bidder_103_3,pts_fbe3c6748e776d10b2708767a2db37a7f54384f99735602c60987d3f7602cacd,user
k6_bidder_103_4,pts_e760a712aeaa9a604fd8aaf892c5abf477d5da67efda45719b935d15e7480414,user
k6_bidder_103_5,pts_0eda8a386ad93855026930813a440a974322fd7da83be353a667eaef562fccaa,user
k6_bidder_103_6,pts_36eb4419218ebcee8de89442a0fceda3e8659fce8834f4bffc5d732cdf483936,user
k6_bidder_104_0,pts_ce23371ce72378837ee107280e1f83d33e57e3a243f02355b169a9a08044d67f,user
k6_bidder_104_1,pts_4f7585ef401574d5c048cdeacc990160cdea46ae2c7e6444aaf4ff1c6270f7c1,user
k6_bidder_104_2,pts_ae25626ce964e024de66dac01ea05570856a0e16f7094c86fdd5f5ae52d09764,user
k6_bidder_104_3,pts_32ee1e750118205d2aa3b286609463f4a798119cd20b5afb9813c93caed1c8fc,user
k6_bidder_104_4,pts_3aaf92228a403fa1278736cb76e6dbff0a5b9b24b94629e95863806f5bbc05bb,user
k6_bidder_104_5,pts_428dce486c197773f17b5027247a792055871dbe12d90cec21ea8f18c26204cc,user
k6_bidder_104_6,pts_8d719d4ffed2452dd1cbdfa7d5ecdd317a81c24badd37a7baf0c0a87a659a3a1,user
k6_bidder_105_0,pts_b817b3f19bce6d9490192f2be8ae3d421bf5946d0995003329352ef6015b8a6c,user
k6_bidder_105_1,pts_2c839ac9d7b14f28edf51075665339452463571bf287d2b0d15b3bbb72ea330b,user
k6_bidder_105_2,pts_efb8f0b9b365a8e4e8b11e33b75ff6a2b94e9d0143c782ac401ded33d4de6b5d,user
k6_bidder_105_3,pts_1456592c614c2f754dadf84c239e840cf219d29829b7243a7837da1180c1c0da,user
k6_bidder_105_4,pts_d946927a7569ffb9eb735d9be8f456039f6a3f15919d5f21f5a530f4d81b7ea5,user
k6_bidder_105_5,pts_2ddd1ea1c16a9950f5d0ed9396a75cfbca1e39c4533cfa88b9dd996955e83e35,user
k6_bidder_105_6,pts_ed3ecd3eab3ecd92052e10f7cd7fd5bc4e68f28f4261e6bb3cc81e6f9641fb32,user
k6_bidder_106_0,pts_52e3169055744f279fec14acf104a9dd9dadc7cd0a343f3d7632878f97113736,user
k6_bidder_106_1,pts_7f8b5d4af2f5d4a0f0a92bb45eec9d7e085db97cca1c6a45e99d924178b3a228,user
k6_bidder_106_2,pts_3c9c003e307bf818693b051e42ff9348df8db6cf76d37624a64fc4bb5234c41c,user
k6_bidder_106_3,pts_7d69e782d260936e4323b6d5beaade69988294cbb1b2bc9ce843e311b19fa6d9,user
k6_bidder_106_4,pts_83ecf3771f7ff067ec5539de86ed8975a1fd194ce54fe4bbfb587cf2f5a67620,user
k6_bidder_106_5,pts_de0d8c78bad651c414cf3df3137d39cc33edb6420d24f2f511bd1bc3eccd8df7,user
k6_bidder_106_6,pts_1328f5e101d7b837745ae7bc42de9803d3c8fae85c10caa2bebecd106263f520,user
k6_bidder_107_0,pts_cda5027dd375d83ad88d6ed14748b836e64521d0405ffe188d42a474746e67af,user
k6_bidder_107_1,pts_257f6097808f98bacfd28011b0b023bc2a3356bc5542bf31fa05cebccb495038,user
k6_bidder_107_2,pts_0947db344806e0b4545ef1c83a3963058535830c1779e61726bd88edf5c54a2f,user
k6_bidder_107_3,pts_224d7bd673623cd4723c50293ac2441c0d079239ad7333c7e947d5b2e93d59a4,user
k6_bidder_107_4,pts_4596bae396e86dc66b9f6a81ae5e5976652f343f18a927d3674114aa9a4c5a43,user
k6_bidder_107_5,pts_60322fdf77d5ff6b4072afc59ac1ee0804cf47cb208b333e293c5a5ebd829ac1,user
k6_bidder_107_6,pts_725361b372c2b37f2c8762bf07e932506ceda76444d979bc005809a2c1650937,user
k6_bidder_108_0,pts_e26db24d8a39fa4d0c8d1d9c25e224b80e225c9e0dcf3a44c4c3fe305b04b972,user
k6_bidder_108_1,pts_2549b27bba5ba75187c4fad7899a59d4d12fc2d4473294e8e4e04c9d16d673c7,user
k6_bidder_108_2,pts_6da6cabcce5f8f9ba2b58d0a1e017b8f474aa0b18eeecb9ada509f6047738759,user
k6_bidder_108_3,pts_855d2adef1f0d656157eafe511aee31ea7ee5a3378623e9aca392d9a507c207f,user
k6_bidder_108_4,pts_738cd553a1ae83e05d82c0e3df33ac2e579a682c47c705740a2c77fc900cfaba,user
k6_bidder_108_5,pts_8caa37c30bbedf445b6d82a24d02bb025131b7c9b72a95496d7a917f71e61290,user
k6_bidder_108_6,pts_f386d876b773c5765b486cadebff7c12d892b5ea586ac9f58bb43ac18eab2114,user
k6_bidder_109_0,pts_28551e32a7d37a6312efc5bace6683fd8fc33381336aeee0be69c90c56667174,user
k6_bidder_109_1,pts_88e119146e8fcd279e67368239daa40c3e051d0040cf3c88eb34ba504e387126,user
k6_bidder_109_2,pts_d7e7a45f06230f205dc44b9d15a3467cee03959075698f1cbf74d24f963ec8ab,user
k6_bidder_109_3,pts_f7f489b88b7ae07187f9c5ed18ce00a1ec14386716f623f2a706e076444bc482,user
k6_bidder_109_4,pts_55267d63a3b60270867bf80146512c37c0ddead0d7f361dd85f1f3df55b260a3,user
k6_bidder_109_5,pts_9aca3c7f57ba3932aae5b7e295dd2fcda74b52d197b08a2f5405e36939035f30,user
k6_bidder_109_6,pts_e334980c0aa4776496de544aad23092273d41fa856652a86fb0ac5954bb12ea7,user
k6_bidder_10_0,pts_056ef8b3976a7a72d1979a85e32abc1b877c291536a896af4f562fa902794543,user
k6_bidder_10_1,pts_a57f1f1190c934681717c8cd21b7c121325a1cb2c43958c5c666bb3deefba915,user
k6_bidder_10_2,pts_850914fb5689d9072278fba9ef5bff3bd66dc14921240ae644a4a2d6e6ac8f11,user
k6_bidder_10_3,pts_99f3a8304ffdbe643d645461c85a46aa86990b22c26add6b71fa24341a1dd041,user
k6_bidder_10_4,pts_353d6ac013309ab645c6f6add6c8c51ed8412dae621c92be5f4e67d0cf4ea088,user
k6_bidder_10_5,pts_25f2ce80756b45c1b406201f0c882c41215e3cce049fcf141c32358a12c761c5,user
k6_bidder_10_6,pts_1d9a6aeaa1e62f8aa204fd958af38d4132df9e2976d2a18fafd128ff995c85aa,user
k6_bidder_110_0,pts_81f35a075b8a81f8b411c8055dcd3089e36837d4e9222e8d44d730915eb1fa06,user
k6_bidder_110_1,pts_65e6c79b88d849ee3fcf87e57c5c8d46567b03ffd8e16700fdb7470bb2c6053a,user
k6_bidder_110_2,pts_62718e462d2bc841a43c16feb08c33133dde597800b059704f09df2148de3d1a,user
k6_bidder_110_3,pts_b3120d64126b5fa829d596968e555d4e2e26f926b6520bbc6374e87ff34f4f4d,user
k6_bidder_110_4,pts_230d10563447e3df81b6f145dee86f0267a13f5e6c06227123c337598d3ec746,user
k6_bidder_110_5,pts_2241dfec58b47f8e78b209cc1c4dc1d5403178a62ae57f97b15fda2e7a659cb3,user
k6_bidder_110_6,pts_50bd6e61d44bd47cb45fb06d1fa96b4086f0a5b92ecd054b54f3968815d6e55d,user
k6_bidder_111_0,pts_8c145d043e3746cc937dd6b0581d7a87c985646b948d46ce544a3915a0d9fbf6,user
k6_bidder_111_1,pts_60bf79b9dcb9b2540838079d48f3b186b7bb9e6ecb609f597319a1855b4727f3,user
k6_bidder_111_2,pts_acfb33f5066bbbc663d63f85e916efcccf9e3d0ce91ef310de2f11655cef836f,user
k6_bidder_111_3,pts_1f0480f61094848027f71cf661e8c865b04e88c5bae8361bd554d05b8728c14f,user
k6_bidder_111_4,pts_6e7e9355fb1ba874d9478548f31c5a0f71ab26a9d916d2c938c6623a52b7e9e8,user
k6_bidder_111_5,pts_39de0d7ce8ff35e2e87a7e20c465c7bb59ae19a9d4efc8e7bd1aff5c537229c5,user
k6_bidder_111_6,pts_e7a65b7e4d28c8ecb839f710d153869e985800786aa2f1985e635d7c2e0382b4,user
k6_bidder_112_0,pts_575d35525411659e404b21f1047c7337acd1e7877a5eea102f393b3c83746482,user
k6_bidder_112_1,pts_5ee8840882176ee2e70b3d837bcff282927877b92abf5e0836a8b77b9012d8f0,user
k6_bidder_112_2,pts_45cccead8331038445427bcf4bbbf7e436925be8522fe47810e4e4cbb33ad761,user
k6_bidder_112_3,pts_64b12525dd6fada10b04a3d8e5059d68c43553a68743d399588911b68e18802a,user
k6_bidder_112_4,pts_79d3a01b7d903062eb72ec8c4bf33353db6a1958190a78952f6977c52d869409,user
k6_bidder_112_5,pts_4dcc98f6fa08aa46bfc096fd204dff66a5772afc9c4cc1b2084a29c6aa9d5266,user
k6_bidder_112_6,pts_07da47f0ca39bda85cd0da5d42c40f3332b265b46a29cb8b4635682af4933fde,user
k6_bidder_113_0,pts_4513bcc464b64fe0c2d5340d221622aea3872e1cdf43a867039cedf2b7f67212,user
k6_bidder_113_1,pts_f0d6b3e83055835c216e98541b59602a4e5afb150f1198ed296f8ce031ce770e,user
k6_bidder_113_2,pts_aea6fc957bc6f2dc132b0788ef5e7a0264213a05265ef764661d476dcff94a40,user
k6_bidder_113_3,pts_8652b834369672980d49f7de5666647b7166d0f66a51523e6893716a0beaa74c,user
k6_bidder_113_4,pts_e0e2fe1c16f8108e685264d5ce20a188260a00427382f51cbb2265d7d89cebff,user
k6_bidder_113_5,pts_3f949fbee2f7f72b3e35e891187b12714579bb3a2f04666bb91fece7eb812b07,user
k6_bidder_113_6,pts_c428ade5d3587398b65658e0b7d27e048f2bf51fabcfb52caeb6059ca861e9d0,user
k6_bidder_114_0,pts_d57a4850322f35b2310e886e01867b65ae80efb5e8681ee1d755b36597de2c83,user
k6_bidder_114_1,pts_ed222b77f49eff29f70eee7b61cbbd5b59d3ff9e0df651e2da97a86f656a8281,user
k6_bidder_114_2,pts_f911ed043dbb3702bbcdb8ecd711d3bf13896a9a7934bfbd62b6670c784c6be6,user
k6_bidder_114_3,pts_06a0284e567da05fedc936e5cc7e4f790471f9bf619264e7307cc8d8506c1685,user
k6_bidder_114_4,pts_e408fc9d1f0e8373f33a1ff17589496e934cd6d860d1a7c6e1e85b074b26676c,user
k6_bidder_114_5,pts_d4c234ab14a56a6995bf29ecb46e71cbee7b89f6839db0a5738009b5d5630d19,user
k6_bidder_114_6,pts_299c352e12f2cc41e9a9760725d5383a2ef90c41b39cb72c8d20539dd265c818,user
k6_bidder_115_0,pts_b4483425905dc32c9795591c81b9b0fa8bd1340d8bba4b249689e709cf727cc8,user
k6_bidder_115_1,pts_0d4aaed6f799849c053dda0ff510c9337ebcd2b5779d2fe9ce3e87f6dfc69994,user
k6_bidder_115_2,pts_67d02ac1132569f5b59cc6a47f4069e0fe9f328ce926b4b12fbdf6cc638970c6,user
k6_bidder_115_3,pts_8e7ebf7e7e42d5f6fef6d7bbd2d56adaea3f71a729ff038a84498df30b4b7c4f,user
k6_bidder_115_4,pts_8b5d2e24441fd6ddf398831ef0a915ae7e2638464583216a6cefd55d4890f77e,user
k6_bidder_115_5,pts_0c3849d37d06bb229b1e63c7701f24c4debc86ac8570d2f4fd6c60b9173d2b9d,user
k6_bidder_115_6,pts_545e65223ebac5e6e5cb94011c1574ff2f7ec77ed62d2af8c33ad10eed6607be,user
k6_bidder_116_0,pts_cc8c0b0c54520c815fd381f44501293ce72faaa5295bd15b185fac8a8a71dd23,user
k6_bidder_116_1,pts_10d014571e4b8e6113ee73662d1678ab87d9318bb3954d8537f8a21edd79d268,user
k6_bidder_116_2,pts_69c62d1ccea23300c2e05dd37d29dd64b01a0540d1396d686ee3a8929dfeeed9,user
k6_bidder_116_3,pts_948607339632695d3ba04eafd2181268e9649a3634ed6e040679531c2c1e68d8,user
k6_bidder_116_4,pts_27ca2d905afbe362d52bee350ec4cfcc0d4d99ebd6e1952109004f22be0be420,user
k6_bidder_116_5,pts_83cee522fbc48d3e6f630641bc9a6c4d77d6cff9c03447f9636334bb03bcf10e,user
k6_bidder_116_6,pts_020e147d5197046aff1e24f8a2e05a1fdc75919ab93f7b65ab5b6d003c8142d0,user
k6_bidder_117_0,pts_8d38df906921f58b8a959ab92413a40b1a8022404e73c5af1828af471c840985,user
k6_bidder_117_1,pts_2be0ef88f8f674fc73a08321521b137414103d3e8840d0ee26d0c5235f5221ac,user
k6_bidder_117_2,pts_860ff97ba1bc3644683434ecc8d0a0dad9ff522b3c961e62c0ab880d7332d9a6,user
k6_bidder_117_3,pts_01698b200bc5e536a3e1b3ae9a2067b5017ab597beceb90497caadd4a6405f70,user
k6_bidder_117_4,pts_6a5b9842bb0db13f218de1df171dd2b42c66ac81d5c5d0e28413dfbaf3b3285a,user
k6_bidder_117_5,pts_d15f198efb4b7d756d024e19e435f4c7a55d7494d12dbde3076dd0ea4d2f43fa,user
k6_bidder_117_6,pts_083c3a6a0e425b528443a2f58df5c759cacc2bf81a6a53f89b571b7596654371,user
k6_bidder_118_0,pts_ab4e52876a1d8a0afa1c9a42558d32774913c59a845adc284d829797bc37a473,user
k6_bidder_118_1,pts_033ad199bf9d9f1bf1bd752f5a3a647518cbc847afe37fa3eb6219517de82929,user
k6_bidder_118_2,pts_a51c183ab78aef47946af6a25df93d6e5a6ecd9d54d0e350bd3622d544fa232a,user
k6_bidder_118_3,pts_b8d029cb2e065026208289140528d84ecc1419a85b6a124bf245d79ba981267c,user
k6_bidder_118_4,pts_b8b00b191e3155571080c7bd80730c3fe782954b21314007539e85a0fb5e8437,user
k6_bidder_118_5,pts_dd2f255889cb9f2e0d7d6295f42028c89b8aea997254f226384147599259a427,user
k6_bidder_118_6,pts_5f44ad542af5c1ad863b31778805446e51357d29a68b767af6d3a348ec6208f0,user
k6_bidder_119_0,pts_f302d4e9dbaea2a41a0de09b5262e40318707e8cab2b250784c8a283ed9d1d5a,user
k6_bidder_119_1,pts_d12a667d625560782710561f9d99c359afbb4625cbb2d14006cd233dc6e65fe6,user
k6_bidder_119_2,pts_75679b5e9ba73c9cb3169313a50bab1d18dbd78ce481ab3e44d365b6d8af3770,user
k6_bidder_119_3,pts_b11b349208e2970fde04d25f26be16ffb801407e5f80e3766424e279e1c700b5,user
k6_bidder_119_4,pts_2acd80488b93e110d3e85bc4197e52be93bbb9e242422e50c2e0080f4fa64278,user
k6_bidder_119_5,pts_ae2cefee0f7c4504d2a30916bb7340f323a529b95ec269bed89e375e003ed52c,user
k6_bidder_119_6,pts_b70e409698b8d9b303660ac027c0c5a1f0c13fea7ead8e982c16c643b86da154,user
k6_bidder_11_0,pts_2d5d5bafb1a839112e954f976135944ad9015fe4269ad9afedb086b37f9a1215,user
k6_bidder_11_1,pts_5d175c89bf7e6a7f3aaeefedf4fede6ba3270fb37e6e4c0115fab7162aff6b48,user
k6_bidder_11_2,pts_f0e7173cbea3e947054c31d2ec3865ead480ad80ca358d368345f8cfc3bc7a18,user
k6_bidder_11_3,pts_8bee6601a62e27afa62d2a35918de71130b64490d68579be3437d477878fd219,user
k6_bidder_11_4,pts_8ef279f94f8a71918a3eaf40e7d4e7e3a73040ab1e7de0196c065161f3761499,user
k6_bidder_11_5,pts_fe4ee2432c9122c8d75c40f5c1c14f8f5161beaa26d4c754cc2edbede3e61fd1,user
k6_bidder_11_6,pts_1f0298810816302d2d20d230c169f7e10e1a40374e71d3aa922cb7fce59f36c0,user
k6_bidder_120_0,pts_7c95898f49a0ddfc1a4885794dbc1240527a83f17921de0bb035cee5c5e69f57,user
k6_bidder_120_1,pts_379ab1ea76d2de02a8ac8b3bae584a4365ed15dc4ddc491307283cd862f346a3,user
k6_bidder_120_2,pts_c4d494361afde0302009f89891a08d90404896622824108a803fc049ce2c5870,user
k6_bidder_120_3,pts_ee31a06ca39724cb86eba11e76f859521eb16645f23c3280b058666919fc5d5d,user
k6_bidder_120_4,pts_87c1c0dd24656163f15b276861a546e97397fe4e348ebd8b69b73632bdf79fa4,user
k6_bidder_120_5,pts_2bb9c68a94e28d4d45df72089fd0ff49ae38a4d70e74bf44ae080086fb8ce69d,user
k6_bidder_120_6,pts_079c6273e33ede6fdf66e7b37260ce7c525547b62594a3adef39bbf611b8f8ab,user
k6_bidder_121_0,pts_cab42a80dbda4a70304d533d75b292f019d4596ca50d03e6bff0393fdc7cd518,user
k6_bidder_121_1,pts_a4826c0c65c0ccdd5d7176b6a0c6f065d83fedfd7685949454d3fb7903fc482a,user
k6_bidder_121_2,pts_47e64ccef16b25e266052b42c2c4afedd3809b4f63b72df2f00147fbd145f253,user
k6_bidder_121_3,pts_77caae411ff292c968d8b3a4da3dc2350da60b1c42951adfcd8fd923209b5927,user
k6_bidder_121_4,pts_8eb0eca4182fc53fd199da17c9c9760eaf85fa8f758fe6d22a1217bd2ef16af3,user
k6_bidder_121_5,pts_7b860816c47b7afac344d72701a688e9453de096b583cf6d4e0c68a3bde26ab8,user
k6_bidder_121_6,pts_15eae2d84e5c63e32cafb62bdf108bd10a2e06c53eabafc81a278e2fad9be5c4,user
k6_bidder_122_0,pts_3fc8f364eff7ff5c39617d66ab2a114d9469c7903f6337fb73ea5608416bd894,user
k6_bidder_122_1,pts_b898d0dc39a75b232189fe7be4844a71f97ee10c36c8cc27264f8fc3d6ec7513,user
k6_bidder_122_2,pts_b359c33b9f8d232f3d3e6d6378106dded0df961dfb3719497778baa423f50c3e,user
k6_bidder_122_3,pts_1e57d2b46ed0fbd746abd8f7252988de24e5e7b1c561f83285e14b3917d3dcb0,user
k6_bidder_122_4,pts_0e892d780861e5e03ba949b10f5f1e0cc3618cf2e66c36afa1f83941320bc06c,user
k6_bidder_122_5,pts_576cb2edf1b719170f8a177715a509fe16d06e38f0128dfa3503984ef86802e0,user
k6_bidder_122_6,pts_fb890ebfa76cd8615fb8f5a23ce69f499603c4a9cef68b41a7c9c991619a412e,user
k6_bidder_123_0,pts_bc210305d90e2c79b1476664109bfb43f6c90f4eff7622c7105e1d95a7e4f4d6,user
k6_bidder_123_1,pts_ee60105052192db512264e7177fdab79a6b02642a745fa0ed667293a8b78a090,user
k6_bidder_123_2,pts_cc17659d3c4fd9c8197dc9d2fc10e19b132b3fa53e791fc608e57a023d715979,user
k6_bidder_123_3,pts_a3fbfb029d0b9873788ccf89803a9a782368a2eaaff708d96218c77d02c27b63,user
k6_bidder_123_4,pts_86f9a5fe56504da5b5c8e48a1c8e63b6a2c2fd7b93345c9ac1c7759c66eb29bb,user
k6_bidder_123_5,pts_4740fc5d4ec054dbb31b0253bb2436902461c2f5acdee9e36ec38bc826d56380,user
k6_bidder_123_6,pts_93bbd717fbbcd6ae33424876ab6459443ca31a002657a469d06346f9bcf7ba83,user
k6_bidder_124_0,pts_2dbc1a7c5da15729539312ac05a2cb8b8a2c48e2814ce85e354925d3936498c2,user
k6_bidder_124_1,pts_1f4bb75cc99752019a67c9220e63d87eeab88f56f5eba097616cdf712ab64678,user
k6_bidder_124_2,pts_2386abde246991f67114a520f9c803a3eeba01ae00a550f3650a050f85f862c6,user
k6_bidder_124_3,pts_11ced38541759df6d6ead14f12aaf7eaec64662431d9138a85cd57ecfbb5b420,user
k6_bidder_124_4,pts_d6c8f0aab98478d1c5ed967390bae0e97cea03257a3fd0af989f59ea34de1245,user
k6_bidder_124_5,pts_77200ab521223a9486d34c8e9fa004d26f0221ab6256daaaa269f49058498b22,user
k6_bidder_124_6,pts_5825784267948abf22599d2d72b13ad57f0b7d900f27bb1044e49804d6ac9ce8,user
k6_bidder_125_0,pts_22ce0c99579460df7f676fb5af5bc5eec3f64cf6c50b2d9d39d9093fe7f58abd,user
k6_bidder_125_1,pts_fcb21b3a720ec4727157a83a82cbf8e960fd580957dd57585ff2fbafb81ebf9b,user
k6_bidder_125_2,pts_244aca3d3e887e088e3045d306b4719350174cb8c5a99ba3a7c11988d4b268a2,user
k6_bidder_125_3,pts_7debf47197891031e7382e227456c68da806835d29344afd0f37ac5880490db7,user
k6_bidder_125_4,pts_9bf286705cc2ef28155b6219e907f7bfc8d86372699ec5edf3e51e19e4fd2a34,user
k6_bidder_125_5,pts_a09d0bb438b538f0736ad162c3e634e8c8cc260fea2e9d62c691365ee51a6601,user
k6_bidder_125_6,pts_e3133d6c09978238ee761ae66b09eb30dce69a23ce490fa48ae4a9473a0edc33,user
k6_bidder_126_0,pts_6be14382b036334cc8fcbb9bcd68be1ac2916c7ae1d9235d77bc760f758805fe,user
k6_bidder_126_1,pts_cab7a5242d19da38a5aef15cc7ff19b8c021fa91c9ca15d54aeedf7338aa8a23,user
k6_bidder_126_2,pts_ac04517c33079b25518d74afc6106b77771d9d3f7d644e457a681c2901bce704,user
k6_bidder_126_3,pts_00a80b49fd996a911fb16bab0eb4aed4bab86c29119f73850b2cd2e125bdec1e,user
k6_bidder_126_4,pts_5f4e4543b0d6631817a2d835ac92405fcc6fde5adaf1700b0a1c70d56ac1af3b,user
k6_bidder_126_5,pts_2c5953feb9a2803bf5f50ef95887fd8d7ac5a69e524984e3fcff054bfee425d0,user
k6_bidder_126_6,pts_f8e2e8f7a57eed343c44ddc6bbd1edb6f058646231b7f100d22bcf1ee9ee317f,user
k6_bidder_127_0,pts_0f25ba03eb73aa47569370acf0d26ddf11211c5ee4b715934f841276234e22f8,user
k6_bidder_127_1,pts_48e3a886badd607f7ba31eb2f8b2c718c2aac595c98072ff65cedc932960a408,user
k6_bidder_127_2,pts_e32ecca10343076a31335d53b65c3e0387d9ee2d5e0d3207b581d4339e39c1ae,user
k6_bidder_127_3,pts_f0ae15c670b718635fa1e07fff9d0bd29c9c6ca17821c4f1b90012c096fc62f8,user
k6_bidder_127_4,pts_ea81422fc26b725330fc5e357f93e2f629fe7b6b3a45b83e8379e9c8765aed0c,user
k6_bidder_127_5,pts_49ffcbaa2b0e24ef54c1e4526bee7fc63e113cb030fd7444ac2c04fbb56a15db,user
k6_bidder_127_6,pts_65948936c4a42688ecf87ab5386694d1f4349059251cf99dc0a62cee1f6e0061,user
k6_bidder_128_0,pts_4e4f423eeb3a3c93053fa890a00225b9805f562c98430ce8ca68446b5027b326,user
k6_bidder_128_1,pts_97bfa7bcda2fd72404ebdb663983e2404d355a2e5b32948df69491575517f4d1,user
k6_bidder_128_2,pts_29443857c48f26ebeafa99b758a759bf91d1a743b87d179e75f14d1659bfb0a9,user
k6_bidder_128_3,pts_5b13779df28e0678ec3939441a0081267b9d2eb92da57cf4ec7fde9b008d071c,user
k6_bidder_128_4,pts_c9c983ab39f98f8afa2d49322784abe88e84865516b140c76206cee50b6fba89,user
k6_bidder_128_5,pts_390094ffde70b3413228574af83620f75ca563df977beed6e117a927765f23d7,user
k6_bidder_128_6,pts_5b8478761e717e7a7390825f03f848501117c97e0c888ca31b116c95438ff37b,user
k6_bidder_129_0,pts_bf06a08a9486c641ec6cbaac51d23e2803d6c40a421d45a7e226b7ed6fd5e9f6,user
k6_bidder_129_1,pts_01d22a6f50fb9d1fd485451919aefa92ab3bc04a486af49a33af6434d91d8560,user
k6_bidder_129_2,pts_9c94b6713a03dfedbd270a12c5c25ceb09f2bc8100992b3b7fbf8a4b58e835e3,user
k6_bidder_129_3,pts_07764f8d00266e433f8f9169017a241e426e84156b20f8a346acf597b97b9ffa,user
k6_bidder_129_4,pts_f227646946c732df6760c4ab7db6bed10d3d70ba26c2927cc1786a74fad95aa8,user
k6_bidder_129_5,pts_4c66526a44e9116dbe9e78d5220d17238080c01e84e1ac047afc3a0d696be088,user
k6_bidder_129_6,pts_580ff0d0c29fb2573fc9b658027451ec36b8e4de5becbaa192101ca1f1ca2f7b,user
k6_bidder_12_0,pts_7324dd978d275733bf20626cedbfb884c6087900cefcc22b0ec7635fea881e94,user
k6_bidder_12_1,pts_c2194ddf89e6ccc28f2576cc34d89b566719550a3a0c3e735a8f80cdac44431b,user
k6_bidder_12_2,pts_fbb85d7df6ad484f7ce07e8e6cfb492d6a772e1eb74a203b1d59bfba07a9b5d5,user
k6_bidder_12_3,pts_5056660f29a630d65d7d45cc9348f4083d72b40055054ff9c4a61e2ce12e3746,user
k6_bidder_12_4,pts_386e7fed93d645e7cdc004e10a5b13a802035ecb01ae40883d31463e4591eea6,user
k6_bidder_12_5,pts_ba90662ad6c5feabb9d854cefe46ecfa9c53ce77957ccc66717eecc9ead8d6c2,user
k6_bidder_12_6,pts_a7c6801fd752af3d9259492366e1cb11b3a2378917429d2e670bea890c4d2333,user
k6_bidder_130_0,pts_34c134a1671bd6a662cdbcdc20599bfa9609441e69dde4336e74f4e39cd1ecf2,user
k6_bidder_130_1,pts_bbd2badbc9e60472251acbd2034f2dc3a95c95e8095b0f4e3fa1c60c2a58c051,user
k6_bidder_130_2,pts_4106836abf59490f92508e60bf67736687f1d4e06444d0adf323b7185227abe6,user
k6_bidder_130_3,pts_0a8bb021a772796e7c8d41e1295e86af64cf5ed24f7bf152de4c0eb7e65c81ee,user
k6_bidder_130_4,pts_985dfcbc17893a1eda8c3e22d4b7c9610c2e088d37252da40c03d3f143f94598,user
k6_bidder_130_5,pts_20d816b81394cce2847805c1bc1c98d2627798e5234b124f8c9f32e431243278,user
k6_bidder_130_6,pts_4c576674881f6b527bcbfb4222cd84029b1ad9325eba1d77311aec5035e7237b,user
k6_bidder_131_0,pts_8c4e6f56a04fd767fd92aecd20ac903018c3c814e861b78c237575fb60da3df7,user
k6_bidder_131_1,pts_cf95e0b48d7be092a4d696b44efdcb2bcede381d3aae875375373c919df6398a,user
k6_bidder_131_2,pts_4ed21950f2d5ec46a145da131349d95b1d1aa5b5344c5e0d9d0b0412bc69c629,user
k6_bidder_131_3,pts_a636c3a94860ef64a968f3f1acfdf2d16c14794d8ce8b512b966cf76ba139e6b,user
k6_bidder_131_4,pts_006065561e0cafb7335ed1bd23ee39b558f48ecee7279601af2140d3a30c97c8,user
k6_bidder_131_5,pts_286612964218d3826b0a6aa1273d5315813e0f23c9f0e03d4765344a0eacb9f4,user
k6_bidder_131_6,pts_0da253ebef32cd5f3654e676a87846705e6aba4bc2cf5cc594a22555ae2f0bdf,user
k6_bidder_132_0,pts_7e2be5f60286bf5cadd18aff9446562ae7344f78087836b798893e3c9c51d821,user
k6_bidder_132_1,pts_4a530112395492f0b62631338fb268761dcf0e3ba5406c9cc3412d9d69804201,user
k6_bidder_132_2,pts_5dc92a0d8ad2b3bb011db0b14a8048b6b83124e0a3a036f4314778bcc33ec673,user
k6_bidder_132_3,pts_f9de1d4d3c5ed5781fbcd6ae3e1885e72fc1661aea1c227f15611d075c21d21f,user
k6_bidder_132_4,pts_a1d6432d1194986f3e76b0af5222d30a28ac54b41b2587bb4a881f2b2fa8abfd,user
k6_bidder_132_5,pts_f55aa45f860eef0f23def8ae9c08345433afd672ece79b849f6005205146b468,user
k6_bidder_132_6,pts_4d90afd04581d4d1e11cd61946d960b7833477fcd1bc3b5a91fe8bddc5039334,user
k6_bidder_133_0,pts_00f89003029dc2c36fa8398ce139b1298d4079be177864c546eb91397c1f7393,user
k6_bidder_133_1,pts_23c43f478d34b0f80ea8ae3811d8df84cb8bcee725cef94eb51b4f66f3d988c4,user
k6_bidder_133_2,pts_c9dcf17c5d56d3fba69b61cc3bd5e895698658d61ccdf5261ec4b12fe4276783,user
k6_bidder_133_3,pts_c4f58fc6d204216d4092fcd4e7583848f3891c0faec9baacd23c1eb9329ba6a1,user
k6_bidder_133_4,pts_66ee0a7b2471fbe347d8bbafcc88f529f72e07dde39e6c98e9a25621e33f19e6,user
k6_bidder_133_5,pts_0e52ae96c2b03652134569c300e64e935d568e8ecca5950b9500899f310ec8fe,user
k6_bidder_133_6,pts_9344e98c5bd95d66c11d2e4f6ddfb39fbd17452e54b353e1063c8a247acb7a17,user
k6_bidder_134_0,pts_138375ca76fd292a28d6e0fc9d549dd352bb71017bfbc77df7c53b01605436f9,user
k6_bidder_134_1,pts_bb4c1ea11cb716ff08be65bbf3b95448e0d004916fac250ebe78825c8bd5fc32,user
k6_bidder_134_2,pts_2cdec5cc0a5616899a505ace7f0f1482fc11bdbd57c85d98f1a85a1a7f930092,user
k6_bidder_134_3,pts_e65af6406baff80e282b434c89ea852a029751eaf16141df028ff7e4ab936178,user
k6_bidder_134_4,pts_97f95a3ca5bf64cd1b1abb30a60aebffc207c5651ccee839fdf0c40e7fa1aa2f,user
k6_bidder_134_5,pts_ddc590cb685047a26bd8b5efbf4444dec1300bc49edbdd0181cfb80114dbfec3,user
k6_bidder_134_6,pts_91610b6ab3fb1d83400941dcce0f490aee118cf89f40151625323c6d37a11938,user
k6_bidder_135_0,pts_339efa97f4e7757b7308cf92118646f3634df66483fa2ec4baba97d150289c7e,user
k6_bidder_135_1,pts_51191d8a8cead779f3c11eca9a987c466551f286b0df68303218d47d36878707,user
k6_bidder_135_2,pts_df5346d26a4a2150d8df990d19995b1031d3d05aee70802a8daa9f422fd1018c,user
k6_bidder_135_3,pts_989c2ea4152393149ac39fea72e1d9cea88e102f3c5ef619f814547199f27d14,user
k6_bidder_135_4,pts_deeb7b73798e89b4c6b02bd4d33068a08eaadf9ff9ceff9cdb1cc63dcd4bbab0,user
k6_bidder_135_5,pts_c8c348f4049ecef2516e249882657949ed4c2fe4c2e708a2b062aa49e2f7a1f8,user
k6_bidder_135_6,pts_5453ea263e2ee1c8978f580fcdb530cf64a96d98539977236b132a3ee406ffaa,user
k6_bidder_136_0,pts_c7c417582f31df2c2effb0152216f6a86d7395cdc3fb9085f195170ff7c73e18,user
k6_bidder_136_1,pts_afea1d6c6aacdc2964f9aec0986f90520796ed9eefaf60f0c6fa67dd7cfdde83,user
k6_bidder_136_2,pts_48f616a0a38c62339f4cd95710dbc9c6e45e447eeefa3cb6d730c7ac1baa4b4b,user
k6_bidder_136_3,pts_e0e97cf4b1c63b04be731a4c3a0e4ef7850b90bc7846b1a72148c970fa8576d2,user
k6_bidder_136_4,pts_90c4d6941ea41b1c5c16633a1553cef5f56143312215530092a6d9f991597410,user
k6_bidder_136_5,pts_80524001c3e4ead2949341d87799a974e5a5c985ac80966a03ec309b84b168e1,user
k6_bidder_136_6,pts_0c081d49b8545a04a552574ca21ab5ece8d017b718f539e1896c14152c4532a0,user
k6_bidder_137_0,pts_a7c0e5b28a0954a9fffda3b5508a7f19881013cf966bb7a6f267b206843ac4db,user
k6_bidder_137_1,pts_d8c4ec6a11850f9bfbc20881037facd16d961428fa07372ded4291ce55c8b7c6,user
k6_bidder_137_2,pts_5d42386193771daee09ea1f7d5fd293b2404a15fe506ec3b7e2b9c135f82bb38,user
k6_bidder_137_3,pts_feae18bf221af90691c04df22bd27666e5541970b28df4cb05c2189d17443adf,user
k6_bidder_137_4,pts_f589faac88c97f6e11567d5c22ec3bfe7be53ff02b7992950ff1decf8548d090,user
k6_bidder_137_5,pts_cf84625337de8832925af0c9b22982e2bdf629e55abbed4513df8dec823c307d,user
k6_bidder_137_6,pts_10f67b0ea3d88356463d5cdc48d38008f147207a828347d1671bbe8c866a8108,user
k6_bidder_138_0,pts_21076d20084e9473abed5fb4c7cd167b211f9c1dfd5e4d41e11ccb57f8e08eb1,user
k6_bidder_138_1,pts_b1d40248c8e4718668d2625717dd607f51ac2ed471682a6df983bb4f08d2439c,user
k6_bidder_138_2,pts_dc13b62444cd91cdeb6e494061b9982d73c3d81e242cf73c1ac18065ecbbcfcb,user
k6_bidder_138_3,pts_02e0beb22b683482d692b730e03bd407a8c55133f8fa56c3bdcee40ca704d2b6,user
k6_bidder_138_4,pts_eba84d041e68f7249f833768486f639d4990fa0760e8507960e4b60004a1cff9,user
k6_bidder_138_5,pts_f544d465e2de1e10f4041a0e5fcfeeff5897c7be20ec28c556956e9d31d87fb8,user
k6_bidder_138_6,pts_87220b0a9f6f7505aee21dbbabf9ba8bec71861e42770e370ef0b3aa64ec145f,user
k6_bidder_139_0,pts_53843615c0447895892c9ccfb375434a99983f6162f45fc6e0cd9708354b6602,user
k6_bidder_139_1,pts_16dddd85cb2b5b473005cd2cf15303cfe77edf69f92c441a3d88db6e21971caa,user
k6_bidder_139_2,pts_b167cbc7e9d144f768de73263746ccfd8805794257412a8920cac03b627581b2,user
k6_bidder_139_3,pts_1e10ecd1aef0fed0821f2ac734177cfbada27ae7f8719b41140e7c4433608dd0,user
k6_bidder_139_4,pts_a4c3ceda823d27f0acc08d78f2ff4e9d614616ca72fa0282f9a26bbbaa85262f,user
k6_bidder_139_5,pts_a1bbb5e47b4edf709f8825ebf4291ff46ad92f86c3caa5b1b277e39fb64c7e5b,user
k6_bidder_139_6,pts_e7c702dbc54381e4837662b9cc0a48004d90c29a87632b59f7f07aa063be9810,user
k6_bidder_13_0,pts_8bebb7ef1863ed61d6e681dbfcc055961d352e99d66adf7f590acaae3f1d12dc,user
k6_bidder_13_1,pts_f8244520ed1dabecdb507625a47941286bd049e28d36f2142a09a70df6b5b710,user
k6_bidder_13_2,pts_b9fc90eca73a3d0437c2077c8c1cb0534f2c9b008eeaa4524e4c2c31dbf0a493,user
k6_bidder_13_3,pts_292dda558972293b8d6932e1d6750b5395e17d7aa5424cacaa3d392187329b8c,user
k6_bidder_13_4,pts_2bf856f188c3fb0bde2f6abce66661cf8409a5f1331809625cf5bdd963263926,user
k6_bidder_13_5,pts_f0309e09631bf9b49836299faad1e261364168d8fd88d4a13fea8367983d593f,user
k6_bidder_13_6,pts_396c334559569f592d64cbd02cedafc41a1d74b3bf30dc788b7bf23d82fcf0a4,user
k6_bidder_140_0,pts_0487c1757732d481a2ae7037cbf08249fa9f7603433a651411ea7aea7e7fc210,user
k6_bidder_140_1,pts_bcb8f7d3c1c7ef3bd6bd7970523a02a2453fad229189c49c1d0146f29ddf7f56,user
k6_bidder_140_2,pts_94b83eff53cca3879d5a2a6fd097d9983956a0a17ff31148b91aa753759a7e08,user
k6_bidder_140_3,pts_77446c60f8d8bb2a831119e6257f84e913f7de9e720e77b1d1da67af4760a614,user
k6_bidder_140_4,pts_67655763e55b3aec6146a46b7ce8be5bf11731e36ea2b1fc52181683908b8f32,user
k6_bidder_140_5,pts_5de9e7e3f99e10b5cbea4f0b137e990dd9055c913c1da0bb7418ac67b915f43d,user
k6_bidder_140_6,pts_596ec0711ade19b871a535ac48efd34275463c38720e332bf9e2cef074fc0bb6,user
k6_bidder_141_0,pts_247606c510c4c24e762243225106057678344607979888007a53708d74d2f7cc,user
k6_bidder_141_1,pts_2378b0f016e516899033af22b9869b56ea34efb679a17e86450840c1078102b8,user
k6_bidder_141_2,pts_4ebad9fcf20026cb1c3b2c954d10f67d335513dc04e36feba35ee555f46341c8,user
k6_bidder_141_3,pts_c884ecbe53e301caab9da25841dae9fad17595743f51f1ac828bedb1e8ed9362,user
k6_bidder_141_4,pts_0b4016b6af7f96d457ac5ab4e2ff01e20234e358687240d42d598f727b8bc232,user
k6_bidder_141_5,pts_533080a250de7ea5793a0c26f662cf2e7e52461e795c7541fac90211b2d39c76,user
k6_bidder_141_6,pts_b53301070f4c9d1de95a427bceded7114316f280c11381e83a4bcc6c43dbb136,user
k6_bidder_142_0,pts_2da84537196c67723a4f975004ccecb8c7d182e5e86f46058600beb1a956dff6,user
k6_bidder_142_1,pts_05d2bba0f78d30599033379f44fef51c8041b9d48ad1a45bd364c20c769aee0f,user
k6_bidder_142_2,pts_062bac8f0f9e4190521a743930b4ff4d4ce4623cb549ec0055199558a3db31ae,user
k6_bidder_142_3,pts_18cb259b11e09a45e1c7c441186388c396c1aa287d71b4919e85f50fa26e0b44,user
k6_bidder_142_4,pts_b46f8c04ed476986971bfe2527dbe3d4bb37da14fb88e01b11b686a3b3a50c48,user
k6_bidder_142_5,pts_7f43fcfed883c1c448d937a135a6f5a063a0b40718d1b51ccdbc9abdb8a33c0f,user
k6_bidder_142_6,pts_c6240232353657abc5f54b798973a8b3430122d2815858c3e138762a3700e032,user
k6_bidder_143_0,pts_3c9c5f9d7b14f3d623c91e9c9d8c252f956d41e02d449caf603c1b0b095b5cb8,user
k6_bidder_143_1,pts_7b3c25a3fdf6c7314d8fc263b2917410e6970ffad442112f93f7c7f3e1c6e0f8,user
k6_bidder_143_2,pts_e6972c7c222b4a8cc2df5abe2abf4f3d7156f358710cd1e98919b522615fff48,user
k6_bidder_143_3,pts_748d95160194eaab5c357259901cdccac5d93d639bcf9037e59fcf8a430e703a,user
k6_bidder_143_4,pts_c5ff3b41ae7728cc1be73c4dccadafa5ab4ca5613c3c693a9ed54ee72df7df7d,user
k6_bidder_143_5,pts_4cf77adf18d5f390713691224eccd032c43d96aa0f4987737563676a258116f1,user
k6_bidder_143_6,pts_e92311a3fe3d4d5151dcb3a6d1d5db5defd738570fba2263a2a5e5cb518a55b7,user
k6_bidder_144_0,pts_e6bd98b468cd11cb8d3b12f8bd3e8c3c260896976a31ad7f18032c22e95256e7,user
k6_bidder_144_1,pts_36152f2a95d84b036a63842512af6f02fccc7bc39c326922a959678177187024,user
k6_bidder_144_2,pts_66d4e5454299da12d656874b6c8eb342ee276f67f440bc5a1a39ecb83118e593,user
k6_bidder_144_3,pts_961240a16e4f720d75441662942bfccd9ddfcf8c032cd59fd71e0fcc1dc3f9f9,user
k6_bidder_144_4,pts_cf95f3bae83a5507e8ca66b00c35bf39185d639ed9a9b2ca3a82219233a95a90,user
k6_bidder_144_5,pts_73aa04b6c46caa3124e843a8eb277ff9c41d5b3933fa35cbd4472ab8520ba0f4,user
k6_bidder_144_6,pts_e54403ff6572a2a9024fc90131b737eaca0494dac4870a3fe84b30e8f42bc945,user
k6_bidder_145_0,pts_3f3648af6925683bd0eb0c16884be6109f424b2e67c5d34cfe6b5041051f6ab2,user
k6_bidder_145_1,pts_14a56e3fd75fd769d28f94ce0f6605448c57e4fa29445c554b7a7b39ec86497f,user
k6_bidder_145_2,pts_dc1ae89c99155492fe435bd81c3e6054b9f2092fedb3b13c6df06a479f8b1e73,user
k6_bidder_145_3,pts_8d5fa7336375b387bd7b3a81298aa40a4cbda05aa3d033e3e80cb2a67490a575,user
k6_bidder_145_4,pts_ba6c2a478a63519c37d4bb4fb9b955ecbd003da4c42a8d3b9e840c6569f67c8a,user
k6_bidder_145_5,pts_d12aa166914759d585386ca4ab3e153ca4a03dc6eba1cee237295a5e777e320e,user
k6_bidder_145_6,pts_af7145a4b76ff0d01ca77bc6860116579188b5a5c19c4977a91f53c16b98dfe9,user
k6_bidder_146_0,pts_907c643d0fd8183419ddd37eb9219df513d133cc3d68d11571baf5521f35fa85,user
k6_bidder_146_1,pts_8e94817f20091c9b604fdfa8ff77bb0379192c9cd9f968fb7bb8e65b3430606e,user
k6_bidder_146_2,pts_9992f2c4694fbebdfce49f05ff639cd45433c06131db62babdb011e05846cd25,user
k6_bidder_146_3,pts_3d9766177db172f32c76d78a9bdf0d2b4b75024de9613b36239b86ff849fdfca,user
k6_bidder_146_4,pts_e3d3252585214485d8c5b7a23f850160c668998739d6653f79f2d0d4fb2b6633,user
k6_bidder_146_5,pts_3db2de1ee5218d3dea356ec44d0d24e4d77f56ad0dd3d48f7ff40408806ade12,user
k6_bidder_146_6,pts_171d9c1944fae86f7dfe1aeb6e741fed02375b5177f8940acfbcda728a1c3e5d,user
k6_bidder_147_0,pts_fe5055b8424ee6fb0487866af8ff644448629ff44beaaaf5cb967c14324ce607,user
k6_bidder_147_1,pts_8c7c1e219a7844f83d9e605c4b4b29772e45a52f306d5c1937ebf86055dabd6d,user
k6_bidder_147_2,pts_e260a7be7f9a0747dce1bb0c0cc3164a6556c17de7b9bd2851f105b149f28c16,user
k6_bidder_147_3,pts_14d37d7327e7aeda960c4e69d82560e5fc71f688e1150916cf106f1d549fb7e0,user
k6_bidder_147_4,pts_03bc11c944d1ce16a2b92ef9781b766b78f5a24aa7428ffaa8af74c1ab10f617,user
k6_bidder_147_5,pts_0d5a2d764d34984d70ae7daca5f71a02f8b27165a145765c9b45b2656a1f62d7,user
k6_bidder_147_6,pts_403ef5a2ea15a2e093e5ff848aa353165c99e5b89c69120256209d4b6686a264,user
k6_bidder_148_0,pts_9aa8e1a29cc804ba9f9835f525fc23321b9b60a295c4d5b73b5802c16d4f8f09,user
k6_bidder_148_1,pts_670263d1d7e2deac11e5da4fde6e32efdcceba01e51908994efdc76ce3ad5559,user
k6_bidder_148_2,pts_0cd07c58b8e5b60036fc2d7e91c22d3c3f40ed6b724e3d0490eb252ee30b4ecf,user
k6_bidder_148_3,pts_69bbda8d6ae584094ec9d6193008d5467f833d9b52eb814c4649cee9d9848764,user
k6_bidder_148_4,pts_8f76f4ef1be4c466282b7265549dca9de26c53727d56f9d2b25c3ff107fa5fb3,user
k6_bidder_148_5,pts_a4f4ef835d9646f7440a65e40d1cf0c42beaf626089372d7c86513ede3b8d683,user
k6_bidder_148_6,pts_796c77e975687afd94ae072e1bca0127ddf9364615e8e47548b386fdc7bab343,user
k6_bidder_149_0,pts_f68da8924b482ebb4cd74399306e97a1d98751a7f11da9805caf8bb2fa2fbe19,user
k6_bidder_149_1,pts_132b8125293ee4d1f9f9f1490299a7deaf674f7248cd40d01c5f22d7282ee36d,user
k6_bidder_149_2,pts_40964fbbbe48c1aa19d3ae08873f30e84129440e43848e74648955256c29c4b2,user
k6_bidder_149_3,pts_1dff8d9d37e0b7eb042572072b1947ff1eaab0a966abf0adbc45b5d69a013d3b,user
k6_bidder_149_4,pts_64c5f34195639b2d4f58626062305123d70a0feeaea2c2a330db12b72d7f5770,user
k6_bidder_149_5,pts_7cbd2ce2823ede35bbd95df2d46249d3b7c4a6b586a7565121a9bc06908cd53e,user
k6_bidder_149_6,pts_4f7ae6bc1a4f5dac642c091a8a49667306d212c532000b2718b74fda4c5fab3c,user
k6_bidder_14_0,pts_34aad35a98ca0f809f009e1c67bc648ba6c8eabd5a3c423af87cbb447a4dcb0c,user
k6_bidder_14_1,pts_14ee158010c0ccbb4b43dc6df4785ccdcfc505e5c8ac6d06dfccff8f778a8b5a,user
k6_bidder_14_2,pts_dea5a921d75ca209df5293710b37ebcdc784b8d0f7819ab247d8b4af0a288bd5,user
k6_bidder_14_3,pts_f5a4cb1a72196cd414c8264cfc32cd651111772f8f3f1a385c2dc377295d9bf3,user
k6_bidder_14_4,pts_18a8853db337ddac7a987be11515378d62d0a69d8ec14e68796e1a1c77160173,user
k6_bidder_14_5,pts_820ceb0e0357a9cf44e3a5df8d57fee36d34215f1c0842f526acec2604d20ae2,user
k6_bidder_14_6,pts_7d9f1773e7982ca562b6707dc8c02b1eb55a467c4c63e73012eb934ddba971bd,user
k6_bidder_150_0,pts_82464c46305ebcb68729c1b7919e4c8dcf07a289d124c8a06a0745bb81e7c1c0,user
k6_bidder_150_1,pts_ba23e334dca42e0d827a38d3fac7c708fe14a567e170858c55c1d48daca3d2f5,user
k6_bidder_150_2,pts_c60eece28f810c87b1fe550dc888c4fb8495a74d4bb61c792e299f9e46168391,user
k6_bidder_150_3,pts_9f2c30250b985c6775156753464eaae07b4e7616d625fc49dc25754989068651,user
k6_bidder_150_4,pts_256a3dddb18555a600b7af3559f1c8b8987430aa741be69d9f7e75da6af2f6a1,user
k6_bidder_150_5,pts_f57f18e38e37ab8c8ea9a44b376efba8406d6a28d3e99b429e5ca5a957069440,user
k6_bidder_150_6,pts_54a1b2a66df2d678faaef8f06dc267907d961e8816a52983e4d2f0a65fd1cb9e,user
k6_bidder_151_0,pts_c24626de2f229cea8eafe2c6af33ad4fde11487591d206fb3f7540482c1e458d,user
k6_bidder_151_1,pts_4998e760d6c40c4dbab72c51024e1273ad6186c5e703859bfdad76b418f54e05,user
k6_bidder_151_2,pts_88776cab5182510ab709f84fc0d73241112025da29ec8e127cbd66c88714ed51,user
k6_bidder_151_3,pts_47d6ed0e2b4e75c7cb81a689ff4b13bccac0c886bafe096053820abe59d0339d,user
k6_bidder_151_4,pts_6179f8725ab482f5bec5d677e32add03d425d839406386532c92c69ece5690a4,user
k6_bidder_151_5,pts_e9d7c5b4165c04318b565fc115cba8f68a822c3b5cdcbcd065debfc3ef33b7bb,user
k6_bidder_151_6,pts_98052fd3a6d983036e4167fcf88a2861d725294bd6507cd7eb26e662a8047479,user
k6_bidder_152_0,pts_26ac0874dbac61ba99b7e99c7259fdc7b26ea463ddda232bdde1bb1e653d664c,user
k6_bidder_152_1,pts_762d3a5570644e81fa6244506e005c90eb5c118861bbfebeb67f5b8af3052338,user
k6_bidder_152_2,pts_59167c6d6a1dea27daeb089d97e7e967b77d2b0b47538698463124595cdb1886,user
k6_bidder_152_3,pts_ceb6f60509e4f6ff48b990734b0380cd41c543bf6209d34658a46f8124b23aa5,user
k6_bidder_152_4,pts_ecbc19a689a3f0c3628ed1c52452326a60306390748bedaf2099950a7183fb02,user
k6_bidder_152_5,pts_a1aa5cceb920ecf4c9081c3983062d1df0dc46599ab19d8372c15d3407c4304a,user
k6_bidder_152_6,pts_5afb008841f52697ddf9c171231256c3e175c20edb1c9c01d06621b92a63c87a,user
k6_bidder_153_0,pts_309b5d5932f012e67e0edcc86ad162e7421ccbe98e2aee90b1691e1fcf9f5696,user
k6_bidder_153_1,pts_0e906fd0884975933689f5433599835f12f82f00c6c097b33c116b27f368b492,user
k6_bidder_153_2,pts_0b1d3202612a4980d16de8a260d2c9265f9603e97a0222b9f2db75ba3b3b5fd7,user
k6_bidder_153_3,pts_d7027bb3764c4ce0a942e24d76be341320050e41114d70c352c58834b0792f1a,user
k6_bidder_153_4,pts_ca394e24a28a4f393c0ae903cf29263f71d7a552adfad97d90b0f576945a5f5e,user
k6_bidder_153_5,pts_ace04090e7fbd9359a94c17e62f7de73deffd6bdd5a3ed0bde2445cb35162299,user
k6_bidder_153_6,pts_f89c5fee1611c667023a3514c4baf5676a3503614935481f9da6803caf69ce30,user
k6_bidder_154_0,pts_afd3b6e5ef743fa650485b0cb44233a6ac2919764c0536d822b766074ce2f849,user
k6_bidder_154_1,pts_b41fd2166163d4bbaf99149402e1afd139b631ca26d4f7846fa6890c82cbceec,user
k6_bidder_154_2,pts_385f4b79e33fda8121ddf4fd7f5d8ada2226673ca2e1e209abc918c03226a866,user
k6_bidder_154_3,pts_7aaa187228f0b4305988b361df2219b549d6f21beff87fb74f221cca81543ba2,user
k6_bidder_154_4,pts_497fd5f834d38c42bb88491443bfc160fa0e6c31f4979887b8b232282f3b0783,user
k6_bidder_154_5,pts_1d2055e926b543e5e87871772e37ad4f5de2ee223c8518a8ae6428b9c6f2b017,user
k6_bidder_154_6,pts_a24a1697b7cd6e0e7ed0e7913e6c81c7a83a413ebb84d7f69e87ce3122732141,user
k6_bidder_155_0,pts_95d2b7991afbb5d092e09686d2eb8ce174fdd0a2815a28338d459acb1b89d3a5,user
k6_bidder_155_1,pts_891c3470625e21a0ef0817b1ce20d3ee07f4956d0f4aaca4baf66b902cb8ef72,user
k6_bidder_155_2,pts_962288715958968f130175edc710706f71fe85aefb9d4802a7a3bec227970073,user
k6_bidder_155_3,pts_4cd5617daebe361132559ea56f8218ecf3e14ed37ffb36c198275c015f40329b,user
k6_bidder_155_4,pts_5f1d815b91cc0d08e4f1f183eeaa28c2ab9bf05fe6fe336992e912c5d239992a,user
k6_bidder_155_5,pts_8074bbbc1554edf943a413ec8ee9562c037c828fe62e6a7d08158f2d427c4b39,user
k6_bidder_155_6,pts_93c3e6737f39ad0af97c1359a5c20b7cc3183aacc3503257800569c4b8df9b42,user
k6_bidder_156_0,pts_261373f489f054ace64a91111aebb09ed5d96121dc8ef8a88b991bd8665dcbfe,user
k6_bidder_156_1,pts_0f8407a0dd626e6595bbbf8f22970f651726e943d83836ae0d8c6e29faaf30c8,user
k6_bidder_156_2,pts_7e1a7bb701b2246543f8e78cd3f87a90fcf0da8952268b05b57d86bcbffe45da,user
k6_bidder_156_3,pts_86c6cdf4160941a500c514c4cb3fa8ea172d2367c31a7ec89bcfa3f78154a381,user
k6_bidder_156_4,pts_90ff7dcf06651dc67bcfdbe8ca841769cec84d42d61ea63090448a631f7ede04,user
k6_bidder_156_5,pts_76a382f7dd0747aee7cab1efc974c28a7722b9a65d6a9de305bdea10de326882,user
k6_bidder_156_6,pts_f67bac990b14f91b64bd81738320eb95cf9a78f68172750b5cb024ab8b591c8b,user
k6_bidder_157_0,pts_6b3cc64a31cdb38a5a23c2d8b7def9936d0b7a43a28b3247df003316ec50213a,user
k6_bidder_157_1,pts_3c5164140b98b5769d50101063c5c2605265a7f2751387879960f436ce3e5915,user
k6_bidder_157_2,pts_df377c2c94a2b8d121cda57d54ae1c3678b2171664cd720a92686860205100df,user
k6_bidder_157_3,pts_919952ee617f11387a5356c6d37a7ee9f49aeeda649a935a5d58f31a5c8083b1,user
k6_bidder_157_4,pts_15179c901e1bd80a9c522b2e12127c18de4ca0fa0b4d459de748b8b1a9f20765,user
k6_bidder_157_5,pts_26b3b4744e1eb4e3f7331a256783ead3928a304a84002c771ba84b824eef7893,user
k6_bidder_157_6,pts_71fe36700eedb53b8c091296e28cc9f6ea70e5ec56d78651301e6ff3bab0d877,user
k6_bidder_158_0,pts_304e6cddeb51ff8c4d5a93bb30229dc16eff1ebea3fc25602f597f641a87cc04,user
k6_bidder_158_1,pts_4a94900c2b7fd70643cbb72cdb6e506a9b3f7637cc693a0ca6eae06a2b1dda67,user
k6_bidder_158_2,pts_c8f5789f3ea88b9c5badceb8ae52aa51027a33cfd8c31a614546be300b5eef3a,user
k6_bidder_158_3,pts_f534f0ed94bd7df4ec65ce452b88de104ae54cf2cea2f21e37a0880b46689520,user
k6_bidder_158_4,pts_7cf3bb587837604e74a361144ee8d3795eea592aae781ddd4eb0849f737858bd,user
k6_bidder_158_5,pts_368b03c1c68592c9c1939f21261f972667a8c60ff045a33d20501d790fcd6785,user
k6_bidder_158_6,pts_036d17678caf16f1bb326b04c5e48e23eb356f0097877df7a43502ac2b52bcfc,user
k6_bidder_159_0,pts_6fa9ede10a705779fd7278f8bdda47ce5bb8f6ad2beccc97729c29195b3085dc,user
k6_bidder_159_1,pts_da374d16895ab78811a18cda452be736257aad746405e09453e552496e00e779,user
k6_bidder_159_2,pts_6a6ead632da31e61c1223716f32c3737811fcd3195681d04705df89ae91557c7,user
k6_bidder_159_3,pts_95513d711cc8a1e79c81e044eaa589eb61bf1c9e343f3a1f75a44c208a1f0962,user
k6_bidder_159_4,pts_7e89d33ff2ebe7af1ebc444b891d5fc1e07a39702bff4262d4ad42e9f2e70ef7,user
k6_bidder_159_5,pts_923a1f6477d92ad66a968a140aa19f7bed46d183d33ba914f78c11a838ef66ea,user
k6_bidder_159_6,pts_c3d63fb5b485ab5fde5ddbbdf2279131df39ec5b19a5279599991898ecc5e1c3,user
k6_bidder_15_0,pts_5b5119ecff5d2983bd28e5db9c3f9a71a7b80d18b252dd1444d15cbbb72e355d,user
k6_bidder_15_1,pts_def75f01653d56d1f0f348140cd79a6c67b54eed2af427c2b8df8e5cc236e816,user
k6_bidder_15_2,pts_ef905ee6cbef87ce6cb3faad4835d552f0a5f0432739015e166d326aaa295f77,user
k6_bidder_15_3,pts_1c5a64649e9e2d0c9746722000f14019d24db63eb6b3560283534f768265e337,user
k6_bidder_15_4,pts_162351b0acab5e05632aff1b38258f10b8c77f453b11475835c5211cd2369363,user
k6_bidder_15_5,pts_ee05001fda459dbd0acf96ea637eb69193107ac9f3098df533e46449d58c7cef,user
k6_bidder_15_6,pts_94b543b18c6a66e4ca0be9e81473e6377277519dd739e33d98a42b78f82e5602,user
k6_bidder_160_0,pts_a9336a454efc630fcf59c33e67792c846ec3adee5deb97ae0d2d9ee24e921171,user
k6_bidder_160_1,pts_acf31a7abc858fc45162de14f022bdfbdcf313370b14624c8e0c7557e8e9282a,user
k6_bidder_160_2,pts_440d61935fd0928fd06e044cd00556bdb9401af937a7f9eba0f21d4b3e7973a5,user
k6_bidder_160_3,pts_04749c34c5eadcff6811d439d8a3cfa4f3babfcf81d24a0c55d2930182152ce8,user
k6_bidder_160_4,pts_94f09a6931ba6aab96f2169306895a20d9502e0391192dbff622573e52b1e27c,user
k6_bidder_160_5,pts_2f5900f7dd29551c7af44b4cf15b5062372ec38ba209f954cea3bb9f91fe5e94,user
k6_bidder_160_6,pts_b7ebab38fa7a9070f5889fe9f1d4ecb8cb1555c561a139d6505b324a9a74aeac,user
k6_bidder_161_0,pts_864172a495eb8274f48b087dea957e2ba81540f902ba1d28e0fad00162bfa7b8,user
k6_bidder_161_1,pts_4989eabbe6803729f7d2cceb5441d6782e1217f52049445f49797454219ba7d9,user
k6_bidder_161_2,pts_87b703b9bf06db470c9bf26c4502d6525b84baa2ff94fc5e2506003ee738ccc8,user
k6_bidder_161_3,pts_14cb9f92fac47c5b1c7e833e3b3f3bfacc0b115bbd20fef3def7170c2f777fd4,user
k6_bidder_161_4,pts_c58d32304a39008ee81580a53f091b78f2f310cbf555d5b89ebec85940f21f1e,user
k6_bidder_161_5,pts_f4b89e3c741377e82f07778da9ff8df4bf2489e237f7ffc1a07b899392e9453b,user
k6_bidder_161_6,pts_90edbc76aa1ed64b03379e304407ebf43da11d3275bddd3e560de6e747e7785e,user
k6_bidder_162_0,pts_e968e1f86064b834b30efc5fae0bf8919430cd7e9dda41cafc9d571e40825308,user
k6_bidder_162_1,pts_734f11dc8ed854c833a577cc21b221d28aadb7f80a5520bb2f87bbb8cc3db2fd,user
k6_bidder_162_2,pts_a797827cdeddb1a4dcead267887f93ef8aac5318437d61f2f2dd56ff26c1a173,user
k6_bidder_162_3,pts_766368db5a0b4b8aea01b14bf2b8c33b033a8079b39fa4e89404b01f3fd7c53b,user
k6_bidder_162_4,pts_b19d644ad5200a3fec04a26d4b7544f3f8da72acfa7b22a62d0a057946d24946,user
k6_bidder_162_5,pts_be4b33ce6b86da66ef712ad5f7b47c45196da866831c4b2b7dd1726b95c78d2c,user
k6_bidder_162_6,pts_7b431a5d2f8d9333dec36e325d755c52ef113d8a3c0e7eca90a6337a5b7afb98,user
k6_bidder_163_0,pts_a5a29fadf8cf28d034a48d5ece799006ec103fee96c74b9559303ca688885620,user
k6_bidder_163_1,pts_55b780929c667cbcb5b8a5a5818507d91c89a32ca677c8deb9e7e3bb12ec35d8,user
k6_bidder_163_2,pts_e1bfcfd278d2941ce373a7ed828c07be8a3ce4393e316222239c11ffad9e50b9,user
k6_bidder_163_3,pts_f5fc125f48315377129cd93f10f4bc8f7a6ad20383de56074d07287a5a566dc4,user
k6_bidder_163_4,pts_21df4f884d7152bb2ad18b45ab9c60dccbe8e1bc60f3cbfb529f83cf89320a1d,user
k6_bidder_163_5,pts_af1893928490756a9752ffdef792ce317d061082c3b21d0688e7e34ab1f82f66,user
k6_bidder_163_6,pts_d2dffdb445c64e7cca232bf5032ee604eab4f4207270f9afff4c7fc08bddc7d4,user
k6_bidder_164_0,pts_42f4394fde568447b199481879592ada7ba01d599f88d2ad77b111888e2d024a,user
k6_bidder_164_1,pts_3ee1f04e64d3a10794b7729f293f341affac5f76d05b38078cb68651afb51bb5,user
k6_bidder_164_2,pts_10454738c4f4a11b734d06e4bbe17df711803cbd315d0d907956565b6ba71569,user
k6_bidder_164_3,pts_38b118d3b336a6384087ba65706bb3d7d9d3df838e0c58d3fde04985c2d0ffac,user
k6_bidder_164_4,pts_2ca11b10b30b91283317b9cd30469b7501711d6348e91cd4cc83de937117e246,user
k6_bidder_164_5,pts_c1e4388c9197a846e9ce9bfab4b168eda35ee649d3a1e6df72a1405dde32420c,user
k6_bidder_164_6,pts_ebaba177080191a739f62a93ddcf0dc8a48604d42a931af855b794edeacc6bef,user
k6_bidder_165_0,pts_9793281e4375058455326b29a9bb488bd5f89c03d73712757851e4d5167f9fc9,user
k6_bidder_165_1,pts_f0d185c06be1c02702f6cd3ba6a9fe40dda63392296c5a3bfc00d7c888c844ab,user
k6_bidder_165_2,pts_76eb6d84132f69f752cb6d21d757b16b8dfc653e2ed017cabc58a79dc12da85f,user
k6_bidder_165_3,pts_c1c59d29d1c2875863cad8147209c230bb85ddff1febf2d5b6a13d3a78134344,user
k6_bidder_165_4,pts_3b567e82245773549093684bcf79f3ffdad3d17f55220cc7515c04c39425de8b,user
k6_bidder_165_5,pts_5b0e48ef45e50d4fcf9e132a125396f62fcb6ea9ebc8cc9889426f2f919082f0,user
k6_bidder_165_6,pts_42875a791ccec339a03ad152d58b5a28b23142ed9781c1dd4593d133a1b60233,user
k6_bidder_166_0,pts_b24a8b71c4b93d93f5f496cfd1749fd34e6c37d86db0a5be136b27e208d34756,user
k6_bidder_166_1,pts_1a7ddfbf9859dde73b18d0fd37d1a9f1dfa0ba3634ead31a3a175a5fbfdea907,user
k6_bidder_166_2,pts_f843e59c75fcb72da1e5b601c5c4e239b1034f1b786c7cc0125a3e7438cfab81,user
k6_bidder_166_3,pts_71f8012a83789390338c2bfbd2264f2dd5d54a0ef52e539e46205bca81a55e36,user
k6_bidder_166_4,pts_038eb75f2ff2376580c7305caa2fd564967963ea8c720fe702100fdea43336a7,user
k6_bidder_166_5,pts_fd55e7b0f9f8a89760fd59c979f5e0b58dac31e31d469b863f504eb357ae62ff,user
k6_bidder_166_6,pts_5864945b1d595fdbe82e3529bcc6371e3a58ecc6fca3e333ec3871f6e20894a9,user
k6_bidder_167_0,pts_91cf19bcef2eda30c70a67054d0d62784d6629084b062136c69884e0480b37db,user
k6_bidder_167_1,pts_64ae07b8040f39615f0f9ef8ec5102a15af238fc04d3d917d08773844481bbc8,user
k6_bidder_167_2,pts_eab5b2b7401b90131f8814f781117e0d47e271d28a8936625e460552a1fcbf9c,user
k6_bidder_167_3,pts_bcd6abeaac94b7bafd0ff282ab11d5686076a6b8bca746db8850e5bb7d748ee0,user
k6_bidder_167_4,pts_6d355521fcf7ae5a5d4020146878f0b01298917372cca22101aea9be83baefec,user
k6_bidder_167_5,pts_47e19d055685da0e773171e9197b07a1dd0f365991a6bc85f2019aaffe42bc54,user
k6_bidder_167_6,pts_49dc1f93190beba60ff646047f5eef042f321a8a57b68bb4b0981fcd06108ecf,user
k6_bidder_168_0,pts_a4f79ad13c9a201c63bd9ad567e12d77c21fd7281989ab58e1535b622ff8ab25,user
k6_bidder_168_1,pts_3aeec1a22f8871daa4f2772e75698371788437670c067a6aeb92da5cba235664,user
k6_bidder_168_2,pts_61f52ade7d07563e05967689cc1c83f513eee0f3a85d7b7a81ddb81968938780,user
k6_bidder_168_3,pts_27b73f877cb19916c8a459795b531cdd098732464a199668ba732d61d377d9a1,user
k6_bidder_168_4,pts_79aa30bfb9cb2d9b6dd0c3726a0580842a2c875bb060289f823c5c0477571dbb,user
k6_bidder_168_5,pts_9d9ef90ffd5363224a65a73fe44714c40ea0b0aa5372b5b5b33393646ca22849,user
k6_bidder_168_6,pts_9246c3809fb2b8ce74a460a37f41912259f5c53f0f516f2015f07e716ed36c38,user
k6_bidder_169_0,pts_505f898bf9abb9dbc43fb6c239c9cbd12294c4490c07ee94e7226dba7112d217,user
k6_bidder_169_1,pts_2edb967c5214d0165617a761273daa210a6c6bc0044e5a6aeb15744a692bf611,user
k6_bidder_169_2,pts_f4545690dc18f3e18cbb9158da4a5fa1c965e74dac1550472e3be621cb0deeb5,user
k6_bidder_169_3,pts_b6d10b6a94a51bb125cfb09ad370a3b12a82b1e4222a708d8509be3808750183,user
k6_bidder_169_4,pts_d126bbea75dd765a5bc2c0b15c9ea7a482cf23074d248e41a917bdc03d6d2631,user
k6_bidder_169_5,pts_8a9f6d8d2951b82953ee862f1edede3dd40501f360008f8e54d12cc1e4d48838,user
k6_bidder_169_6,pts_eaa82d127b9ebdc4808fcfa87df717b64769281168b17d6b5e3f9b0b42536dda,user
k6_bidder_16_0,pts_eac9bf63ac381252c6e0cb8589ca28eadcf8891e57efe42e000f3c61c7fcb284,user
k6_bidder_16_1,pts_da972f9c5ad05259f938e3d1ac96d3c5801ab983a2e29db4e9e798dbe830af72,user
k6_bidder_16_2,pts_62f8c33698f7a1c62abee5c2747c94ed1d69a22c0f25f8409e2af40cf2334974,user
k6_bidder_16_3,pts_bef3a63fff33b2b4036467aa74e6868a8e926aa3cf49e38959a7531aac5d6b28,user
k6_bidder_16_4,pts_07638252f4f4996660b607e221547ec02e4777cfb8f10aa2cc131e81688d7c7a,user
k6_bidder_16_5,pts_361bb933f89e7aac8418cee522b79df738fb537dbebfd8baf1db2e1a83e628cc,user
k6_bidder_16_6,pts_b3a17de17b2afef8cc158d3249e7fac9c0f8d43e66295f71267c0c9506522d38,user
k6_bidder_170_0,pts_ec3f294957e36d141fb2944885d475a49aeb46cd44e9338e41bb014018d1e914,user
k6_bidder_170_1,pts_e0b8bb5091a7b9a54a0a114030ac22039cef2259e7a8f8d2cdc49b1cde5d4772,user
k6_bidder_170_2,pts_af849436d1d044f06baadfea209ce202a11c17ed39825bda40e684900a944372,user
k6_bidder_170_3,pts_58b9d881052af9d9d49949d32c00fab277481e813288d46886dd3a8282bd51c8,user
k6_bidder_170_4,pts_861f25400b817ba19c56a174361422baf3ddcb27ff26b1078f6764caaad2f483,user
k6_bidder_170_5,pts_5ff7fc5f135079fbf01c574f9f0266facbd829d5819c03fc25889c83281041c7,user
k6_bidder_170_6,pts_cad42f258f7897791e524870858536e57407529b5514c861348f22031c5eb4c8,user
k6_bidder_171_0,pts_6e07a4860adf80dd6a0aed311fd592578cec23abdfcf01b9fa09c632957fab21,user
k6_bidder_171_1,pts_c6bdc76e1d3ffaa2750d8d25f686f33dc3ad87af60747720ac25f29279ef5614,user
k6_bidder_171_2,pts_e339207fa8f513dae9bdae8eeab78a7b6ba82d62518b7b47ec1b17706af3934c,user
k6_bidder_171_3,pts_86b437811a2f34907a52a8ab7acc9becc42379aefbbf5a5b5cbfff8af457f9d4,user
k6_bidder_171_4,pts_a478f1dce287785725736ded6c6ea249c5047f79930e593b68a6baa7b617ef9c,user
k6_bidder_171_5,pts_21cecc625f80bc90da327ad0dfe0abb557c85146a14179bc431c37779965697d,user
k6_bidder_171_6,pts_dc4ddc4649be8c328d76f06e05492c170b4166553f5a97b88b3565dd3eb9db57,user
k6_bidder_172_0,pts_e56d29eac2c145fe1e64da05054265502066c2091f4f6595950f87e816f24e30,user
k6_bidder_172_1,pts_49b7440e12a794e98379b56601b6efbaa3bb6724715503c758c107021b8f1524,user
k6_bidder_172_2,pts_fc6fb9ccc80d1c35b52390b97fc27f217cdf7c6642f04f5a0aa21c986f8c2d6a,user
k6_bidder_172_3,pts_99ee8ff6aa14ad335cabdc4e31ac5fd6f6a4b95c722cb715440d7b9f9b80a383,user
k6_bidder_172_4,pts_1fda0dd0e861c9a2c1896b14628ddf314e7c63a1f1896623ab8fab18e50bd33e,user
k6_bidder_172_5,pts_de8cfd25eaecbcd6a414f0320baca076ff8b5f96f9b617436f43b9ee9e5931a7,user
k6_bidder_172_6,pts_325d574b2dcc3ab13f347d395ab5a6713a1a960450e81d8b2ef44bbb0688e816,user
k6_bidder_173_0,pts_391d95ce2ee4968bd3ef1239a022102fe84df5d3ffb12d09c09630dd066f4443,user
k6_bidder_173_1,pts_73fbc1a58c0470d2b39a905190ab7e1ace1fe4d1a534974e6de3830b444f193d,user
k6_bidder_173_2,pts_b8be31763e870b072d0d912a9411c00963733f39d628c73d2c4eedcf42ff7c63,user
k6_bidder_173_3,pts_4bf0b27d7d7c7cb2931933b7a1468f8e23547e976ae48f01bf92248f57593e72,user
k6_bidder_173_4,pts_476f561fbc37756e5614303428c01c8da9629ebdeb2b06341c68e55f25b2f8e3,user
k6_bidder_173_5,pts_32b85f2acbc76760f598135817b465107e43d8035c929e07fe23b9a290403189,user
k6_bidder_173_6,pts_fb18f9b720e18ad476bf70b255711bf17a4adb77114a8c1b3370accfebf158c5,user
k6_bidder_174_0,pts_945df9b789916c1e78ee9f008930c361c69cc3bf721562c1aabb217db318be21,user
k6_bidder_174_1,pts_f9ebd6b7c7f93a83b642338f90dad8a317cbc5961f8a57a952cf8cfb53b82dd2,user
k6_bidder_174_2,pts_04470bd2779e4571f609a3a4e0a6ef01003855112e25c6d9fc08eb45e542ffc0,user
k6_bidder_174_3,pts_ae8a0e7840dc59429f09c545e2978229ab9c3bc98f903e4355cb0c71b0702c53,user
k6_bidder_174_4,pts_36f9c82321a6d47b653830fadb84a0bde0a4c62a1c240b17a22883d35b9fa41e,user
k6_bidder_174_5,pts_26e1e32e695af68b6207fe4219cbb54a72dfa0e8577ca96b178b5dd52251d1fe,user
k6_bidder_174_6,pts_1ccd07294943df0fab35cf7934a9789d7638d27a9ef39e8f32e05df70c62e44e,user
k6_bidder_175_0,pts_2271e64d116f65c7f101f897b77988d5de9bf877671b31ddab97de192db41b2b,user
k6_bidder_175_1,pts_1afc2e8c83f942e9dfc33797313af687aa09846206327759d90122a1bfa5e306,user
k6_bidder_175_2,pts_6128592d269303e4ff699e7cbec69ae247aeb894ff16f1fa4a14844459ebef39,user
k6_bidder_175_3,pts_edd152326f932db28db806f1e13eacbd7207a3bcd934646e64355c36a32d6b1c,user
k6_bidder_175_4,pts_689b8744892616ac1c884e9dfd4eccbb5996dd23b12cac228018b73f91b6bf8a,user
k6_bidder_175_5,pts_c5e3eeeef257f03e723e8e7a54229b8ef0a9ea4adc3063739ed487b16445200f,user
k6_bidder_175_6,pts_50bfec65def5b4dcf5529cc8e754e4a28dcc9fbb54e139a8762369e7c61b5f89,user
k6_bidder_176_0,pts_5dc9430dd502ecb7cea81a536b670e15af967a79ab3a55a15964a8f78a422808,user
k6_bidder_176_1,pts_eef6aff1408e008e1f760475f2f37731812980bd8d33982837fcbfc0ab0b3b59,user
k6_bidder_176_2,pts_1a85045ddea61f7674ccaca5deeac23ebef1695b667e6d5a2635587f134393e8,user
k6_bidder_176_3,pts_b8c94ae42c1b4812612c830bde3e5c7ef99ce19285c2b2e4bfcb119368389ee1,user
k6_bidder_176_4,pts_490c4f1a93fe7ab12736e0d70168a90ff404be38b07a2059f73f36c4733620f3,user
k6_bidder_176_5,pts_03d55f64aeab518f523ce1db91613b4938ab18a40380b7a443896d7c9116ad1f,user
k6_bidder_176_6,pts_66cac9697708b6a2c5087949148806f794f133bbdd59d31120e9cdbc5acbc9bc,user
k6_bidder_177_0,pts_c7d9c612d1ebb6401c7ffd4144b2846671a6ae636bc5d636f2f6bbd399cc54f6,user
k6_bidder_177_1,pts_1b254d7c22270af7959a70e6ca60f1789ef7d8817a72a03e4d279f476dc89a28,user
k6_bidder_177_2,pts_d83882878cb9019033f798382487e87131dc958d13363cfd83b5c11928eb3d53,user
k6_bidder_177_3,pts_9c7b92c8460bd7fa67fed39540934fa3db665a2d17fc361d50a9247149b8c9df,user
k6_bidder_177_4,pts_873a20ebd7aac62caf08394f3f223e0e5698dba725f7a308eb8623fb1d6efcb9,user
k6_bidder_177_5,pts_5759fa2636f674ea029ef321cdbef7060a8160fe94eeb460f9ae43ac7f3fa079,user
k6_bidder_177_6,pts_d4535c6b2326b9c923787f7cdb9529560d347a6e9aa7a00e6f9aa17bd57d7935,user
k6_bidder_178_0,pts_2ec0eac328f4d3cf3ee5c54fcea04ba5ef73bd797789472cbe8113fce7262354,user
k6_bidder_178_1,pts_b44736ed85759b15a1ced4e87ad5410fa7f95e39f474029d1af6d5e060b3b12f,user
k6_bidder_178_2,pts_000d6bf13defde4845802bdfc2f52faa9fb34d80b5160ae4e554ac76f937b555,user
k6_bidder_178_3,pts_062240188b7703a945a98ca921e3c346c6e7e4878997e78bb16cda34e86efa77,user
k6_bidder_178_4,pts_711140ce4c4de9fca539bd2dfcf658d7361a477d01e8711f69b2f9c470cf2637,user
k6_bidder_178_5,pts_c0a5e872b0ab4770355f6dddc39da81eaf916fa821530ff1722fa149fd29ea20,user
k6_bidder_178_6,pts_379d396e37793050d7b918d447111012b99a39a43395a2d9f3c782a7872af4ec,user
k6_bidder_179_0,pts_2a40180d34c6e8a9fe1b65acacefe271391d419890ad7edb8f678c524baae5fc,user
k6_bidder_179_1,pts_cd9f1b9b0bf96fb55f6365e36ff9cc0abdcaf8847e4e17137f30d800dd35bff9,user
k6_bidder_179_2,pts_ee31cb72268c27e092e83d777cd510c519ca330126ac6127d936004a5786f729,user
k6_bidder_179_3,pts_2b9fbe15c8d32a1af540d012c456b71b17d887ab434c2d7684446584a6b8eae9,user
k6_bidder_179_4,pts_97a3e87dde6a022010b96493e7b061e45a674aaa3365de94b2f76c28ae59682c,user
k6_bidder_179_5,pts_ffdaf7e965e5f6a5d41e99a12603ec91c666f551999d2a19fafa7cabc6f19ef1,user
k6_bidder_179_6,pts_5cae63911415ac3b3c7f68dbbb27bf5d139830323014a735712eaaddf610e159,user
k6_bidder_17_0,pts_78249692fcabdabf947292bb673f3027c36859d0799d813a278e7e2a4523c70f,user
k6_bidder_17_1,pts_e7026b08e2ed3a5b6d96db5187a5cd5df6089ee20b22f7e5e9931c30cf07aa84,user
k6_bidder_17_2,pts_0a6f2b4b21c5e70503438cee84e4802591a18a42ad2e0ebbecaf9c50cd678a92,user
k6_bidder_17_3,pts_54c51af648e6cd6dbe732505e71e436d1f4256474144ef67ad9fa7974fcce456,user
k6_bidder_17_4,pts_c9fa75ad1ee686f794b09bfb5d1acc989629aaba2d07f2a639a872098fa87621,user
k6_bidder_17_5,pts_9c34b283078bdcf0148b804da348e8f6cc8f5cacb3877ed5e718f686f6ca08ba,user
k6_bidder_17_6,pts_5002071478adc701dcb64b661007469ecbbd7f454dc493b5ff10544a22840677,user
k6_bidder_180_0,pts_d66f153252b87c59e49e3cb17d1e317a4fbc4762e08b4086f8503f3fbd4a4b05,user
k6_bidder_180_1,pts_1b891bfa5c45c5a30b0ceb65a951143c239bd77f77820c3ba8179fec8350cbfc,user
k6_bidder_180_2,pts_e502f0834965f30d897dbc459fe57eb2cbad1c3dc1626f112de2f72fe94786f6,user
k6_bidder_180_3,pts_5c36d106a2673189dc225f8286d735094120bbe8472e698c191ce406d15ca796,user
k6_bidder_180_4,pts_62d4f32a8579ccdb88bb86ec7ff642ca69410f80ad1cf14bea21e607a550475c,user
k6_bidder_180_5,pts_492585cea3bf8304517d854d3cb7c03f60af85337c14442a20297fe2c1429649,user
k6_bidder_180_6,pts_63d1a12e40c128a8293da3c8a193508ab79b1ae044d7db16767c16b9fad82655,user
k6_bidder_181_0,pts_c27c5515b3f091d83ff01385592e43a2e3619f60bdae6650c87ccb1c5b189b1d,user
k6_bidder_181_1,pts_6846aa9c08adea8e2e799b7fbde766d8b8b788ee46c6561f7c6f193eede1a70f,user
k6_bidder_181_2,pts_5eff27fcb9b84e1548b7a3956710c5138219ac88198461dd5cfada7de4ad4dfb,user
k6_bidder_181_3,pts_bc805d7a6b41c69fc924ed398bef8f0612fb19398d231d346703be35d078636d,user
k6_bidder_181_4,pts_b0e623c0fc2816f93f083e8e8470dcd82f5ef9587dcb5c7567122852987ec965,user
k6_bidder_181_5,pts_68a9948eecba9cdb65059b8306c839aabf0e3f07fb6c0cdf4b62ec7ad4297c44,user
k6_bidder_181_6,pts_4a9cf07db071d294498cf1d6f38640dbd28f89af7d70fa0205c4a2058a3a26dd,user
k6_bidder_182_0,pts_9d6d206f3d8027cc3392b816d3b918564a67c7f28095a765dc62b2f4dc5008ff,user
k6_bidder_182_1,pts_cdbf32480d10235c1ae29d50d0676f8519f0394158e7be661b19559376d56d15,user
k6_bidder_182_2,pts_9d89a0b135118edad84d03edd61e8f81950c098d84ca0a87406375ccfadf2711,user
k6_bidder_182_3,pts_355977d50cec0b64523eb937de2ba0a3461ecbc597c04d6c612ce09ce3646991,user
k6_bidder_182_4,pts_a0044d9e5c5f9eca86ff8a946e430368a5d3d731762bf07aa7034040ef27ea62,user
k6_bidder_182_5,pts_7c762a72e1e8a9ae710ccdf7f5b1c1fa36a79b776c55078be3835426c9e08513,user
k6_bidder_182_6,pts_c60030735ec2bf0c545b2343c4c06097c2802d5fd6420d9caaae4a4908c0c529,user
k6_bidder_183_0,pts_34c2fe97c9dde2f742f4e0162c8c52b2641770dcf2fa6f3d6ea57f3f378a6bef,user
k6_bidder_183_1,pts_9fcd44cdfc8eed53ac5c33f2d1eceebf0b30c6a5907d47fec3f7d47a4f254241,user
k6_bidder_183_2,pts_3b96fd1c19e78aa276416bf8cc6a301d2e68bde11177978249d2397054966930,user
k6_bidder_183_3,pts_c3f6735d1b45f0b4640d39e191026fb778855e13b2378c94072890cfbc0353b6,user
k6_bidder_183_4,pts_093da44c21709879262ea1a0db8a5c52285d4629807f6cbeec9ef1c69e354fa6,user
k6_bidder_183_5,pts_f4e3501e30a4e5e13920f21e32b14019811360b46b5954070cc5513ff5d89a59,user
k6_bidder_183_6,pts_3c8132ffd4ebf7f8dc0e0d3b400ce82687ff607c9db838b49a8df5239ea2b4ff,user
k6_bidder_184_0,pts_10fc8068339d57edb132ba1739765395d2b5948ce05e1eeac273ff7988e2eaea,user
k6_bidder_184_1,pts_cb7333a6756a0ff045a0d3d5c85db47482c1f5b5db2c1b00a3a333242b77cdb4,user
k6_bidder_184_2,pts_841e6c51c1452dbdc5628e8a99ebc3c38a0b906bd471105d7ed48a77f9c260b3,user
k6_bidder_184_3,pts_db5c473144829585c3b3795eb4339b2af3811cf0cb036f648ba878f5c097c0ca,user
k6_bidder_184_4,pts_d7f079df35a2ab19451e6cbe01d7482bf4fec459696639d4315ff5575f9ab324,user
k6_bidder_184_5,pts_0db27d70acca3e79e2b20745521dcc564383ee7e7d50dbcb9a1d93bb8f79b6f0,user
k6_bidder_184_6,pts_d83035dc604a10d7e5c556a94bd3ae30ebbf9c9b9ab789b641988e0bcbde9ee4,user
k6_bidder_185_0,pts_4ae133273f9da973e53a77522c4b96ccceae24f661624b1c2fd7ed240518b442,user
k6_bidder_185_1,pts_9e65bd0d40383e816c81a6843661f1fb8d31cf47f9159ba05e0d0bcf5185ad99,user
k6_bidder_185_2,pts_f1b83458e8b0f25bcccfac4b93d5086961657c336ab0ba52d6b835597fba3994,user
k6_bidder_185_3,pts_1021c0d72cfbc4c86863df2ae1be83c9b6332dec2ab90852bbbabafa0a24427e,user
k6_bidder_185_4,pts_1d3a7055251bc0ddfce9f95f29df75f08b54e8d18998a0fb3629bb71488f25bf,user
k6_bidder_185_5,pts_caa6c3763c2bb886b1011fdcaa2417bcabc18bf33502a6c45d164a1f872159fb,user
k6_bidder_185_6,pts_83c9de203103986c2b8ce8d02b72e17d44c8475d56f59e6f21ca106ac70df9ad,user
k6_bidder_186_0,pts_6fb71b8642ca66b6484ff2e2b96c9ebf25209a8ef36b07c411ddec4fcfe37975,user
k6_bidder_186_1,pts_dcf38fa6716cda095a690190126e9a27e699f3aaf86b6da016a87b26b3b46e10,user
k6_bidder_186_2,pts_296feb049d219978bcf7a9dea99cf35e0bc0cddc2e6d573cc822033b79c61249,user
k6_bidder_186_3,pts_6de468478df43a12ab24a0c6fc6eb4acce967b0a1638e8a7bfae93145dd4c657,user
k6_bidder_186_4,pts_7ccd55ab098463873eeb34b141255b2dc1205ef89dd257fbc9c5b0a0caa54f82,user
k6_bidder_186_5,pts_b1799129b044933442d807b345799455557eba8ff1d95e39863fdb244e3bb55f,user
k6_bidder_186_6,pts_c9c9932628fb885b784891e80219a1d9359893cd5b25c2c5e88244b1972d9e20,user
k6_bidder_187_0,pts_2460fd296a5bd4a0df0aa83ee924fefbeef5b5725082295312c9c44681ee5ed9,user
k6_bidder_187_1,pts_7db0f8d31b3ec0a4072e4408d0984fa5ecc5f794598f45d77e8f1b109ec303c3,user
k6_bidder_187_2,pts_0531af58461c8332e36464669d4e61b686297924bd5e95b6868bcaae9e9bca8f,user
k6_bidder_187_3,pts_bd368a07027ac7fcac6265cfbc15ab302f0b12ff8c25b5ef70ae0845014d2049,user
k6_bidder_187_4,pts_63e2e6dbd93b6ad1baf66177a41769a35cfbe9a95a17f796d95186b499aa01f3,user
k6_bidder_187_5,pts_ff0fe9df88fbef1d13ae0b66ade1a92653fb21a00a3c30dfed7a82bf6ee7fc95,user
k6_bidder_187_6,pts_d40675db0c1f8dc3678d7308d2eeca57c849728b9b6b4f4a117d04f32f063a95,user
k6_bidder_188_0,pts_d895295cbfd78c4610ce2e5ebbc54c82394133142a0c20ae8a80b30d911d0109,user
k6_bidder_188_1,pts_bddd313289ee2423841c9e7be1d91b592627853616d86058a8fc9592b1ec89f6,user
k6_bidder_188_2,pts_2a249f85f250acb9841a789d321afbec34ae0eadd426ac33a73d038b669b90a0,user
k6_bidder_188_3,pts_fc308ccecca0f7399357b0c33f9b1ff6f5986668078f1ca76717d7a87510384f,user
k6_bidder_188_4,pts_ecce65892ee7b9da00628aecfa7d98f89ddf3b56a63fab92df20a1ed25881cde,user
k6_bidder_188_5,pts_e47e7b9d1c8cfa4333fcc349afe888528110bc1cf532b7b95e2fd5045309da1c,user
k6_bidder_188_6,pts_a5aa8270ee484c5b1628f77b29bedcc524d574034dec30b6efd4cc2d205f07ab,user
k6_bidder_189_0,pts_b668e6c852d9350a61ccad69e7cdfd342cd862e886e8c1ebdfcc3f9a102d33d9,user
k6_bidder_189_1,pts_9a5a4241571079e85dee66cbed981c7c3c814f0127b41b2532b3632a7c573d81,user
k6_bidder_189_2,pts_4a084d73dfb78e114b2b2decc5945c3cab6de51c41a2004cbc7f8cc068e88dfd,user
k6_bidder_189_3,pts_f80b983b30aebc7964896b1690af1ba48be9af3df96c1e6d6d03e198ea86b2ba,user
k6_bidder_189_4,pts_18656e114d83d3c50de83dd6b9a7884d61a68f4036f518f8f32e7b0afc6c0df7,user
k6_bidder_189_5,pts_41f80e92de23d58e4adcf91681c199fc2ad4fb15f273684e1b6159fb12c918c7,user
k6_bidder_189_6,pts_42ba58c96a9e5ddc6ea2d6bee84339fb2f6e76ab597265d5154dbcfbeda77167,user
k6_bidder_18_0,pts_bff70cc8705bd2d59c5831f6d755b8fca409e364d87bfabb1ed11583dbb7f266,user
k6_bidder_18_1,pts_9dc7bc6ec0f4b68b13655b6717c342e5f44f6f2816bc9aa1c32101844b0fddcd,user
k6_bidder_18_2,pts_286ccbb118ff7de2ab8e4e3f8d247807a7b4d7f384d19af9971d78303ad1922e,user
k6_bidder_18_3,pts_e9927887035782d599fbc34ae99f890cad56c34d48dce242256a511c1c5d4271,user
k6_bidder_18_4,pts_268b0af2a5b1eb6fc8676f6c89d647793c8e72f483c595cd26469dd1fcaea6b3,user
k6_bidder_18_5,pts_e3f95966c5bc7b049817461a07378a311b2fc2d138d6410139db579fe2533711,user
k6_bidder_18_6,pts_d0437d15bdc88e6e0362d70218b04f37ccc438e83cd124dc7a1e8ceaeebaafc7,user
k6_bidder_190_0,pts_18e92c939f0b035d7f00cfbf2da9790411a2d6f31cd159e8a7c1ab903b4cf1e8,user
k6_bidder_190_1,pts_8d882f85020a0bcdba1db9d26abdd7beba00de4b3527e55cb5a403c7f8883d50,user
k6_bidder_190_2,pts_5ee25f37cb486b05fb3ef182a5f850a8b6f14caf640301e7beda8470c12b2c96,user
k6_bidder_190_3,pts_77709096ba62fcf36ecdf8e84815647f0b977f7a8b772501ef64734c29c49aad,user
k6_bidder_190_4,pts_53f67f75ad07921c9f4505f1013fff91d83e4709c2b55e1f1b278c8b3aa41346,user
k6_bidder_190_5,pts_38fa4ed91c95a9f10d44bc759d98efec3d6d692379c943cf76d63e903128b780,user
k6_bidder_190_6,pts_e8d62418218f8cff8f44c5ad3a43ef2743d8c7dc2adad63492ee1c771f50bd1f,user
k6_bidder_191_0,pts_cb5e01875cf94aedff37b55d87ecc627a543ca42874e2475bb35f2af25fbda6c,user
k6_bidder_191_1,pts_148d9825818949c22bc1b3e09fa7cb3643f4266123f0497b5fcb6da303f941f1,user
k6_bidder_191_2,pts_4929aaa29355badf28487fecae36dbe80b9bc46913aa653e0ee0d2aa7f2637fa,user
k6_bidder_191_3,pts_ed9820ce35b9c154afd964daf7a0ed4212d196b084be2f88223cd22788baa2bd,user
k6_bidder_191_4,pts_1ce114eb541e44c7b0e5f4e3be24751b8214ac8a77fbedfed89c83dadd146ef1,user
k6_bidder_191_5,pts_9350e681eac0ea9639a54bb457dded9b07247f60c6a60fd58c1431fe6ad1bda4,user
k6_bidder_191_6,pts_28a1312d02d104c51bd149a59ef4ba87ec9fd0d8e27f188da08b4f5a5a8ff54c,user
k6_bidder_192_0,pts_6462f2d6d273eb9f90133e2d09f9b824f6dafb7aa9b62b57a4b501cd9c151539,user
k6_bidder_192_1,pts_37487a37d5b87888b3a8964743548cb1689c6afdcf5c33b4b554d9a393eb2194,user
k6_bidder_192_2,pts_8e3156abd83951dbd25bac6bf9fa281a2578eaff1e0b1dc45071bb9d64775513,user
k6_bidder_192_3,pts_5792a6b3c5bc77cbf7a7e47af25c8954bca31bc5100de74f678e3f8c8efa8f8d,user
k6_bidder_192_4,pts_b501f520333030340b435ce2b0a02f5bdd83382c3bc0e2f7b66feb1aa3935491,user
k6_bidder_192_5,pts_90ac33137f4a43532b3b5d7b26f3b7d96d716a0663518252c2047ad5d2039185,user
k6_bidder_192_6,pts_d0bae57449a69321ee877de1c5b8c4b86d83ac45ea9b4e0f9a82cc67438cff13,user
k6_bidder_193_0,pts_5afc0c432c2fca15549102cb792249c98d3cc427662e0797ce7307bd61a9687e,user
k6_bidder_193_1,pts_840c39f4dc01f6a62408eb3df45150c7f1365db7847346b4aa385e7344f81950,user
k6_bidder_193_2,pts_e9ee6f08a30cebe42a1ca9414ba8c2756569f6b65f0e23b096daf6686de123ed,user
k6_bidder_193_3,pts_24cce754a4abfaefcdb43f8fef5628510fcf0b742862c5b50678152a8fb5f318,user
k6_bidder_193_4,pts_3c092e457a60958b6e556a522f4988ac2c9822dec25bdc654218a68b210d8b96,user
k6_bidder_193_5,pts_424e073d2e6b422b6ec7272b32230d2e807c28fd185e8589a2bca5eb5535bbcc,user
k6_bidder_193_6,pts_bbe2eb59f58b0ff6f4938e3e50ead26d34dde84442df3b86209c8c1ab88bf477,user
k6_bidder_194_0,pts_94fc2330e4f4ae869780718d9c0599fffd072cf7f9dc32d4d3177b85cf5c44cb,user
k6_bidder_194_1,pts_6110e39f4e5fbf820b5b8984f8be8120e14c21012e468e489d6f1bcf9db22345,user
k6_bidder_194_2,pts_f9b80f6885b9ca81d103d8bfced1c49e3b0de9eba9f6f360322544339ee2218b,user
k6_bidder_194_3,pts_8eef09bc2cbd90e63111902744bc0a2ba8cce5f761af3e2dc8b7650b969ab878,user
k6_bidder_194_4,pts_ef040bd850581bac4dc138fd32ecfa483908b62847353184d55ff00b9da7d13f,user
k6_bidder_194_5,pts_9ce1ccf7473c9d197b25f0c09a3e3122b6fb492c7ec3276d3c00b0133c259c30,user
k6_bidder_194_6,pts_15929df5934ee3bb086b0051b81b6d2a211429539092e29e608ed24843d3bcdd,user
k6_bidder_195_0,pts_13fd1cfdd684854c881b3f06299fae77899d9269b12c760ec827fd4c745e1aff,user
k6_bidder_195_1,pts_1ff062969dab97ae17edfa1c2fac1d26ad4afbe3c43bb842bfcf7c52278aaf83,user
k6_bidder_195_2,pts_2cc1ffe096aa5f16db7bb1ea99a053e2ef9e1e407f606888b75a999942b23aca,user
k6_bidder_195_3,pts_29f1e96d7ab492a0cb07764cbda0e55a765c707db332d8d177b367c2683efe59,user
k6_bidder_195_4,pts_a7e6ae98bd2917958de2f99b9b1844281f77dbfb02518a79f23ab8ea24933505,user
k6_bidder_195_5,pts_f3ae29ee186cab7890513dfa3f9ce2f1a6ca8e5628477605403219da818b9089,user
k6_bidder_195_6,pts_32824ef2465ae9feb69e49ad5659cf3b6aa2f559d89938805a953bd7f9a7d07a,user
k6_bidder_196_0,pts_2366e293f4b90df364cb2aebb0b8c6e9e0966a0d5415a93dbb6ae1d4b47ae535,user
k6_bidder_196_1,pts_cdc88a02ddfe697357722053366a5eb640e1dec7a62cbd3d15a44408c70ba68e,user
k6_bidder_196_2,pts_2934189137f9d8bb982d0151f1b91633d91764c079ec3e7ee1e9b314ca8dd748,user
k6_bidder_196_3,pts_18d08ed93d439ce5c0ce6c92f99c9cd9f77fb321806a24315a0b8c213d931cde,user
k6_bidder_196_4,pts_cc5737a00fb34ebd9da45d6917ccb41965dbb18337b5d016ae53ed1cde9d843c,user
k6_bidder_196_5,pts_b0741fc91fb74817ec2311a766d33313fda22221e7e8158f1f846e939aaae91f,user
k6_bidder_196_6,pts_1140c60e1dc05bc0f78b5edca9cd75b71ca9be35d4b9133d2893c4133c79cfbd,user
k6_bidder_197_0,pts_adcfda440f55971564ee55530b3c9e5179ac30b3631232f525995ca5d329a6f8,user
k6_bidder_197_1,pts_a791fb9f0abfe13231123eefe513452869e47998a87d62ab1d42697f024bf9f5,user
k6_bidder_197_2,pts_bcb32fbdacc98ffa7db671d5f78f212792e1984998cfc1cd2b0594cb3899e8a7,user
k6_bidder_197_3,pts_ee4c80bed97d06c17485f5d1af8d8bd86b5ed9d9ab5d2aa69fa14d7037572104,user
k6_bidder_197_4,pts_0a14e6cc490d36ecebcc8137fab04b4337b00f7457db0d82942c580e2c7651d8,user
k6_bidder_197_5,pts_78f8c65ec241957577832d97dcc61ab9cca361acbdc72cf0a4a4d7b1acfa8e93,user
k6_bidder_197_6,pts_8e8e58c74880f66cf63753f35c7dea50f1c6ab8e6b255e9d0f710a9551ae2a00,user
k6_bidder_198_0,pts_c07bbe1462aa427c06f9095df4811bca3bfcd37b7c9d88617ee49594d9c0f69a,user
k6_bidder_198_1,pts_6605ed5cf2750ff5f4071103b65b5af714bc1c5611b2acae05e77acdce7f066a,user
k6_bidder_198_2,pts_de208899306de682353c6f85653ec70fe232199ba19db0272f690299be1a7372,user
k6_bidder_198_3,pts_124cce88e05d9ef3162a37c1fa9f3fa1d1d9efae8c065eee54cb5ec5bc47c944,user
k6_bidder_198_4,pts_16e16ffc91911bfe468610a0722792b9961b02fc43d14d983ba681ba8acc7990,user
k6_bidder_198_5,pts_9101afdd662f51c509ac2e64cbcfcdbabf5f5ad7f1ff7ebf0ca88928ae9d4fa4,user
k6_bidder_198_6,pts_19716c32545c6d52d318ace13fa25095e854225e0c5d0b411be7cd26dfe0d16f,user
k6_bidder_199_0,pts_57e378e893308b958437c6b8082f4dda72f19a4df8567c5173511fdc2040b7b4,user
k6_bidder_199_1,pts_27fa8600326d43764357721bac6b2b9f66902fd5992c39145cef2691f19aa75c,user
k6_bidder_199_2,pts_82c9812b0a1e33ab9ad74f087a8ea4d765e634219f89a9101ec7d12aca2524db,user
k6_bidder_199_3,pts_50dc353330359f2641726225cecc4bca3ce8b6efe8a35f7210e4ac744b24e92a,user
k6_bidder_199_4,pts_890ebb2e24cd4bab96dc7f0497a87b47a083080629b65bcf3e6d3a3864258122,user
k6_bidder_199_5,pts_3bb17b86af6853009d2997df7e85f4eeba5fce57314f20c3ae6b73316786217c,user
k6_bidder_199_6,pts_e4c11d051a059d093c1f23e59cf8ec4b40508ba612723e9dc7d788a8557d11d5,user
k6_bidder_19_0,pts_b4934a04864387a2ec6769adcb26d83c3541969531872fccdca9d6401db4a4d5,user
k6_bidder_19_1,pts_ef74a1fb6e1e3943b3e8b203d45c34b1f59dd046b6a04762c2ac50935809b6b5,user
k6_bidder_19_2,pts_379254ce26d7113ac69b4b22e1093be6a02a945433ad2ea2ce5c8d6157bec898,user
k6_bidder_19_3,pts_6b8b35b05e191c4046467807b016b104544cb9a595baa918defec44bda52aa6f,user
k6_bidder_19_4,pts_235fafa7e35b5d9aff4e3bc08041a7caf777024ff2618bdcedd336c0ad98b8c9,user
k6_bidder_19_5,pts_7e120b11c3ad4a84fc4fc6803ce5dfb965618938b995e98d7db47e57455a56c1,user
k6_bidder_19_6,pts_3020c457e8e1912d2f59166cf560995aa509fd230f8f77cb00d2feddc2808dcb,user
k6_bidder_1_0,pts_34f3ba26ad220f0c635053cc908be3000bc6fb6a9c627cec23aa9a086f4dbce1,user
k6_bidder_1_1,pts_4a8126e8a77cae0f0616e19be9ef8979a014c0c01f8457122583eab23a8cf5cd,user
k6_bidder_1_2,pts_ffd1210440a70f1b052f2bb94715c37b2c772174a4bcc4de4327bb0bec73321e,user
k6_bidder_1_3,pts_9dc09a4e3ebf621a16848a7c4e3ff68bd7023d5e05556071d80af3e95971211e,user
k6_bidder_1_4,pts_8fa64a30065c8a7f6662ef98763f05cf6f6a3bb11d79ffaf1c2ea4bce3270a52,user
k6_bidder_1_5,pts_35668c0d731a9119288d31b8445ecc58d9e4e1ec3366dd74f6534ad8012b9c94,user
k6_bidder_1_6,pts_90c4882dd8800081dc15e502d4c91c042925adbc52c1f38fb709973ac7d6d36f,user
k6_bidder_200_0,pts_b8cc22e9e4b1b7cf7eb547ef48432b5d7234aa8d761169f69060cc979deb3ce6,user
k6_bidder_200_1,pts_a14ffa5343e5019044292b87d326be43c05e89efeb6f901625c01a3c20624e1b,user
k6_bidder_200_2,pts_954ce12fd7620077c50447d7a5a8d35542d03e2057659189ad34488bae40b326,user
k6_bidder_200_3,pts_7385e1622f63e108a4a2e9e59f5b5177745b1104cf6ebb8cc4cb79d5a7132a45,user
k6_bidder_200_4,pts_e8c63afe9d796eebeebbd2bb96fcb5ef1b12bfa53ad39f728f686db0cb829f75,user
k6_bidder_200_5,pts_814a4efb332ebcf66e9560bc95c426d82c3ac26e7f5a13ebba9153d93b96be03,user
k6_bidder_200_6,pts_14d29d935895a354c6ec37fff0010007f3a712ce752cc36c750e05fce6887b22,user
k6_bidder_201_0,pts_000a840ce149d967dfb258695605d1adde42f3d73d4944b2ae23399c50bd899b,user
k6_bidder_201_1,pts_383a583e90fef4f0dc894e4e50e91b3eed5c31f6a87fca457bbfc8bad2892ab8,user
k6_bidder_201_2,pts_6472f449e98b9c0da2c32458b44d41d8a1db90cac25d94c65ca2882a86929698,user
k6_bidder_201_3,pts_58ff8c7483c209703f78e75138aab164c59c4a370e0ee320c220dad21c80cdd4,user
k6_bidder_201_4,pts_7fc2e15c4110ba1cf01b582b0c8b84320152d87bd3835621a751023fa607e6b3,user
k6_bidder_201_5,pts_aa61f129298b58102c9a4f4d9d59d0831642530b8cee3bbeaec1875e80fb3433,user
k6_bidder_201_6,pts_3e5c5a22e01844c905439a66128d4aadf5168a1534d01f5c29f425cfef19e34e,user
k6_bidder_202_0,pts_27bcdd908622c1590a255ebae58874fd5c599e2a46695c847e94f664f1203a78,user
k6_bidder_202_1,pts_3503432474328613f36597bcef87ffaf4c6c90623b4d17b1f139c62868229663,user
k6_bidder_202_2,pts_c295e433fa16149835ed1a78cd37fe35c384c0a325557347b402ca63707b84c2,user
k6_bidder_202_3,pts_dca47313baa2f15b4e9d853adfbff0ed330cc41241c0dce0f0f2b182bc159e13,user
k6_bidder_202_4,pts_a736beb6f5366b97f4fa5cdfa1c1d5b681635d7a95588d1fbf86de6611a96f16,user
k6_bidder_202_5,pts_d97934d138d90118204d051842569ab56d4c7c8b2b4f40609bbadb49dbceb0cd,user
k6_bidder_202_6,pts_9ea772770afcca72271e5206d99729b65163a31dd065e46194fd32a3110ea01c,user
k6_bidder_203_0,pts_23e3c829724edf513f2aa9d96a2d34b45d95d01d89b2f241526262e9fc889d34,user
k6_bidder_203_1,pts_f201ddc26e885bac25f530969e983b5bcceb60468bc186f932094d8db0683e8e,user
k6_bidder_203_2,pts_53b55c5818dd3548130839d0d7a0d4ae8ce6ca13d3066209761115badfefd9a2,user
k6_bidder_203_3,pts_5ae91f81d6152d205e0c28029eb6375d0be8f69bc443e89a169eedaf699a7821,user
k6_bidder_203_4,pts_517c427de7001149f52b17d45ff707b36cc20ba6b27c25ae83c28d447362ae8d,user
k6_bidder_203_5,pts_df9f071463b22ce90c6ec6e569e4f9e0ef8c7227cfee8ebf7726586d512bf599,user
k6_bidder_203_6,pts_9b8ddd4ed806a499e751f51efedc217a5217d132eb3706db7512ce06519e869f,user
k6_bidder_204_0,pts_6e3b18ecb2a33db438215368edfd9700365f08916d041fdbd83f55fb49fae7fd,user
k6_bidder_204_1,pts_e1b8cf5212701d6fb20a3ce6ff358e3953865a875d46f4923bd6e92d385f8d02,user
k6_bidder_204_2,pts_930d02c3e2241334f07742878fed7ff81cc73dfbba0cd727e8a1e8196b994b68,user
k6_bidder_204_3,pts_f264caa8c33bc722f48750364cef894e2d2b7ff1feabb3a8396aca9d240576ff,user
k6_bidder_204_4,pts_e27e95c93538cd2b2ca53f10f8d92caad0bc4ff2e0d79e7836e3a92a37e5e47c,user
k6_bidder_204_5,pts_8f757ed205a1dcef28a63ee1d3f455e883ce1b1784833c1be9860f178d6be382,user
k6_bidder_204_6,pts_3b25eb414e9397e44eaeed113d34f7066a9d01f144ec17fe236fa16617219af7,user
k6_bidder_205_0,pts_e4d2ed42e775ea683da6601fdae3822542b37393fb06a2130777382b2a127fd2,user
k6_bidder_205_1,pts_866e8d01eef4e8dee7e5d6e9fe64ef877ad4942750ebd4fbe07c4d56b152b87e,user
k6_bidder_205_2,pts_cb952b6e0e5cf99244d7bd0a386cd1a7039a41dc4ae391dbcd5ce3a3b9db0cea,user
k6_bidder_205_3,pts_f506c13615617fe640913e285a196891f13c8f01291affe0901bf8fe582ce667,user
k6_bidder_205_4,pts_5df3a3fda90dd71cdeb362bf1df137121d7e34f3d0beff3ae42f20dda4aa087a,user
k6_bidder_205_5,pts_b58404ea9353094bd034cadacae506e020e21a2a42056e3cdb5c569b6a8da3b0,user
k6_bidder_205_6,pts_5df19d5f09fbbca31ef94d4a7a3fbdc7b431301b5f23f8fa1d9a81d5f36b7b44,user
k6_bidder_206_0,pts_b120c34a101c963f70d05e3c232bd865b030c3df3877906bf66e45a03fc776e0,user
k6_bidder_206_1,pts_31f9edb7cdb6aefd572be6e4b89237d25db292da79c0b4a88b59524f5dfac4eb,user
k6_bidder_206_2,pts_3bd6e2ed3f9bb5a93655b7df6ec1792f92b82f295d3c6e967162156bd2da04e0,user
k6_bidder_206_3,pts_a5eb548e20efa50028185dd34912349586be1374e0a872f014d82a352d32dc72,user
k6_bidder_206_4,pts_9153d687086a5f3f4acb7afc167ed7c4d9f317c01f2a52e8fdf31a39bdbe4640,user
k6_bidder_206_5,pts_df662e4631c929da59d597a80bac463d693add72c7f5579f421db022e236532d,user
k6_bidder_206_6,pts_3d245616d3b98c84c438ad38efc4735d2307810436fc50f5a0e98850a29b54d0,user
k6_bidder_207_0,pts_72125c0b8cbf7d6c06f72d9cdbf78df64ca334e0b6fd3ecceceb0be06eec7f45,user
k6_bidder_207_1,pts_2131487f3de11520d2bb6b1f43fdd3bc3029ca2638b31deffb1c7b69731d2b70,user
k6_bidder_207_2,pts_e830651e3e7e3041f867113846ebda5444678db36af0dc244da50b5b4a36c471,user
k6_bidder_207_3,pts_739d0bbf53151315e5572daeafa0bdfe4f69d3ace404ba10c2b9c5780e7adde2,user
k6_bidder_207_4,pts_d834249e200fdeb424f487bfad2d0b3137078ad0cda48a100d087afaa1adf95b,user
k6_bidder_207_5,pts_21bbc32621fcce1137798bff5cf41513400db01d2a77d59c055b98014580c9bf,user
k6_bidder_207_6,pts_05bd66a6a8b0d7a2226a691831e29eba13ef61433afd6758d798ce2da71fd9b9,user
k6_bidder_208_0,pts_2a25a1cba84313e81d0fa91c2603f5634c910562201b90b1186cbffdf44272f2,user
k6_bidder_208_1,pts_b6bcdb34cb9bdb961bdb99cc64d62226ced36226fd3676eee146e85901dac5d4,user
k6_bidder_208_2,pts_ef84710a6256dd14d1a4b70b13c3aadbc07f7bc517542f4e8e8abb1a9e029ae4,user
k6_bidder_208_3,pts_ada9a6318dfe54805940ee4811fe3d897b9eb0414fbd67e9a9955609b841b792,user
k6_bidder_208_4,pts_2fcd38a7ecf300d151a6dc3ae698e620d71b1a529e0b3649a0f286c1dc0f8c32,user
k6_bidder_208_5,pts_c2665976aea5a797f809037a49959f9ff3f49e21d846aba704dddd2e3896b970,user
k6_bidder_208_6,pts_33e85b38853f55e831fc69e1bd59e04e5196f434db6ef85be91100ca29efff4d,user
k6_bidder_209_0,pts_06fbc416964f2cc38dacaacf1dc9f1846b361d03fae5803ab14204b9ca80c39d,user
k6_bidder_209_1,pts_b18ce059b724f43530282bde2578411e7bd0f9337b1aed69397c9aad11e6784c,user
k6_bidder_209_2,pts_a6337ff8ca0331fc81f961178e914027c1bc6a20d40422c3c52959d90be929ef,user
k6_bidder_209_3,pts_c3ada606bf4a816421c87a019bf65214d90ed7416dae8fe950013d082b787b6c,user
k6_bidder_209_4,pts_07d34ded4ef34f965e518510158ceb680642c192df8adfc871c8a052d2adb8d4,user
k6_bidder_209_5,pts_b082b150785a4c6f14f527fcc85f894cb82e20e91d96845e576c590c3c2b10ee,user
k6_bidder_209_6,pts_c050ce7afe773a0a8cc134cfa9886b9524d610ce2a9b393ceaf35db9febe733e,user
k6_bidder_20_0,pts_08e1255fee44255168b64b267c19b8b9b940fbb13a973e71d7d530a2e02eec14,user
k6_bidder_20_1,pts_b0e7a116017fa0e6a21d8ea5ac74b3c00a7aca523faeb92c38415e7fc69ca271,user
k6_bidder_20_2,pts_be44de697768634afcc2e384829b48ad6e5f9d3081f09cf030ac78ba144246ff,user
k6_bidder_20_3,pts_d687ebbcb0e2be7b9826f3cd27afa76b2b286ee335b331b1f988b9ffd3d552be,user
k6_bidder_20_4,pts_337ad66f9810288321cf6ad75d7c9d48c0797de302fc6dee6c8d630c59ae0eb0,user
k6_bidder_20_5,pts_365a39a4a31fc9108ccd5699abffc955c498cd75ec13432bd4a867ffc80c03fa,user
k6_bidder_20_6,pts_ea9801e0c7f5813a2d4c24d3425054edd87770f6829bafc296edaba880218690,user
k6_bidder_210_0,pts_91bfb0535dbcd79d68f5df7ef61787aee3ccc092394c24a4ecee52361d850bc0,user
k6_bidder_210_1,pts_04eee37394ae31a4a0a46d3030185959720bb6d6d21773f8b985e45b106f3d8f,user
k6_bidder_210_2,pts_2814f52e742cebaaeefce8be281fc026824d195eaba3005878c0945cfb101610,user
k6_bidder_210_3,pts_40960cad8053e954e19ed1e4718fa5e9f26e1a32750ed8f710aa8ab7eaf92cd5,user
k6_bidder_210_4,pts_49caaee77f50c08c0093516abaaa14583fd78fc01f968af90e7b380e98c9afee,user
k6_bidder_210_5,pts_50855339eec60e1f04cbf561004a3ef287e523985f0095fb160cad8b23986cc1,user
k6_bidder_210_6,pts_13b55d2b090b3da863aa2ce9a9ed2a5eebddba4b4e703334515a9f3038908330,user
k6_bidder_211_0,pts_6d4a346055c4dc468d34aa1da4f30ab430a15b16358e4d1002da7ce56c1eb683,user
k6_bidder_211_1,pts_a7716eb645b04df48324f3a46cb5b5af4c4448f6958387c21002913fe93d2ab7,user
k6_bidder_211_2,pts_57b4e20f2591c597673e448e8838a4a837b2a574979c2ebe92d246156e4de57f,user
k6_bidder_211_3,pts_fc755b63ec9723252abbf68eefeb11b0c60863e24d5709f0e8fb86dccc8519bc,user
k6_bidder_211_4,pts_cbbb7e9f4f9bdc079a3fc4db195c22577d648dc451a59dc265ba8198caecd0d1,user
k6_bidder_211_5,pts_c3ea724f4d889d715c2b77622675a681d7eccd479dac009e298751abd3914689,user
k6_bidder_211_6,pts_6251b6a2688da5526a372f44858fe4934b0014d4e10edbdaaeed320c22c0c2a4,user
k6_bidder_212_0,pts_d3c4cdf9bbd0c6e883a73b699711dc2a282143bbe6fa7a2cde0a254b6025aa71,user
k6_bidder_212_1,pts_2ed199b6c16f6a3dbcf5b9d50ce7fc2bb1d8d6d0ea07d8ab320b954264e504e6,user
k6_bidder_212_2,pts_15f2452dbaa678cede96f7bb85b41ea0745eca1798cbf016a6b99007806baec4,user
k6_bidder_212_3,pts_b403b2e0452c643055fb46bfc4057e541d6a1bea83a3e3698d15ed910907da8c,user
k6_bidder_212_4,pts_229a34164f7faefc049163d1293eceb8c0f0ab136eea9c2cd24679f50e7e6a02,user
k6_bidder_212_5,pts_ac9e26df4d62d12b7cd7573b87f1f65bf3b98c3c273dda0916045c04ebce9428,user
k6_bidder_212_6,pts_89b5ed1ba4e812a39cdcb310ee77a9149e51fd14f1106ca61414a5858808978b,user
k6_bidder_213_0,pts_1e6f7d45c1478f04c7eff2d46c1865f4ee3e608f53b932b43f30ce72a0801cfe,user
k6_bidder_213_1,pts_031a215ef344ab3433cfc7db836f6a5fbce469cb06131e379bb685688b38b8bc,user
k6_bidder_213_2,pts_406ba79d6db2fd490e2cd12ad51f8cbf18d2f9ce5b13aff07b3042b985b05f2e,user
k6_bidder_213_3,pts_10afc6d45c4b9e262a4ef3c99eefbbc1c06811c1fb93e1b3d5697a35cc782320,user
k6_bidder_213_4,pts_049ae7b944821413e721c9acf8ed85e26edd2a718c97b78a1b2b9fef93428c23,user
k6_bidder_213_5,pts_4ac63c5a6305b839dadd7b226368488dfe2f1b088630839e0f08997fd5b64345,user
k6_bidder_213_6,pts_e66a6b5e9ad1dbbcc23e139d378d0cdda65accef30866c9e7b6352e42c35717a,user
k6_bidder_214_0,pts_a64fb1c607d26501519936cf23a9eb674a5904f14781c0dad04c0e58b044b3d4,user
k6_bidder_214_1,pts_66de5354917b29e29eb3e9be51e1a4d1246be95cfb3654cfe115b969cf9c8ba7,user
k6_bidder_214_2,pts_0982cf82e00ce1fc7889c8dd44acc8794b316494b93e40c9d1f5b0bd8b1ec70b,user
k6_bidder_214_3,pts_077ff26c34d2bf2e271516dd239d043ed61aa737570ece71fe2663130aa9529e,user
k6_bidder_214_4,pts_e3eb493fc80c594dddb0cc48363db0575c73026fdacdf5952e615cd97c4dbf11,user
k6_bidder_214_5,pts_a857afdcce192ff415952a682421c8812b983d44cc29e230e72a14888ae77830,user
k6_bidder_214_6,pts_f51bfbb1348e24739f72fc703f369b7d3d066b91f0eccad97229a3c484321a64,user
k6_bidder_215_0,pts_69242afcfbe60c51bd4099acafbecf98742b6d5f6b42b677ee7748de89d9d95a,user
k6_bidder_215_1,pts_6fab973014c35f4ea6085d9d5569bf0e348399532d11142fc207a9a02b99c1a4,user
k6_bidder_215_2,pts_e0ed08a12fda2b57572af8661d09e8402d4b471128f0b2b1381605effbfa4f1a,user
k6_bidder_215_3,pts_8dbbab8c6ecca0852d2e7b8ae9444ce1d9dabea91b16930d27ee965d2852f9a7,user
k6_bidder_215_4,pts_f0d31a730d302ae5f86d4854bfc43a2d22feac9e3a3b2c2e2b0c0ffb4567b80d,user
k6_bidder_215_5,pts_2c625f4ab7ec38908dca4140d57118f61002c7e8cae39c92f8ae78c5c1d70273,user
k6_bidder_215_6,pts_a5033e9ab21d61d605554fdce8d85b9da1fb5dbc5f935432c618d1cec967c0c4,user
k6_bidder_216_0,pts_fea55ec1d2fbda57c0cc624e75acb3a3e97f686fc93e83c45ff3efe00cf62350,user
k6_bidder_216_1,pts_0a98b766edf4f4ff3e579ec95b36f49ec86f760b13ceb2fffb3a37c154e0e1f6,user
k6_bidder_216_2,pts_6da1be03961db137d33e40dd4d496aec21b3374f9a51fad7b0b0d4fbea509ac9,user
k6_bidder_216_3,pts_9c16c0a5e57e40b415c07f226d1874397b80024c14f6403983f3459c2b109e39,user
k6_bidder_216_4,pts_5da1801f97d300edf92f0954e984d1d528f70e9381e46ef4057cf8e62e6fb9ee,user
k6_bidder_216_5,pts_68df2dd4ca7373675623a147bdd82409685d53f229073f43735838c95e5aa4a3,user
k6_bidder_216_6,pts_fd02bdcfc030d9c6e52c789b02b72c88b22be389741ff713749e1464f9c1e439,user
k6_bidder_217_0,pts_78bf0ba31a9f937b53824f0fb71cebea4a20624846499b8a8820b048b62431c7,user
k6_bidder_217_1,pts_26a5dcc7be75ed1416f54e3ac8c721984b154ae6230a6883a54e5d882bcd9301,user
k6_bidder_217_2,pts_edc005d362b3a42dcb0553a52900fd43ce78ebe472774c198fd89ea00c448bd2,user
k6_bidder_217_3,pts_50cfc84fbb106a2c0393d5e0b764e45b3229d723e4c4f8139d9b110c7e543014,user
k6_bidder_217_4,pts_197813dbeefaca38f83385379f99453461b8b5edf432bb0f77ee3d009b9731da,user
k6_bidder_217_5,pts_4f2ec117aba42b7d8a9894b5639e88fb9886b2bb25e1dfe6ea5d1e431e6142c3,user
k6_bidder_217_6,pts_d7280b76dd63e4d137e18c23625dd8da53478e9b4d45e996ef57b10e6b88d580,user
k6_bidder_218_0,pts_478c826135c9b8a49eeea6392fe2a09e92cca3c754ed45585cdefa5712c5882b,user
k6_bidder_218_1,pts_725e25d54699fb8f3f54a3934d6b7339461b3053ab10f850798d0361bc98a347,user
k6_bidder_218_2,pts_b0206cc38ed2f7b35001a5b265828b30b3b13f7b00e8e30ae366162e6cc781da,user
k6_bidder_218_3,pts_a2da7dfc79ba42830e6298f1f5a911d8a19b76b6bad69d558961066a6bdc9f7c,user
k6_bidder_218_4,pts_11cce4c082dcd9aa5140b0d2874d8e4e34d6e593f1fba91f4e6450e6986367c9,user
k6_bidder_218_5,pts_8a96008d77ac201e424beca7ee49aacce2b8fccce0ca02264569042456de00b5,user
k6_bidder_218_6,pts_3eab12478a8222762802a8798ffbf528566e2bb34d9903177dd5c73e2e6d197d,user
k6_bidder_219_0,pts_41842275fdfe2e218988deaed855a1197d2784da669c7fe0258edc609472680e,user
k6_bidder_219_1,pts_44d7af9a4de21cf58a2ef18281974f553935d95f17a0246133f2834c9f36a5d2,user
k6_bidder_219_2,pts_4024b03eef4fb6ff59f76fe3d85e96967360a28648dc5437f9ac2785761f614f,user
k6_bidder_219_3,pts_e575f39faa84191d2a05ca9702ac7dc699f6b8e82e9ef3ee9deb64151b3e69e2,user
k6_bidder_219_4,pts_d7dc38ea0bcef10520fc33b0ef147c159c73d015b08cda24bd2d93f0ae2ab7aa,user
k6_bidder_219_5,pts_fc2805e82036f1b991882a9afd9227b0663bfcabc41c357bb4fb8195eff923e8,user
k6_bidder_219_6,pts_db60d38d71049cf798f260aa1dc7fd5d675c76e7ed6c34274c001bbdc999944f,user
k6_bidder_21_0,pts_2d3d91a6ab57d8bc42b6f480c9b3e5a8b9388f579751c98f017325aaa27d03dd,user
k6_bidder_21_1,pts_2646f4a40ae87ed50240c556ea4cabdc7325ffcf6a3d430416f23b16af9bf78c,user
k6_bidder_21_2,pts_d77cc6400b503e33a078c93037aa53485a741b913b9ef3bc5aa07bec98734fd3,user
k6_bidder_21_3,pts_9813ac1c6573fd5e7b554c1cb21ad5a364101ce5addc6d7c4140b163a12b35d4,user
k6_bidder_21_4,pts_17ce05ef3548df4f617436a2afa9d799f6f46473954af741a63cef2bfe0e2224,user
k6_bidder_21_5,pts_1aec0d51914f9cbb1c1429a8bfdd6539f2a76dd256ec058abf3376a3f76b359b,user
k6_bidder_21_6,pts_a8096f414f2660b6b9539405e349b3b6c126fb1d1f4b89e22f872d4a1b734220,user
k6_bidder_220_0,pts_9166043727ad71dd6f990feeda4a92fe65eb35154414c5d7caa4d0c09c35146b,user
k6_bidder_220_1,pts_82b2df7e0920767e7f2a32c138e42e136c93d467b75dc12288fbca5d048e82a4,user
k6_bidder_220_2,pts_ba0eeb05b44724c32b06f782a01f088411056f1e2a8f6ec737574ced525666fd,user
k6_bidder_220_3,pts_feccca7e2a8ed8a41e188bbac7e4ad9ae5694fbec7b31e8cbcf09115173c12b2,user
k6_bidder_220_4,pts_b998d067d743834f1cdda84f08f5b90a68ecfc4fb19afe6be68e98ca9a8a1944,user
k6_bidder_220_5,pts_b2f659c2edc9230484990365455f7d917f46a833d64b35d1393f10df33f4d073,user
k6_bidder_220_6,pts_d292a67522f89b8011a1358f52b1b75f41903ece58fbb06529feef1454d0158d,user
k6_bidder_221_0,pts_e46b2ba800dd5b2d6ab234c06558098ab31dad801c5c33b2c7c7336fc1caf084,user
k6_bidder_221_1,pts_3de767693220dbce0bd2a1f6491f97d1671d53a4f7a28a338bba6aedc9e47abc,user
k6_bidder_221_2,pts_ffaaa769f960c9bb2dc055ed305c229084547e2833c0efb70e72124f08ac6e29,user
k6_bidder_221_3,pts_b057dfffb977dce6555796039470530e1034fb1ee02ad0733c07e1d3e96630e5,user
k6_bidder_221_4,pts_8ef4ac9acb64aced57de3b2ead125b8bda0b7c8cdd2777ec3752b032e994d99c,user
k6_bidder_221_5,pts_f70cf2e6c3d3ea376b2afe86913f01e5a6484a6d889836a3d75f387bf05dcc4b,user
k6_bidder_221_6,pts_03208d68811ba8d76f34dfd8098c9595c4b21aa0a6436c11621ef415a4849564,user
k6_bidder_222_0,pts_2a90e419c34ac71908286855b9c7bd4e8900a5305945649f9fe340c1fa18a6ce,user
k6_bidder_222_1,pts_7f0d0753bf4b515d2480c3e7d713ea8baad01ab015f5fc499973207a9c55d22b,user
k6_bidder_222_2,pts_a5b3a38dc4dd49f7872815d503513abca81234a6971bdfe7d1f1390104f14a5e,user
k6_bidder_222_3,pts_69cc8a435a657be2a80da38994f08d5d9a5e0685c3bba55c3b59d1cd985d5abc,user
k6_bidder_222_4,pts_8ce139fd75271cf0db717a897b1a9d627fb66315d4f7156f2f00aeb200554366,user
k6_bidder_222_5,pts_edcf47b05fffd81f47b187c5c72f8b915c0bbc0ffad63686bb613f07b6639e7d,user
k6_bidder_222_6,pts_c69c76820d95952417be1facde881f7023935ac7273c8797c23e8aa02040cd3b,user
k6_bidder_223_0,pts_8139e7552bd699ca799a47d589e86a52f00ce3fec7908e95b0061789fe5b76f3,user
k6_bidder_223_1,pts_5f36260ba18b1333c664c372e420803b07b40a389475f54b7059a24a79b0d8ee,user
k6_bidder_223_2,pts_a3fbb796898eb30ca2ff0cf4cb54961c63fcb72086ee0695edbde17abfa16687,user
k6_bidder_223_3,pts_4048846f56bbfbdf926441ae94b54cc343708d83b3062e648a217d6cf1bbbd52,user
k6_bidder_223_4,pts_3d45757b17fc8ac90dbece9830041d1a222f09bb33ef06904d77ee2aabc8a6e6,user
k6_bidder_223_5,pts_c4d64d488d8d2e9a91dc0f0c185e26481ff535a245aec62699fda48a6d92da9c,user
k6_bidder_223_6,pts_1399d4f05cd8cd3a02ae152f7e8ca68bd36898eefd197ee0980a6b12dfd02376,user
k6_bidder_224_0,pts_45292c6a72c9376af6a07d5a44bfd1b6786009ec8bda98076720eb69b573242a,user
k6_bidder_224_1,pts_f5435a251917120ffe4f37a453abc748e0abd6943a8dfd25398efef0c087e4bf,user
k6_bidder_224_2,pts_e75cd3b126ff83f789e0fa8db1236110fae8e37b67d4c4088b25452ff152b42b,user
k6_bidder_224_3,pts_143e3d6467d8bfd1ed2c8f674493569d04bd8c9de97b24daa8650aa549db9a5e,user
k6_bidder_224_4,pts_18bb8aac014e8ac1fffa5ea207854f282e709af657ae20da504d1d3492a1b429,user
k6_bidder_224_5,pts_b9a4d7b4df029b9e82f2e748df4c75ae67c9ce61d97a149383fbd2dc6998af4c,user
k6_bidder_224_6,pts_50871bf2412420efe895645daf2228add509511eeb46ac267cec5ea898babcb3,user
k6_bidder_225_0,pts_af65b17833ecd2d6132e68317a12d0e9bd75e27eb6f3b4019546e5e6fa9a6501,user
k6_bidder_225_1,pts_95c8281b011cc1c918e39878f2520f2fede8ed76878fc169f000862f4a7fae1c,user
k6_bidder_225_2,pts_63256f3f879e718912b5e8a5f26692136acb262185c8bf65c11a9cee9dc6647f,user
k6_bidder_225_3,pts_507049a07d1c0a8f4be996f79e56094c6e1714e064ab11f4ae43fb2a961f3401,user
k6_bidder_225_4,pts_6924fe296889a340c88c5fa50d9badfd401d28042ad6a68fac2f15e545197481,user
k6_bidder_225_5,pts_a455047c711f7526869bd0a13e5676f75b8cdd341ddc20ed6b07915cd58d4c02,user
k6_bidder_225_6,pts_27ed516bad568629308bd08b748c759c50e9d46bd6025cfcd21f20fbb7800876,user
k6_bidder_226_0,pts_b3376630052ab99bd5bcd2724acf0bd6db068adb388f6141da8ec2b28bf017ed,user
k6_bidder_226_1,pts_70ea8fb02350457801b2041ffacbf85b661a56b3b5a62ad022c462cb6a46a3f2,user
k6_bidder_226_2,pts_793fc2a796a3be6293e2ba175441f0d0ff9f1aaff69ec409b1f51836dd0b4a6c,user
k6_bidder_226_3,pts_8ab0d1400fc28cfc5579074f360b1b26d4caf041602a6c38d832389621e83436,user
k6_bidder_226_4,pts_0d2cf0a34040ad53363f06dff140133a644dadad728833bd5f427f61550c3cc8,user
k6_bidder_226_5,pts_ddbfce8760ab6d7b85bc142b740a851a6f7171f6078c48b36ff94019dbd63c62,user
k6_bidder_226_6,pts_40879fdb1b1fd58b66f08fe213b2b27328dffcfc15433e22af1a752ac5db437c,user
k6_bidder_227_0,pts_b48c047d57f885140e37d918d61ce849d4c61ae921a3ecc4d8c4d8c254435944,user
k6_bidder_227_1,pts_f4e5c647c0bc8b812078252fab09e9c4c2a3ed7f3af086d6fd2fc7f38edd32fe,user
k6_bidder_227_2,pts_43924d6b5678e3e3b2131004d74eb4e28a42a3574af5be67096bece0af113782,user
k6_bidder_227_3,pts_26c67164c99d9653d40592499da0e97a0104968c3764e5914a83c4da1802d521,user
k6_bidder_227_4,pts_af898fe7d196719e004cf41aa57e582beb8968bdd57ed58d1ad5d29a0c8ef117,user
k6_bidder_227_5,pts_5ecef02e9ae6d0654176165fe441dff5add6e8ca5dbfe7b07a263c238965cfb7,user
k6_bidder_227_6,pts_0ba77c1c951d3077b2c669f90d8bf0e6d8fa3e047b90cb577d8478d0ba34a3a0,user
k6_bidder_228_0,pts_2121538158046006e36c7bfdbcaac1391556016ef17cd4dc74869ee491b297e4,user
k6_bidder_228_1,pts_5e165df87c535ac1b334649ea861d645179fa1bf81643c41ac0004b1546aa3fd,user
k6_bidder_228_2,pts_65287aa83a52cfa3a1b66c520b33237a866d2874635d490d79bab32e8a04d67e,user
k6_bidder_228_3,pts_19ec6ad2961836237d5d09be75bd5119a70e8424b762fa6d4d50a67bf8e1d2e7,user
k6_bidder_228_4,pts_6c2dd1a150ec73058f6abda0a635567a6d0bff9a84ad3bd9c1f6991d4ac9694d,user
k6_bidder_228_5,pts_8d06c3bde69f82480d22d6b71d205df08fc6717a1a6f14aad70255b4cc995e23,user
k6_bidder_228_6,pts_5c9a5aa4ac63d8db39c3fbc84b60e6d5e546c474825f28ce2f966cdaf447bd3f,user
k6_bidder_229_0,pts_5c07e42e33d484c2d8d95246a52201962c8b670ba6986c326a4f17ddf0dc857f,user
k6_bidder_229_1,pts_af7adf0d1f229c65db7e1c90ef17029ed48df30a3594a7dffc59854e2fb9174b,user
k6_bidder_229_2,pts_4b0b71376877d48fc1b69e0b15b775c1064cf89d2f9ae9dafbb0ca7c2642dc67,user
k6_bidder_229_3,pts_4088c2785a3778901c16ad6b4e11f3c649c3b1f5a41805f38e2ca3e6f6d2aa61,user
k6_bidder_229_4,pts_52690dfe12dd6246161c2e630f9017e82bc07e1f48ee79ad408acc00e68f7dab,user
k6_bidder_229_5,pts_1f7ce72ae946d5c51d752988ce413fc3851c58329edcfa59f0d481ec6c7877b6,user
k6_bidder_229_6,pts_f773f7ca5ff5b7e60b2af9f28ba437092dd9897c4b7ddd6ad5f938d1813d2fcf,user
k6_bidder_22_0,pts_290e0486cb6c49ad71bbf97a4b3ab84542286f93fec495ce3e12734c5808cb1b,user
k6_bidder_22_1,pts_a64dd4ff32110eeabc53bb57bda2b9cebc63b36978eec0c8f878f5fabe24374d,user
k6_bidder_22_2,pts_8ad086331111b02b2f58f6b216053ffb68eb66d2331f92c3e2737cbd86414305,user
k6_bidder_22_3,pts_cbf534ba79dc95f62473dce2d8293d0b839afa82a08a8a2b6456b9e393dd83fb,user
k6_bidder_22_4,pts_f300b8bdc9940bf16d8060685a5c50e23868fe0a08899299e46f833b7aa25bb6,user
k6_bidder_22_5,pts_a9969f2ca368580918ed5e4bd3d6e78fe93d9c311ac33d51d6b5800d830df5fe,user
k6_bidder_22_6,pts_7949a78176da07cd43409a3b59d417ccc500f6a6437a8a575d4f5d16ba4d10f7,user
k6_bidder_230_0,pts_0cfe57440569f092f9a1e387675a79c1763a14e1b6ca5d10bbc27d85eec5bc36,user
k6_bidder_230_1,pts_64bbf70f78da7e0967b00394b85bb5b3fc1c5b15b8f432b5c15f39d8f4ef5e90,user
k6_bidder_230_2,pts_6986088dd9047a4de06c0df323f9c35104c692ac1c6960c6222e06f60851d169,user
k6_bidder_230_3,pts_3d2d3892c74112afe6339bf39dfb703ece18c494fffbf211e0be235811bb2e09,user
k6_bidder_230_4,pts_89c60755bdde9b2dfddef40bfb7cb459f332fe26981bf3a92c550807923aa723,user
k6_bidder_230_5,pts_c97ab69ba082fc171eb7aa4a8214fe43338d56869c50684a8c46026ae64a4501,user
k6_bidder_230_6,pts_1d4d0181710e8bb9c5027f3b40017dc7df93b9f9361a25ca10181bf8da6ea30a,user
k6_bidder_231_0,pts_8ef2573e0728061821c2d571eca35a62cba00d9ba0d88bc56510bed28b197de6,user
k6_bidder_231_1,pts_2ee9b32bb2f1b786a1515b1028b056a8fee7f58a90adf509417bcd5819f3baf4,user
k6_bidder_231_2,pts_e05b9fa1f0c43173d75994b378e834b4470ef6c7a9800511039412159b770157,user
k6_bidder_231_3,pts_26a605cdc39f7cab9daf3d033cfe133193e9261a9cf4cf27e252bbdd6e533283,user
k6_bidder_231_4,pts_ae78a7dce418eeb0e05c8cadca4fc2e8b956648b5e308879584815c5f75b1236,user
k6_bidder_231_5,pts_a7981dd06d5fbe75ef30841186fe5269f81a065052c1e3965b1b7551e7ab800b,user
k6_bidder_231_6,pts_2af693837cf411eb5c1df8407ff84417aa1dcec646c3c1a4ab997a060e401061,user
k6_bidder_232_0,pts_464b1cf330ac5f53728dbc96c4a87a1a747f80df81bb3f04ff7539ff1aecc081,user
k6_bidder_232_1,pts_3a4ab2bdb92a72be7ff3300883d2978f946cb98c4e95d7b262cbd673d3bf914d,user
k6_bidder_232_2,pts_6bb7b9f766fc5919b359a1f328d5d98fcc5b1af5f33a401fc390e7a806425c68,user
k6_bidder_232_3,pts_d9503aabc01d3505a896a6512e191f9f9fac2e479f548f321655bb51b0a953a2,user
k6_bidder_232_4,pts_60778bae1234d2e75f5ecdc522d601ab9c74f0405cfb5b42bc840d12372e6f6c,user
k6_bidder_232_5,pts_a0e95c19d4b908ef04e587abb054c5624f55d61645cd197a82715d3bdbd6086f,user
k6_bidder_232_6,pts_f238cce6fd90390a916ad2a831f85ff02c62057d8d08ea8ca88063bec7ce6f61,user
k6_bidder_233_0,pts_e5ed18efdcc4ac944d5e2b1bedbe34fdbf5f5a61babd83bad792d72c975d11d7,user
k6_bidder_233_1,pts_e158cc4999593b6247efbd8ca7ad88d115b130b0752407b23a847a9c78e5cbde,user
k6_bidder_233_2,pts_7de7af05a01f24f5db77a3f5033228106c56b4e50f58823536f09dd72aba9f1b,user
k6_bidder_233_3,pts_956eb7e938efc83e42854062212cf297a8bc9cdc0eb34209b17dad004eb54739,user
k6_bidder_233_4,pts_8fc78d640cdd5c77eb65feaa81eec67a86e88a9ffe58bfa4195d44f92fc6edd8,user
k6_bidder_233_5,pts_a1925fcd0545a63faa08615844fca0f3412b0f69f46fd466aba38cfb1c69d637,user
k6_bidder_233_6,pts_032dc96c75fb9f1c26e9c9db4794734746b125c2bad865e2836559770c1df867,user
k6_bidder_234_0,pts_0df558ec708dbc3d1ec94c52ee85314da2dfde2fad3195680c5c898367d28057,user
k6_bidder_234_1,pts_2bfcb69cdc64ff6cc19ac5d943e70f7f1be42ecf0a35d7012bafeafa4ca3b48f,user
k6_bidder_234_2,pts_fa52d83f6f67c1d1e466d9e4e90a55b414d77fed67cde16a664b6fb7a2fa95e7,user
k6_bidder_234_3,pts_5e17c0d72297bdb56dda9d76f97aacf466c78684dd94f71d4b53c8274ea20058,user
k6_bidder_234_4,pts_67534c41a135fde070ca9f85f1debc1dfccf916367c5b8d412e52a2f3fb1bbda,user
k6_bidder_234_5,pts_204dd9ddee2cbd4f524fbeb3d6c719d4e7ff6eb3f6773818f95a90add128fee6,user
k6_bidder_234_6,pts_54a146248d820df0fadc3dbb4137e643b78402812392b4116e7f55ba25e7534c,user
k6_bidder_235_0,pts_1be5ef35484e3222f52d5831195f2c8feb67bb12f27b0abfa4b16267f9aac6ef,user
k6_bidder_235_1,pts_a3745ccc39f6d6e1171ad1a60be597e2d5c66f1cad75d279d0266cadd89c2967,user
k6_bidder_235_2,pts_c8c6cff725dcb8d27cb90685b9278b7f0ac127176a9ed7c294a8a52a8091d450,user
k6_bidder_235_3,pts_a31a1531632b3cdca9ce2e31d466303a03cf5939ee03d1774554e8620130e487,user
k6_bidder_235_4,pts_0c88810896b973c72a81f260f1cdf67d4edfb8529350f01428804218ae6d199a,user
k6_bidder_235_5,pts_79cb120499d302060136d5caba333f6da7ec92f32ba959132269c9f7ad683577,user
k6_bidder_235_6,pts_586ac100af3b6d7b41daf3cc716015eff04ef303bd355f67d802ac67a96cd674,user
k6_bidder_236_0,pts_c2780cd029a7a66757686a33a91abb25a1ec3dcbe8e16ecfb6175b7ab8275f55,user
k6_bidder_236_1,pts_8f00adf43720b23915d8b5a77cfbfa34a008dad84d93771b098493409ca34ded,user
k6_bidder_236_2,pts_c7c27976ce827c3847cad4b6eae05e437f6773fe484cc2436ca8176676498da7,user
k6_bidder_236_3,pts_693abf25edcc66aa881f164039fc1479253550101f3a2e228f0fe916ee89fdd6,user
k6_bidder_236_4,pts_505a07b9de86060d9d390a6cc17530bfcfa502215bf0891d3a05cb51d5dc98d9,user
k6_bidder_236_5,pts_9465421c8a10bbe083598ce087f277867253553be7bfb2303a67c874f3408f8f,user
k6_bidder_236_6,pts_961c9d9709e1cdee50eeb848c546ca1e2f064503ed57292eef04a503c8b3051e,user
k6_bidder_237_0,pts_8645984af7c72020c0168b1317c9bc2301a1f02742043d130fa3e0de5137fedf,user
k6_bidder_237_1,pts_062fcf56aa554f16a33816fa312b540e338d5404b6db643155829eff903522bb,user
k6_bidder_237_2,pts_0ee95a8a20678de7fd30805232140db0467873e6d431ee802ff007097cb46b52,user
k6_bidder_237_3,pts_38e44bfa4f5af660d9aacebe66e0978838a7a5bf44faca31cf09a2f1acbda301,user
k6_bidder_237_4,pts_d49f236952a3133968784d702d8c47324edee75c5e0d02c10c293bc578adb2ec,user
k6_bidder_237_5,pts_507e97a3e2700a937af9760c5f13b75c9e48681b2800ed4b2f732964e6769781,user
k6_bidder_237_6,pts_e3eeafab772a002e322428e84856d536ac3e62dbd514f54652e5ca5f6603c8b2,user
k6_bidder_238_0,pts_1051bf3c8bf0f09acaee62144987435b2ad58fe2c9ce3b59f759a5409731f4b3,user
k6_bidder_238_1,pts_c5cba6ae6a4cb39bfb3e7a3b3b012f1533004c73b48422199d3c7992b7b98ce7,user
k6_bidder_238_2,pts_9ce9e5a4d8f91122613d7a3b7a503a0f9872f999cf7078752550cfd5195c769e,user
k6_bidder_238_3,pts_78033ebc25615cd57d171888c16cc701e976456a6becbbf2e2d60b9a04a4c134,user
k6_bidder_238_4,pts_422a31636a15164445d6b4293f1784e0dc0d431ef08f1a0f8a0e1d54f1aa7ada,user
k6_bidder_238_5,pts_4f1fa72547503150cdb0de4fc7b724267eb3ecdc4454e4e7ec0bce01ca82f5a8,user
k6_bidder_238_6,pts_8ec30b276152fe866c260d754d324ad03012a05780dcc796d4088655a06d5d1d,user
k6_bidder_239_0,pts_36a8e7f810041562703353cc33196703d0f9296565c14bc0037cdced913d6f33,user
k6_bidder_239_1,pts_ca4e0d32541144aa02809717762a1e631c33175bff427dac7fe4923abf92cc11,user
k6_bidder_239_2,pts_99cf76d009f9b6bc7390a9933993544d5fb9c0c8cb8f067a29f8a63bb7261b37,user
k6_bidder_239_3,pts_c60fb461f379bfd145be56ca52a1b5dac6ffb3b480a0ba5a26a766d3001c13d7,user
k6_bidder_239_4,pts_d15cf0898d16ad806bd3021af7f910d8bba3fae1ba3f6485b307768f0d62366b,user
k6_bidder_239_5,pts_66397e4cec0b7d1bfe28a899e6367c01522d8adb224db3ef9a90d65368b51850,user
k6_bidder_239_6,pts_01a8e62014f934c014f6255f448f8eae77a7de044592b7f900e41053d2177c89,user
k6_bidder_23_0,pts_295567ebd9c26f16e865fd10e4e0705b7c089849c928c685c12a7808fd1bf298,user
k6_bidder_23_1,pts_b3fa39587d3938865760b258c03209f03e5e510fa137eabe2927bd3a81116d16,user
k6_bidder_23_2,pts_cb1278eef463e8f091142a0239b2ed0ae4b94fecd17a2809e257981d6a0d96ff,user
k6_bidder_23_3,pts_51d66f798b27ead5efa142d76e7e107f5ae8ec0d3ae1850350ca7bf9b91c5a17,user
k6_bidder_23_4,pts_b5d68698020a6478d15e508cd768bb8f111963ac150c9de1b424b18272cc2dd1,user
k6_bidder_23_5,pts_96897e3d27341d7f0ea39e385076a24b48e31afbde3234c11df7ae5004da0fce,user
k6_bidder_23_6,pts_9bae7b3f0c0993fe33517e2b067b82921c5fed340bece3402e7f35007b40d858,user
k6_bidder_240_0,pts_ac7bca5ab386839a1cb950c6639ea20576cf0b9321729d8d5b75a577d9cf814b,user
k6_bidder_240_1,pts_869435eba6ef173fbe14d79c3a1a049e34ba68c4098fa7b7eadd69e274df1439,user
k6_bidder_240_2,pts_a7c52b26a5d6434277ceac7e9abcaaee67bee549d44271c0a7d5a182a476c2c4,user
k6_bidder_240_3,pts_b14b43f33754b40ccb86936116c664456f7b817bb2fcf7f302b5fac444a80eb4,user
k6_bidder_240_4,pts_23a7e5231ed538f5507edc8ed7f732eca9745533bcce02a5c12f7469a627c25f,user
k6_bidder_240_5,pts_095bf5303f8f819a3c59eb5dbeba75603687ea5c2935f0c2ae86211772a1b674,user
k6_bidder_240_6,pts_07370aedfa7432554b277e83c531da9ea23181449329c309665e7ec2402099da,user
k6_bidder_241_0,pts_f8fd1ff2e2cb9946b68889e8d7549279b8b8bdf9bc1a12b8bba648d05842b4b5,user
k6_bidder_241_1,pts_c0600e0d0f159e1472286b40014d1c10e4e5fdc87ad9b3056add8fa369605901,user
k6_bidder_241_2,pts_1890b6fc0f8aad8d0ca5219822cce70a94abf5ef6e22fea3375545d40dc0b39d,user
k6_bidder_241_3,pts_faba2bccca843a4f66fd0e1ab1abd129876e5f971c725898d3380bb950ffeaa3,user
k6_bidder_241_4,pts_3820655b10013deeae24d032d750bb0da501ee6987cf15a5e8bead2350108548,user
k6_bidder_241_5,pts_5328d2d837dcb1901ba1ae3954f8df11f6a3bb225530d2f5ac4984a77b0b5446,user
k6_bidder_241_6,pts_50d9f70d0bb3195d2fc1aecdf061fb529a7acf298e7117959238910e12b5c7c4,user
k6_bidder_242_0,pts_e0e5ad23576d1d2365c3c20748b5f45291e7710805025884069da83c90f6d6c5,user
k6_bidder_242_1,pts_a1a6dd8123da76093c26a7be68143d3fdb5ca9d5a49c11c583080a5f9db25183,user
k6_bidder_242_2,pts_e9e4c5602b97ef1acdcebb95deb3d6c4296354df89ea6c2cb5c26c3612e04cc9,user
k6_bidder_242_3,pts_7bb69c6776b28fb5c4bdb92f43f20e79f5832253aa192431e1ac846b3e505c53,user
k6_bidder_242_4,pts_d0d7b941c17f417d80518f12dc575c8ad0b45888b1bdb6509de47aa456a1f815,user
k6_bidder_242_5,pts_9763ee9b1ac43c072323158bf95fa94cf8073b31dbf4a26a22f4b0ebe07966da,user
k6_bidder_242_6,pts_58f6a0f7f41f4884d95b99fa9ddb2de40387b143488b9ae397155aa2101ff4be,user
k6_bidder_243_0,pts_020b9fa141964afd62761f6614b923b1b34a753bdf5e8172d10351ea1b1d6142,user
k6_bidder_243_1,pts_db4c727d8636f9fa39e4724e42df0c93a8dad7d12db1806289cff52977a7554b,user
k6_bidder_243_2,pts_03ba66331c6cf67647377a76a0f683d12f697b412c5c6bc181acd59eb74cad15,user
k6_bidder_243_3,pts_7cddebf43faa105df2f46344d1d75fef0d4dc98da6d46b62ccde7640dff45165,user
k6_bidder_243_4,pts_f55f268943f99dfeec797de9533fdb36ae6ec381ba1730830a6f55cd743cff9f,user
k6_bidder_243_5,pts_f3a10bd91886f77417e4ca853d193ca053d9d60205f3fd31a1a77f9c24eb26ba,user
k6_bidder_243_6,pts_19a1c363d9ca6b15ebaeaf7718c0aa3fa08c258bb2d09207f897dd382d6fc302,user
k6_bidder_244_0,pts_fe99db938ee61de2cc46af3c7ba2bcd5701dc3adbcee3fc2e39fb5749e626ed1,user
k6_bidder_244_1,pts_0c1ec8505b05e5ee2693a3d937f8785aff1733fe1fd905bccb4ee19823225e92,user
k6_bidder_244_2,pts_0e6bde5aa1b8ff75bdb0eb7abedabbcd69ed8268097c279cebfb4b505552e9c9,user
k6_bidder_244_3,pts_8d820ab666846a64044e4d6647de68d702cb678a754e34e32bfac9321bf27bab,user
k6_bidder_244_4,pts_cf695c161d8638cddc326d6d99818bbd759cac1ce74f74e88589c0f46f8398f9,user
k6_bidder_244_5,pts_723aecbca5f06f4b058f9818e6b05ebb51039a2b2aa0789cc240309efae2af4b,user
k6_bidder_244_6,pts_9015a4fd148f34d762ba2dd7b258d0be8d6e17d8a681094a889ffc044b134250,user
k6_bidder_245_0,pts_3065a2dd761a95e7fc908b35183c6aa78962ae6bc6c10413edf30f93e0eeda1c,user
k6_bidder_245_1,pts_12842d6425f3dfe6ad164781f69cc5a973092e929a3b49e6be65a75394827634,user
k6_bidder_245_2,pts_ad5ba352f85a278f0b90422cca330fa3a1080dc148afa4c823b02995d89e4b0e,user
k6_bidder_245_3,pts_60da47e83284798865493e7db42725e34709c6e19b8d1a55065bd575649f98d7,user
k6_bidder_245_4,pts_e3798b63f5cbd3117b51f18dc696eecf9fd01de7de01293ad10e816cfbd3b52d,user
k6_bidder_245_5,pts_1f3587421e2a92cf280f07dcdf895ebe1ebeea8b40c23e26c30c318fbe0755fd,user
k6_bidder_245_6,pts_cd5c413dade2f9d758f6a269dd36e1a8a60992ff524985c8ba83a333b92df42a,user
k6_bidder_246_0,pts_f523559ed9a46aabadb797ab925c902d9200db83b21e91784bf619a2f183ab0f,user
k6_bidder_246_1,pts_4a86601b559f64c791dcc806553517be0591fc321bc16a5393445723ec2c7caf,user
k6_bidder_246_2,pts_9f9fffdfc09850616b94065409afdce8bfec2ad6f21bf368d308bc5c27c8baa0,user
k6_bidder_246_3,pts_f224a47ffa682bc83aae79a7149d18740167852d5952c7f7a893def8caa08a17,user
k6_bidder_246_4,pts_fc50e645156f170d1b953559202b6433ac1379240928cd73760a11bcdd792030,user
k6_bidder_246_5,pts_7fa4df2a414292a4b3cbad4e166d8c1ff710fb3f3f342a22e96b98544bed55d4,user
k6_bidder_246_6,pts_fa5800981ecb543e59caa8b3d864320b49fda524600f43bb3f478fe58627e5b8,user
k6_bidder_247_0,pts_3cf6e954603a647d092b978e955b476fee0baff0f8543887ba3a718c76bc1344,user
k6_bidder_247_1,pts_387d1127942420d7fdcc512d6550c0225e1f116c1599890e9022ca6c6b29161b,user
k6_bidder_247_2,pts_6bee972da225d2458b644d7d272d6df4e2b2c1179500dabb7cbc27793dfb5b8d,user
k6_bidder_247_3,pts_993dcb35af459ac1ffb1e856163d2fed234e7479a2d0db6b82d5e8de8090981a,user
k6_bidder_247_4,pts_2e58d4514154df92986fdb6a9e00093bfaf3c02b10c3c0105fcb3fec8479574f,user
k6_bidder_247_5,pts_a389f37385ea32d5d975dd738a9ddbee21727614522c85241e7c86ba127afdbb,user
k6_bidder_247_6,pts_e582673d11d57cc007dc965c3a3516d86756f68333f816042bed7f2000395992,user
k6_bidder_248_0,pts_97755b0387e488efd5d7d48037f1512bbeb791c56fcf51b7f45e2bdf3c4a4d7b,user
k6_bidder_248_1,pts_3a361dccf14c7bfadb0ccd20096f71c84bc7b9214255d5f31fd4d813b60a82f8,user
k6_bidder_248_2,pts_feb5518b71a14b1d3b7688f531663495f56c19cf54bc49601f2ea2fd54937715,user
k6_bidder_248_3,pts_02e44a6994f690ef920395d0515d46999174a9b04042bdea80b0292ca89c92c7,user
k6_bidder_248_4,pts_95ea185f1caa03751cae055d13cafcb70b30e6ded84311803d463841162c2b79,user
k6_bidder_248_5,pts_64e0c8b3e2092bf00b722d03d240049d04678c21b7f62c6b8ab63bb4ccb3c877,user
k6_bidder_248_6,pts_f5de87a37f90238ffd76debb26981c6aab083d480320d8ecff0c64cac7774743,user
k6_bidder_249_0,pts_dcd9016db157ed1335f19005053c6c528d9c12e7de1aebe40e990b3f8115a819,user
k6_bidder_249_1,pts_037de220a894b4215480355f53fce81700ec33a673a77f7cdcc739bf2d6836dc,user
k6_bidder_249_2,pts_5079ecebf5d6bb3b1e857916fbb4f03daeeab513387cb85a463a450ad8ec9d66,user
k6_bidder_249_3,pts_12e5dee239f42daa311e2d4914c90aa52196bd0572f7b40139c9883ec3f6f7bb,user
k6_bidder_249_4,pts_844edd1c34cb2d6b65e242ae32b5de526f1cb2de5a3962e64cade0880044dd52,user
k6_bidder_249_5,pts_5e50b404b17515f5817a7618659a0909a27afc1b823408785c6d35e38b611f75,user
k6_bidder_249_6,pts_84afd1c01a25ec481349aff30213fd7fb22a3af411e40d053d6748998b908f74,user
k6_bidder_24_0,pts_85793c63124b20f529324ab068a2a509e76dadb9e65e13d425485b987c7940af,user
k6_bidder_24_1,pts_7a535da906217afc6cb315f4afa51ed375c6f2981fabc1eda2c82d3b66aad8e9,user
k6_bidder_24_2,pts_930a89698cc3641f3188959f5b432c3709e58afc21eda739d75a866dbab6933d,user
k6_bidder_24_3,pts_83aab1cec7aed1c7757b0f6ec77d1b5ec5e369dda0d3fdf42f79dd13132d6dfe,user
k6_bidder_24_4,pts_83623de4d0e13a65d9bfc3d69a7e2a5a4b8b80a81119103ddbed54fd8dd4fd6c,user
k6_bidder_24_5,pts_ad12acaf04e3010f6be2198f8cf8c29acae0fbb86bbbd5655756f9f6f9add39a,user
k6_bidder_24_6,pts_cb8e65af4a9de85e1fdf93d731a445ad51e3b75281f26490c9a73ce560c85ba5,user
k6_bidder_250_0,pts_4b2a63517232e5e145e9412ab313c46ca35c8c8e93cb6c9d25cca77471ccc287,user
k6_bidder_250_1,pts_2ad8e0d57bbf65157fbfff263af478cab82ed6fd06e928311ce764021f38cccc,user
k6_bidder_250_2,pts_af35cd5e2e8f04afa856d288da1b4b3688fc4a9a1e148cf41280c66f0e0a0da0,user
k6_bidder_250_3,pts_445c9085bd85fc41ebc0b894404d77e18d56b6c1c1a08097f366fc7c3dd9a850,user
k6_bidder_250_4,pts_2a227f0b532e9e3f2b502ab1b526083b522cc51a64508298bc3319247eb23137,user
k6_bidder_250_5,pts_9c32d36e198d504cd535fd74d4ec634bb30e101feaf0f9b9d481d7ea1806639a,user
k6_bidder_250_6,pts_8dc4cf96f4bf2c3020ba27f143dcb4db3732c45c2b413a7590050514eb2c89f8,user
k6_bidder_251_0,pts_4edb25f43dd87aa7f8343d408e5b084f06976101989c8adff0b0ef6a2c6bbe98,user
k6_bidder_251_1,pts_3546465e576044a4153aa20c3020ccd0f8bddf1e3991ef0716ccffe9ecb895f1,user
k6_bidder_251_2,pts_29542d533f1feeba1967b514fe460eba429d99dbe65954499d689efabd6c507c,user
k6_bidder_251_3,pts_702921387ad4c14483421b5fce1476df1141847821f35e85c7fadbc760f32cf2,user
k6_bidder_251_4,pts_3f80b9a641f3ee5d424c519798fa265b21cf6ea1bcdac5a65d50f8d9bf75edab,user
k6_bidder_251_5,pts_cfad2c0a72aed14d029be3e9fce1b014c81803207d054f9c8f7a9a7d76367553,user
k6_bidder_251_6,pts_4237bfe5ebe8d5d9ff18220b68acfab784822806b53ef5bef467742ba54a5955,user
k6_bidder_252_0,pts_90d2a2507f8d7a1a31ff3b2165d1481326fe019ef115e2cf5d0714c59598ae6b,user
k6_bidder_252_1,pts_22ff3b6991260381bad698aa46141c5a3c4d51f5af1b97f1b1c2fdcbf3909392,user
k6_bidder_252_2,pts_548110d4ef7f56b3c17238ea856e9ee780b7e379dbdd9a492c46da57422e6b1c,user
k6_bidder_252_3,pts_bcf0b4782502336e4ad1614705e8455030c013d42a3a05732ef9d1126554796a,user
k6_bidder_252_4,pts_0f7214c64ab2f38b87a0c6504da9785235980919f733a67adc7e0088ba20bbb1,user
k6_bidder_252_5,pts_dbef813866434617cf5460ce4455213caddeb37a45350e455253cc6668fc46c2,user
k6_bidder_252_6,pts_c9482728f34e4ba7646c306d3a7705a8c81752c307a1beecb3af5d4a2f02eb79,user
k6_bidder_253_0,pts_b882b0314ed651463284953a9fbee86bd1442874126967a65b095686b9c9a493,user
k6_bidder_253_1,pts_3cc9486f3fc23c70c8233679597e39c150096f554422652860d369580a44fcdf,user
k6_bidder_253_2,pts_02854f24759711571837dacbdab31f612e633ba6b23a30021eb153c3e0ec2e22,user
k6_bidder_253_3,pts_b5f73b8c35dce5f38db2d9068154c8d65451670b919cf283da718d287795f15f,user
k6_bidder_253_4,pts_03ecb821a13f226afd1b2070abcb7672cc09d03f3778795af5f9c53ee91947bd,user
k6_bidder_253_5,pts_a297481e746431d71a9cd0445be2019247671a8bd80e27ced326007dfb4197d4,user
k6_bidder_253_6,pts_6ddbc84dbf8a8f13455ca625c99685a59537a79804bfe49a87ffeb59479ed70d,user
k6_bidder_254_0,pts_b4595b5cdfb1c4e0c74ca634d6a6a734f305c43d0018267cfeba21907968ec72,user
k6_bidder_254_1,pts_0879633b1bad9d9f978ed3be52b03fbc6805cd17f82717977369cb4e96058f83,user
k6_bidder_254_2,pts_6a3c932e5e73ff5a831675dbd81c4ae9011efb0f8983550ec1e5df60b47af460,user
k6_bidder_254_3,pts_068b0861b9e3d76ce9ed5127fabff018e59916ad259bf47c73c2269e9524af72,user
k6_bidder_254_4,pts_4110dc2c895c27b6487eff631166c4d20812b9c857fd39e7a9aa5c8c827ad47a,user
k6_bidder_254_5,pts_eaed71975eeacfc7892fe29bdc73c21ab9bc705ffac2cb21f40f44ea7f9fbda0,user
k6_bidder_254_6,pts_588e6080f345bb34a0ff2b79932a51196b50fc290b685498c813993f7bc68226,user
k6_bidder_255_0,pts_29a257b72e667c30a40241a21d0789789371330f88051e5ea244d94061c8e169,user
k6_bidder_255_1,pts_777197dcdb279a0e7d9e3b1777171d2c31e8538f29466697b46c31ef2ccc426d,user
k6_bidder_255_2,pts_92f7e4fef4ae0029752ea74176f9ba29c49c7ae26983a32b704db88093ca2bf7,user
k6_bidder_255_3,pts_6890e13d2c42f4fd0926e31898d02cc47f03b856e2d2f3cfdd3bf6e45a51e51a,user
k6_bidder_255_4,pts_88082fab1e0f41cbb6b507d1f28ea7e6596654f49976e1d0465de127fa983690,user
k6_bidder_255_5,pts_7f039b0e09040661b6c56c2413d9bc291175a963972b3367e8fe5e6822b41bf2,user
k6_bidder_255_6,pts_f1eba5882b9aee0e1eda9b80789dca6406442a4c748d9a2cc34e7646f1960921,user
k6_bidder_256_0,pts_2bb651345e6045eef91c99aa8004158bc3287f3f36c9469c94dfc6d8f8bbf704,user
k6_bidder_256_1,pts_bffee04f091338a2995432cc5d87605cd515ff277d4dc4f2d1c83a026daf073e,user
k6_bidder_256_2,pts_4688c5eed13a3216709e305b685bdfb2631bbd43f28a6916ed22f593ca7ce1cc,user
k6_bidder_256_3,pts_cd482c83afeab228a15a11859a2179524d80c729367348d0d5d9d723bba94e47,user
k6_bidder_256_4,pts_de4a4171310335a55d04d30e957e9f494ae50496f1cbb079b203217d783a5901,user
k6_bidder_256_5,pts_215b8b143517d021cd0a53afe72c0bbfa878eeea89951f13a688664d1578b7d1,user
k6_bidder_256_6,pts_410d92035fb864d840b33163a151dea8f208a001495828f662563d9c022973b2,user
k6_bidder_257_0,pts_ab4a2e003eef51294fcd53549284a6fd937476ca9a3100447681693a940d6ce4,user
k6_bidder_257_1,pts_911b9b4082e03719eafb6ceb832ffa917b631bfc94a373dd73a6f702a70720fb,user
k6_bidder_257_2,pts_9f1b0c5d24f8b1e03a39eabf5764716376ac0b2312deaf7af140dac497aeae8b,user
k6_bidder_257_3,pts_1899fd0a39fe889ff301cde4a22da9077376ae70c2cfeeb61c2b32460e6b14a2,user
k6_bidder_257_4,pts_0427ea1057cb9a712926c79d7d3e417362fb2a5ab29cfda557fa1429e5e46a9d,user
k6_bidder_257_5,pts_8cf54aeee6ca047813382d98f8ab050fac1f1cbe8d9d4629d920ee50afbdf68d,user
k6_bidder_257_6,pts_8f7302a3b04e8700cccd8f846fc41f7d8f0845fc019c1759339698fee3f3650b,user
k6_bidder_258_0,pts_cb4e08b641aa4a9c6af64962c7c87c02e986ae6b13aa6653f31134a232b4c080,user
k6_bidder_258_1,pts_39c87062035f2205ee1d615f77068513e64ccdfb7ed72bca476d1fc9fe432c75,user
k6_bidder_258_2,pts_118991cd831e6a68d9e2eeec78ce9a6d100ebaca35f65db63e0341726630bf29,user
k6_bidder_258_3,pts_fef0d7367506185b33a81286b9af392007d9333fb7edac8d9361440154d5f2c0,user
k6_bidder_258_4,pts_d0e0399159190f0189ff4b1375e9ab6547e569a21e694f9e4ee30e6e02738e92,user
k6_bidder_258_5,pts_2996a1da2d6948e122a8210426d3651f9d9bd35414c94fae3181ac38c38cb5d6,user
k6_bidder_258_6,pts_c701400f6f862323fb8d982b714ef91b7b074258186e327bc50642813a3dcc4a,user
k6_bidder_259_0,pts_8ea364e6650b51b92fefaa7d6d2229165c735e44859a879ad3cbbb9b5102c62b,user
k6_bidder_259_1,pts_cc969499a328b6d5018ed4defa391e9f60484632f0f31b6feecb8c3a84a7cab3,user
k6_bidder_259_2,pts_1c8f4e40d2ad85a3cbb81c429000aa41e7f86be321820bf2eeeadb4d5f3980e0,user
k6_bidder_259_3,pts_3aa81ecdb6d9e561171c273c1d5d958a28d897c0dc71b82aa3221d3795a3d047,user
k6_bidder_259_4,pts_70250763e0b98a0b35869d5c5d8522f25e6ffc6577b1620fb73b43f45af8155b,user
k6_bidder_259_5,pts_72b8bd5aefb47109bb15c5e5da0e0a8890593535def2aec25b3aed3ae28ffe5f,user
k6_bidder_259_6,pts_852b819160a32f796c64d54e1319e8aba815454c44613061f3c0dd71586acbbe,user
k6_bidder_25_0,pts_9353e931782f5413a9451bddc71447c1177a2ebd2039b82b7bf4c711ce4d450e,user
k6_bidder_25_1,pts_cc59fdacba68ae59fa5676b3f630e91f3a9237bac3487c81a81e97a8af0e9074,user
k6_bidder_25_2,pts_3b8bb5c21f566adabff8a7eeed03e83b3822db941a837996f77d2586c1a84ee4,user
k6_bidder_25_3,pts_479b59701b8dd8a6f773c5bd3e6fcf7c9acfe3bc99628ef8ace85dd9e9bddf57,user
k6_bidder_25_4,pts_eca70d60934f46bc8f52d6a955d9b284d981de629c17fdd7f1a73fd552ecae5d,user
k6_bidder_25_5,pts_4c7f61f64ac7a3896e346764dd52831b92294ab3ac4391d72db796a2d0df9705,user
k6_bidder_25_6,pts_e52d9556f8cdafe7707d483e08688a084d617f70803bd87263b8dd9cf72f289f,user
k6_bidder_260_0,pts_11aeb015f13d444bd1713dfbff9d5b0c2c9fae073f9bc4b40b9c946c22186835,user
k6_bidder_260_1,pts_4a3eb82c26acdbda38fa5bbd3603e7669d2b4dd4073da42ae8af5b634fe322e0,user
k6_bidder_260_2,pts_32f1cad24bc725c26a29cdb33709d469f48033656840dc1f9be6467775fa1a93,user
k6_bidder_260_3,pts_5ac7dede4756c910857efe7c13672653b73741682bc677b3d8853b4296b8eca8,user
k6_bidder_260_4,pts_0e1db684caf3188df5f861a84dfae2bd162c97f6ba46b79469e8d858a854c35a,user
k6_bidder_260_5,pts_dd7a53bd3b2e2e31f49a197a556f4fef0cdc52b2a0e9299d28472414e50b4816,user
k6_bidder_260_6,pts_bfbfbee0a7a398130d694aad8a9fccdb4892b823e4f74f608e0a62731be16982,user
k6_bidder_261_0,pts_78678e537092b4814044fc3c866097d1701b5fb317de786d6460d93b645bc32b,user
k6_bidder_261_1,pts_ad64e3aea3762224fc61c71593de03de5e445f34bccbffa10635aa99787ccfbe,user
k6_bidder_261_2,pts_00ec93f99f579141783f8e3d65f14f8eefa59272fd9435a624908ebda19cb88b,user
k6_bidder_261_3,pts_1a4a19327491b1d29d663d6c04264faecbb232be963068c264c3bd5372991f27,user
k6_bidder_261_4,pts_e8c7aacf18cccda98cc1da38e3fea228daa8b4fff6d37eeb8745e5ab62578f60,user
k6_bidder_261_5,pts_26911a55db4b6ae68d086ffb998d8869baa505fc43f53c4309cf038db3bc069d,user
k6_bidder_261_6,pts_e0fc2fba396ee532dc32707f0b5ebd9eb1278a793f389e7f2abc7cadfeef6f13,user
k6_bidder_262_0,pts_77f7ef7a7504de03c68e8d855e013e43ca382646c25946ca8a6acb946c0303e6,user
k6_bidder_262_1,pts_d4be7d61c410dfc8018b3f7f88a85bdc1ded2dc51741afc3aa142919750853f9,user
k6_bidder_262_2,pts_699a7c8f28f513d01618a72cbab798989f726b4fc1f6d47f2c4d57b66494a8dc,user
k6_bidder_262_3,pts_1279f698188d04a1228429f422a1e1929dd970eec97385d0df9729e0ce6b39f5,user
k6_bidder_262_4,pts_9983ed42ff12e79e5249e2e410c2f707eefdee6d4aa8c4bc9d8d1304a14eff21,user
k6_bidder_262_5,pts_3b40b29b0f3c05b28ae0ec1860e4bff852cb68895f60aaffbe4fa4f1c3394373,user
k6_bidder_262_6,pts_932c4df4b22ca0700b0735b2f7c8aad8946bf8f7209b469a4bf5b83223be74fd,user
k6_bidder_263_0,pts_0d5142c129f263f89edb7658cd63a5600fe3b70981b900e23a24bcd307e2bec0,user
k6_bidder_263_1,pts_ae262c6059b13923f2ab2d20ee10ffbdb9f275b82c8e95bfb91c9e668d037a64,user
k6_bidder_263_2,pts_ace7d13f867744d424a0aded583cb4287831f87a16b7f23e051da3aba175794f,user
k6_bidder_263_3,pts_88250c8b0c74d9ee1fe446f66008af871678eba45e40f829ff4b38edbb40ee1c,user
k6_bidder_263_4,pts_080b600d7c8cc6d52758285a880aaa74c20f6cd4d2d5e424c0bd9b0eb3f54ef9,user
k6_bidder_263_5,pts_821355329470e7cfa2f1bcaa773e508f90e3d051ffae02a13fc38b03cffc9ae3,user
k6_bidder_263_6,pts_f4929e31d5a8f5906247784fd1fd9c6c2a4747e8c167eea43b7c04d504df966d,user
k6_bidder_264_0,pts_bf35f1f849aa2d0dbcebe0bc1371ecbcab223ed09743c08e49496a8b70a289ff,user
k6_bidder_264_1,pts_f4f9ecfcb5989eb3dc82ab1ef10d3ad60cd3e60dcd0038732f551e958c7068aa,user
k6_bidder_264_2,pts_529828928a706a2766e5f39d347ac54174a7c8dbaddb3c515e23d847152cd4e8,user
k6_bidder_264_3,pts_63a237d76c14e0ae4ba3cd9d80ed570cd429dbfbfbfb22e7f7fd483e8ad0789a,user
k6_bidder_264_4,pts_07218047344e1d941153971409c90ea4b48e5c1da8bfaa1026991e2a702fe5c4,user
k6_bidder_264_5,pts_8a074a8e52bf6dd6392e2eee1249b85fd037144d03a5279fd6f00d8af084adba,user
k6_bidder_264_6,pts_235532388a88542bb1bf1587aa62266256f309ae13654019b622d0b73fdcc3eb,user
k6_bidder_265_0,pts_d2190373023fd5d243f20809d0441ddc661d59bb36ca8e70d95f645d48d0cd12,user
k6_bidder_265_1,pts_316271374aea64c651897d2ebd4c33eb321a1e90fa085986b22227aa9f9b98dd,user
k6_bidder_265_2,pts_977208f7ae99b513cfc9d06dd3c74247900a5c3e66e512398c7a953611a8796c,user
k6_bidder_265_3,pts_e0b046b63339f244b1437db472f36d9195ff571e7b5fc6ac8dff2f436c93c15e,user
k6_bidder_265_4,pts_e398b734a77402a3290f0f6147468bd084af3c8327b2fc7051d0185b8d2d5d5b,user
k6_bidder_265_5,pts_812348a68bb8fb7433e069c74772ea9afbb1b5272455cf6b1aa0a8e673cc7e7a,user
k6_bidder_265_6,pts_638217e578faa228fb49c024b9930b80f21dad3cbb0ef68736d6f68a3c862753,user
k6_bidder_266_0,pts_71ad0b138605dd998cda0a7566da1dab04da819dd76243393ef75c29ec5365ad,user
k6_bidder_266_1,pts_99ea5a6841a8b755381d00451299c567733d406a5a31b04f91d4e5fb6488a9ec,user
k6_bidder_266_2,pts_71321055afcbcdc5947cdcbb875e50dd6d07c14d77cfea30cb477fc9659a6cb1,user
k6_bidder_266_3,pts_709a862a3d0cff60fc6053199dbb40d7058076531ada1041b6d1336998d7014d,user
k6_bidder_266_4,pts_db5a321af27566f02c600ad440b4b19c774eb8282616a118008057adc242cefe,user
k6_bidder_266_5,pts_5bcda2738b3ccf2e852ef5970455e9249115cbb81a54b7d3b45f4131c4503612,user
k6_bidder_266_6,pts_1a6092d16e55f31568cb8ca4723d35bc1b968e1b6d30f6e48f37781ec7b58a3a,user
k6_bidder_267_0,pts_5b961ce5ea261b0a88b942eb1f508b3771a9d39394a653ab8ec60cf192b954c9,user
k6_bidder_267_1,pts_3f195c1195535bc6e172040ff55ee504c4f949762b4067ae0c6a679beed1f2bd,user
k6_bidder_267_2,pts_38a83303b1bfb0c76ce64e0b6f93b3e8fed31661e05742f5dc59f09294766696,user
k6_bidder_267_3,pts_5e203691ea41727c1c516e66112aa5bf5496c19e5c166074e8bdc60759246540,user
k6_bidder_267_4,pts_14846fc28e2efa9e23d12a72ec3d062fa72955b8c5c461293c63ac8d9943a095,user
k6_bidder_267_5,pts_21f5eb045be1a7cd81fbe7e6022fcafbbb2434c9b58112c9854ba6dc620d63e7,user
k6_bidder_267_6,pts_68842c623881ae62c9740b9d272eea64574c5c08b146ecfe96961f90a01d5f3d,user
k6_bidder_268_0,pts_80f07e0ab2762ddc300b9825de5fa8de9f1d3d21b6d1b9bb2134bc7707764e6e,user
k6_bidder_268_1,pts_81323edd141c66511a230794faccf0dd076aa6798a2507e97cbdeeff46bc6604,user
k6_bidder_268_2,pts_82717ede022cd935a7baf2705dbba8b948a4e52ba33a3010c2670fe5a1bf9ae2,user
k6_bidder_268_3,pts_b9bf2a0b8b5bace0ff3428c765c098f71da079b51eb10e3b500ccaa3c0555f7a,user
k6_bidder_268_4,pts_50adca304e68b90c6a42ea6b7dbfd8b97e9f6c2e64b92f57072d22c1a625fc6c,user
k6_bidder_268_5,pts_bd054648b0287d20c56034ded2db7eb94a0cdae648f37c60e6d65a7afab89fc6,user
k6_bidder_268_6,pts_ca4af88d6d981c3417ef5f562ce23f4a76b1da791524b1d9ff39249c133b9f71,user
k6_bidder_269_0,pts_5b37798be3d9f98f1ffc710d80c2f3311c05a08a8552fe19a92d176fb220eb5f,user
k6_bidder_269_1,pts_dd47efa8c0e72ea61fc90c8cbbf992411a1c54a2d5396b3adaa57b564eb10328,user
k6_bidder_269_2,pts_8d77c479893650d06ab8c94c68a12f85904862ae289c67b4bd8fb2c46db996f3,user
k6_bidder_269_3,pts_61be2832b65858a3ecd5d539f429d4a538cde9ef5f98a0827e99e37f67c4eae4,user
k6_bidder_269_4,pts_67ed5ae1f900afa332e0847b7d2c86ee84f40ce124fa109da2e071978e96468c,user
k6_bidder_269_5,pts_7e00f29b5676c261ad8bb4243a5f13c5036485c6b790cf7ce59bbca8911035a6,user
k6_bidder_269_6,pts_034842537d8f1a4991766f6ede0b6c53cf6a531a39b10f836525fadc78f995a4,user
k6_bidder_26_0,pts_567ed70c31389482b9d843d60cdd9ecfe457526f5aa8145b1331658551e493d4,user
k6_bidder_26_1,pts_227ef43e59d01699b6006356f174cecfee851de3336b63ff8a2235efeffff8f0,user
k6_bidder_26_2,pts_92d41f1d28596c09adb4f49a2598b60c6aacfefc4c9ca96ef9fa3103bf73615b,user
k6_bidder_26_3,pts_d6acafd7e29585c6b59adb24c2ecd6fb15bf1251679243a95d431193141a3161,user
k6_bidder_26_4,pts_92f52e42a9dd94d4531e399d183bfeee6c8ed64c7bb7c36e675353dc21887bbc,user
k6_bidder_26_5,pts_91a1819189b6d9a39789992ed9d080389e1db2464d661115ec5e7eef349aac85,user
k6_bidder_26_6,pts_d1401cd297a009e7b020bf54985d1de7562fae2f35acdde9f861d7d72d6d6d24,user
k6_bidder_270_0,pts_ef71d039d8af6f9558f1b0ff8cb973221ec02bfc8752326a62a5c4329e797d12,user
k6_bidder_270_1,pts_3af9a7daa061ea98d3d836a9df33e88288f601550dabb66b8e9c8e42d3de4b00,user
k6_bidder_270_2,pts_d54a7d9397d35fbd479e86da0146557c1810b11cf51a753cbc44b8f9b1272000,user
k6_bidder_270_3,pts_8fbbfac909e0f23ed8fca34c6e20ede3b4a74107288b4c423fcda278a114f5d6,user
k6_bidder_270_4,pts_c39e9ed67f1c74019fb26656af7a7a82b5f25e6aa7f9b0eba55bfeff6615cea0,user
k6_bidder_270_5,pts_d8a81321cd0df8fc4ce6651dcc24b1481e013fb6554069ae87261391ece1f62c,user
k6_bidder_270_6,pts_43e8afe15f039d46311406937b47e6b08838b9707ec9c218ee94d863ce835e25,user
k6_bidder_271_0,pts_d1a5937fbdfc9bc425ba8c1288a78d1f0ccd87bfbcbbda9c34f6293ddfc8a63f,user
k6_bidder_271_1,pts_d7fb89ce6a0aac6e357756c2ce33ee2e28e50a48d5ea490df89bcfcef3829034,user
k6_bidder_271_2,pts_50bedce7262b4c60436210973503772d0eda794a585ed5cdf7296492b55c969a,user
k6_bidder_271_3,pts_c3e3a2e84c2492d39357a7e34d551dba8f9750d7440a25959c358c738eebb802,user
k6_bidder_271_4,pts_2312a6c3c2a3a8a0b3159cff172e8fc9ccfdab68342916a1880370f2265e4de0,user
k6_bidder_271_5,pts_d662decd6a57f89a18f0cb73598bc710483bad31f1cc2039ab431d9b82ba2013,user
k6_bidder_271_6,pts_5591ff2636a33a63460beb9284925ad71c38c662685816f825473848a403c7ed,user
k6_bidder_272_0,pts_7eea116b3ef300b0ffce526717473751f81f4e8c320c172810b92221b681f2a1,user
k6_bidder_272_1,pts_ae8a9aa44f955fb43e1be0197b4327357518d46246f284430d4a46763de6294f,user
k6_bidder_272_2,pts_061a6fd0b4cb5b66003fe006de596ad51dc34ece3be5541dcff01ff6887be269,user
k6_bidder_272_3,pts_67299b1a818c095eb3a8b052ead62d6d2e73052a2189d2ab370f358266c18fd3,user
k6_bidder_272_4,pts_ef73e5d5a1de5020c27d238842dcd657842023c75fd7a171705c8f8991a30e6c,user
k6_bidder_272_5,pts_5992cce980ae557192dafd70595756f4b017eaf2b96a444af4400a597c60dc70,user
k6_bidder_272_6,pts_784c1a00e2711bd61852ff5ba608504d7aba32fdc559a456b2ce647962de0978,user
k6_bidder_273_0,pts_3e503a1ef4a8ce775c51c02ee1d0bbf0fdb6a4ce861d58ec53e05b659efbf550,user
k6_bidder_273_1,pts_d54260c05597d566f479cbbaa3acf1ab5ebb388e4e2ab91ab371dfe04bf8e4ae,user
k6_bidder_273_2,pts_2c12965423807956f852fbf3c9cff5b07e34068205db4721d5cd9dffc5739258,user
k6_bidder_273_3,pts_9ff9d762476de23d8d7c6c4725799b50082fa46d81182287cea306801317315d,user
k6_bidder_273_4,pts_7d7987c23720c0a310630f4ce4adf7fd1e85986c561cf9a74742a96716bbb51f,user
k6_bidder_273_5,pts_890579b7d8e573a48450225aed59c13b89d6c860643b36ba8345e6ef4fade82f,user
k6_bidder_273_6,pts_a6ade3574161256fb070605b117ad1cca9fc5b9efc25737d59e3d30ccd1c1be5,user
k6_bidder_274_0,pts_00b4fe8dcf70b36d6e28b433fdf3b11521d9021623e2452ee86d33e5c495d564,user
k6_bidder_274_1,pts_5a27c4af3f88ff0b23a855de5a2b10d159083c37eb25e6479b95fefd682b70fa,user
k6_bidder_274_2,pts_b7e7a7211dd4c4afdcddc71d8862c53e8812a7d9a5aa2523b93cdf4ec04b61ac,user
k6_bidder_274_3,pts_c4d32f1769d7d3f3fe2b111d2c3b327929dbdf5ec709fc6aab6aea4075ccac76,user
k6_bidder_274_4,pts_af110c23528372043bcf4bdee104396fb5c9e8b768cfb1f7c5bcc9b987ffdd58,user
k6_bidder_274_5,pts_b52b05de1a42e2a3e37d67c35238e344082392e7d86a514e6cb18c6906a59fb9,user
k6_bidder_274_6,pts_24d9d39e19ba3a74776fa97ee9407f235994d1a35487156722d5e666ccc9d93d,user
k6_bidder_275_0,pts_c90059f6f97955102af758d57d26b0756726cefe61810df8b86bd40b83bd4ea6,user
k6_bidder_275_1,pts_e5243109f6934b2cd7bf47f2d2138355612b743af06316a3d7081326b528286f,user
k6_bidder_275_2,pts_ed6cb4b58129e93e0ea5e8d52ec8336d413ef1e83c74ac9de274a6e5eca24d47,user
k6_bidder_275_3,pts_c3fa2848e106dfb43b04d972737c5509e2f1edcef8a8b7cf4b576270624a84e0,user
k6_bidder_275_4,pts_2fb412b4ec75d184880e7d864f25de9d3d8d34c9579b969b575bce4f5fe38b54,user
k6_bidder_275_5,pts_e523d264428801512dfa87d747161c4ed3cb8063494a41eeb2ee23679c37462a,user
k6_bidder_275_6,pts_a4c5f37804af5742d8df96eebe908277693ee46a4406f94bb5295de1444b2ecb,user
k6_bidder_276_0,pts_d5f316e55971fe784654d7fa5138c9399dfd4ae91d1b642ed85b7294d71383a3,user
k6_bidder_276_1,pts_4f829a852d81f40c9395c435b82d29e5c76d68855e6028ccae2bbede27d40ce2,user
k6_bidder_276_2,pts_f1837b7f243d2a45bb2ae74019e9f63c5bf10ece8c42a0400bf4facf425b6e5f,user
k6_bidder_276_3,pts_dcd537458044e2a2a4ef912a096c6966648c3f52956f82d7b591c121b98f0365,user
k6_bidder_276_4,pts_39b1f7d2c89451a32032935ce6daa9340c45a6b94684ebcc0052b960e229ecef,user
k6_bidder_276_5,pts_e28847821c68df8d2fd30c36b7a6c2f14aad997b7967efeedc0f7acd1d4cae4a,user
k6_bidder_276_6,pts_af7241886bf0254d905e8307e58e557e5d45e6fb017a5c95b78e55565e8eb1dd,user
k6_bidder_277_0,pts_0633ed52edc1903cd7df446181c7d70040b73d10cccc53d50a974ea4fc1f6b5a,user
k6_bidder_277_1,pts_98307309520b1231e7b2fe7c0a45190579ac952889294d2bf21e4e14bbd7a0ca,user
k6_bidder_277_2,pts_c2e8cf4cdf8bdc8df699385e5673dee69060ce9078e58ed38760c0ecbc599447,user
k6_bidder_277_3,pts_ff03a8cbe4e6a3fd0e454bb374fbb43da4b293e9cf7a40cab78a40425b03950e,user
k6_bidder_277_4,pts_43b4d30b2db91df71eb6dfd95c4e41f3c02866fe8fdd96119d64229499c6c0f6,user
k6_bidder_277_5,pts_f438ec5d6ffecb72c6c4a59bcd346fb58cac3a5b70d343656ba70295a5bc918e,user
k6_bidder_277_6,pts_9fca4f93bd06e35470e74aad7cd896a60494d10244ff5244caa91b0a98a2d6dd,user
k6_bidder_278_0,pts_e88fb6b6fa627da52cf203e3abfe2b2552e0e0bc031162fb4281716cfbdadc97,user
k6_bidder_278_1,pts_474be9e44ad3e5704e4477816510e454227e40b4e1ec80962ce72ca383454455,user
k6_bidder_278_2,pts_925aab5c6ce46317ea399d734916a0486aaf1baee0df0a4aadfb20ee2d4ec5b1,user
k6_bidder_278_3,pts_5cfc9db76168b674017169a41e6b15e74c660f36719130ae59258fc62ba22ce9,user
k6_bidder_278_4,pts_b06a2e2c9053b54e8026688e56e384d6d1f0293a34aaa5464c2e902bd452965d,user
k6_bidder_278_5,pts_0938ea55252994027c3475fee7612cca445541b3fca1af9a1ff3de69bd8208cf,user
k6_bidder_278_6,pts_1bc0b28333ab5ffc4582b45ef1b07cb4a46e3d1abeb71b3e8db5276f74a7b993,user
k6_bidder_279_0,pts_5466d859f9ccf89659f8f8b55607479d666b0a1fd97e98ffd701e468e32ff013,user
k6_bidder_279_1,pts_2af95606797f3edb5219facd268b98d8b838f6ab9e0aca054b7e991c60b9b024,user
k6_bidder_279_2,pts_e27dabe791934b0e734dfde526c711d2291532b58892526daece139c42c73bfa,user
k6_bidder_279_3,pts_14af6b1cbc55f8d112e500df9fe88ffbf49fb77032c66f0b555b45c47af0d621,user
k6_bidder_279_4,pts_073a33891c68c55c777e2ea5837123efaa10917edb07af4e0fecb461f834690e,user
k6_bidder_279_5,pts_6f275c42ad936e0075778c0fcb65bf31a0759b331c2028b7e842e12ea4f7c92a,user
k6_bidder_279_6,pts_72bc7058e9d0aef21c867a9c38782328871f9240846c551f90b8c40826216fd5,user
k6_bidder_27_0,pts_17a9fecc0bca25f54e5f6a764f00dc04833273e6d4f2263883b0bd8ed38644a5,user
k6_bidder_27_1,pts_ba4b98b69d0f982bf0af65d9253fb339021d92203478151c0a8730d05620a38a,user
k6_bidder_27_2,pts_0dc6b57fd8b50ca6586abff54ff8c0ccb7dfb7541cc338162732beb7acc08b74,user
k6_bidder_27_3,pts_a58b65d7fec45a63fee984d06ab4f349b8ba5fd3da732f93e16a406c5d5ddbef,user
k6_bidder_27_4,pts_9c33e9ad4031241208e22bd4a3a28e880ea6e32e042ba5861c58a34c2a793915,user
k6_bidder_27_5,pts_a8204f8fb40ad0054e9c863abd09f7553eb4f65c810f831e4104aa4b8e02f575,user
k6_bidder_27_6,pts_84ad8e8feeebb31d45bcbc1548894be4bf02fcb0f94164151f9642905831234e,user
k6_bidder_280_0,pts_015f8c2bd05671b4c647fcc87c1e7f0279caa652db2ea67caf6790d00a64884c,user
k6_bidder_280_1,pts_02417c13c240365bbaeb10ce8614535021fa366721e22f1fa32b5b1f5b5fcca8,user
k6_bidder_280_2,pts_3d0bbfa9938a7b61da7f0589014d8ff8dac359c57a3a48321b434f878f270bcf,user
k6_bidder_280_3,pts_6b3a99e0320ae07e8514eb2b50672fe1c5314636baf7a74b728535be614afd3f,user
k6_bidder_280_4,pts_f922fe4b4f63ae5d4c10b4260411c6016859a63e6d15105a104a435f296edbbb,user
k6_bidder_280_5,pts_38defc97346ba4c7a5486c7533b1c0d883d8818bed83d382646f50e19bd92592,user
k6_bidder_280_6,pts_7e54f50d2e337fc9fedd914835b45bef6856f6a84303fa30f06fb4191ce04a29,user
k6_bidder_281_0,pts_fe30f567887b2a64b75517117c8e01c6e80c5fe66ea46656d0a8180c634ff7b1,user
k6_bidder_281_1,pts_6ca443ac5e22c941914fd87a4c253d068a8c41b81d6fd52b83df43b859d980e4,user
k6_bidder_281_2,pts_48e892f69f16738505a14dd60b13015739b185e1defe699d296e99e43923cb48,user
k6_bidder_281_3,pts_cd152167d16de950bb568c2a6c6fb81d19c2316a7280b30a813f9386a94a295e,user
k6_bidder_281_4,pts_f941aff65a6d89b452222c4d9d8e42e1da5d657362cdafbdd3b93a8cda2d3bf4,user
k6_bidder_281_5,pts_2a72a4b4eb131c65c7533c88b24412fa9a582ed9a28ae52839166fc362f454fa,user
k6_bidder_281_6,pts_5089efdffc80028d1e70fc9a1785d4d98b0df6382106176a1cebcc099b5dc7a2,user
k6_bidder_282_0,pts_0895aef27f9027398d9c671719411a47914bf7c639fe9dc52508424e34e5d8ee,user
k6_bidder_282_1,pts_038605775535b9dc23d17d3565bce387400eb76b198e772f46a76d056a27ed06,user
k6_bidder_282_2,pts_a0531a0d774cc0dfb5be3055d693e26ab93b101af5ce4bc90ee8f2bd16c3dc54,user
k6_bidder_282_3,pts_4a1d56caa10af9c3a8a5b8b200f848dcbbd9ae9c7e2d8ea025a80249536e5d2d,user
k6_bidder_282_4,pts_df77589350c84a535a58967aa1c5d6b76cb240dc98ef9d9ace85857ac8f0246d,user
k6_bidder_282_5,pts_8de0598f3a7bb24bc6f5c755ad81525e71be2e21ea4e028b5179bd2bb228623b,user
k6_bidder_282_6,pts_14b610eaeec0c91bd7215b2c47e4407ac77ba16a4f5974a9d7cb516e0dfc472c,user
k6_bidder_283_0,pts_1ca02c8b2ff48d2fa15cb2688e4f0e5a291b7cb5f0a0c37663f3ea392d81ef7f,user
k6_bidder_283_1,pts_792bad56bfcc3851768487893d840f1ff7e69b531c20aef40341b71067d88fb8,user
k6_bidder_283_2,pts_eaafa23d1b4e7d78ef3eca747410db39cce6d922baf1789fbbb79b7113faff6b,user
k6_bidder_283_3,pts_ee9a332033b73223d52d48d6d849a406640758f54968293799be34e30053bce4,user
k6_bidder_283_4,pts_15ac4e1082dbf54b1e246b65c0ebff176d6a96b5678bd5de0e45cb415e42e771,user
k6_bidder_283_5,pts_84139aa3b36f438940c0ae4a904bba507dfbc4ec987a523efd126e694f69fb8b,user
k6_bidder_283_6,pts_001b744bdc447f82cbb112320ffe618d585bf4bb42b38595e44e7e0dcd6d3304,user
k6_bidder_284_0,pts_b873528b4e01c419ecafc49dcd5a719cccdd088b5470c8306c274491db2566b0,user
k6_bidder_284_1,pts_e9c3fab6d793bdddbcf0dc150ce07edc9acab72cabc278a679556da0b88cc8f9,user
k6_bidder_284_2,pts_7b9e3710534b598fadc084ac26f40c0b0a629a7f4403e9ff0987ad387a5c098c,user
k6_bidder_284_3,pts_04f656842098a4e85d4e97221575bbe92df0ae4e18911d7c36dca1dc74556a19,user
k6_bidder_284_4,pts_4de8258de45016d838f6b3877e7df1111180fb99a9a40a1e4bc3050ea6847cf0,user
k6_bidder_284_5,pts_5e23a0d93f6062ee315d50ea41a89a13d5d0caac901aeff5b4f8eec14d01cbd2,user
k6_bidder_284_6,pts_4db6cf94117e061f1117e8c49135075bfff6ed97529683b43039940a25d3bc7c,user
k6_bidder_285_0,pts_304bb07d767adcaabf4a551e724a5fbfc7375d1e3b81f4c1ff900f84bd19434f,user
k6_bidder_285_1,pts_1414a8482bc99764ee7de29bfe418932e2b0d7c8baeb5b78180756f3b6672e82,user
k6_bidder_285_2,pts_2f7c31813287872d710b55fff9c7786dcc11efe4e0b2c005bb6bb69f219a40ad,user
k6_bidder_285_3,pts_c9e6165ef6c0840b3590a023377dda840c029b09f5a5bdeb7e820aea44609f2e,user
k6_bidder_285_4,pts_3addaead7aeed7a9070b2bdbff1270818822b6cf4b69b8145ec5d4706f810e2a,user
k6_bidder_285_5,pts_fd96548d76ea9c5d3e1c8e1d22e344596925cf21dd8292f3c1086960919ef0ea,user
k6_bidder_285_6,pts_b11da9297d5c026eb03015e4a1c011c871ffa07cec135e83306bd478c09f77ae,user
k6_bidder_286_0,pts_7cfe03bb71a9c182e0ab8d38a4cb416d298cb8ed33edabd87cd1a15abc40583b,user
k6_bidder_286_1,pts_6ca473d1d5ff3e250b456fa8394a3ff2ed8345169814264fb64383fe09e667d7,user
k6_bidder_286_2,pts_2d9202640a369799be0f20a2a990a8d9f178f12c22f11d85ba4360b0e173ffc7,user
k6_bidder_286_3,pts_50f3f11e5e4dd6000d90d4ee882d75c8b413ac13148d93ab9a148801263c1ba8,user
k6_bidder_286_4,pts_387aa2ed6a304b331563786821615dbbcc0175a3a1e395df6e75feafa8f52f06,user
k6_bidder_286_5,pts_ba8395447cf88b2f42b44198d738ada32d632d7d5dbe20fd04a86f7eb81f0303,user
k6_bidder_286_6,pts_9ff85af31b9f64a3e6f779d14a42bcccebfa51044c98398822d11028fe90a0b1,user
k6_bidder_287_0,pts_c5a24414600d673ddc007c3b1a98e75bbec0ba7c076cc9e8985932239523404b,user
k6_bidder_287_1,pts_9c5f49d7305583d8e9a6f5c2226f95d1128e86469c44d8a6638af79c840a0247,user
k6_bidder_287_2,pts_55aac0d8a369cd28bf6017687dd0a637ad39084a9a89334eef4b7a6a185c8f45,user
k6_bidder_287_3,pts_edf0f527b6ff1cf24079ee2bf1c3a0c5a30204c2d0dc2cfe388c79630293a32a,user
k6_bidder_287_4,pts_4b1e334444d82996e83ab6c0c3ef95a54604ba4ae1ef248ee54902efbe412e24,user
k6_bidder_287_5,pts_20ffc75bf1b21f55a0124971b275f5831f129539dc773f0e4095c7f86f663b46,user
k6_bidder_287_6,pts_5dc80b46f61c404134844dea8841f2d7bc125ba744b80b931606384f22447c7a,user
k6_bidder_288_0,pts_535c72176fa5fd9b6397dedf6727daf11f7a061cfb664b7473449453d29dca82,user
k6_bidder_288_1,pts_c12a7186b8b31b26236a6f65c19b12b07520d45c6bda8034dfea80d7ca82317b,user
k6_bidder_288_2,pts_93ac35f747969e23a0a83ced35a7f15221060e950afd6750cb40a37126f4cbdd,user
k6_bidder_288_3,pts_48f3a3b316fd700d25520a7c93c414fb4a274d21c92ba0075db54ad0d0539783,user
k6_bidder_288_4,pts_7c866e5a48cb8f911d2cc14504112af014500ed1f14782df3e190c256eb41e0a,user
k6_bidder_288_5,pts_67d6a7e8d7b24150f7e1f144d35a31f5e0d1387a43a8716450ff08e4e0a665cf,user
k6_bidder_288_6,pts_c1a614082b0f82773e48e4002f4f4377cb686012dcb782af0746f7794aacefda,user
k6_bidder_289_0,pts_33760b2ca0538471ed17b3b15f17d8d8c266e6ce5676631ef8550f5668e9b60a,user
k6_bidder_289_1,pts_cdda5ee8f2b092de02595f011e1307d14902e208472475b7f3f758b5523a5674,user
k6_bidder_289_2,pts_f9ccbd4d421750ac9d9c41fb428566de484d92606eb2fc2d87e8da1f17bceee4,user
k6_bidder_289_3,pts_bdbf41e415054ee8af34e761fe09b08764d567ed43b6b7fc3040b95a7afa935d,user
k6_bidder_289_4,pts_727ac8a8d7ee49e3fd22828c9b266f0551bcc042d653aafd48a8bf0ed748baea,user
k6_bidder_289_5,pts_3570ac0571623851ed637a0cc46c2e48f4baf8495e81b17e4672333d23db8c76,user
k6_bidder_289_6,pts_5d30e3189ba112b69afd8a05b63041ae3430ba6492c5417bb2c3e36d7e99d90b,user
k6_bidder_28_0,pts_5d35442a329749b8477f802d64bacc718bcd90a0e832c48715f5543c547babd1,user
k6_bidder_28_1,pts_13c04e68e17eb68ee21153e784cc262745de1b303a5ddaf28f1ab9804de4ada3,user
k6_bidder_28_2,pts_07136bb0db5a0231f874c8336aacd05916a023081b2764b30af7f452ca40643a,user
k6_bidder_28_3,pts_4193951b80798ad801d889d7b62718edab15bde925b2a7dd98b184fd72913229,user
k6_bidder_28_4,pts_bffa6805b2a9842bd8818bd492db444588b6c753d85cfb9379143fcf7193c788,user
k6_bidder_28_5,pts_4b972dba6eeb76425185a141c5280434fe7b73025e5fa529859c4ee8bfa18f6f,user
k6_bidder_28_6,pts_a3eba644e5f51d70b18a383492c80f05369e4b4faf798ecbe27dbd2a9d0dd256,user
k6_bidder_290_0,pts_6e4f53b2be5f1431ccaf97d3fcec17e719200765a89360fbb92229a1959f1759,user
k6_bidder_290_1,pts_e2e0b329259d51386678bffce41f89fbaeefcdd9f6b4182589924240a87944d1,user
k6_bidder_290_2,pts_70a9967d7e58a3f04f7f17420b43ecd6a1da0085a59dd365c8e527bfc77791cd,user
k6_bidder_290_3,pts_58a47d743c657851e168dd5f13acf4bd8e3273fcb84e602c6abec840549b264e,user
k6_bidder_290_4,pts_2c2e25c221f36bf233e6b2aa4021b05d50b2fb38425c38375f03933164f08fdf,user
k6_bidder_290_5,pts_736d282712e319dfb868b39662627632b0aae4b3519f2cec982501e3e59c91a0,user
k6_bidder_290_6,pts_d98cc62d282f5eaf46d7cb5beed44697c9818ec844af399d1ca0324b67a3dfba,user
k6_bidder_291_0,pts_d683338828b3a84071df084cd0b1547027cfc0cc667fa1ac6ae6ecd3013f7512,user
k6_bidder_291_1,pts_bf6e2e7ca9e8d925653980a1bdb3b293abefbd4114310e2a92b60b687412804e,user
k6_bidder_291_2,pts_4458e43d5080abb6390285f28a5e7c8fe816dbd74903fe9317e639c0c416573f,user
k6_bidder_291_3,pts_7553ec693d3079f9e69cc2f7b1ecf30b8ff18b593b83f77c45c64b3d8ee7f88b,user
k6_bidder_291_4,pts_73cc0b6a10cc713449170b06ccb8eb1bb8b35f64a2b5d9e84e97b841d0440d1b,user
k6_bidder_291_5,pts_6251dc1bb4b21b54c1ce9d1f1fce8a98b410980fc14351a02f1bb66a5f180a4b,user
k6_bidder_291_6,pts_1c5d30f3cc3535baf18828af2f9b205baddb1cf93ce6792c5a6a385b2ab13d26,user
k6_bidder_292_0,pts_ed9e2e7c3e0619f44de2da423f16f636c5942a39920a7aed11124afe9f5d16d0,user
k6_bidder_292_1,pts_36982fb469f813ad686fc368d79980f1788105084d34914d9d5523c21822bbd7,user
k6_bidder_292_2,pts_d9b3afc89bcd63cff2416a95f90dce357248fe65f29f6c6bd3bc18c2bf06e874,user
k6_bidder_292_3,pts_2c9ab1143cf6be2d4c5d7b0dfa7f38d89a9f660b3f4911a059aa108554df2e15,user
k6_bidder_292_4,pts_23af743e96acda8c2680f17dee82e9399375fb7363f225867cadb352469db696,user
k6_bidder_292_5,pts_256a973a1fb9b626e8bb13da6f64f3d868da3189c0c5e4be912f575247efdd37,user
k6_bidder_292_6,pts_005c3b393e26287dd0d54d3c9346b68d617b90fe72846da6b3c1d5d2a607a639,user
k6_bidder_293_0,pts_282421bf1ee6a3ed7aa8f8f6e10c86a41f693e13912d7a9da381db465ae05350,user
k6_bidder_293_1,pts_2a1a71d379daa136877a6eb5eee4a40da580f7296dfc93b2891279821cfb50dc,user
k6_bidder_293_2,pts_ff7b00548491589ceb0732acc4c03068b07fc8d3a778ec256133b600b9b9cb9b,user
k6_bidder_293_3,pts_101c16eb3f99fc9fc98eae09f34bfe1709beb4f2bb9d20d4096bab040e2d95ac,user
k6_bidder_293_4,pts_bcd4672eb68a2ca105622529973f1ef6c5e8e2da7669d5546cae36358f04a6fe,user
k6_bidder_293_5,pts_750a98450c1a4abed22cf178092b21e029907c62af634ce40e48abc2a631b45d,user
k6_bidder_293_6,pts_7ae7b6ef9801801a87260c904f53017f72fc5f6fee53ddb9754a43130380f887,user
k6_bidder_294_0,pts_f7296ccbb3af8a9af49a5d9278b916e9503f0d706a2cb250c40c93a0191f4692,user
k6_bidder_294_1,pts_1addc98bf292912aa95abb5083a17cb210686e3fb3059d86fb583b11f60f7c4a,user
k6_bidder_294_2,pts_0c6210e651b941090f645cea7be4c80ef4b2354732558c01d0be6fa1101fcff1,user
k6_bidder_294_3,pts_93c0b04cc2351f6bd1a778061fabc20c47e053624b1ec63f2198de1eef55f9f7,user
k6_bidder_294_4,pts_46ad6e8929aa71cf77f3c8ebdb9fa5e08cb131c79f1c2571ec642b579e8eec45,user
k6_bidder_294_5,pts_f123f99c0b53cff90b58b73b5cc832a99ce1964a08cb581ce03906b3c83d012a,user
k6_bidder_294_6,pts_786978a305acb75b24ad765f8dbb58a882d59760ae7964676d74db3ddc966c71,user
k6_bidder_295_0,pts_5c79a0feadb924ec6c3f0ade96a85731f8c02d1ecd72b9ba995665a1a62bb994,user
k6_bidder_295_1,pts_a507e7033013d60091af867cb1f7430ae2d4aeb8bd675ab55c773c430d7d6db9,user
k6_bidder_295_2,pts_55d40327c22e5d9667c75a0b2e1042b78b289d9c027e5d7215a523e201fa266e,user
k6_bidder_295_3,pts_d947e065b7d75253ec8c2fdf7b9ae52c9e253e2b5a89daaeaf94c1efcaf95ead,user
k6_bidder_295_4,pts_14e874991c87598c56cf68f234c950f6e2c4610cadd868fa6c530fd2d77d125b,user
k6_bidder_295_5,pts_72e91278e42250d3262052b159bd4b445f871371f51b4f998f21fcf14c8d2c30,user
k6_bidder_295_6,pts_42fcbdd89cf59b552b2ec156b85f4c9c6b5b16b8b9ca453e6af48bc36d620cd4,user
k6_bidder_296_0,pts_108b9f7f5221b378dd63dea65535ea088052b086be9ba39c1e36f48ea3d02891,user
k6_bidder_296_1,pts_a289f7f0e4ee244f4c9c646d95501f00c12da38fda7a34310c6210c31229a21d,user
k6_bidder_296_2,pts_afec04a4bfed7b0ce7bbfbc7c5efde91c61de5d84522517d537fbc542c098774,user
k6_bidder_296_3,pts_750123b5c2f2040d98b556f0f97dae0de6ac723fd10f158f1fab38408169fe6f,user
k6_bidder_296_4,pts_75819738321146fd512160cbe724001d118e7badd1e992c105816de57abd0126,user
k6_bidder_296_5,pts_b3dbd946dde45f41fe26db10539d8f9607f7e27d1ba960cfab1654728f407f68,user
k6_bidder_296_6,pts_38f519a7f9d664969ecf3f11a7ff19e332ea6eb12d78b4fef83662383155561f,user
k6_bidder_297_0,pts_b65a6c807352d687b5bf94dde087150aff553dfe6224f77fc70a82480b8d2ea5,user
k6_bidder_297_1,pts_673f3840a36899d7162ddced0e67811541c711a4c6c47d587c486680ea34908b,user
k6_bidder_297_2,pts_32e34d392c64b59ef6c766f67667d9b9abc6765f0ec74f16112aec25ee008c00,user
k6_bidder_297_3,pts_1700c87d7e94b2f71805b6045dd08b319ea9e24e488a0152ed28bb8b01a48fb0,user
k6_bidder_297_4,pts_7d41e1b227e3ccd43786ad6d16e5a87fae6fa8a3dbddf144d7b6a23ebd7d4dd9,user
k6_bidder_297_5,pts_577eea96d8932b9f97f73fa8c4c956b007f977e83c5d409ad44b648f474d4855,user
k6_bidder_297_6,pts_0902cacd089cd39045800516c9e9057c7af947e60fbd87674b7fae3f594864d2,user
k6_bidder_298_0,pts_420f77425227f7ef92b3a8f0d0fdf92ba917874abe61a360534fd8d3292685fb,user
k6_bidder_298_1,pts_f5327056ae10d59aa7ee01da65be9dc6cce33c785c3b621bd9f3c8a932894759,user
k6_bidder_298_2,pts_db622fb9e2cadd146076b70b5ab97fb064118830e0f2bf7bb3eb79b75719ffeb,user
k6_bidder_298_3,pts_c542034ea17ee01893588adb0f80f40cb6ba53bd5d383a218d84a87b7ff24520,user
k6_bidder_298_4,pts_bce58a10c0648428b6951c77fa8266ad8b16a8bfbb6f4b05c05db51b57daa548,user
k6_bidder_298_5,pts_3ffe31f12790149a71ff00d0578956ffdb08696a6c722458d23de8fb46a600cd,user
k6_bidder_298_6,pts_39ff55507c7c9a06c4aa6c2b7daebd6f69b02bbe6ea608822980c992c8834b6f,user
k6_bidder_299_0,pts_5e359d5dce26e815374682eff15238ebf02d92cf7093cb92b51cccaa11502f98,user
k6_bidder_299_1,pts_c0811d299fc7f2137b870279ffc9469fec81b9fff794bbd3ec6b5ebae096599d,user
k6_bidder_299_2,pts_e9276c19b2e2d3e796cea959cd04eaae28bfc88015ce312f5390396663d12bcf,user
k6_bidder_299_3,pts_55aeefa7ab0cfc7293b1c6e64635707b831da23d511135a204d5a6ac0dfff565,user
k6_bidder_299_4,pts_f364804108edcf2bad7ed9073c404992a8cca79f69625e6124afaa77c4fd9da1,user
k6_bidder_299_5,pts_9c9060d95170962faf8ae3cfd29ebdb4b47d6963f2b3c315755dd7f688f01534,user
k6_bidder_299_6,pts_33dd118e8fca570221615676a2fd17ecb7da09ea4f82140b5fcdd10105c65dba,user
k6_bidder_29_0,pts_a550368f6e5ab84283b93d427873aa4f82deaec6ea51742fab4150a3e4cdc8ca,user
k6_bidder_29_1,pts_7d4375b765b7e07b60ccda2477288bf31df0a5f24e97e32297e1e3c11625757a,user
k6_bidder_29_2,pts_8e6d986bcd5b68224bb483b6e89215cf2d9bcdde275e214fd9bc07c0ae947bc1,user
k6_bidder_29_3,pts_c4fbeddefd6a6d9f002742b593458c0cb93a6bb4c9595d2c7d67071b8268830a,user
k6_bidder_29_4,pts_18ebfbc8326b5dba9f62f0e1923b081398833a054a49a64b67389e98f87659ae,user
k6_bidder_29_5,pts_f52bdc409c376e2f7df1ca1a2b699115e971d433e1303f0c733654ad2814705f,user
k6_bidder_29_6,pts_02d9c4a1e360d06ad48263c04be114d97b8931e2a01a56491800c3fe4f25346c,user
k6_bidder_2_0,pts_a6828d2821215cc76e4f84e71346a017a3c8d59f9bca3870a917958bf546b2a5,user
k6_bidder_2_1,pts_3c3908ad0bb24801a5fdb51b9263e08be9c7967b5c1b9e6c99b577ae29ab4591,user
k6_bidder_2_2,pts_04378ce965c777514ca26cdf4456826cd0bb67b58feff1d9f277434c30264c67,user
k6_bidder_2_3,pts_d62cea6927733cdbf31f6a6149513715101da69c9e467d810e7ec955de6c0cb4,user
k6_bidder_2_4,pts_0906732914315273ee9eafd4286e8138a663ac0ccc457f9531e4683eb47c442c,user
k6_bidder_2_5,pts_d16d70393a915924bf9289a1bbd2b941d59865a3069ee0889cf5550a06821a44,user
k6_bidder_2_6,pts_e204476983afcb70ded6479ede0b0e15892f51e5e0fe0f33b5066f13ad8fe3a5,user
k6_bidder_300_0,pts_dff7548d9cdf90f5e2c3612aa118f490f9bc8b48a0973bc25650c9c541108e07,user
k6_bidder_300_1,pts_3400c859a477f696fdf9f018956c2de0485bc3b85e837ee37181a09abf8d37fe,user
k6_bidder_300_2,pts_1ee67fca151f08b83a8ff9d57f5e44374d3e255f9b3132e36d40634e3e487ee5,user
k6_bidder_300_3,pts_49fe19a1fc4433e401170ed5eaa0e1e23ae243cc189546e9081025ee0e548e8f,user
k6_bidder_300_4,pts_90bc666b67f98a7a11b8a0e6fddb83fc60f90094acb68972a902bd9a1945af65,user
k6_bidder_300_5,pts_44b6a381094c08f80621232197f9f27dcaf7f9d878954f3b04cae905a8d089ec,user
k6_bidder_300_6,pts_b51b50bdd952391dccab734cea383d18918ed02df0cb8a2c429a5640dbde7163,user
k6_bidder_301_0,pts_ec9f17a18095dbe4395cd4957c22be7ed47c01440074e7e9a84851fe882613a4,user
k6_bidder_301_1,pts_75ab56ebde181d987c610c590dcf8eab9ebda030d9c0246acb751f95a2a0eb7f,user
k6_bidder_301_2,pts_b18eb4d9987a66fa84176dd1b54159b05b075afdeff41e048668e243ccec1c74,user
k6_bidder_301_3,pts_6fb9f7e4f4b1001f10a1375ea643e3e152b654a3457e95c5e38337a4fe6edf89,user
k6_bidder_301_4,pts_c24d78e0df464fcd1dfc020144198d45144850f2f3d19e0a206c72bfb7744828,user
k6_bidder_301_5,pts_aace6eb041cde4ed2c39c6bb9f96468649ec0074f6ea278bb1055968b7541c46,user
k6_bidder_301_6,pts_a48fed7527a5e751dc6dcb89ba8f54d72d968a2564456eb7ac0a51fe81a3050e,user
k6_bidder_302_0,pts_b7057492bee11bb6b12627106bdd26ad7345a54c4538ffc7698b0059e264c062,user
k6_bidder_302_1,pts_4663d87d3fcb3c5228971c8ccba9f08e4d74be4edfd5014c7d32dcbf105a1dbd,user
k6_bidder_302_2,pts_2c57d4a585c3a04f64169e27e46b6db263044fc4766db7195725f1c38287b4d5,user
k6_bidder_302_3,pts_021686d2e10d2a51b0ede43434b9ecbc92bac7eb6f229406e1d6ace4ff841e17,user
k6_bidder_302_4,pts_03f3ac2c2219f3790b12c3d34215c4d205eb414bce9d97df7c928c7b16758f66,user
k6_bidder_302_5,pts_84eea8479b60467508cca0f3a0c12b99b40ba00a742fe99249afb12f5be677bf,user
k6_bidder_302_6,pts_6f9677c0e43f2d9fcdfeac69e91e01f4c2d1e6ae02fa6e79519348e24c898cb2,user
k6_bidder_303_0,pts_553a0d0d171e82dc2c2d5510c2746489636557b1a6d64ab46d79a48f419f642a,user
k6_bidder_303_1,pts_bb1594f0b5426894bf5a167508500693dacbfc8b0af31329fa8382aad8af0907,user
k6_bidder_303_2,pts_416cea3e7be28556a724d0ea43143d691475f08160c9729fa66170a58b50ee57,user
k6_bidder_303_3,pts_4196be95a776059764edee6b6816633ba4d86e7855ec3d40bb2bab71924bdfe1,user
k6_bidder_303_4,pts_bde517580dee740a06bc5de2e673cc6c7d55c5aaec7bd08b93b5eb5de6a70caf,user
k6_bidder_303_5,pts_2e66d32fb0896193a5494d0707af12275e11b9da0961ca00a6016484dd207e3b,user
k6_bidder_303_6,pts_3e570031d04a89cc878da591fc12c6496d98606aa551afec8507dadde02bbe4e,user
k6_bidder_304_0,pts_538c062529bdb6cd8b413aa68ddabe256a4feafda31404b6d921f261debe0931,user
k6_bidder_304_1,pts_f1bc0d1bd38d2e3b54462925e16e05efbd1b305d50a64fc648e514a783d6df87,user
k6_bidder_304_2,pts_1f2d8375eacfbc4938cc3397d90c7669f1e50b57a0d5cc8d51f73d6d137c5b3c,user
k6_bidder_304_3,pts_135685324278d89edc4c60310d8b0e0440d1a1a6be0a9254e8c14c686f07feb3,user
k6_bidder_304_4,pts_ca3aec6bb097ed1e207cf21803b8754ad115da119aca65cd872175166f98e0cc,user
k6_bidder_304_5,pts_b3ed87485ff4984375910926b22ec53992f53956af2af72595beae3aa808b6db,user
k6_bidder_304_6,pts_4f2695194b917d1a5aaf3ac120a23c91420401d4e481039034d75574b9f18b57,user
k6_bidder_305_0,pts_8c9e6b6c0eabc43e6def19b5ba6472bd4d79aa7768680441e896b455a301e7a5,user
k6_bidder_305_1,pts_e5820ef43981cd79b49d927854aa1e19a2b364db86a2740c9af498956e0b04b2,user
k6_bidder_305_2,pts_6e76c12ce4b61b81af254b1e67313e7f9beef61e7d71a83eb20a792b958ca373,user
k6_bidder_305_3,pts_6037e9131cab83a57214cb8171dff0b3dd4f8530a153c0409c03545fc8d602ae,user
k6_bidder_305_4,pts_459e9bc6242975d371da0865df8908d5fb51f73d3e4df0bd3936e6eb6f5f93bb,user
k6_bidder_305_5,pts_a34f6325fd7fc98608c0dafc1dd36bf26d05288d51c2658f35a1eb9e464ad56b,user
k6_bidder_305_6,pts_fab0643b82c51eebb529c26af29e71a994aef6a766de1ee99d093725803e43c3,user
k6_bidder_306_0,pts_2767a078b71b62f1658fe5036e6bc33c8324c12dcf59d94fc77a808de71ab012,user
k6_bidder_306_1,pts_7e446ee23d5ea2fa01bc8ab438e442a70852b55ea0af47fc6453eee52b6d9b0a,user
k6_bidder_306_2,pts_c5237b1dffb73fa85016b34c5d53f9b4d9400d83506052892b16bc1f7e75fa50,user
k6_bidder_306_3,pts_a6fc686bc72020f09fc66823faf63073ed43c0d08ec6ec6b6ffad02496643bcd,user
k6_bidder_306_4,pts_8bf05566f08a87e64d801d3ed29211050961e3d4eee3330d55d8c274867c524a,user
k6_bidder_306_5,pts_287657f845ab3714f016e4f1c34a8c22235ef4df298523da324f0548343a9ee6,user
k6_bidder_306_6,pts_3f79b2452fdddcc4ae3f989d494798dddee10ad2125ea6f39e30a95617015761,user
k6_bidder_307_0,pts_ee51b37d6a253c6a5cf487875fe742161941340ffb4b25242a1df99bb04790a9,user
k6_bidder_307_1,pts_93baf0aaab9f1b333764e97dba69789c90b1a764d098682c4269f99f65d29df5,user
k6_bidder_307_2,pts_8ff0f707579f6bcf9b0340170465a38b43efb8cba8ccd9bbfe707be29c04cdd2,user
k6_bidder_307_3,pts_88edffacecd302c5d82e6634c029071100d222d8243ebc7218456148f33bd4a0,user
k6_bidder_307_4,pts_20361a62fbc18ab113ceb1d644f195850ce06a1b78e3a2a25419bb12c1ddf66b,user
k6_bidder_307_5,pts_0db92f921c11d9b69d8ef770a3faff4a40c7832aa687cb449961809ff3109b23,user
k6_bidder_307_6,pts_06802869ccbdbca82fe2158dea808db8a06723358316c7f1b7a10fc40f5bc5a9,user
k6_bidder_308_0,pts_eaaa2e696790dd927aa75352a23e480771a517446d49452acc3c4a213a8bfb05,user
k6_bidder_308_1,pts_63d3a3dd48dab084635c1bceb6ed54f5693f4563954448b72bd3c03ce55559b5,user
k6_bidder_308_2,pts_c6f40e81518b9f24a7b3716d5adaaba9c6e8cf729256933d05007838e787e1f1,user
k6_bidder_308_3,pts_d666aa8682f4c708142514560046b886dbf8af8edee1b6edd437306aa34805fb,user
k6_bidder_308_4,pts_f6674fc220e09f6626bbfb0e0741f26d49ee42dd00bb748e5e7be9cf0f8a84bf,user
k6_bidder_308_5,pts_a556fa615e1cf6535738b27396bad9a8a078f25f13249b418c9f2fae6915a15e,user
k6_bidder_308_6,pts_c8ff8cca6ad1dfcf204249ad531b078ba423c36825a2f576b22917c3d5703999,user
k6_bidder_309_0,pts_993e3914797045e06c22949bfaf80885de788247a3f026d2681e9e593c5ebecd,user
k6_bidder_309_1,pts_c0382b7a9e0c535b49bce08f19f8387e676844774c16bc37630bf6ea18525b5e,user
k6_bidder_309_2,pts_ab987991f46da36fa440ce397f46f2b355948d69c98bd150f4dc71aa82cd99e1,user
k6_bidder_309_3,pts_7a2cfc68d42b3113b5dc423544dfea9baf72c0343975faff46f1cb2087203b2a,user
k6_bidder_309_4,pts_de2aef6b2738b72056ce30a9b595a05546252e2ad5c3359df8fb20fb7d715046,user
k6_bidder_309_5,pts_c17f3acb02bf2c0f49e33fefe7d39958079e1824c37907679af03c0f20d35eb8,user
k6_bidder_309_6,pts_2615cfa19588befc6aad9bc822585e98ad657466d1be3b9377fd483ad09011a1,user
k6_bidder_30_0,pts_7c2e88732c791389a441b845c5dc7760b0ce7a1fa8e42a32e7328234e6bbc540,user
k6_bidder_30_1,pts_18e7def539e1bedb07e40f4aad4b4212ce4817e560435df5184916cbbd62d256,user
k6_bidder_30_2,pts_94a739a722c2dc75b1d5b4ae646bf0c0a167e0cf4b2203caa8062b8745c94836,user
k6_bidder_30_3,pts_41252bb476f1b71e59e8cde10a3d58a6637ecdd35d0d3653c12704240581749d,user
k6_bidder_30_4,pts_e5fa2aee9b0090a837e654f8463fdc26eb8ddc0db7455c5d9e3f907f5a32501e,user
k6_bidder_30_5,pts_faa5ea65342e652c42352bb96d4803a710822e2cc802c6999211dd3f3cfc7a1c,user
k6_bidder_30_6,pts_6b0a000e4da956b76487249b24655246033d7a1bd207120c7a77706e74882a78,user
k6_bidder_310_0,pts_cafe1e857702703556d543188ec30e5b761889a17fcf66de352fd36b1ca21914,user
k6_bidder_310_1,pts_bbd32c6dbc4ee0976da4d5cae2c195d1e97e2cf476bcbabff1696a45b2b478fb,user
k6_bidder_310_2,pts_f8a5fd5e7ab9e83929a82c6ed3580ec963c386d64b009d5a9ecb48e9b2694523,user
k6_bidder_310_3,pts_dd006987b38bc65ec0fa1ceeebed7af7a4818b161e88283ad96c55f6eb61307f,user
k6_bidder_310_4,pts_0bddd077f09ea684736023ab26344ba428f355ac20a6cd2c30b75afb43438568,user
k6_bidder_310_5,pts_d5754dcf23310d7ad95c5004530fa4159aedb5430038de5a8871325bc29882b9,user
k6_bidder_310_6,pts_f75582726c0253163a378a4ebea340f81295d7769af24d925b34431da9e33837,user
k6_bidder_311_0,pts_56e247b8175adde1f80bb593f03acf2b4c59e124fd812546108c6857112ae289,user
k6_bidder_311_1,pts_e03b065ef1222731c4ababfbd8b65dd99a60858e7ca2ace93d5089e3d18837c8,user
k6_bidder_311_2,pts_c13356e4b4fb472e01d9610e275529093b7798c9fa8126d807c50ff80c748acd,user
k6_bidder_311_3,pts_122a47dc75e82b57b49449a17aa6304959eff300fff26cecd67cce0d1eaa3893,user
k6_bidder_311_4,pts_51ee5e0cfd3d4ffb3bdc03bb2e7e39a39fda86a6f3f8a2e1a00d1793c112d1bf,user
k6_bidder_311_5,pts_24d57bee672dde4cc735f6f386a5439d12ba4bfcb8efe1f87bdf2297db97ed6f,user
k6_bidder_311_6,pts_eaa3ed5ab9bf69ffa12e1b6f3e1d9abbcb315ad6b909c78c5369bf6dd3097ec4,user
k6_bidder_312_0,pts_6f021abb6ad4dd593fc33955e619afa20e38af2d2588401791dbe259e71ea372,user
k6_bidder_312_1,pts_443d6cb9076f23b97f2f952bb3904b5a7cbb7a98a05d85fef66de16160c9a8b6,user
k6_bidder_312_2,pts_e814404b9fa2802c9dbc0005bc17157a45db605dfeacf947e8ac06c443d8a582,user
k6_bidder_312_3,pts_aae666527c2761226b7ede14107d842806ee0c0bf54e812a44665f8d53922050,user
k6_bidder_312_4,pts_f6ecd46e497d85c4c29e00de0ad4156d19e8cd7dbc3c386ccc2cbe39aee6e651,user
k6_bidder_312_5,pts_12d77110a9191331c19887581b2940b633d6eea2af96594654c50038c41a51cb,user
k6_bidder_312_6,pts_0c20a66d0192de65b3f92ceb45b47168c2b68caf359d3a382dfbd25a3e5e424d,user
k6_bidder_313_0,pts_7a51c6aaf25d65a937074ef8b1f78ecaa70edb9febbb7e33353cac4445530d68,user
k6_bidder_313_1,pts_9d7b4dd18b41d13f0cfb6ad1dc3b0440e0c5620a2cc28551006aa9ec5ec02d8e,user
k6_bidder_313_2,pts_3003b441d76a7f26b154cdfd6a4b655ddb3ecff041d203fa49af7b511b7c9a2a,user
k6_bidder_313_3,pts_626fcc29f02596b252f2f6dc7b20977383ecac1cbe4925facd3b9014bfe93bd8,user
k6_bidder_313_4,pts_e2fb1d2704235444d2b97ef472cb457f13199ae1050127272c7da4752bc3269a,user
k6_bidder_313_5,pts_07560529c8a6d6be30b4355eb5314bc8878130c0e662d35da88ce75241507da3,user
k6_bidder_313_6,pts_6c5835896a0a253269e2c1fdc1d32411808d1b444bc41153a39a321b3d885599,user
k6_bidder_314_0,pts_cf0792784a638ee1bf4deab768cbb84aa857ed020c53d83ee11e180de82d6bdf,user
k6_bidder_314_1,pts_22bf3e085e7af241661c6f79a4787b73aa61cebf6a89dabc1f64bb8ab6bdb9e9,user
k6_bidder_314_2,pts_dca7f0f5926bd50ccca9593c3d39ecdbc54c0cccde99c9a2689728e4fedc26dd,user
k6_bidder_314_3,pts_dbea2f66e7dcae7df4e282cceb038fec25ae0d921253b8ed0ed61c44f217b5be,user
k6_bidder_314_4,pts_a0b89efd4cb15d3f639e8a417efd13d9274c7c73e2823f868077e0b3e18d876f,user
k6_bidder_314_5,pts_9b0c2b36ab4e99be32425f384ee6fc34ed547989596abeab94427c20089e6030,user
k6_bidder_314_6,pts_d8b8e98ca4345cf0bcbba918f5046d975c0950eece976933fbd6ad8162234d0c,user
k6_bidder_315_0,pts_65477001a8740c900d06c3fc85d384b002975c571d977dae56b0d9a9c0fbfa97,user
k6_bidder_315_1,pts_521334504b1ce0633d9abe54b5af4093704eeaa78ac70cf4043f8c904e4f5fc9,user
k6_bidder_315_2,pts_e875aa20bafaa51e25a9b3bf6bed174300056daa0c6837db16c8edbaf5021dfb,user
k6_bidder_315_3,pts_0051c2d6e9ad6b90b5513fcff37bfecbcd80edd495d75ec335d7f34861f66cbd,user
k6_bidder_315_4,pts_88ed1b7a163c63e69b49f79b9947afd84850e87fa09bf299f249ea635ef9c307,user
k6_bidder_315_5,pts_ffb2a5686a84e54280ef7ee4622244c89707fb042f339ca7c45e7e80cb5ab811,user
k6_bidder_315_6,pts_7d19c966554cbb5265b5fdb46fa0ceed3eb6b1381e12700e639bec6a9f5b5db3,user
k6_bidder_316_0,pts_fe123003fbf56cd0890cd773abf5e67c3902436f029f5bfef155cc9490f95a9b,user
k6_bidder_316_1,pts_a23484ee1e4ade10498c0e79745cbcf569f569e180974fc63a2bf6498fa60b95,user
k6_bidder_316_2,pts_694115f1ca71813f1dc871270f769edf87f7e1840034b2d68592ef2653f988d9,user
k6_bidder_316_3,pts_fd321951a7911c1fadd4a661bb5cba1e9130782c0a85a301f3ce88622e2bdcfe,user
k6_bidder_316_4,pts_163374f423ce38c6884637a236c1d8b13a20e3cf7343543cbf6917c99bcec48d,user
k6_bidder_316_5,pts_5fda59873bcb3fc1aa909dddc6762570ac2eae806b86f35b5f42933a645fc630,user
k6_bidder_316_6,pts_45e7c3ca08043645ff9cee2248e054c98fbe7a9fae32e23db708593fa74ab3af,user
k6_bidder_317_0,pts_1edf438e0dc4f6155a027f404a2e1de68c68f1924bab4fb02a5a6fc4de0d2da5,user
k6_bidder_317_1,pts_a11792baad222c9de40b4e479c4cd40aa2b1678ddcab8d93e6b708632e5c35aa,user
k6_bidder_317_2,pts_7be79fbce5a0288731205c64755cb13879f7258ff860cc491d7bc0a3ddac2567,user
k6_bidder_317_3,pts_87f73c9af04982a2ba25214629a7b6a3d8e564eeb204642a1b96c3a85f1b7c8a,user
k6_bidder_317_4,pts_b1a42bde5b81f8a996fa9a48606bf57ec231d91bc530311559db936740c051cf,user
k6_bidder_317_5,pts_8ceb2428c311cad369de83f1eef6a170e4c09a35240cf0b649a897d7f447e5ce,user
k6_bidder_317_6,pts_0c08c04e90c9c6677a762be56cb5421b9002f8780dcc43b074229fc1b6014ef9,user
k6_bidder_318_0,pts_04d095537f02b292d30ecda91d55ff55bd3859dcab1f0c43987d932cfe8167e0,user
k6_bidder_318_1,pts_4cdb81d0063a07831e7cf5b8530683d5e8cfc99a3c72695da2f392abfb6e63fb,user
k6_bidder_318_2,pts_7641c9da7838e9223bad7a55666394324762e70f433b39b7e14a7691ac818b2c,user
k6_bidder_318_3,pts_43fa387dca57060cb0cb95ce808e595582e550644b62032f9901ec3dd54831a6,user
k6_bidder_318_4,pts_bffb919b0b0370a1c4fee8339533a88d38fb83c6c015afc75d4cf2d5c1ba740e,user
k6_bidder_318_5,pts_4b86f590af9dae4a16273fbfacfaa317b2a4f5fa825a6040cc3394edc1286db0,user
k6_bidder_318_6,pts_5ebd813ee971178b4eb2d46f5652e0afef6d390fb9ef907bfbcf2b3a227fd837,user
k6_bidder_319_0,pts_5f87ff56864c3581d86f8c405573c9b7c3b9de87303f800aa6848516a0112dc9,user
k6_bidder_319_1,pts_0b4442014229bdb030c8f4de848b83b7d4dde9752620da925a24e3c8feebfdf9,user
k6_bidder_319_2,pts_d8ce749cf86f6a8e5a4562e18a4e699cc8ecdd8d02e52be41a41050645ab8ae8,user
k6_bidder_319_3,pts_c345900dde719e1477e634b234c2d36c1ac8549c4ef8fa82fed060f6f06ede59,user
k6_bidder_319_4,pts_5d0c22aef9d04805dd139f770a2fba404ef86b1d38dfb3e3bc6ac97f787bc6c7,user
k6_bidder_319_5,pts_d1536e302da0f121c10d3d360250af1f86b9a34adcf608b6823b5ea00e8e4706,user
k6_bidder_319_6,pts_a3c266a82abd0552bd47c1092faac80b90fc8732ae7692184f8c93aa68161313,user
k6_bidder_31_0,pts_1421c39afeef218bb51575c8fc7ab2cd96fa75dda742b09f25b2d1b9eca1c558,user
k6_bidder_31_1,pts_b49f307bc132760093776a26025fb508f849178558a46200067c31656c0f4c54,user
k6_bidder_31_2,pts_ffca45f9b71f6a0dd5365ef2904e2a8fe7dacf9807f5a9d1449c31e4146dd407,user
k6_bidder_31_3,pts_b2919246a565554b6b9abc21326fb3761592d5fec651f675732e6b700c2eac91,user
k6_bidder_31_4,pts_a0e7ceb392a07e2c1e3bf7e95573c78939209759408cd0d27488701a953b7aa5,user
k6_bidder_31_5,pts_da82c7b7f0ec15dc2e10cfda2eaf7b33090bad8d4f8d321afbbc100364bbc94a,user
k6_bidder_31_6,pts_1c8978027797d2c6fba7898ffb366c22a0cd73e7a81d10ca27d73ce8e7306392,user
k6_bidder_320_0,pts_fe590a1bc2d6b8f67a3d8a58e333ef3af7a06b38c07cab40d97d6705099b72b9,user
k6_bidder_320_1,pts_511856031c91ac2223f911cc117fb717e9b8ff1a6987f241aeb31e43e9552792,user
k6_bidder_320_2,pts_435e25016a96918fce05373d0cf21528c00701edfe5413be056edca248eaf34c,user
k6_bidder_320_3,pts_9d8ef963bec591d1f55a5922a66d6ae3cb0b48a538f7e889b3fc24aea017feb4,user
k6_bidder_320_4,pts_96bc4f673f9fa5423c27456cafd4f1d7dd2b1e886bb3148b058b93c0e9e9eb88,user
k6_bidder_320_5,pts_8a53548a122aa5286dca9679ff052bad516d37a5c6f7beffbb3565aea3b9d0e9,user
k6_bidder_320_6,pts_f0c792700f50b792a5d15f82dc7aa879e5f794f078d43e076d17c115b79e5a85,user
k6_bidder_321_0,pts_71eb845dd48a137971c9ea6077851a4db936d3b73c4c2dba411ea4f4af30b137,user
k6_bidder_321_1,pts_569da356de876f7132d4eb24e2dd68e67bed3cb8c631ef0b7ed1d49e47d0bc67,user
k6_bidder_321_2,pts_f45ce9099ba5543d0af69ac449984c84ebe8413405b3e0eb03ecc65793c2408b,user
k6_bidder_321_3,pts_36bf0506a194833289ec8f651bfc3d411c83aad297e04fbb50ef45ed219d197b,user
k6_bidder_321_4,pts_f73be86c18d1bc0103057781bce56c08045e4e5659dcb21e6712fc759b3f2021,user
k6_bidder_321_5,pts_a0f4005e24d6f44387e3f9a5168c1619c62bb4acf4ef377eb43a8b14a08098ac,user
k6_bidder_321_6,pts_6783f5e3fa43d5d1d3ac66d1b21bf15250ece0f9960e75131a1e258abe44410a,user
k6_bidder_322_0,pts_ee9bf9889ce1c693132854d99610e7e17a4db39eb8de1c0d996f8058e8b0d271,user
k6_bidder_322_1,pts_7648cc57256973a2e7744176dce95a4e8576113dec7ed16cb5a03eb600b3b86c,user
k6_bidder_322_2,pts_115f750a9a11673d968fd9dd2a4ad9e4ac45cf78f40bfb54928ed50b9a5cf394,user
k6_bidder_322_3,pts_cd329cbcaef14d9d2ec767ea6a9ec60aa348eee1c339e7fa48091bd5d79b4448,user
k6_bidder_322_4,pts_4a19f4c343983298ad1709e0be7237d489338f37ec91b0393b46530ba27a4317,user
k6_bidder_322_5,pts_d5e82806eab46a8c53360277ad31a7f7b422034442c672ac72a15002b260412d,user
k6_bidder_322_6,pts_a4093c3a832213a6521b3115ba8a002ff8149d0d950db13e51ec6f1f868a12bd,user
k6_bidder_323_0,pts_e593a37d1c75a5815874bfaa8653783426df6449a449464dc631d7ed7bf70363,user
k6_bidder_323_1,pts_58000c2cffdf02dd27375beaca0139435ce0d8ba7cef8fea86ef1ee7d0878af0,user
k6_bidder_323_2,pts_b0d86d3723171b9a5dc492290283767ea1ec7a6943aa2f84d025fd570f3ed356,user
k6_bidder_323_3,pts_054f0581df3b634b1200cc7fa80872ebdde8f4b026c5b1dde5e6927e3c2f4362,user
k6_bidder_323_4,pts_d6be0940e139fac4d7048674c5ee23e40cbe467f57da0bab9668e45a837ac79f,user
k6_bidder_323_5,pts_511637a3210e0d74ef36dc7a3af5e52f46281c5e0712d79ad109189631656398,user
k6_bidder_323_6,pts_d66d1a69e6820584042d8637297f347c6300017f42b7dc854c9705fe043ce571,user
k6_bidder_324_0,pts_e6c5582f7b6d0869b844f10e22d831216d0898c7fbe91bde09505990e9ebcbea,user
k6_bidder_324_1,pts_99776676e1cf84e430ebcbff95e9e4b8318613d01aabd72367c34f5d3b063dd1,user
k6_bidder_324_2,pts_2778700e5e3eceeef30c5c6b24f7743d25595472232be72d7c9f50b25e660be3,user
k6_bidder_324_3,pts_31bb9ed668b6682bf09366c05448137c262af2d654129d45d661ffdfbad996d0,user
k6_bidder_324_4,pts_293af1d0ba94fb2e660f3daefeb3497a8bf1992656c8bb94a6cc55e6171b012e,user
k6_bidder_324_5,pts_cc7efddca291dbeffe0c0f62a4d43c4c6c0ebadebf24ad9372ab9e553dc36cd0,user
k6_bidder_324_6,pts_5b62ad6cbab5e7c86d9b48e740ecf999896e0f813d54a7e069d993a49327b235,user
k6_bidder_325_0,pts_3e18e6fd7e34a2f299fa42bd5b1caa5435ee0f11cfa68b1cf7b3ac63f4c59d76,user
k6_bidder_325_1,pts_afa66fce0943feadac39be3dc9ed6c106b0c65817d7bb5ee7cb3c3daf9d99094,user
k6_bidder_325_2,pts_88018639cfd36b22b2e978450357425605823ee92dd6f8402efb8f55e1b7c25f,user
k6_bidder_325_3,pts_4c31d85d2ad12a1d75d3249dcfcb489b8f4f5f2af6f320ce65ccae55f75d87fb,user
k6_bidder_325_4,pts_783332c3086a45eb35e1744279a373ccf5e8e5693ff01444d27cdb56f0ecfc50,user
k6_bidder_325_5,pts_1da4b423ab2e8f28700433b58362a9d2480df60473e865ad9c181b0d64efd996,user
k6_bidder_325_6,pts_820e5879ee2ccc786e13bdac8e75f17fe0e51d0b0de6693872f2c40ee822b1c6,user
k6_bidder_326_0,pts_46344647609e7daf8aaa440f4aa86533d83b8d610844753ea55a23c97123d6a4,user
k6_bidder_326_1,pts_bcded650ce5b99c04ab76b06cc6ed64bdfd6cccba52779b58ba058b0be3dadca,user
k6_bidder_326_2,pts_45b556d781a4ac2c62fc3532f4320d596e81038118d2658de1084f08224ce450,user
k6_bidder_326_3,pts_c1b741a04cf6e7a137f00d0d3c930b940e0b6258c423753156383f3913081e1b,user
k6_bidder_326_4,pts_927015987727d46134a1d082df00a638c3b2b384d3392e19a62ff68f3ef5c40a,user
k6_bidder_326_5,pts_1e967c2c34382896138628a4461271609537cf84a1d729b2ea9eb0d07b879091,user
k6_bidder_326_6,pts_03988a11121c886bcc16c20049ed893c381d2143895f9429286bd1975ae91c88,user
k6_bidder_327_0,pts_84a8921dbbdb7588d7900eba6e073d9140aa51b36df7d2b2d80bb7b987e59c23,user
k6_bidder_327_1,pts_be4fa542cc1e358f129ca29920843473ecce8ccb1dbd60ae05cff6ea9c315212,user
k6_bidder_327_2,pts_44b8311e75e0d8a1db0ed8126b8b5a6533ab21f9331e128275da930fa390cc62,user
k6_bidder_327_3,pts_89fd95c18eb9e299741cbb8d458c54b9b693102fc5e28b9d042340e0ae251d62,user
k6_bidder_327_4,pts_e805bf16d8b286d4e6c0633c6ff584d5954f63bb2eb1376389518db621c4b921,user
k6_bidder_327_5,pts_d3501b75c907e604fdb9a1a666b99105f2eab18c5492876779e4622401e2c32a,user
k6_bidder_327_6,pts_1ff946d5e98246b52b1221737158b9b1dec5c0c7fede6c16a848479d47bd71d0,user
k6_bidder_328_0,pts_4d8e9933ea23c06971a8c3e7cec437e9ca518bcb8d6bef9decbfbf6d6fff8d83,user
k6_bidder_328_1,pts_73fbff99b6dcdf75a1502f4d86e7df63a2d92e925bd37627d2cd2932984a226d,user
k6_bidder_328_2,pts_fa45c5dec177a21bdfc0cf4360824cb77694f96fe913c4e82350023e9528a498,user
k6_bidder_328_3,pts_0dc25df9bc8ddfc1094c6098e276aca5a0e636436a148f79b765db8dbb9818a0,user
k6_bidder_328_4,pts_1979d6558c8cda50332f2bf328ac8403b042c7fd5a214b489c00189a92da87c1,user
k6_bidder_328_5,pts_953fd369dadfcc8f060b8f42763c7c7efd4eabb6bae0c46fce10661a1a07dae7,user
k6_bidder_328_6,pts_2580ec6556b289364a66b0cc00078f4cad8a87c8141f271f73672cd903d5bd9a,user
k6_bidder_329_0,pts_987f19ed22e05ff5d0bb343ce85889d49cee1b028c1b1167b8ee7a040a4c2eeb,user
k6_bidder_329_1,pts_a8b47f4e1f404c9ac3d3f271a9ee295ae6343cd18042a8c2a2d3c1cf45d34512,user
k6_bidder_329_2,pts_16939c4b9483e1324e59ea21e3471ebd52f819d2031eb47edb718e7c4f45d77c,user
k6_bidder_329_3,pts_21a23d853ad43c32ba52c75203b0533a8e2882d6e62e74aba6b9572d90384843,user
k6_bidder_329_4,pts_03893ea79fc90e83801d6f2865ff052b8081185430aad75e84fad2000dd924be,user
k6_bidder_329_5,pts_823fca534ff411c0984a99eb3440e70bf1a92d31f72f1ab37a901c8a7ccb95dd,user
k6_bidder_329_6,pts_f1aa4c53f8ff695496670842d3cc0a9e4598589559d6167d8b05ef5994c30621,user
k6_bidder_32_0,pts_b83609239bcca33e9097a3254149949de51c7d7e9559d1e3dcfd707f699233d1,user
k6_bidder_32_1,pts_5d7d787534628c3701a8e343d5b314bf653935736d49469f2e9eec793775b00c,user
k6_bidder_32_2,pts_676562d95b6875a021341c727293b2e4992f7ad9485408b6cd432dd98a2386cb,user
k6_bidder_32_3,pts_8a148867c635f992f7407ae117460251d547d41ba704a681760ab25c01e17cc0,user
k6_bidder_32_4,pts_d543d342b2444d789618507b4b7d8269f7d85b439cdf8e5db7f13192182a7cbd,user
k6_bidder_32_5,pts_bbacbcfe4072b30715b475c4b4b47c95ca435050ac768972e0429ef88a436f30,user
k6_bidder_32_6,pts_dfa27e76111f0614c7078a39e73e5b291f3a576b3e40429e28526d8ea40d670e,user
k6_bidder_330_0,pts_c5cdab9db16b3139a96deca1e67dcad121473b292323c005d27af7257ebaac62,user
k6_bidder_330_1,pts_fcb35b9070de4ee8779a7e441a98bf293b5858350fb33d7139074800b1d50d86,user
k6_bidder_330_2,pts_afa6230db238a6888a936c1e9fcbce9ea647e0472e1d63534a54b48abffac120,user
k6_bidder_330_3,pts_7c9e6eb59579e9f1d1bdb2edaa4d7ee8ae37b6c78dc2b6242e873083d704b9f5,user
k6_bidder_330_4,pts_b2b8f9fec3cb7c0adb14c81ac89e1c7454ac0b859ffc9c6a77e6c864c2dd6fe7,user
k6_bidder_330_5,pts_bb222c3f084e68c03c97240b2d8f119a1b8906c76df7f5becd3ce8d942139a0d,user
k6_bidder_330_6,pts_4e61ba9627f352f8208392ec7b48f5025518174f97a063e54c6b6998347a5ae9,user
k6_bidder_331_0,pts_c15127bfd6172b93f6fdfa986d2dae4b2103666fb128ee8428c43ba2775f9a4c,user
k6_bidder_331_1,pts_df1eb6a97b3b78610dc96e82a9a58bbcd26c1bf02e6866e3bec599529d064f0d,user
k6_bidder_331_2,pts_f7bcabac0813368aa60a17d437f9ec86688bc3f5f0b1e93b6c0bcf68a2132b86,user
k6_bidder_331_3,pts_c0584614af7012457e8633a546cce4a0016a1c4778cc0ec991010eb6d027eb39,user
k6_bidder_331_4,pts_f9fac4ad705bb84271023bc3cdc8bf38c051cf201c4ab96aa90978fb9d000dec,user
k6_bidder_331_5,pts_489384493d58507e6ffa197c91508d3f6831724621db3dbb7b8141334766cfad,user
k6_bidder_331_6,pts_c3c75c61cec4bbab12d9d604c8e94b00b548c318f1706f7413a4f2bb7ba9008f,user
k6_bidder_332_0,pts_c46209ede2c3d7718fa28e99f3facb81ae12753f8d757eb12ae0164c335c8906,user
k6_bidder_332_1,pts_9ce0ac879f32de83264cf802ced39b2061dce65d424fbdbf77dc618618add8dc,user
k6_bidder_332_2,pts_2e9f87be20ac84438b24f3985ffd05db17d32672936fa93cbf9bbe266ee043b7,user
k6_bidder_332_3,pts_e4a5fc33cb191147dd035b084fcc25fecb2e3dde3df3074e12933159c5e54486,user
k6_bidder_332_4,pts_45c0a9c375397c0a21d030244fab716b9aefd8e328fc486b767eaa0268e90d7f,user
k6_bidder_332_5,pts_750af5071b8cc6c06f3248c5265c7ed2fda87c850726cdea1a157c0f1973711f,user
k6_bidder_332_6,pts_ad25ec6fa62e0742656d81631cd25eb043ee3cda0802b0aa4efa28d6470bf2ca,user
k6_bidder_333_0,pts_d81ba86de7c061f1fc1c061ebc827bf5db61393db73a723d27a47320f997d3f5,user
k6_bidder_333_1,pts_1d1c1e4885f3cf5a718a9824b9c797d96c6e79e2ce37c533b4b8df2c8bc7585b,user
k6_bidder_333_2,pts_a8183a2d72feed1d7d98baa1737418d5428a899ac8ddcb05f991c7398b36ae47,user
k6_bidder_333_3,pts_1389ddef0b81e741df0d9a2d945010e3284da611a1a39a6bb927495e67f8d0be,user
k6_bidder_333_4,pts_30171e762906573e1f146515d57237108a56ac25c91a7e8f3a711982feee7709,user
k6_bidder_333_5,pts_9a265420f3d8043c6bc4639499c11876bd49bcf21cab9dcef4d679317c2aa005,user
k6_bidder_333_6,pts_7901e78eeda5f1a0d3989df6a9cebb8a342139ec81e6e62574fb4a79cf6148af,user
k6_bidder_334_0,pts_d51dac1f608d2d9f953e57502130b4b2dfbc73bd25378ce849fadaf9167ec045,user
k6_bidder_334_1,pts_ce99096c1d3c0488e00ed20e24be5dbde63a94ea6e11e086c08f9f3cfbaf3631,user
k6_bidder_334_2,pts_417141820e41db6e2be99ddd8e3be2a99c378dfc9ad719d856953b0e6175e27d,user
k6_bidder_334_3,pts_48f1ffd389b3feadaa791d698b70087799e42ca7e7f6460caecde03464fc51ac,user
k6_bidder_334_4,pts_7a138d013e09744a93db9fd7c05ae88aa0b061433820f91edac5a4bae5fdddc9,user
k6_bidder_334_5,pts_d47b282ac988baf40c5be0b391fbca2d29969ed4b10e1c2db6b8555aa5db8d00,user
k6_bidder_334_6,pts_4eb140cab292666bdf518ab7c238d3356e6184be2df4c4f8e393dc163e63c242,user
k6_bidder_335_0,pts_48decd4c966fcf781b3b03a4c09685f9155c046009bfb32bed6c522b1286bd9b,user
k6_bidder_335_1,pts_445dad1d377640cd884779ad92bc783c4f9874752abca61074d7bd5f47e48910,user
k6_bidder_335_2,pts_e3ef27b5e7f88bf2c236e18afc50bb6d03fb4e234a8ea2b186e0558cdde69560,user
k6_bidder_335_3,pts_e29283afe0934de5b4756fc12583d11665123c11ca4e216297c69db1c6426db8,user
k6_bidder_335_4,pts_06268dd16ef115f8254da85737720b065d6bf0c06d4ed41e50f86079daf12967,user
k6_bidder_335_5,pts_5ca1bf92004ab5bb0f9d4037ac704071918071be4e3373b43a685369c7fb2bf0,user
k6_bidder_335_6,pts_d1af6f7ad0e83b48a1d4d5b0100022beabdced1ff4659d6501afba24affea810,user
k6_bidder_336_0,pts_b47120f782afa757f493e4a154c67058b9e7cc6042143a64e1cc00f178cbd318,user
k6_bidder_336_1,pts_fb8c3cec8807fec6c27673e654cca2ce8b88990bb9ecaf4ba90be58fec8bad03,user
k6_bidder_336_2,pts_38808408cdd8b576c32bb7b8f175dbfe87a41a0a332f2d41b44f20c48c8e4753,user
k6_bidder_336_3,pts_18922fc7f271ef5552f972e1b105fd78aab949972c877ae6660217a1fb197c45,user
k6_bidder_336_4,pts_495be600ce796541cc360f7e7b6470e6262042d6238de3af1aa9d4a1c56c8ea9,user
k6_bidder_336_5,pts_7f70b99460c28b2966229e545bfbafc19230c3ab1ee0f2678167a09d0cde8a69,user
k6_bidder_336_6,pts_e59465f53e9fecbfc765551769410997912a7e2f23ba220a74cc60cfa6d06786,user
k6_bidder_337_0,pts_0407cf4b44f40fa7014297056cae02182c14e0944eb8f108dfc1c580f6ad1895,user
k6_bidder_337_1,pts_450eca963240c271de64d27d5d2356647ef063b6b952fc3e72b679511faf86d6,user
k6_bidder_337_2,pts_4ec89c1a86315e3487ce1ec30994acc298e0f60d3b3c49721691e2e7084fb35e,user
k6_bidder_337_3,pts_c06a2ba43290c78a6245354aa7a10f259e7ec8bde531f9162906e12ab03b0918,user
k6_bidder_337_4,pts_a3c126e5e808ab286def4faa0d5849abdb68f21c4a65c842c9506537aa732564,user
k6_bidder_337_5,pts_3f070a64970507bb2756d9027d201bfde3b13ccb8f25569253bf12da2f83f6f4,user
k6_bidder_337_6,pts_6074f5604f4e6298add9d49731481fc28ca957d01a416f96a1b0c0b94358d872,user
k6_bidder_338_0,pts_b80c6e80679b3f157c12f51c5e73b50759bcaec66c99c8b1abab9cd48af2d147,user
k6_bidder_338_1,pts_d23d5903d734773d21207efd072921fc7cb368462d829713caa3aa7ec0fe0e28,user
k6_bidder_338_2,pts_c1053a29e40e4f64c40ab6f343a5eaa91f5afabebc2b4e3bc9714a607e2aa1f4,user
k6_bidder_338_3,pts_04c6fb9965147da30cd73658b35dc92e851ecb9b321b7952ebe2275cdccfc11f,user
k6_bidder_338_4,pts_c0d05389985d59d2258d3fdcf3abe9887228e8fceb65a5705d8322a8fdf5c780,user
k6_bidder_338_5,pts_78f4e8cd0de133a4941e7a823856c06b283312204864fface648cf08587c92e7,user
k6_bidder_338_6,pts_f2dfcb58afd56823a93fa1befcb32b2c6fe77cfdefc1d8e8b4bb88bad761d2fa,user
k6_bidder_339_0,pts_889cec3d5e2d51cf967f22720c2e6db690714056089fc5816fcd45eada38876f,user
k6_bidder_339_1,pts_78a733ea97d23e351afd1dd31c7f9e2d927e48f070f1e1c8c891c6f75a67d651,user
k6_bidder_339_2,pts_e74c569f2eac05f7f10a06bfeebc85a350a334c4f488c5fd76f4718f0fba1ba0,user
k6_bidder_339_3,pts_9dc89cfac2ee9a3f7ab9d5f2718ef374ac2cda6de2ae9869d219c1cbcfcaef21,user
k6_bidder_339_4,pts_580775ed114dc925c2b40945bc07cb76afa3722653138c1d77d8ac775053f208,user
k6_bidder_339_5,pts_7c0b256ab4eaf4d4a3239dc7887f4110e1c9539b2e4d566a12550db34bedfd22,user
k6_bidder_339_6,pts_38691e704cefcb616e58e6658915fabd1612890412be95196b12265c9022c336,user
k6_bidder_33_0,pts_54002e8e245f0f8245eb1d63afa34628f7d5a420b64962bde232ec73fe72d11b,user
k6_bidder_33_1,pts_feca104ed432018bf636e25aec630b298f0ff5933b025ad134ccb1fb5b8ba13a,user
k6_bidder_33_2,pts_d54b5115476b11930e29ed8b013e98d315278823d395323ccd054f74bfc0f3f5,user
k6_bidder_33_3,pts_704264b85fdfa9ed5157e860b9a33b8b905209079f40152637a3a24a9a1df443,user
k6_bidder_33_4,pts_53a04758333789de98f4757e195871172441cba574d2c20508715bc0337d31ac,user
k6_bidder_33_5,pts_979146c2456418b6b90ab9108a05d84a81ad74e87773cdd33d2a3fd7749e0699,user
k6_bidder_33_6,pts_906985fa14b292cbd492320f981b8ab81eb4090155647987bb305fc898ce320f,user
k6_bidder_340_0,pts_9d3009129d5db51fa5c58a6021e9cc75705fcb101dfcf6fd36f3d3d3bd76feec,user
k6_bidder_340_1,pts_d83164361dccf48fe2bf46fe23f489185581a9d5ee0270b6ba57452ac38ad594,user
k6_bidder_340_2,pts_aea5499d47a983f3654299d2e0054eaf3018f7b704f9a40b140539ef71daaa1c,user
k6_bidder_340_3,pts_c67f9ee915a55b063109ea4500ddeedf001085a638277d5a6c9009814fd5ed75,user
k6_bidder_340_4,pts_db787b24284133e2903199d19a7c94983dd46e017d8e93f6f5f987bd17307897,user
k6_bidder_340_5,pts_2e8c6e9845917ecd0542d3bda7defe38252ff605bf68e8821d11b103811bab53,user
k6_bidder_340_6,pts_ace1e7542db4e15360ff5905352fb5e3b36f1d9fa5c6335a2509e818c1af279b,user
k6_bidder_341_0,pts_abc7697251390725aa415c467a91b088159539513fce38715f6401b387acefa4,user
k6_bidder_341_1,pts_8bd37b5ededd64c73bed59d8d67175529681192f3e0ad9f2bc27f2d19c8aa18f,user
k6_bidder_341_2,pts_ac6870ac56b93d626c416ccdbac6759f31ef00298b7a003f1ed28d1dc412eaac,user
k6_bidder_341_3,pts_02f4e8d6be47aa9ffae5bb4bbd9b192406af811a1ad37d384546077fe66d41c7,user
k6_bidder_341_4,pts_cda3beb26e73cbf50290f82c419bcaafa8f20cda1e5d9f5b7efe62ce1c0bccbd,user
k6_bidder_341_5,pts_14432cb8455f85432d4521d9019a760a00f56060fe1ad1be49edff304b567ab0,user
k6_bidder_341_6,pts_12053efb6567b5f240d6cbd304a66e317dab37100bc51cb8d4ee13cac2619d0a,user
k6_bidder_342_0,pts_59d889ad9cc5319c5acacd6589488195010e2472778141a548ddb68099087963,user
k6_bidder_342_1,pts_0b5876248f13bee2334240c5f4cbe30a9974999d86100ea3dee81c6ea9040aac,user
k6_bidder_342_2,pts_16982720aa55383c8cb7a4fdfb76cb646d53403dde4cdc405d13157f452f07b3,user
k6_bidder_342_3,pts_b326a836f1e9e007c4f692397577b36658be1d8921d599bc5c6c572e45deee70,user
k6_bidder_342_4,pts_08a38d2a4addbac72407f8dbb700165fccff5b4b1cd4f7eedace37981587e6ab,user
k6_bidder_342_5,pts_536c83b95f36bb03eb31d85b6d64545ecaffc0b1f726212f94750ba128773142,user
k6_bidder_342_6,pts_f55999ea95dc6a83d23f60f74e32a951f08a130cc2dbea9b72773b41cf6108fe,user
k6_bidder_343_0,pts_9d1d0d053ab0e64fdda93742f46ff5c5dbd51beb7e596b0ef2a901b939377264,user
k6_bidder_343_1,pts_9d88b9921fabfe60e7f978e26675f3785865ce85a776120cc63f45862ff1fbb0,user
k6_bidder_343_2,pts_8d4d4dce0c3b7fe9716f5910a874c973af227b63e31f2eb5c4c3ee5311309e18,user
k6_bidder_343_3,pts_9344852a306772607a93ea8617ac124264a94e56f8a84094bdaa2da98f869fcc,user
k6_bidder_343_4,pts_e9bc3b4e0e72984508445792dbbe991884e6a57767aeb28ac8769bcd3659fbdb,user
k6_bidder_343_5,pts_30786f90f7473d1a8a9ead0a80c819a01b61564d02ce90e77fe2132cf45477cf,user
k6_bidder_343_6,pts_7a812d6bdbc5367ae013ff98f8b25a21a2068a2848b13db60db87fde57832364,user
k6_bidder_344_0,pts_af2c8eaa613947a0b8cf74ad4b2d39764d0ae441f86d48f46ec65c97d7ddbaf2,user
k6_bidder_344_1,pts_a93dab2cc55a4555bac1906440d4bbffa89880cd49c4344901ee5c5c274dc910,user
k6_bidder_344_2,pts_fbc765eef236e5b197ac2112923907fdc89760357fb975f64f185f8ee617503e,user
k6_bidder_344_3,pts_2eedb66ffeec5758cdd61f94a622a63fc27d4c2220c8f20db1ea98f05bb2cf25,user
k6_bidder_344_4,pts_efcfbcf1edf534e30022d34f69e3e3ffb717885f79010df76293888431caba94,user
k6_bidder_344_5,pts_179868854ccc6dfb96411b85771a333cf04b643b7b5f44fe3cba60cb0f365643,user
k6_bidder_344_6,pts_86859fd27241f9fb0248f7766f65716eb6a31fabde6513f9e5fafdd32ac7968c,user
k6_bidder_345_0,pts_9945a037fe53f615bd68d2a4606f9d018b5c1ea179d27274c6c1caf888ff80b2,user
k6_bidder_345_1,pts_fc72025c32ac801791ffc32ecc7ab841bc5f9f74fd1b52d7d8fc7db2571636f0,user
k6_bidder_345_2,pts_6dd1c9289a3026c69398ef56e3ac0b249cb3d72e07511cd39b6ed2ea9b55f8d9,user
k6_bidder_345_3,pts_60efdf9fa30213662d6238eb7a1c9734fbdf119dab46c0d66a1716e3aa862952,user
k6_bidder_345_4,pts_cb559c72236174f09edd1adb86d22d8c7a92eaa8791aa9b784c87f2be119207a,user
k6_bidder_345_5,pts_e9657d74bc368cd9d4f4c6085c4116b3b5067daf639c7586e1b91c8bacbbbdce,user
k6_bidder_345_6,pts_9ce60f4b52facc07f06554d5c1614dc70f22689ae1d8e28c1108a10a02fa64d0,user
k6_bidder_346_0,pts_fef09eb4a33b4882bf5dfee614dc150e30511ccff541edf518caeaf3d51cda0f,user
k6_bidder_346_1,pts_c990edee0fcce7486987e5c4fe470719ff22277311f8357131c8a4e17c5023be,user
k6_bidder_346_2,pts_7aeb8b1bdf390d424b17f34b73bdc8127ef2ebb37db197dd3917069781e011db,user
k6_bidder_346_3,pts_5728555f4eb7b9d472ecaaabe33bcf3afdb669459b406f33e0101e5fd6d970ec,user
k6_bidder_346_4,pts_9576c6186c5d9664e1ce7ac561863ded21a74253f668ca7d786f88f4e4c72a5f,user
k6_bidder_346_5,pts_47ba3c76314f12d16aab3ef83abbf9384ed950e71a3dfdb25feb6e08981760da,user
k6_bidder_346_6,pts_5e375b9da0b05abe8969ebb4439e5062cc4f14f9cf5978e3b0245664fb8eb7f5,user
k6_bidder_347_0,pts_b4ad3f367bc0bf68ac9762442ccbf3bd1c283b36033dde04c3107f04702c5611,user
k6_bidder_347_1,pts_802ad8d7d985b9f259d825c5eb7e3315eff808b1a084ec904a82dcd393259cca,user
k6_bidder_347_2,pts_4b085de95009a8ac380ba8495f2932104fbf237bb2797a5f59f72eee1c980220,user
k6_bidder_347_3,pts_b9ab4a3b1a737eac0bbb4a3b88d45bf818a54ed09f6bc6cd506df176dade43ce,user
k6_bidder_347_4,pts_b63da8058c17ffaa58810ed46068da2aed740d835ce36ef3a148791d6420efde,user
k6_bidder_347_5,pts_f62bf7b779461c55edef7c9f882a8916bf1740fa9b3679bbdc297f45b11180c4,user
k6_bidder_347_6,pts_7cb93280415b66b033c386e2f74e31931ad30dc2d4975706521f7d5577352a96,user
k6_bidder_348_0,pts_a3134f2bc24ac4cbdc9db762d9d58807e7608230369476ccdf713e4f01e8f2bc,user
k6_bidder_348_1,pts_efa8409c7297745834633bf43ed38de050ec93011d9a34e7668bb2d3ac4eb33b,user
k6_bidder_348_2,pts_48f421c86103c73202258803771fd373eae8582c4148079d5649e618eea17bed,user
k6_bidder_348_3,pts_ba5950daeee7b6bc044195c3cfbcb60d185ee46adb0c1d433dad93431ce35fb1,user
k6_bidder_348_4,pts_bb90b4be0ed80fc7e93e4d82c840033976250f19819d2fbb62b3f6185ac8b258,user
k6_bidder_348_5,pts_d3ee64df318b69bd4a7570d3dfa20204e657ac7a8a7667b6a1ad50bdc511eb72,user
k6_bidder_348_6,pts_0094b4d120b99e91a3bf861529bda09eb00b4dc581d864aaff9f2c1058e07467,user
k6_bidder_349_0,pts_346a76622208bcf573ef66aae6e386b06c3a907124d79d6ce419c9d6383ee4e8,user
k6_bidder_349_1,pts_3f9fa5cda6939107926b30c1e67d1d168febf64027ae439cf2dd5fef7cc61db0,user
k6_bidder_349_2,pts_e5ae8ee7e5ba7537090c84f379c3742add808d9d398d63ad09345c3bf4ada0f0,user
k6_bidder_349_3,pts_8043dd1ab0abab361cb6a0f9df0999252f54cbe1e67092d666b07bced5970c78,user
k6_bidder_349_4,pts_c18e6a96d23bac997704e72c95de2be044c3d71a5f5e9bb6c8bec1dde5df7dc3,user
k6_bidder_349_5,pts_aacbb1b88c62b1796380f0fa6af74de93c2ff81225eea0eee49cc30854c39594,user
k6_bidder_349_6,pts_49b39c33ba3345773ec27a283d6dcb03c7de1fd20e497bdea1c83997fb533cb5,user
k6_bidder_34_0,pts_0c25604349c47dfaf1a6f191eaa4212bd480b1fa67f8b0683384b07c7dd15f18,user
k6_bidder_34_1,pts_b50a6bbc4cab69bd88c21aa5115c6e8f404f9bd459d0d9e8917e0d501723459d,user
k6_bidder_34_2,pts_8b6779754f75ef3afa3f20f86e96bcb6ab9b9d410a7d96797a5f6ffc3f1a128a,user
k6_bidder_34_3,pts_c65ef4f2a646247a0941ea8eb166adc43df45da57972aaa281796f516e1d594a,user
k6_bidder_34_4,pts_f1244ddeaa0de72071bc7819199166baac247fa3f127850cb5238286463958a6,user
k6_bidder_34_5,pts_e24ae2c0f770a205f808ef596501ff39eb3cd0592a66f18a30dfb57f98b16280,user
k6_bidder_34_6,pts_f7a6aa75b1365fdc756a32081a04c64873a8f8dfeb3184d46ad1b79cd0a1655d,user
k6_bidder_350_0,pts_37f568f9b60ce4a9aa1dbceeb7a93a76076524d9421180efcbf18df79bf04706,user
k6_bidder_350_1,pts_5cbd350e6e39052cf199e6e76747790f35eaa90706a26546a051e2d6d62ab5ab,user
k6_bidder_350_2,pts_4e48dfa36826742fcacf96c7aba5defdca508b6540c3d9b6ac73b98e2e8f85a6,user
k6_bidder_350_3,pts_e0b71806d0bb2001026682fbc5cf5391cfd50c8e685d1718f4db5c9740bd2218,user
k6_bidder_350_4,pts_6054398922aa5917fe726a6869bfb7353a2a9c7df6f74e54abb14a70f5ed1a07,user
k6_bidder_350_5,pts_566f274a3ae1f82f94e8870d98a1f3162dfea1f766428bb9fe60b2bee9228abb,user
k6_bidder_350_6,pts_0b6958a50302ec17fb3d73e0ac3deeb0e982ad92b1e962ce940e504f687677a3,user
k6_bidder_351_0,pts_9850629b4bb7a5a7bcc6b2da7601c4f100766634600994cb3d6af0a7f0edbd94,user
k6_bidder_351_1,pts_905d5c56dd6b07b3de9e5bcbcee5eaca31b0dfaf0f3cbc893f20a9ed7015d654,user
k6_bidder_351_2,pts_43e793a95792c25bf402b67ffe7cda8894268432868109e9604b368ac6a1c6c8,user
k6_bidder_351_3,pts_b915bb984328110f14aa55d22c8beb07bfdb854f94374668698e3821601c3451,user
k6_bidder_351_4,pts_e4d2878f079b9168ca05ed0adfecdfaab4705b9e5467ba1cf5436908e243cdc0,user
k6_bidder_351_5,pts_a0d9a52de341fa2f37af9323577913b89c0a13f3beb6ead7bc5b14176cfbe19c,user
k6_bidder_351_6,pts_7f81fc0d2cc269c1b7c1e57fa1cada112953dcf13e54d9364d1e9758e3fcb705,user
k6_bidder_352_0,pts_1783127930ae7994b6f8d51dda0c02f8f7965f4ca964d3d55bde723359b909c6,user
k6_bidder_352_1,pts_a2ef2219cb34a225413f91a16894a8c85f793e4b3bae457672662c1037ed2dcb,user
k6_bidder_352_2,pts_eff81580a4b24b5cbbb8489d17e8ddcd98594149c5ac8f8c3c139f51bc6adc78,user
k6_bidder_352_3,pts_1d33dc84f4aaec0fd010dab015d6572367db13da58d4b0b4676a79920ae781ad,user
k6_bidder_352_4,pts_ca34e436dc952fd217e0dbeb6b813cf2b89520a9baec85d47de9d7df2bc6dae0,user
k6_bidder_352_5,pts_21079da250a7491f21b0938c9ff1050d1702b056da01b2b112f9f290d1de39e1,user
k6_bidder_352_6,pts_9e86636398c4cb2677108d56c2370d2d0e1fdcb48a2bf46b0c539aba0c202ac9,user
k6_bidder_353_0,pts_b98a39b7c17cf70ec052f0449086df89f1d8bfacb53352252c05ddf6abfee67e,user
k6_bidder_353_1,pts_6f9d052fc5b7581195c1325acb49be402ba260aa3de768e3fed72bdc178eab91,user
k6_bidder_353_2,pts_c977dc1412ce2bd7eecedef4edfca341ab33178e3d0ab40da2b7e96d9f3563d7,user
k6_bidder_353_3,pts_b61e2dce1e8615ef90e720351a5acaa254ff622e6362e77782afcdb11ead6650,user
k6_bidder_353_4,pts_db3933c9df6bd0428a1308abfd7b8e11756855fb9c1fba9944c4111a76f2dbd1,user
k6_bidder_353_5,pts_bac2635af7b4019f0004ff2c99a4e3f1576f289c4ef870b1dc445ab9b4a55c74,user
k6_bidder_353_6,pts_bcb234ca4b54320e3d3e544c8316483e5081e0da2a0bda1bce1cfc2fde99f956,user
k6_bidder_354_0,pts_d8f79a65f8164758cc050546fb49c109aaab27451adc368282c215923c1287e4,user
k6_bidder_354_1,pts_82d538d9908f26de58e97054993c7107b7b0d7b2c9c340dbd3cd309973642f5f,user
k6_bidder_354_2,pts_0da081b5300cdca4ab6bfa6cc3791e26a4d10886bc1ac27cdfe18a292f2caba3,user
k6_bidder_354_3,pts_e83b191d56d4edca27812f9e3fb888649064c9682c548a6a2e51f24388fb5ec7,user
k6_bidder_354_4,pts_c732fa8d334ac5bce8dac0a82c0ef645f37ee1fca9192c3dc7fae83d416911d0,user
k6_bidder_354_5,pts_392423f3d8d1d60118c14755e191b45490f7455c316406b2252207a2f6fa74c5,user
k6_bidder_354_6,pts_104900ddc5c479b5655301e13d327a7ff94fedd129a2a4eb9ab0218ce72ff0f8,user
k6_bidder_355_0,pts_85197581832bf42a8cb19880ede1b007f3924422f6b5068d5a3408f71aefb75c,user
k6_bidder_355_1,pts_df45f0bb1122a42ef33f73139c599871278de55241311378da01f388846994ad,user
k6_bidder_355_2,pts_fc498dd052cb3c9c2eb3985b0e2bef8455a93da549ce896d9a8d85f669e4278e,user
k6_bidder_355_3,pts_2f0e921d0e3f7622071900d4f0f01b29e08325cbaed2dbaf95a9f076178362f1,user
k6_bidder_355_4,pts_beeeb16a5ffe7006c311f9a2cf62e984d9d794d446e35884bf875aea773f7326,user
k6_bidder_355_5,pts_c2315b3ccfbb4a7c0ab85220fd6b33b649bf5bb0e76803a04d771a4cf8a17d8e,user
k6_bidder_355_6,pts_790af8072929a107d044862812aab36538a68ca29853002a340adf981a83ee3f,user
k6_bidder_356_0,pts_8f687d695600dd840416f15ca1c23b31ac70f9acfb8cfa6c55a7409527a83ecc,user
k6_bidder_356_1,pts_88e2d60b9c9e133ea9e460f70cc08a4d1cc689aac63d50ae80274a9c2870414c,user
k6_bidder_356_2,pts_f56001946679475f68bbc8dc5b524003930357f6280a4bdbbe726a03a6fe61fb,user
k6_bidder_356_3,pts_3556d45f264abaca006561ef8c968f9cbcc7d93e7f5b8dc68aea4368fe020d03,user
k6_bidder_356_4,pts_114128df0863d5ab8e781d4191cab65024b0bb452a6514fc6cae19c5e0d61d37,user
k6_bidder_356_5,pts_39b4478bc7fbf22d6946ab13260d421f6a68d8c7574946c87c683fb87db75105,user
k6_bidder_356_6,pts_fc081c0211add15af015ec466f1102828a9725b2c77b569c753169b4e26a0beb,user
k6_bidder_357_0,pts_ac9a31a4d848385fc7eedf81f3444d9ccce53a09968bbc81e9faa0c57c613212,user
k6_bidder_357_1,pts_36b69f079ee926fb6990e9e6f0355d5d6d8e460454a2b6a2b9db73b95a2c5a23,user
k6_bidder_357_2,pts_b4f87cc381f867cca4f1f5072c840b0085cbd1930fa1d6eaabf84e52acae3779,user
k6_bidder_357_3,pts_4df0917953a3d760db1f2b608345fbabcf21a679a3ad2e37f730a5f51ceb91ea,user
k6_bidder_357_4,pts_37a78c7ccbfbc3566d53fa00f5d815449da6a476b0709be45f699d399353bac2,user
k6_bidder_357_5,pts_ef4b31917d7ce7062e777fc83e2c5d78f9da941743aaba5cd80ad316a69882eb,user
k6_bidder_357_6,pts_8171e9e04167244d4754d96f4c1ec8e9b1e53d24146d60817f69352ef1690371,user
k6_bidder_358_0,pts_c3b203b7c37183c28048371012da2427a3cfe5a673486586c49fb39fb1f0a0f4,user
k6_bidder_358_1,pts_3ed5f9fbbc158d26ace91f729075d320ebef2315b70a3a10b66c5c9b95470c25,user
k6_bidder_358_2,pts_aaf0edde14e94c7fe5889a677a65663609334e20c80155055dd8d549f8ee2b56,user
k6_bidder_358_3,pts_bb0750a79b196d6cae7e641e68627677a9eb9ea568c01cdd69bb8757b108386c,user
k6_bidder_358_4,pts_6833a4eda2713f42edd3b5658921fb1f8cffae86dacccb67b05bc05fcea99896,user
k6_bidder_358_5,pts_f42c3eabdec950a01b627baf491d99a18d4a36ce56509a7e43c9b96ae2067bb4,user
k6_bidder_358_6,pts_9a29c433bd228dbd9ddcdf769ee90fe17569ab471989f56435b2dafa9d6cc6c0,user
k6_bidder_359_0,pts_251e4f29f54f2eae0dfea62a504f577ba3c3e758b47302c86ef4980a7bf16f85,user
k6_bidder_359_1,pts_2f201a0aafecc83e8949afc085d5dfb9604d4693181c9de0da5476c9026f7a67,user
k6_bidder_359_2,pts_c9b000b868cfcc845c99cf2ad0aab09dbb5c8e0f09a396538aa78bbce0defd87,user
k6_bidder_359_3,pts_b16ea693c3e9bc7aacb2ef3efadbb961b8987afbbdb28ba14072edbcac7067a8,user
k6_bidder_359_4,pts_fb7d6ccc3c5457c49026a419a23c9da6c120c3ed27844cb5df14c99d1a526425,user
k6_bidder_359_5,pts_2decaf20d5d2347df1dc17f3058b0b243c9c351e219edde0f3a866079024059d,user
k6_bidder_359_6,pts_d7a4a89ca0da160f87f83e84f2cd50993e487176f06e89a11ba7cf0e2bb4eb3a,user
k6_bidder_35_0,pts_1e8003ceb850d3a51caf90113b1d085526e1bc457b30aa67b17ba18b41f3fbca,user
k6_bidder_35_1,pts_98da2684e579de3f510a23055f20ff356583b9abbc99d24253117acc5b339758,user
k6_bidder_35_2,pts_dc2a19d022a0fce0e15fe8961d2bd1fea5c9813b18f65c98bf32120f34bfe302,user
k6_bidder_35_3,pts_29d3502dbe8fb041162a9d36fe14499206da751a04049b3785ec77aea84947a8,user
k6_bidder_35_4,pts_6adde8141d0c2b00544cfab86b08e52476636cd1f3c739f0b73854bc3e2b53c8,user
k6_bidder_35_5,pts_19b94a7b45eb9ba86c384201ad7376a63fb1228de364f24909738fd404058827,user
k6_bidder_35_6,pts_64920247b0cae12709e62ab2dd31d48b6b0a7a61c1ec43b1a3d0c4689314d7a7,user
k6_bidder_360_0,pts_c28881dd276abcf141964fb641bee143cc2f9b4a7c655f9727a32fdd713428f4,user
k6_bidder_360_1,pts_1ac3dfa34a3b594a86a2372ffbeec9a648057546baaadcf7f98340327d2dae6e,user
k6_bidder_360_2,pts_076c0539d1ebd320937041819d121e12682bf3bec98ef27c97bb36aa3a2c721f,user
k6_bidder_360_3,pts_1dd76fab1a9bb94fba8f6495cc7f2b654ae19b7eedb80a8649d544c0c5c9bf26,user
k6_bidder_360_4,pts_6a12c034cc840e5c17032f944a4f1322becc6bca3a3baaa551d8a6f55c7b3829,user
k6_bidder_360_5,pts_3af041d0d40405bb0b679b7ad696e9164bb18b8527f8f92c2aed2b1ce4c79a88,user
k6_bidder_360_6,pts_ab973cb1bd5ccccdc492f805c03eddf50e1730ec6da2150af2fc6aa70770c9ab,user
k6_bidder_361_0,pts_b96231528449bbf3a16a0a66b26b3e0dd7d8e35968ba45c4a9c3c3579a348169,user
k6_bidder_361_1,pts_58e27a7b163d52bd0222a1b0b427bfb9381fa3000a13c67da6212b86b311234c,user
k6_bidder_361_2,pts_2f35f73b8a7a99262821d696eb926644fea6807a3c16c867dafb640b7d5cd850,user
k6_bidder_361_3,pts_310fb01cdd3fdbc472501b1fec614482f503154519d1e1e8a4333c413c30c52c,user
k6_bidder_361_4,pts_93c476adb0972f04fd140d4f985c479f147c033bfd2b54263b9f5d79a9e44a0c,user
k6_bidder_361_5,pts_9820e8964cb3e067b8fa1519d5bf4c2e46ec85db6b6a709e60405d8f35270590,user
k6_bidder_361_6,pts_5349d95f0e993b161d105fe4388cc08b5e3279f5d8ed152f0fcc80631c2ed1ac,user
k6_bidder_362_0,pts_4ceb69622659ad86ba9becba5c48f00b0df99f0da3fdd91c14779e1d2fc79777,user
k6_bidder_362_1,pts_a2a79a633f044c14777440ca18c781f0fd53ca71df58be582f92abdb5bceeb8e,user
k6_bidder_362_2,pts_b341f8058c32a34763991cb5c54b018faa6a4459056e5e236ba516d00f758627,user
k6_bidder_362_3,pts_8f7ac9dc638cc8d3aadb0c73129c841f4d0fe7fe158eb01e0a96bcd7eefb92ff,user
k6_bidder_362_4,pts_eeebf81796f610cd36ac6c958048f9b28c853f508e751b83a90c82c78441aabb,user
k6_bidder_362_5,pts_a65d747adbb5f707a4ba52ddce704f60672d0b8cfad4998d79df2d54c263ea31,user
k6_bidder_362_6,pts_3ee4c2f90b0e7b6c5671f5d5f5e405a169abfae91d22aba35fe155c24791c4a9,user
k6_bidder_363_0,pts_9b1e5ba6f88dd5b1379375265a14bbec9b390941b3090b2d926af9465b4fa5b4,user
k6_bidder_363_1,pts_55b94449bee1ec8d3060b7664a47430bfe4848776139517f36251026575594ca,user
k6_bidder_363_2,pts_56ac16d15ea85bbb6c52c5a2db5631917c6ee698aff3fb1de0c48d362e3af21e,user
k6_bidder_363_3,pts_5f02c36e33f9b7f4754ddfa5ae49edcc45814f622d55518dfa05675b642e9b95,user
k6_bidder_363_4,pts_98d7696c61bd0b6e8c67b46ee1e44dffb5c5554262c368b87447a6dbc7f45a9d,user
k6_bidder_363_5,pts_3d074ec2f4ffeacab26b71af6159aa59433cefa020494a3cf3f45247d781ed41,user
k6_bidder_363_6,pts_5ff0a56207b011bf98e740966a9851b8309598944f534f79d950f191dcade458,user
k6_bidder_364_0,pts_45f29fe74b0dacfc4d721e59bd8d078774989ceb06d243f8fac1e49a6e58fcc4,user
k6_bidder_364_1,pts_bfc3c2aceb72e552cdcf1a89f43fd3fae3b55235f824b80dfaf6bc02c2010fd4,user
k6_bidder_364_2,pts_c005c2396e54f27b8bb939ed64592ee9d167a76d52c383ac2ca62970b53beca1,user
k6_bidder_364_3,pts_7b151158a6a86d50d016ff28d1cc3df7e09d2e5a74a8fe306551be371a64355f,user
k6_bidder_364_4,pts_5f3e7a1a1b07ed3db3b5651a8a47b4d421d327b07ccdc2bf1eb042bb1ddd54ff,user
k6_bidder_364_5,pts_4cfd6b354fefc713f80d812a9ab8036196254216ea5bcc5d29d58b700ae4dadc,user
k6_bidder_364_6,pts_048594c31330dab97579a20185a52f64d24bad452c924fa05c7b068b75bfc345,user
k6_bidder_365_0,pts_80502003534b30a74e5181e41ab8599d172e9507feb084c6b4ef14aac66e352d,user
k6_bidder_365_1,pts_3e84f77ef5a255098479e842b9a19a49418bb291d6024d329b732e6ef7770d19,user
k6_bidder_365_2,pts_c4104994bfb7b38f072442b9ade3a6076aa4bb1266128a0d31ded9167c8bf329,user
k6_bidder_365_3,pts_6cf839c3906bdec2975193054c97ddfc54f2141ef5383b707a5c4eaf809bbadf,user
k6_bidder_365_4,pts_4bfaccd24830e8cffc6b29e20503e89680822c4e1aa70879ccb1fdbf09f47fc2,user
k6_bidder_365_5,pts_75f9f6c264c921311c8caeea46645b9425dce8e6304278f64a959d46a143bb17,user
k6_bidder_365_6,pts_be1dbbb9e93dbd6153ccf40c172e6203d08159f6da2aed13ed6b822486ea70eb,user
k6_bidder_366_0,pts_bae4fa0ff4185a21c960e319300daa627a3dcca9770fac2a415b55325a8cd896,user
k6_bidder_366_1,pts_bbbb9598256278460135b4bc2bbfcec6f3f33dbdbfb35cf55a778dd8fdc47cf4,user
k6_bidder_366_2,pts_9d7f74425f5459a7ffc8cfd47079cfe074e23b48a0df75de5b638634e9cb20e5,user
k6_bidder_366_3,pts_2d239c09e883a0429e5c752518141b91e1992b7a62be97928a572b80f8757b17,user
k6_bidder_366_4,pts_feef27caca795187732a98fd9978cf3f81bf7236938ee344efa8c445285ab483,user
k6_bidder_366_5,pts_c43730177c702b8c21a25b8d4cb839791caca759129d5e7100848f4f429d8dc2,user
k6_bidder_366_6,pts_19322d5d2b41d0de8feba6a344c7dc5d9eddeb0d6782a14bb699591d0717d4c6,user
k6_bidder_367_0,pts_2705d3057cb05c7afbabfb331df102b12df807a10f9baa7a3c2dc15f03550b0d,user
k6_bidder_367_1,pts_ae62ae2dfb80e22670ae1bcc81c5aad7840088bbfa32efe7c1be938a36839463,user
k6_bidder_367_2,pts_aea4ab854dbb5209c9015445653d96cfd3b3440ec9d38035b80010b24b3f912b,user
k6_bidder_367_3,pts_25a62773cc64857c1ec7230e02af11d7e15d69f5e09b4b94f456bf747d6e5bd7,user
k6_bidder_367_4,pts_a0ecb04421deb5a98e1fbff089632716f229b9807b926bfeef0882bd2fe98560,user
k6_bidder_367_5,pts_8c04c183a4d251c17d18b8dd125cbe7178b9838fb2c419e52eb2b27e0bf45dfc,user
k6_bidder_367_6,pts_337503670f239770074ea4f6291d4f4e344209653bf1faf2c710d9a7952ed9ea,user
k6_bidder_368_0,pts_7264e5502a0bdf1ad1d7f3579c35a4d2f8672016355dbcd4b50d4ea0df07d170,user
k6_bidder_368_1,pts_f2e576a99b804e0ae78b31078a0af3a8c2a0a127e01134d862f0e41e23009942,user
k6_bidder_368_2,pts_b4655d2389b003d1fcd0ec1606d82d438944496e03378e9d96f785eecdddf58f,user
k6_bidder_368_3,pts_a6879804ce482c528f83507add7cfc82dee31a476f45fac00b770e7a769ac04b,user
k6_bidder_368_4,pts_68a0eba1a4e4907327ebc414dbf2389e54da3a5c2003ae85c74f9c44bba930e7,user
k6_bidder_368_5,pts_205ea6dc7d1857330426c369bf461d9fc2c5562ed53e5f59a72d4e6d1c1c9719,user
k6_bidder_368_6,pts_3b2a7cb83f71feb447f8998738a975d2a74a9108b7e27ca2b224055139a3928a,user
k6_bidder_369_0,pts_c9f90e64cdd1fc2fff88b6c880e5de4fecfe6e535652c40fa73d6b5cc07992a6,user
k6_bidder_369_1,pts_5dd624ade422fca5ff5963dca95312eebd37f634ddc095979617c31e83b66ff5,user
k6_bidder_369_2,pts_f9d93ccab81a72197d680a01ae5a4013a9789c0e3b59ab3a7e9c220301f8d21b,user
k6_bidder_369_3,pts_8e2f571489eb7f4bfc65a1b690cc33c1c21e7307f77c2cb1bceae44adc1022bb,user
k6_bidder_369_4,pts_2395f4dd9db4e607396a4e95e1072f4b0525835ff5a9dda46b5299a559316e75,user
k6_bidder_369_5,pts_1676ec146f7f1bbb65e843a38c3502185bf35e8cb2633dcfbdc6aca21a11c904,user
k6_bidder_369_6,pts_ac1ff8d2189f68f0aa30d0820dae43a457ee9ce08172127393d86f2c9bffb866,user
k6_bidder_36_0,pts_079c6ad05f9f3ff797667cba621d697c4a5a02fa846919ff9ccc0794e39c3e2e,user
k6_bidder_36_1,pts_91f10b3acb596b14a300d253d21454c6e93fdeafff88ead90623770cf6db9589,user
k6_bidder_36_2,pts_87f4e68156429baf6c0226a6c28f755c36d3bc12a309939ab2ff64269b28f9a4,user
k6_bidder_36_3,pts_cebe7ed2be59822666b9fa30e2841c0c90a25920873c0a6043eff8373ae03ed7,user
k6_bidder_36_4,pts_4f48b5e4e494fee7f8a99931a4d8e6f4b58725c963509dbf70351f8cf5b72684,user
k6_bidder_36_5,pts_bd020d55ed0eb0c3af56bdd0e440125d137829f8609bdd1dd561ea960ac5fb96,user
k6_bidder_36_6,pts_95b01fccaf8dee9758e34935cf639f356051e3dfef2c7c70b38576903b528b9c,user
k6_bidder_370_0,pts_ded5f07e071b2d6d12c196df6eee7afd4c81fde5b710008ef3ef40b422f29c29,user
k6_bidder_370_1,pts_2cc5d360ee7c71499fe60563e6ee7a6663bcb0ce0fb96acbf1aef4546829d641,user
k6_bidder_370_2,pts_888d6caafb6b1ce96f965dedf7b96d730d9852c043c6e31952a31c1ef1a1d2dd,user
k6_bidder_370_3,pts_e693206ea08b8c0bcd91d6e2ac8a8c098eb63ef7d2b0c6e1f731e03122574ea6,user
k6_bidder_370_4,pts_7145682943c93fbfd17b3eee4142c62a8ea1f17d6da1150ccfaad5c3cb034ed0,user
k6_bidder_370_5,pts_625d052e1464473236243da670d292011449191d1982e31f6284f86ed0e8c86c,user
k6_bidder_370_6,pts_7a0193166d18bc8afd4883da6b0fa703b0ef3bd12204caba931ca607af44756b,user
k6_bidder_371_0,pts_fcbb7f63437ae18f077b8813f220330ab763de73ab305f4f68cff7c13016852d,user
k6_bidder_371_1,pts_afb06f67296631620873948276ce8d9d70e6489f5dbb4544308f4a0f0f8232ec,user
k6_bidder_371_2,pts_3cc80328b270931be909e4d6b7b1b3a4ba1c01b0f39e1bcb6135c099f9f5d646,user
k6_bidder_371_3,pts_926782325663a766991075e56918aa954369620b2c148db21b8091535c00cd0a,user
k6_bidder_371_4,pts_c362e359107ca84e8e622f3f366641b238b045c975397f50c13844d6d09b0a22,user
k6_bidder_371_5,pts_72164a8c1aa183fb1748944101cf4ab5bfb99abe8013037230390cb289558a58,user
k6_bidder_371_6,pts_e0f28635f03bee09cb937459a02d885de2e7b56582dcaf302559f62529b890ac,user
k6_bidder_372_0,pts_fbe3ba07edaf6b900cac0d9e03ed7797f9bd791f75b541aaac00017334801cd8,user
k6_bidder_372_1,pts_a0582eb9f420d2ed9f63b30064f8d8ea8fe7275374392413aae20bf4dbcc8192,user
k6_bidder_372_2,pts_4cce83329a38622f88df53680e054b6f9fb37920ceb5c74686dbfe306eb19828,user
k6_bidder_372_3,pts_2eff9ae044d61f9ca92eb10abab3a3bfe70f03fa4b6caeeb6d6a61581f51fdef,user
k6_bidder_372_4,pts_e1473a927a8724c7f896219167a03a8b25273ef7e937ccaacb97b2fa6ea1f28b,user
k6_bidder_372_5,pts_f0b44d36e69c6fe3505e4b8eec2c84480010b926e63404371c99183c4a40a29b,user
k6_bidder_372_6,pts_736a39b339bec2e9d0f6b0f6d61e8cad8274436c471fe88add5a6d53b554db8e,user
k6_bidder_373_0,pts_0f04d37bd3be8c181690fec21dd4de0f22654660b8a896b71f8611177c487cf3,user
k6_bidder_373_1,pts_682c398d991521e6c9b3ad5c8ca1686c426ebb4c259b20e5ccc182282f129474,user
k6_bidder_373_2,pts_4a9f74d1062221fe3b0aa86b46f6d23c786550cbe1f06b0321c9fa5aefe07a6f,user
k6_bidder_373_3,pts_a827b3da412ba9e6662efc88ffd232fd1edcd6797041241bf1318a761243caab,user
k6_bidder_373_4,pts_7da3a94644889cabddb1c607cf07b6e020fa5fd617516e72f212f86a30e1fde0,user
k6_bidder_373_5,pts_4e41b852203120b59c9e4a4cd42feac9f4fc1807e696bcb1ad59d47ec63dd280,user
k6_bidder_373_6,pts_a0719d6c537a1cf64775f246694c9306a82d5562063aa81839adb9abc7b05f2b,user
k6_bidder_374_0,pts_dd7120247dab99e6a3d3751bb2603e6bb063f418617dc94b265c9aefe5eb43f9,user
k6_bidder_374_1,pts_853bf3cd09720254b855a7e0dc92b1047dc831ad73901337e4363b9c4b89f214,user
k6_bidder_374_2,pts_c296f52455906d69702d35bdba4e4d12f2cda55e8fc0c448ff1a3971a1c70dc9,user
k6_bidder_374_3,pts_74fbfa18678d97a4382ff88ef13b2a289b333e9f49ec986bc5f3de978f7e0268,user
k6_bidder_374_4,pts_e74cdcb9c26cac7d88405d3999cb81f97143dadc5e4232943e1e925542450beb,user
k6_bidder_374_5,pts_ed23ded7320572a480bcae290add8136cdd5bd96017dea28098b168e7604bb75,user
k6_bidder_374_6,pts_eeb87c20d598fb96b4223d7fd8a77e241bddf5675585f82bdd02c3e1b0c72cce,user
k6_bidder_375_0,pts_5134b51b0364a84f4de383d3fd9db287bf8a83010227a2f51304a9693fd38734,user
k6_bidder_375_1,pts_19e60e64ff566cf8cea1e22d71c0666984f1e1e89b2b7a9014a2e83ba81664ef,user
k6_bidder_375_2,pts_f4bb902572bfbe93fcedbb2230ac9192090b031838045852a3ac8a73b2845f8c,user
k6_bidder_375_3,pts_dbdd10744e4380ee66373818dc8b149d3345e1f0f0921e9a10ee500df5b50e15,user
k6_bidder_375_4,pts_e65cc69dffbe70ad2f47ac7e99d35840080a3b92066a7bbabe0aa3ccd5a20704,user
k6_bidder_375_5,pts_a1d878c714cfbfb9b11efc7e4b1873aa314312eb738c69ed22b2d45dbf230ca7,user
k6_bidder_375_6,pts_8ea3406f79b241cbdd90c0355bafe9230ce4979cab77cd5a9a519dbb85e6ff2f,user
k6_bidder_376_0,pts_f9b893bc5680a479963f52c10facce53667b2d38df5c8dcf561f566bad8e01a6,user
k6_bidder_376_1,pts_039454b93abf7cdc688087971ff502e07deea761286be6cb4bc6b8ec8844cbc9,user
k6_bidder_376_2,pts_f96076b3aa4d82068ad4d34625aa7bc024bd4765794767e5e4d1b046d2c02755,user
k6_bidder_376_3,pts_07f54846bf0cbcea37d41f5f3c5f1fe76ec64af327203cb2d0903ffdf1830a19,user
k6_bidder_376_4,pts_c7fb56bdef3ce5562033e8bef68d735e30baf58a946466d6ee4c4a5e67eb0699,user
k6_bidder_376_5,pts_a41c150e4293adaa3e746a84084f2dfb7a814985f9b0bee03e196e2f497015ce,user
k6_bidder_376_6,pts_8912bafd78e49b4599cfec1d29fd3599afbc7b9d9e3b4e8bdbac45d05f5c97c3,user
k6_bidder_377_0,pts_bf72d96d84559a3391f36737e3f56b2bf1e90732e3db8dc03ed746b93dadaf5f,user
k6_bidder_377_1,pts_f0b71c606c0b83d0a69b00034e3b95e312decacd655930a2eeb3ab24dde9bc9f,user
k6_bidder_377_2,pts_40175c736e90db7f3e6fa2c8fd6cbab1d8b19fddd913e2484318b2ce0aebeab6,user
k6_bidder_377_3,pts_0a030406e80e954e1e171d1edaf9e8f835c62f6cf1b92e278edfdaa78e7654b3,user
k6_bidder_377_4,pts_961bece2c0b708c1c8fcbec03da8d735b2b9d0ce6c47e223165f5d0c0a2b998f,user
k6_bidder_377_5,pts_65e912be1a5f0b1b1c093c62f734d80be73cffe67e7c1e4aea7b1981ed5adf7a,user
k6_bidder_377_6,pts_7c3c7463ca04b20a3a31f98af931c2315c8945b4eaf75b5ec54a5221ff09b51f,user
k6_bidder_378_0,pts_b7112b1cbdccb53c435103cacdb62cf0c06a4faa6ea89421765bfb7c0b45c187,user
k6_bidder_378_1,pts_63e927cecf12049e93296835ae92c20af2997903b613f12251d4b13cb485ff9c,user
k6_bidder_378_2,pts_372dc70e3329c77a6c37e5669e4fc5b6bd54e6abaf4e0ba21b1bdd0b376324b1,user
k6_bidder_378_3,pts_b9f8c2edc012a1a4f97499b1ea6d503b8cf99491d87148348a851cab07079384,user
k6_bidder_378_4,pts_f83ab561ccfc5b363bc6b053f69472e8c42e098e06eed1a9c99721cad9f8b3ec,user
k6_bidder_378_5,pts_68ecd7b9f76b26f225a239da749bac457fe95e0daea9e10905af90a389f86b96,user
k6_bidder_378_6,pts_90490e3f61114c235d91447f8fca2031f995f467f2320d161c29470029191911,user
k6_bidder_379_0,pts_51ae4ffdba2041cd07cf09831c2f8e29c4dcee3aee5492c66908bac8e7849f20,user
k6_bidder_379_1,pts_ca3c3762a60bb0f6a4e8a6a3a6b922c65f0eb4b7c11bd8cd5f12898ee9ef1102,user
k6_bidder_379_2,pts_944ff8871ff5c66f574727710e1be3c3d6238d4f3f6c32363992effd1128e7db,user
k6_bidder_379_3,pts_d2f1550a65f6060ec702bfe8fc6ac92bf479661374858e9b1a79aeaec4613e9c,user
k6_bidder_379_4,pts_8defd55d0da886924484ae6e4adc03cfd70ed96aca5b578dbf0fb8e10ea78d79,user
k6_bidder_379_5,pts_aadf3f7c2d262c67ce741d7ad8b795e7a5b9788b9d466d7190ccd6fb0c88e541,user
k6_bidder_379_6,pts_988aff665652e40431b559bca25967afe5cfe04e5a7a589396ff72a393314634,user
k6_bidder_37_0,pts_5a406fd4fef9909f7b6b4b51add3d174c4f5a45d6159786b7a0fc278ce8865ce,user
k6_bidder_37_1,pts_a5e2b7d54b8bd4a1ed219a122666174ee8dfac5f7418fe0a755e7615de08d97f,user
k6_bidder_37_2,pts_b619809284500b0b4cc6ffe17330e4964341859035fa24d5b7bb02a471424bb3,user
k6_bidder_37_3,pts_733541c834b6f93b32ec48e11151e9dfe4c320445037740a2ad1d0d45092b140,user
k6_bidder_37_4,pts_ebadf1557a3f59e9f86b2cdefeae46324910d66949e37e495cdc6b4123521be8,user
k6_bidder_37_5,pts_f4b011f0c3e559cd862c7cea344c64cf2f4c27f2b19a449bd71f2ec4b91dd099,user
k6_bidder_37_6,pts_4a846ca0490a4407a7893303af2897ef1daed59975a0982ac70c4da931a924a7,user
k6_bidder_380_0,pts_e00685ba220050db4e72871f0d93909f4800ad312f598f1fb18aa8ba2cee24a9,user
k6_bidder_380_1,pts_fb8ff2b5e8b973f606beb98bc9dedc696222f975bbfd3eddddf365ae59875cc7,user
k6_bidder_380_2,pts_c899225f595bb151dfed1e2e037e00bea435643bda60eb59c5bef9477c268692,user
k6_bidder_380_3,pts_6286701e10e9a2483209654ab4537c2dbe3bb9652efcbe66ed168722d4f66ec5,user
k6_bidder_380_4,pts_6335ea7c9c5d7780dd8393787b692a0d4dd94c65cf17f169c90df6bc07af61bb,user
k6_bidder_380_5,pts_4e1f07c93615d75e9525b3f1688ce1b1ba8ccb9b4b55b30751cf85a60683fb1d,user
k6_bidder_380_6,pts_4d4b5bd0fe974a9573f7c6eecf4fdd3a468cff0331e43f188f3c06c2a736a241,user
k6_bidder_381_0,pts_241d6b2d670bdb30a9fac80d68b0c3c8e1c3053af502ebfdc682acdba2a3e1ec,user
k6_bidder_381_1,pts_2c9cf51aac826e523c3087ce345ee709e5cac0bc8f33e3f6ba46f370f1d30ba8,user
k6_bidder_381_2,pts_1acd1464077d8bcd7c9de1464ed10f2c776f43abc6b3acc46502da418b7383c2,user
k6_bidder_381_3,pts_44dcf5cb68f0ff862b079c401d76751e8606c3761d075c4ae21e60df28ba0aa9,user
k6_bidder_381_4,pts_87d109022a21f314bf450d7c5a347992331450c13c35a4a51a7f1c3208fadf90,user
k6_bidder_381_5,pts_c60cc67d37bd212e088c7ad64a33d6c16b19071a38669be6ccbde41f3bfd69d8,user
k6_bidder_381_6,pts_c50a04b37650838777da1ea56ad431cdafd328d4913b2ada48851cb8a2c66dd6,user
k6_bidder_382_0,pts_78e2b1c6b11d7c647312a114ba51b076d59b080a3d0f1cbea9581333ffc594c7,user
k6_bidder_382_1,pts_45f8ce89e36de93f4609e32b2e6f5998c36bfabfdead916fce6d06226509b166,user
k6_bidder_382_2,pts_6b98b948d89ea7c10c4e744ba1be800cffe007cd04445034b3e3528437b49a92,user
k6_bidder_382_3,pts_8d515993b5bc35bedbd62af64038e3aa8c68d5648a046af932ed11ca19c6dc65,user
k6_bidder_382_4,pts_3fe7661a9dc083e8b7ba25611a51527541a91a7f8292bde99b49a4480803d1ec,user
k6_bidder_382_5,pts_714c812c5794f09d6d7239f63441c56405b52c15182b2a7f7af947af9272a37f,user
k6_bidder_382_6,pts_6352764743c480ffdf3b7a3a126175d6e9acac089dc0a7d3c3d8e478a73742aa,user
k6_bidder_383_0,pts_94873bb4bf57ba48f03ff07ef2dcc97af504ef4bd2b74d684f13265b43bbc49c,user
k6_bidder_383_1,pts_8084e5e2792dde793d98a8bedc2eff6d29cf6c12eff3245d6a34ac3c22ff415b,user
k6_bidder_383_2,pts_06a58ed2338440584e0cb6a5df759128730a98a8caa3cdd32ea8260b1ae34e39,user
k6_bidder_383_3,pts_ab5e71c11226eed16e346a81defd42878c78eade83c316e92d30f104761360f8,user
k6_bidder_383_4,pts_d8fad3d4a8d4aafd085e1b3c94f16b596dc95ec8f121ab3d6fab628ed7887063,user
k6_bidder_383_5,pts_6bb1fc365289dded9d4114fa26a393578c72489f72cb65197af59a1cca28952f,user
k6_bidder_383_6,pts_0155832ace45d40a7193e28aac02dec6b1e7d3f2e7af893794b869098ee65235,user
k6_bidder_384_0,pts_5e8a322a7cd222c65203b1eacad639b967d3a6442090593e3f60e7930e1d4c03,user
k6_bidder_384_1,pts_9165576a42c34d639aaa4339a700703f2aa078372b2a91a0a0860cadb990a10b,user
k6_bidder_384_2,pts_342f02d8705e67bb921d52b9f2c056debb9097a84fc3a7821198d164d5275725,user
k6_bidder_384_3,pts_282aceb1c512e28f81cfdfae1bd78825aab845b5b687bb8ce9e47c8773100145,user
k6_bidder_384_4,pts_193f4e38e630bd4c0f5bf6a3359b810feb6dd6702587121cdaf54296a5dfe6d8,user
k6_bidder_384_5,pts_f5065d3fad25ae95b1c6015431c1627105b02241ac91a82ed9dcd854ff628b5e,user
k6_bidder_384_6,pts_e2495f61ac8e099ebb0d576253fc3c1b900f03f7fce5fc3670668e4930378afc,user
k6_bidder_385_0,pts_4e0f11a1dd96f7abc06937bd0516de5386d7a875bdf287ebc785dc2f61e8d759,user
k6_bidder_385_1,pts_6472ed7042cb84327e71820a0604d4e5d07b309fbbf29eea70e407ba359849e6,user
k6_bidder_385_2,pts_b3749a5829525986e24c6342510cb002198c1bcb7689b65fec899835b66203fd,user
k6_bidder_385_3,pts_e72576b6d812dab71820b2cf751f118822550b8c7f7ec4139e1c35ad56f2ef45,user
k6_bidder_385_4,pts_d71cf72847c0c6e086f991d72a0795dfba9f79346f70a6001791e07a12050412,user
k6_bidder_385_5,pts_2ea4fa7965f1fc2b639bf70e2d67df9e4e837f0813423434644f4356ae4390e3,user
k6_bidder_385_6,pts_5edbf30cc2d1aa59c4b83a3a5f1e4c5a9393126bbf0ddfcdc0584ed68ca03fe2,user
k6_bidder_386_0,pts_9bf26dd2c35151998e5e1932886b684ba643981fccc2400a5c9c65c053e34a4e,user
k6_bidder_386_1,pts_4c268ed50e86ffbea81dbd62acd0b2c5a6b9b4d390293dc03eed6a6a8a56b0fd,user
k6_bidder_386_2,pts_be13ea149961d47e97661fd11762d292e5c302d4f093b452e277327fe67e2466,user
k6_bidder_386_3,pts_e7b54273116c9907309c7311c16842cbe19923fe972a5a34e9724fff929743e6,user
k6_bidder_386_4,pts_b20c82b18fd38fd66b56e9a26c0d4362ea749d22a8c092eaaa21d7652b3408b1,user
k6_bidder_386_5,pts_bbad23c46b95a3b0a0c6c6c2a893cec9bc6f74e27b95de883d0a28969831c104,user
k6_bidder_386_6,pts_5504faeb5befa6676042f8e725a63d8dd9a711f56da2dc8f0aa0c2035868aefd,user
k6_bidder_387_0,pts_105278a612c30f8bfa167747a00623812ac946fca32ed3bc0c593af5cc9fb292,user
k6_bidder_387_1,pts_6ca37067d88ec6ddfcd240bb29a528a822aa93471f14862a3dfea23dee9859e7,user
k6_bidder_387_2,pts_dc42ca09f9050ee2ebf5012b4cdcae3a691282913113d9813e29148107b531fb,user
k6_bidder_387_3,pts_287921a5e6f3afc45f63343576774877e30934bbf9d98270c846f20689f037a9,user
k6_bidder_387_4,pts_bfbec0fdadb587147f58e8da6346ca94ce048b178ba46176cb49c81dd0a67210,user
k6_bidder_387_5,pts_81660c1ae008b673dfa384936bd7ec7caccebdf5b129906910923dee554597ba,user
k6_bidder_387_6,pts_5f91ef7fdd16859f539ecb31639054317f9afbb700e57bd31949a62036968e2a,user
k6_bidder_388_0,pts_26c5299f9a7c0e5f37f9d2ecec8731fa3cbcdbd39c8690917982e46431cacafb,user
k6_bidder_388_1,pts_435e802976bd93c1aa598d466691db68ffe7990e5b2fe1c32fbeb1460976a47b,user
k6_bidder_388_2,pts_eae85feead0e8da6877ade898942c8aeb35a595a738c3edd6082e0f0a6b4857b,user
k6_bidder_388_3,pts_55a533ca3cd335951b1b248108734d1984420ba8efecf31c7cc39269fad8de50,user
k6_bidder_388_4,pts_a34dd4c64c12248a6435bdd1eff89b995ee081e51daaf0e6d530bf9f9c4636c9,user
k6_bidder_388_5,pts_51c7450d218e96be122eb57d71e356dc305c940c0a0d6e1c7d6be7a623e03e70,user
k6_bidder_388_6,pts_3f296d91a88b3534bedc5102bb01eec75604a406028e436f14d4998fd0174aa6,user
k6_bidder_389_0,pts_468305fd724dc37ed2323e0534f65c512c0fb4db0ec75e22b2c6d456e6291878,user
k6_bidder_389_1,pts_7903e2d8a110aea940c2d074e57cb49f9482621f784d2f9e984d59ae8f36d031,user
k6_bidder_389_2,pts_82cdf809c61975102dcfd4963731f1cbf45434eeb3d9fbc71c455ee15514e5de,user
k6_bidder_389_3,pts_d8e04c0d9b2cf7fa33051f9ee72475353bb1dfcd6fb693424228d3c9178d346c,user
k6_bidder_389_4,pts_741a23cc7bde6dd85d62c1e4c50ab838d454da7b54613fc4798f5e7b8997d5df,user
k6_bidder_389_5,pts_5934ceda874fa96d5b537fa7b1297b4fbe99f5d1dc891f4977f2bd5e497e7adc,user
k6_bidder_389_6,pts_f0af17134fcc94967b0df1477541af50cd21b860cf09bc03c234bcf274d7a1c8,user
k6_bidder_38_0,pts_419b88ff9a44c88711222054a20b4a6b1da62a65645a2226a2eb3f391175ff40,user
k6_bidder_38_1,pts_95a191b7a20b7d8ed99b31055257ecf4f5611d9a3f0fd7af91e13385a628f37d,user
k6_bidder_38_2,pts_001f8032f331a255115e234698320a2f6aaaf5cc4701a1d9dbd766e8ea192272,user
k6_bidder_38_3,pts_9a6f9746c3ecf0983f60fd7285643f249738bd584a35f781d1bb4af2648fa76d,user
k6_bidder_38_4,pts_7f13f6fdc822e6cabe283d471a176573d3d519ed709fa1b96b965701ac54ec07,user
k6_bidder_38_5,pts_4f97fd1dda5884369ef1f552e2201c143d5152e2c4f8699dee1d4da7e455b2f6,user
k6_bidder_38_6,pts_2fc8ce49804554328ea476bdeff281dbcd8e153f45a80b53b96521c1bd628b49,user
k6_bidder_390_0,pts_608bf0daa950b992d7bf99bcced09697565298fe847c773bb948b3b659673347,user
k6_bidder_390_1,pts_8c517bc1a11e14a31e2b1e8935532dc608a84e1b49453b1aeea2856e25058be0,user
k6_bidder_390_2,pts_2709e77283394782a214e9aa7e6cb053448118b2b3322b60ae5b8d61e2e1ccf9,user
k6_bidder_390_3,pts_20e36078fc1d3481cc3279992b56113e744362817206c4391a60c1c7ed8d36dd,user
k6_bidder_390_4,pts_ffd54cf0feb3651ea8413d165fdb8c457300a30337503b73a526c943a3e5f3ad,user
k6_bidder_390_5,pts_298ebda540b441e4c5d514dbce24d5989479e0a0999e2aece159c7c22256e322,user
k6_bidder_390_6,pts_4594229430599f22d0c527c6f0c20ab408e817c9258805416c553aa490b7faba,user
k6_bidder_391_0,pts_5819053afe8bad3b2788ed874be81923bd8ed26d214dc310101c4ce983e870bc,user
k6_bidder_391_1,pts_15abdd73a9c5e701faa3f6df86135023c4bf15037741a8109b41ea112dfb5af9,user
k6_bidder_391_2,pts_3e0418f400f538d08f50d45078623fe879ff9a74e6f799a475bcbd577b34b4e7,user
k6_bidder_391_3,pts_f6e3bd7ae18df9a3e9ef21383e938e0818dfd34ed178162ed383530d3e78dc78,user
k6_bidder_391_4,pts_747e8596dffe1b1806b51c3433311749723df112e568906ff728a9eab660c903,user
k6_bidder_391_5,pts_c5267508c9ab7a78f2bef6296e4abf897ab16d887bd96c36a992aea840d49bad,user
k6_bidder_391_6,pts_b4957d5beed8331ac29fdd7b87d215a70cd074db5341a87b590d67aa39f3b8ca,user
k6_bidder_392_0,pts_0d8054f788afdd79d1531ffccef8f3092077f8b5e422a244509db435d8f9dce5,user
k6_bidder_392_1,pts_fd37a76ae0826035887f6e80784a37707c94eb92ed57e1cdce2625435189adb9,user
k6_bidder_392_2,pts_e4304f76b17e9ddfbcd59673f0517bb9948a2d71bbd5f806324e70d650296a14,user
k6_bidder_392_3,pts_15829f6056f3de7cae3ca20e568efc653cf0d40b35603c8c561ee25277faa43c,user
k6_bidder_392_4,pts_31f8bfd5a5260d7fc08bf0072087ee3d2a0eca2da4adff4241f6203cf32d609e,user
k6_bidder_392_5,pts_a8dc27a016a6a276ab7733c9e4f92e4db2938213ebd821ecb797bfa900d63764,user
k6_bidder_392_6,pts_af530c9ca9a2eab1256791c2a6a5632686e68dc59d45ab509e908fcc6e6d575b,user
k6_bidder_393_0,pts_ce0f59f6069b9da8a00e091fd1f8ed3db4d40a66bace9089a95948fb495c5e88,user
k6_bidder_393_1,pts_ca87d463e9b4312871d461bff9ad2752d2101b9ec611712d28fd8fd8b192c04f,user
k6_bidder_393_2,pts_dc825b7a5370138137c55d11de537766d1c631ab2d948a3f83f3c7a686c188c8,user
k6_bidder_393_3,pts_6761ea0ad9e04b175f7aba6927ef82b12965be1aa00fdfd4b114e3d7503878aa,user
k6_bidder_393_4,pts_e7952b3bc69d4e62801da8e452254d090156b4959ee59202c7d7fa2cdee7bd49,user
k6_bidder_393_5,pts_e802c5b76437981b3338cf90aa4bce89721bf907637f5170198b5d2d122d6edb,user
k6_bidder_393_6,pts_f8abca8eb28446e55c4039361d613f0e889f078ae9521f2ff1f0d61634cf73ee,user
k6_bidder_394_0,pts_c0cb4508d88db0599bfbae4def034bafdc3cea96d533d55f64c3b52fee53a3f8,user
k6_bidder_394_1,pts_a8902f3f313e277c7aa0cc59a1b5cbe8fdd92a85295f6fc78c0faf23217eb72e,user
k6_bidder_394_2,pts_d870239e611f6a44260cad51a8b9dd4c4f383d367f34e4a3f9342b0fdcfb4949,user
k6_bidder_394_3,pts_e22f053f9225183dc14859cac813a14ebb4e4102807f4182ea8053810787fd07,user
k6_bidder_394_4,pts_18dd2ebf851b4ec995162b36297ca26d8723cf9fef27069462e1bdd14dd0e7dd,user
k6_bidder_394_5,pts_78f1acdca3bbbb1e2ca4a5951227ea19d559723ed331be6d366defc48d5dfd79,user
k6_bidder_394_6,pts_ac99ee0563e650b752ebbff23f56d72f6179bc946587273197a2772fccabd9ea,user
k6_bidder_395_0,pts_d4952c4abf2bbd4cbafa535684b3625831e6b09e6de8fdf2050ada7b6efb6813,user
k6_bidder_395_1,pts_beb35f63e11ea600dde91db3f954e301376eef2b4c44f2863c495eade3fc559d,user
k6_bidder_395_2,pts_cd67ea838ef2768af136672390cc20d84388f6403b82ed022d166a9d6d45e321,user
k6_bidder_395_3,pts_46a9d815e342d3d9c95fcf8a695ab0c9bae1f7e15bcd8c26aacf27816e92cdcf,user
k6_bidder_395_4,pts_ba9578a427cc9776f9dabadc951c623994f9ec20691f44db6a72996c4b9b5df3,user
k6_bidder_395_5,pts_94fea3590c1c458e523ab866e6949b1f5b11a7d059622c8d14c010c80f5af90a,user
k6_bidder_395_6,pts_c2625b2a4846723bdfa1f7752b3294db0635ac401bac0ad5d4591def85d5ced3,user
k6_bidder_396_0,pts_d1c0f5653c107d83a5dcf596471588358a97176405ec82bdbb8c68344be4153d,user
k6_bidder_396_1,pts_0cd0da7d799c29a1676fa642bed84c390266bcdc0288f0035b2065b923f50b47,user
k6_bidder_396_2,pts_1baa898c80431b871b0c110704ceea5ad67f36daf24bd97a81d9b816a98bb4eb,user
k6_bidder_396_3,pts_6f7722261c2b574bbe8447a518d72a990c763523b7fab35dd602a02934a0c12e,user
k6_bidder_396_4,pts_972fef0bc804690135507f2cc84a2417143a5fef94629b53cf28c98a0fa692a0,user
k6_bidder_396_5,pts_9a496ed4bf2de8a5b547158cf76d1ad9b8312e7551c0842851174f8628ad8800,user
k6_bidder_396_6,pts_3094dccc47997a8c0a7f393a0072db84a03bc7f92c3d211159cdac92e67115a2,user
k6_bidder_397_0,pts_342c2c7f3dc424ccab166ade637f0d4e8095d599077fde947dd0d954c57450d4,user
k6_bidder_397_1,pts_cf66a0e80feac234dd8cfb5efa966828fd527bd8868539546b2b6fe4386d5faa,user
k6_bidder_397_2,pts_4d46d2688a423d8ff7b699d00dbf09757ebfd665256897ca0dc8061efcea3800,user
k6_bidder_397_3,pts_c9e359c5bff7b61d4ee17ddc8d8ad8c468452d2bcb416ff041995d84274c3d3d,user
k6_bidder_397_4,pts_b0d8f3066c08d131f1eef4116c69bf39661b694a38e2bacbf8b31a101ccf76b5,user
k6_bidder_397_5,pts_21e188ed0195261be18fe973a0777987a7200ea693a039aa4f6409df1a401f54,user
k6_bidder_397_6,pts_6439195d90ecb4aeeb2f2acbcaf080876bf865f13dc92a0b8f335a3c494e3e1c,user
k6_bidder_398_0,pts_1edd7f58a0f46695e762abec5de715b0df7517064c1c336b794baeb7fbaa9510,user
k6_bidder_398_1,pts_a2e36162e3cf1e701bd6f118d84c5111ddc05d0d799771d433bedfe317601afb,user
k6_bidder_398_2,pts_bab991ef5c987fb671d5fba607132db57bbbd13dedb4ec7c733ecbf91ed5bc95,user
k6_bidder_398_3,pts_8eae135b3894db655a936ab058f4b8b27d73f9f16311e1f69de3877ace199c78,user
k6_bidder_398_4,pts_05d329690525218e732c0f3024d93ff73992bc3ea1afdd06788cf99f9245fa05,user
k6_bidder_398_5,pts_7ba85a2b97a7c49f14e4c0415865a71b9da04ff883fb5b0d08101a7a26d72418,user
k6_bidder_398_6,pts_b64ab02a9d587740200078f2f7b21b39c7ca4c0fcd7530896c3cfc63ffa09d04,user
k6_bidder_399_0,pts_957c794614841e914c10d5d9bd7d1e728b7fc3f0028c1649cbad8d26318573f3,user
k6_bidder_399_1,pts_297f3a5881c76ab0c3d9193375a1be39b8ac35f534d331381252e75507451d74,user
k6_bidder_399_2,pts_93c6dc5c9090e45fae54f23b308d1dd85bcbc56070043c629f249035dc206616,user
k6_bidder_399_3,pts_81d384496f69d1e02284cc8d29d76adeb4f623b28c44e2d22d6efaa8c0295375,user
k6_bidder_399_4,pts_d9c3a70f4db877037e6feaa37060e40c17079d6ce361e98145b3bc92ae67ea2d,user
k6_bidder_399_5,pts_e5dcaa0af06f5391ae1b67f2038924b0800dc2adc484bf7fd46689f9fce012e4,user
k6_bidder_399_6,pts_ecb2b04beb49d9b3892bbc6ed66d1cbbe0d5cbbf192e1122fc193ede954b8ed8,user
k6_bidder_39_0,pts_6cd9ee6e6218bfd5b204620530465c07dbf044c5551682d8b5f08918afc19793,user
k6_bidder_39_1,pts_16b68963e72a65ce9efe642408ff98fe60d043ea6644d2e38224611b34108ba8,user
k6_bidder_39_2,pts_d82a14aa941fc1b972f2a3b39056af856b19e2dd7d2eb4a3ad6e045792d8ce9b,user
k6_bidder_39_3,pts_10b9652ada2a66b5dad20e1115698c238ea695edf4a2f3e43608186809427932,user
k6_bidder_39_4,pts_7cdbc6796f845f4b565cc22ad81c7b56f1ebef3cb6e18c8fa3880989870e76ca,user
k6_bidder_39_5,pts_c5fb670da632c1dc1b47344561a2dafaf5ff53f7c015cdc97b545213b42c8df0,user
k6_bidder_39_6,pts_1f225518d626018de624a17f722e5bf1ecc887efafe995774b06d7bfd34a8290,user
k6_bidder_3_0,pts_c6d7292d54f488a76f045a0f440597f0878c401563079b7dbae6978d217df685,user
k6_bidder_3_1,pts_583103b4df055fe2ba4946abd6e2336acc0c6b84a045c84c24857227e30c06a9,user
k6_bidder_3_2,pts_d96a3c0f95d83611a6f4697b2f91ed1454becb38b69f0ba1b32cac0f8124bb8e,user
k6_bidder_3_3,pts_337e9a3ca7026f0dcd5b1299919ce3ff7b980e79b16513f51ba2a8a6a1d0516f,user
k6_bidder_3_4,pts_e04363d0cb96a3e19f4faec223acf1c86158ef522e90fef5e9dc88ca2c36efd7,user
k6_bidder_3_5,pts_e40699ec7c72180503699734cb8887248bd713c52b0c837a88345a9b1cf7bb1d,user
k6_bidder_3_6,pts_35b88ca8f29b8f25d378e8470ec985b1c690803c8073589bb4ce8c9159112cb9,user
k6_bidder_400_0,pts_1423d9056309e9b7ec6eb2039a4a7a5fb7d6622754a7135c03afa7449dc4c9a3,user
k6_bidder_400_1,pts_1adf77db753f3ac7fdd4bdaeb20e0c6cc8e78718d583ecdbb0164ef79437c124,user
k6_bidder_400_2,pts_5d968f8aef0c56d901f4c45e5a830e95788b10aaba21f69f5c815a506c7e96cd,user
k6_bidder_400_3,pts_ddd5962cced201fe27e2086b38c6fad430fda768fdffa228a7df98651355f250,user
k6_bidder_400_4,pts_4dae1305bac8688984cd82f81ad7bb3636e4ebad3118822e285ad55c51912119,user
k6_bidder_400_5,pts_180b9c654be49a7b872ba2d4992e266137534937183b47a9f606d421d0d03d7b,user
k6_bidder_400_6,pts_3fbe4fa9de8344ff69d57fb8f12a39e1071e29b703d26eb499c0ec6fc014b788,user
k6_bidder_401_0,pts_64787698f40f92b27bd44999a048ad9f973145d27b06431ef72710d9c2404a2e,user
k6_bidder_401_1,pts_f18c3fa4efacef15d636eb3b82d3453bb45ea69d45824e46c75c600e8d4f7253,user
k6_bidder_401_2,pts_604b2351f2636a27fdfcea21ae7a02fb1b9f3001ea96e6d5e819690067de5d0a,user
k6_bidder_401_3,pts_82ba93f9e34c18e39c63434bd42a5695ef7fd03d6ca3b16a70042931b30be8fa,user
k6_bidder_401_4,pts_d21fdf6d86f651f4f40f7419e4bf077b9da9e27cc2d0a1d584da0da316181618,user
k6_bidder_401_5,pts_31145cde53e45b4628b4273082cb9de0cdfb25692e178810c3c270d3d1c58a5d,user
k6_bidder_401_6,pts_5bd6a83bf28c5583c942225f9c89217d1ec223309d1572de41e8936ad2d50c78,user
k6_bidder_402_0,pts_23cd9c04976e38e4aff962d178bfb800300262500be309593fd594d9bd4a4c5f,user
k6_bidder_402_1,pts_4f8a3f2284e1ece825e8f6990d43d090b98f0747dacac3a9fe52db7b0d15b0c1,user
k6_bidder_402_2,pts_25d8117504538813b4cbd8b3c1d442c615b8e519781e00d15a75e7945ca377b6,user
k6_bidder_402_3,pts_fa142d088d6a44a20a8e6cd6a3ac6f9954389605ee9bd6b3bae58b6703529b5e,user
k6_bidder_402_4,pts_8256a278d881fd4af5839720ea97b7222acd5c142389173e5ed3adb50cbffa37,user
k6_bidder_402_5,pts_2c0b008e9958bc879dc5433ec3a096605dd87cd3bd2c3b4b99db32ce76d3b5b5,user
k6_bidder_402_6,pts_27052399a231b44097a4aff620a8f5a0250a819e5e1c6958c5a9a1e8da03c6ef,user
k6_bidder_403_0,pts_ddb0e9f0dae987884fc149aa9e3f6c470ade2da099c264de5b24832c66109f19,user
k6_bidder_403_1,pts_c410d9ef99acc05c924792e819e691a754b2fc54982b917a06ae7c293e767433,user
k6_bidder_403_2,pts_a61bd85bfd5858fb53cf72927578f734584091436b52547e4766981a42dfdfcd,user
k6_bidder_403_3,pts_9f9dbb8e40c4f151680e7fec58dad023b7f56f5f87dea71934bb3baebb2e7ca4,user
k6_bidder_403_4,pts_c78da1ba5c926e00f7e89715518b616ef0f8583cdde5a5158290017571378fa5,user
k6_bidder_403_5,pts_c6762fff4aa6391bb6cfcbc97307d636b256d9ecd89230c72c94935da663dc70,user
k6_bidder_403_6,pts_30769445e96b5772387e1da09d06c2bee134b73840ecfc497824dde8bdceb16b,user
k6_bidder_404_0,pts_e87f9d7ef824f065bdf863156d301888454be3023c04d98636f1f5db95c81e88,user
k6_bidder_404_1,pts_6819c61a87ef428c2c9b85785c5c3016fb0d4ed0646671d9ec732e10c50306d1,user
k6_bidder_404_2,pts_1e5b7e8affd41020a04af449ef9568fc843b22f74846f99ca14dce5b87e70f7c,user
k6_bidder_404_3,pts_f0bc0cdef2f2cbc4e230debf412c5dc62f0e86a4f97e9015dd0d8a7a5c8453b8,user
k6_bidder_404_4,pts_42393012f961c22aa408e45bce81702e2bf5be4518463413d4021ebe3a2bef28,user
k6_bidder_404_5,pts_88dcd565a919506a9e630978465befec71c5e0f2e833f755b7ec9bce8c29242f,user
k6_bidder_404_6,pts_e074fdd48d6744554ba33a8ee45c1c7245511c7d263544d5d97d0702c21d49a4,user
k6_bidder_405_0,pts_d7260b95e30f3641db92070e9e8892d41c2c9e3610b27d610c0e7d828147fe29,user
k6_bidder_405_1,pts_e3e28966541a3d9d5288c1ae1faf33e90cd81ff4f8915bf34b5e76bd1c7239e0,user
k6_bidder_405_2,pts_2e860015cee041648ec1d2cf0fba541988a774ab793ed3d5c940c79053b7cd45,user
k6_bidder_405_3,pts_a1f7551fb8697ee667a05b1d404fdf09be9c4fe9850c0e6d216e4e95a7791930,user
k6_bidder_405_4,pts_0c9324d31876ac0784638ca0489798005ea456871357d67240d1708899f414bb,user
k6_bidder_405_5,pts_c96e858ca8231600ac35f3dc577dee29a0e1e9cd83efd99dc9ada32034100a28,user
k6_bidder_405_6,pts_a92d0809b66e074d4c80cf51ba8261e8ea34a7486ac560c8d7be268a6f894a62,user
k6_bidder_406_0,pts_05ed4c29de0090f741fe252f85d9a14addec995ec634be4b0a61e9e9faee50f2,user
k6_bidder_406_1,pts_0269eb4cc0cbee460498fbf638649a85f68438b5dd5dcc190884d08b9c4b3efe,user
k6_bidder_406_2,pts_2a657e5e3162c3f506f5faf8914073b644fab528658c9a5d80f61fddcbae7644,user
k6_bidder_406_3,pts_ea260d4501fc933ab493d4152849d9c3681375d2ac8d251d7661f54063fec232,user
k6_bidder_406_4,pts_c5fa7279f281afc72b024cf436a37f77080be8391c212947c1c1347918715a43,user
k6_bidder_406_5,pts_bc36017a560a225ba8bc895925ba3ac07519741a74e8a5c4f738dac7d906c4d7,user
k6_bidder_406_6,pts_f4ee22b87b789735479038cbb6e150ca9bf0bdbb53f684d90168624bf3561b63,user
k6_bidder_407_0,pts_5a86c1f4bbdc8f297400a7f633f68b5a0a9b07dcf3184db4df3783316f9e36fa,user
k6_bidder_407_1,pts_9c1f41604d216c7a21e1fd5dd7786588e47a16816163eeded4656b109362ce04,user
k6_bidder_407_2,pts_bc6b0a1483bef470176d409cefaaf68ec2340e78e34636e316235ae528a816da,user
k6_bidder_407_3,pts_05e50f314d7783c1a497137584c7eded9f8577d56a114a4189cea9c46a657391,user
k6_bidder_407_4,pts_3548bca13417713c36741317aa5d87f9146b84240ace03fcfe21b53356143747,user
k6_bidder_407_5,pts_9f593e957623b4f22bfda44955650de7eebcf07cfd46c414dc4e47624be4a17c,user
k6_bidder_407_6,pts_dbf87030f38d71a90fc237a023da0e9f496813018f27b6565c8609a831f08106,user
k6_bidder_408_0,pts_9fb2c4f0ca032c0f9a09dad28dd0b1fd4b6149eff9e644527511f3a5b8d9afce,user
k6_bidder_408_1,pts_ae6eb6bf938a98b00d88e7e6b5801c8db2de749ce766d88eadc08b770dcc3d59,user
k6_bidder_408_2,pts_d97c831d4932aed3f313dd751ed9b68dcd4c4e9207cc27b1a39e00ba882c7d3f,user
k6_bidder_408_3,pts_cd2b9116472023c9077c2342ed822c7b6324338280ca93353e3e94a2d5329ae1,user
k6_bidder_408_4,pts_bb49cfc09f1d8a3291d22a6ae853afb3cefb875c03e6c0543e1b13c7d4ab83fc,user
k6_bidder_408_5,pts_62b47461e99e9275956cbb8b6b047e2c14d2a4db76a4b4ad57fde4cc98e77da5,user
k6_bidder_408_6,pts_9647ff58c85da3b8453de94f7bce0a605e22cfb376cc286aa0c9d282e8df8073,user
k6_bidder_409_0,pts_60789383a7cdce719678e00a008a17aaa8613f003917c20a4144d9c04405c987,user
k6_bidder_409_1,pts_4b574ad77f07195344d5c5b582f2b2a02680d63c81e8e410b21148a74608fac7,user
k6_bidder_409_2,pts_8b221ea7170cc7ab56b22ff45681c2fe6cc07a22d2f98707b5172aa71af5c74b,user
k6_bidder_409_3,pts_7a695cfafb73f82448cf017e469be40e551fe59a25624400080476164dec1cc9,user
k6_bidder_409_4,pts_84a5f98e372f1578de3903a94b04405c0ee1c25c655b92be5f7bd89221532215,user
k6_bidder_409_5,pts_620337f0b206a8e802b17f36066f216c2b71f409c7dae05d486bc3d0b1aa4616,user
k6_bidder_409_6,pts_d92f10214e842eddd904142c16335034a12a1cf70718fa3b77f0d0923ddbf041,user
k6_bidder_40_0,pts_f3c787a9cfa24baadd2e32a90f685cb82b33661296f62c1062068649c70c3b17,user
k6_bidder_40_1,pts_08d481026efb1533c08c793a0f19cd70cfc67a0376a360213d2cc4870e0337cd,user
k6_bidder_40_2,pts_af884204603299c0e4a9d2e7620929adfbe40d24adae5fe0ac85a855ed71893f,user
k6_bidder_40_3,pts_76cf7f12d917dd1727a23b3848989e93cac6bcb3a2aa2f88abc13f51a0fdd00d,user
k6_bidder_40_4,pts_293f747f7ca542063911b84fcb4a062d54ee3c077a353a27e36f5b06520ba0eb,user
k6_bidder_40_5,pts_d35958d3675e522f481751ad6797d1dc416bd98912f4cf178d4f1ca68fc697f5,user
k6_bidder_40_6,pts_7dea3dc8f318ff7b9f11e9092ea3e63e997d236255ca373b836f5015538dabc6,user
k6_bidder_410_0,pts_2cdf0698d70b6ea49c7b19b0d5b47d6eb8c21d173c0865da48a3f9dee34432e7,user
k6_bidder_410_1,pts_839c7e211cda501bc655dbafd58b72bade71f019e582ffebd26d20a813ecf2cd,user
k6_bidder_410_2,pts_c90720854b1f0c5510e80987517d37d699b3551c7074ebc9eeb5c967f76c9c52,user
k6_bidder_410_3,pts_8a3861bb5fe5c58f7df5569664c64756722623b952a21677d838649968f629b3,user
k6_bidder_410_4,pts_740bb3a9b69b61b876c92fefed24d472a20fef70f432fafdf2cef718081305cf,user
k6_bidder_410_5,pts_cd315563f2c6fc27a6bae187d54533b111c3f9b246c90469d3ef9a39a9c69e6c,user
k6_bidder_410_6,pts_2587170649a93f6ada29dc541321ec2d4367557f01fe7e7d2c914359bcd1ed03,user
k6_bidder_411_0,pts_36dd4b00d34ce9fea467aea29e679f5647ca542738b3a047f9f3b8e828c2a4a7,user
k6_bidder_411_1,pts_27f3a7d81d45e0ba509dea81ddcf02529b93876195feafbc525d347973cc8364,user
k6_bidder_411_2,pts_419b381d1a5766dd843ebf3da31a3a35c5e28031d4627f327ae540bc39c145df,user
k6_bidder_411_3,pts_5b385d46537f087f66319282b1787c29827dfe15a94c87893ef6c9e389a106bf,user
k6_bidder_411_4,pts_11fd69b6469b367d709b5a5c46488d34bee1b41fd88ca3a18d08c81c60055686,user
k6_bidder_411_5,pts_13b3af797c354245321c74e9500512197619053d953fbc00e4914fe796a4656b,user
k6_bidder_411_6,pts_b1f599daefdb1ad1e64efde8101277206713a4a161d0570acb60a159a46a937a,user
k6_bidder_412_0,pts_d5cec91a06349152381c01970a38e25276ca1e0d61ad67005330e955f1aa8a89,user
k6_bidder_412_1,pts_fb1fce8f8db57cc498f43e0879bba3cb8d870c1e43ffd9763b75513ad80aab0d,user
k6_bidder_412_2,pts_3ceb1de2785d61a093d0d99db821b200df260aee9713574ccfa97a35cf8f846c,user
k6_bidder_412_3,pts_81f808ebfcfc26c8972176c202c8020f16603026f1153116440eb41b1ed93c2e,user
k6_bidder_412_4,pts_47f404fdc2f677e1bbdba50a1ba17fdceccc487087cefff9ea51571af2cbc3c8,user
k6_bidder_412_5,pts_d09de35402be65bba96da59641b980328445f3a1e8555443bd5a8b59e0fcef41,user
k6_bidder_412_6,pts_b7369b0db89470fd91aeb0e1b3c4a71c662aa260c950217a45b3cffa9a2d0ef1,user
k6_bidder_413_0,pts_9c2ef0daeb9ef0d2bcce932b032e9fdaaacda816ac0767f05b18428f86bada67,user
k6_bidder_413_1,pts_e7d93af2468bdee97332f646ed54706b70d918894fed7ca00a79dce674934d9b,user
k6_bidder_413_2,pts_0084260fc53d3e97654bef2531b77e81122cd4ce00d43a898b6506d463dd3eb5,user
k6_bidder_413_3,pts_3c622147e173e887f0fdccd0469a16ee3f56b972bf3dd4bab77173a19c05d0bb,user
k6_bidder_413_4,pts_d003a09efecf833f18e463f3523ca6d26ae86b1098256ee9aff458588162047f,user
k6_bidder_413_5,pts_6524a417fc76ea5c29655fe3aade11c8030f0efb36a768a246800e0b864fdc25,user
k6_bidder_413_6,pts_6f9073ee7a480d3db482016567ad847a2f06e97f6263babfb50ae1484c4d4f35,user
k6_bidder_414_0,pts_da3d7c241202f8f1176a3228a4c31cef612ea53b8d2217e0036f3312c10af5c6,user
k6_bidder_414_1,pts_58ece97e26e5342bde67a39e62a53e78d956c3d1d0eb6246bcbb36f28d71bddf,user
k6_bidder_414_2,pts_f29bd85ee76ecedcdaa42ab09d27e24b60076946798624c3a9c21baa84f39838,user
k6_bidder_414_3,pts_f6f22123d7366ffe12f212cca06f6525718e2e7e61bfca48e83a0bfb8d49321b,user
k6_bidder_414_4,pts_fb3f4a3943ce85d724e53e2d8e85dd111c1368952168b5eb4b5c7957d4190a26,user
k6_bidder_414_5,pts_9d1422152b2c7a7a50bab83172fde9f88edece15c996d1a9d934a71556372775,user
k6_bidder_414_6,pts_dff9b40ba95260c497c7a6431d0b9aac545cf8a3070e7cfb8f48d0d71b2425d7,user
k6_bidder_415_0,pts_833b0dbfb7dd8a0cfee26d4713c90363522e83f7eb13906bce600bcd09445ff1,user
k6_bidder_415_1,pts_a764203b7b613891721a6b27670551d80f8affbe79dd9369748cbe6e8cff6422,user
k6_bidder_415_2,pts_82b6b5aa4b023be6258e4dc6402eea267cf3f13fc49691098f98ca352433389a,user
k6_bidder_415_3,pts_4a23ac3992216e4f3b2081168eb7cef81f75d0f451f3bed19c2beee1448b6f34,user
k6_bidder_415_4,pts_03e908e9f47f44a8c6f8572058bb47f7ee94002e4c3615557aa65272a8724394,user
k6_bidder_415_5,pts_5884e5595cb7befe030872b25233d1b1c1450b390ac66a35492b8cf5fabbf461,user
k6_bidder_415_6,pts_839c64218323a09d19eb0cae2ea28d9b3f998f41a9d97d9f9796383eb081a7ef,user
k6_bidder_416_0,pts_d6fa0701a0a653ed24943ebabd1f5a0e81feffc284dc11da75b7959ed8c59d94,user
k6_bidder_416_1,pts_a510bf2d2d7c008830e54db09c6118004f8c407915a34c0b4b8da80d80920ad1,user
k6_bidder_416_2,pts_cc0c8a1576b6e3b8e49fd23d6198cf2e24c856e05a87c531e5ca6f710b366dcd,user
k6_bidder_416_3,pts_76e4c453c3e7dd12ace8e5ed597abee39fd65bfee3d9cde756e5a2a814b3d228,user
k6_bidder_416_4,pts_6d8b62873338b8b642e53aba42dac391d0a30579f44d5a71f519a3575e2360e4,user
k6_bidder_416_5,pts_352a28e0d0d4f7b29aca4bcd2097c25bc36803dda6ab920ab8a61e0e446b4c9b,user
k6_bidder_416_6,pts_047ae0ade1338c22480fa9491741c15ffe80133b8e0d48e714e1f451bf18a349,user
k6_bidder_417_0,pts_0d46b4ef5f469fc0fab7866c57b9b2f06b3690fb7695326b524ff2356feb628a,user
k6_bidder_417_1,pts_96485cb6a0ec7a856d508320fe6f6ac311ca911c5f47995ea5b90f2860163101,user
k6_bidder_417_2,pts_bcfa1143b9e91afa887c3a31e8ef9abd7a8836886abe162ac28367be93bd3aa6,user
k6_bidder_417_3,pts_a715d6d95758ef72ce53b02d8459eb176c64595a686742fa3d7f0fd48b769ae0,user
k6_bidder_417_4,pts_a550def6b4173e8072274f9ef029caf1424a0706dde210054502cc04cb41c2b3,user
k6_bidder_417_5,pts_53958a013bfce10e90370a290d4aa0db9c3bf166d03accef8c7ee35dd4a68d49,user
k6_bidder_417_6,pts_4822aed1ac36d44fbf519ed7ef6f6a0ddd8b903978309d86d9313c179663262c,user
k6_bidder_418_0,pts_65c184910493b75c425e712b31c492472d3c609dbcbd6050457b4d7a7e1303ca,user
k6_bidder_418_1,pts_f46ccd1fd0a756243fea5191710615a806eb775f581b7ae36931801d4cfaa5e4,user
k6_bidder_418_2,pts_739e8724249503e17943ccc4fc781035652eec673b7683e99b55d9ae7af8a140,user
k6_bidder_418_3,pts_a5b514ce3bbb14072352a3e8fbdd0a42e4c17053a84b47bb4c682e859a61b388,user
k6_bidder_418_4,pts_78c8e92f696afd96adbb849bc559f47ae1e554181e07efe604aa7cc30523a650,user
k6_bidder_418_5,pts_0a8b8ef1e1ce8f643ce13cda9209abec5e406ddd2398322d0ff4babaa5f7304a,user
k6_bidder_418_6,pts_80cf0d37b6dbed03a4529e1ecd7e18a8406b1b1f08a1faa4cd435cfefa9985ad,user
k6_bidder_419_0,pts_a1c7e938a9aa9e2a5e033014ed6638bf851c2af6df3a572f0c3d915d0396273d,user
k6_bidder_419_1,pts_3470333e9ea8869c585e66571fbd596009eb731cf5f482860f888fb5084a7379,user
k6_bidder_419_2,pts_d83b59319dbebf4910d38698f3f7e9c3471c72e9d3384c9998568d4e124e1eee,user
k6_bidder_419_3,pts_55d5d8acc9d6bbb8554ac0137007dd9677f16258894fa736ba992e7f86d288bb,user
k6_bidder_419_4,pts_26516a7dc8618604382ae0ac814a36c68673455fa21f8410104c755636224ae8,user
k6_bidder_419_5,pts_53d912542c944ac1bc156a12ce0c008969e3cc433fae2faeb8fb5da5b9933c38,user
k6_bidder_419_6,pts_47ba8d754c4d9241b0ae09be54acee538fdb57fe05cb2a5cba7b9b9a5310ab51,user
k6_bidder_41_0,pts_80bccfbcb0e03b2f72f5c69d04cb1c166df5cb005229286ddf407e929965e312,user
k6_bidder_41_1,pts_55f8ab9ecf5898a7d4b8500c0dda8f2bc44751e6ea7d39a36e3a20d4bfe5c106,user
k6_bidder_41_2,pts_4bcf1f1237f4742d9b91fba7cb6e46a69014a7fa5ec3f2b4b9254e46aefb3256,user
k6_bidder_41_3,pts_0c6817aeb233daf2995aa0644660e1e0a9f48069cd7eaf684b74e03761714ce6,user
k6_bidder_41_4,pts_3315b8658031a3d852d6659a153c85b1b1003fc7b1abe420f41b54bfadb3274a,user
k6_bidder_41_5,pts_7a7a8b26d2bc7001244016bb5670e1c041a9014662be230401487bb20a6b2611,user
k6_bidder_41_6,pts_d2c944df2c2eb2e66b086dff73f4894bca6ef75164e5257334acf88a5b72820b,user
k6_bidder_420_0,pts_99167a8d944e2c5f4714ed7fa0888011d8df5e11452ef8c2d302499bdc6177d0,user
k6_bidder_420_1,pts_de045caf38bf4ffa5431c75468dbb71eca146aa7d71065e26d64a4c0258ecc11,user
k6_bidder_420_2,pts_3bf9263fc57443610a5f8812f5880c344edbd6f80e2ad582ef449d8b37427aaa,user
k6_bidder_420_3,pts_fac82663cc8de46ada60ca3a335d6c5a5b7354c045637ebb71a7965f2b4bfac6,user
k6_bidder_420_4,pts_66b10dc74829b42358525ae1832cae9b2bef0122b3fe38dabe38718890a83eac,user
k6_bidder_420_5,pts_8fee85e0f6f37927c61b9a6c365f660d9588093f8f26f5e952ae20068510c2b9,user
k6_bidder_420_6,pts_925a0fe47546d1fcdfbf07e0fba84360f40ec2081563895bc5e1ff927e43a0a8,user
k6_bidder_421_0,pts_923f157ad32b6f508eaa46bf70b3d089464cd949b7bd3d3c019331917da6df27,user
k6_bidder_421_1,pts_5dd8617972931090b1d6967799099ff1035a93cbc72b9246985308de53484c3a,user
k6_bidder_421_2,pts_abe214f3a03339a397a3161a0aa9473a453b0e646562ab510843e47df67d644c,user
k6_bidder_421_3,pts_61d45be7aaa2e9623fc5e5c43ec9fc06a80e617ee710fd2bc2e8b23dfc076115,user
k6_bidder_421_4,pts_ade1e0a55f11dd7cb0399fddd481574ff42db56fcf5e993a680378ff07e19990,user
k6_bidder_421_5,pts_567d183fb8bb37e72acb63cc810cc1c0d1a422c0c9160038550b5c57c61543f5,user
k6_bidder_421_6,pts_1cd8fe7385c09611b24834b7ae61f8d1551390b7397034cd32efe11ef82bcb8e,user
k6_bidder_422_0,pts_3edc7f868f9b4bd8e8c98125716bfbd48b77870d0ab2b11f49d9f548ebfb4d24,user
k6_bidder_422_1,pts_d0d4b97e718ab04dfacfdd7420b3aa539e5487705861ec1e4ab9b38e5cac4fab,user
k6_bidder_422_2,pts_9234a6ffd4511f4b6b36a5389129e692005579f7cee4ab898769fa339e9f58a7,user
k6_bidder_422_3,pts_057659a6de1729bf073d62b11599f6626f6daaea38fb9fcac1b43dc8fe42c260,user
k6_bidder_422_4,pts_7ee604659248cd6ca873d495efb26d398a58ad905654f9c56c1e244358fd769c,user
k6_bidder_422_5,pts_6d90b7e59ae93e9819f059582f9f6370fa646ae82af0b3309af2400e3051279d,user
k6_bidder_422_6,pts_ea0e6bc89d837f38263eb30bacf2438a5f13323b85c499d9d1f1178d01ab9338,user
k6_bidder_423_0,pts_be2ded5c080a7d5c08ef53283ecf7b742df64cb1ec3415209e8aa608d722cada,user
k6_bidder_423_1,pts_78b9ea817402e31010a4c701fe716052573cfe4773ea5038582b397616d9c28a,user
k6_bidder_423_2,pts_1b3db7ce07d074e14386e3d531af2d4f49d166f2bdb7859f1703d996ec9984c8,user
k6_bidder_423_3,pts_e1173de49921d9bd6c54c75815513b1ac76947d5b486f8e1acfe609c3be7e370,user
k6_bidder_423_4,pts_e6ac18b2dd146471530378b0ca4a1c69af11da92b9c132ed9cf8d32e450b2140,user
k6_bidder_423_5,pts_474b5326125dd0a0f9b30307733f96a03569603933e2c0ec9098f4ecc2b9d96b,user
k6_bidder_423_6,pts_47e206d08dc22dffe060b1583901b56818021399f773c9f895d6c3b38df1aed5,user
k6_bidder_424_0,pts_3fbabf9c43260593b312349600cdc08c9fcb1ca9ff9b23ab20b609aba38341b8,user
k6_bidder_424_1,pts_6a77627d961c5ae239da757ca64eba81ed1575ed8ccba59b04e800c39d4c72e2,user
k6_bidder_424_2,pts_51c92a1b3b52b08b84e25149dd0f964e7aec3b9412c4460e606c8792c024b769,user
k6_bidder_424_3,pts_499f428a711aa356faffb9e66f4204b29665dac048f6028da6c19df0d75b57ee,user
k6_bidder_424_4,pts_aa3fc25f7c47af7c21121010332ef5b4878f2622dac162ca8159743926c72e47,user
k6_bidder_424_5,pts_1883eb4779f9bf98daa8e60b2dc00b2dc5ce0ab668c4fffd5abc8d0a54427b76,user
k6_bidder_424_6,pts_210c7c6bb1be73c24faf3647fb5033aa0b8dce55cef496231398c7347a5028c2,user
k6_bidder_425_0,pts_7837aa2038fdf241b828e4d1e8f81e3111490c8f70690419417383d34e3f3aba,user
k6_bidder_425_1,pts_f0113c6204de7933fcc48bb76d4fed6035f404d6ad1c469c3d2d4fda41c7fd0d,user
k6_bidder_425_2,pts_ffe478d2a44935dcf5a8273ce51185488a9149320867bdfe1d7e53f71a8de6e6,user
k6_bidder_425_3,pts_79d6ba6070cc023f09b1b7e30e95c120060b2390e81357d2846165d0b9cdd624,user
k6_bidder_425_4,pts_d398580e7b2171a32f0f0e71623b6d565510c2a4f89adfc392bfea6e5dcc6921,user
k6_bidder_425_5,pts_a1c532e757b23fcfadf4d4fb1dc1a35fbaa86218accf074b4a9ec731efd9fb92,user
k6_bidder_425_6,pts_be61c530fe34238257304cf6befaeebd1986d262bf56104f0182925a3a822b8c,user
k6_bidder_426_0,pts_2b1519ad9bd6c1fc8e5e287e940436b9eb91919f3927ac6ac99424a1df4b23dd,user
k6_bidder_426_1,pts_7de97e4687b5836cda38b59f4dec0cd4c8555c597d62adde64d00341d7bd7788,user
k6_bidder_426_2,pts_129f66cbf507549f4158ae2a11faf38cbe97e28f247c568e62f1ff2903fe1830,user
k6_bidder_426_3,pts_d2d07e79a357266bb8604936254cd7ecee0680bb9c23ca556b5f6a7ba789c059,user
k6_bidder_426_4,pts_431a4662148c701aa5b59386a76a23cbd6a7cdb458d9aa74ab77f5c627326dcf,user
k6_bidder_426_5,pts_12a8cbb308d9422630b27276d92c91d9693740210dc4a99bcd7b357ea4819982,user
k6_bidder_426_6,pts_1e1e0925bb4a1044849a4653c6aad2234f26852b01a3e3dcd36a4d5637c92649,user
k6_bidder_427_0,pts_a07beb5681203bceff5e73a4c732976c39e29a8dcd10bdffe67f724a49b22740,user
k6_bidder_427_1,pts_bdaa164cf34b8014c45f759b515f8e886b44f7082485ee9ae6b42762da8fe100,user
k6_bidder_427_2,pts_5e6e06d3ba9f5c89acbe32575a11742de5c15d4965330c3acb7ad299e0bf866c,user
k6_bidder_427_3,pts_e08366b1a065a73bfd90707eadc7825515f057592f5be7c0f128988486a034d5,user
k6_bidder_427_4,pts_0a5e0d045dc0afed168a5409193315a9001d06d572207c203f5c96258cfa3b8b,user
k6_bidder_427_5,pts_792e77c7c1b1ab2bdc865e98c60cf380642122d1538a682ea1ddcc5be44d50dc,user
k6_bidder_427_6,pts_57e4ef835f2a165a9abc62b7d2cd034b2f8c1ed3cdeb95424af6782fba0022c9,user
k6_bidder_428_0,pts_dada766b3bdd96c4cf9c09ddf35b3e4e3f93093854e70874fdd5cb7810a7daf5,user
k6_bidder_428_1,pts_45242313c37ac6b4dc8ca3b0efa462389f2ee4f3bb16234ac1db5ab1b1c70d8c,user
k6_bidder_428_2,pts_e98ce9badd8d640fde8201ccc1ba685e4c9b0baa17e97424cf70b76b1a558c46,user
k6_bidder_428_3,pts_96ecd84753a5b16d556eeccce6700f6d41d7d32d30025a370227a6616297c3cf,user
k6_bidder_428_4,pts_5a220c131bfda8796467c6b643f81c80a215fa4b95e8a0778de8ef16c3f7e111,user
k6_bidder_428_5,pts_6b9cd69404a5450f739e7f634fc5145ef2af85079cc526babde882dd02a9f878,user
k6_bidder_428_6,pts_ff07505c48c8051e2067952ef8e847fd818256b71ed2767bfc0a44f6b513e9b4,user
k6_bidder_429_0,pts_85b4137e3dda35ca8e46126b5a3fbee9a7b037ef4dcf7148684d94ce1401d5d3,user
k6_bidder_429_1,pts_0e905a7caab52abae5dbcc5a71109cf02defbb2df9d1dbfd210086bcc4a48fb7,user
k6_bidder_429_2,pts_38cc81e0e3fdeaaac6b05aa470776545732e481427d1539fe9b4f1848e070cc6,user
k6_bidder_429_3,pts_c1d9d1dc5c1b313f1bab0dd2570f8a14d88cb711f4e62e2bb02c2ff803c760c2,user
k6_bidder_429_4,pts_5d79e2e3acd03c1543a3999b66e93710ec65440f8f27b184536e1f4bffbcb8e9,user
k6_bidder_429_5,pts_18de1e11f4fb3fb4f36486caa4c4cb6bf094ad38494a0616020ec26b9dbb75b5,user
k6_bidder_429_6,pts_f4f90a79a56febbf3be146cdcf487ce16d80ba0774fefcd73915972592b67e0d,user
k6_bidder_42_0,pts_922445a673f664d8780d9895c9c3cb640bd312de6ab3d05ef2b193794511ea8c,user
k6_bidder_42_1,pts_89526a2dfa3146e097e855c3b6a60ef33257a66a512d78841955940422660da9,user
k6_bidder_42_2,pts_518acedb7f8c7198ef0f6beac5df47c9634cc216d872c37e091854aa43d4117b,user
k6_bidder_42_3,pts_4be306b72fa8ae42d1a1eca95cc2630879aa97ae7a7d9dc95f11bd537f0c690e,user
k6_bidder_42_4,pts_503639b076c0ac692ec1055e3731b1f3226a68d2a75d5c66bbd2ab252bbbfaf0,user
k6_bidder_42_5,pts_f8f444466f0efd35a77f1b3ac4f15e889480d1751876b41e0b3c85079dd7d40e,user
k6_bidder_42_6,pts_54ae8492958ca9a959831b3e1ed1c94ba7c97e2d7c9143c9f976a8ed9fe4dc35,user
k6_bidder_430_0,pts_f9206d4d30a6495095c4c0d48e2b7bcde2d7a6acc1d8b3a6d12289fb72a97ff5,user
k6_bidder_430_1,pts_d14340b53ea33158ac33f614f05ec26541ed4751217819c9f8e9ba460c20adbe,user
k6_bidder_430_2,pts_db70b3371f2b535101c4c83a5dbae3fcf13b92f19c547778438591eba63f1973,user
k6_bidder_430_3,pts_b2afa25f913e2de4d490c99f4bfad0872cc6a48e43fe86bd2ef68aab638c020d,user
k6_bidder_430_4,pts_474f62e42c5bc9ef84b7f6302db3b32d9da0668949c47f5dd075fde984e14267,user
k6_bidder_430_5,pts_3e6de21e29ade2f0a8ee3cb0a50c7efb21b61f4c662e3dfbbe5d863ba7823cfa,user
k6_bidder_430_6,pts_037b7bef75789a16a28ee3beb12a27cf9b0235e0a7dddcf44018bc628b7fa17c,user
k6_bidder_431_0,pts_89689a1a0d32b92c2429ed937fad6bf6342749b6379e0428e9ab059fb087a586,user
k6_bidder_431_1,pts_312219a02b955f877eeba7e366b808625d15f3b9d6abae2c3810d1ab45980b1b,user
k6_bidder_431_2,pts_fb7a63ec188876cc27b423cf69fad216cc18b19bf55bb48ef66007ad9e4752d7,user
k6_bidder_431_3,pts_fb64f855eaa331d00f45fda6dcd272aab66d0d6d05ad02454f6d5d709008370c,user
k6_bidder_431_4,pts_d8dd2ce2ba02b0be446800991838b4a6f3b806da27c01633efc1cd441458e5b9,user
k6_bidder_431_5,pts_297928cacf55a0a29ac2d0a79805c156ffbb12f9264a0ae959501b14f2fbbeaf,user
k6_bidder_431_6,pts_bd9ef0e7f4ceda1dbed614a58589fdd0fcfbbb13db377e52ce9ee8080bfd8583,user
k6_bidder_432_0,pts_dea55463e966479cf11b6b5fbbee8731b11535dc97c76c881a7b7fb6277ca216,user
k6_bidder_432_1,pts_2733d7377b80c1c1ae4d6ca34211a9cc5f1abe9152edcf4256588ed468d5c2b5,user
k6_bidder_432_2,pts_c194e2c0747f71dcb675c68847037b7e098840f5425998b9a99bfe3ca6421699,user
k6_bidder_432_3,pts_677e8251a2ee38e21c1d04cd06f2e261ae5845c2af382ee968c5e57965156249,user
k6_bidder_432_4,pts_76bb5c17bd9462a9bd3025b734dc5fa66221675f84ee37a19f98807934fa1d1b,user
k6_bidder_432_5,pts_8d4f86dece0f7a8ac5b540984280e8163fac0ac45d9e4c7caae3a36f36dda1b4,user
k6_bidder_432_6,pts_10a2b683a472894fabc76ca1904b692461b52c15b244652530ff45824629c81a,user
k6_bidder_433_0,pts_ecec83e881803e3eddc85d8d011edf1e7bb4807d93e2ef7f61992807044977ec,user
k6_bidder_433_1,pts_b7e6464e37d71f15eb96ca913d829a8fa7d5361a30fad52998b1aa9edda19528,user
k6_bidder_433_2,pts_135ed7395b737e311affc6d2776c85745db14eea8f4aa9c3c531c22ae17f62ba,user
k6_bidder_433_3,pts_1786d4c2ec9f879942fa2a56ed2c08c788f2ddc80db1547dc899112f16ace973,user
k6_bidder_433_4,pts_56b66934b34407ca102e2fdbaf4146d557070b7cd5e6170e9fe2405d625a878f,user
k6_bidder_433_5,pts_4c310ec85edd556cdf81cc70c5d7b142d05def3da15e39839baab362389714c2,user
k6_bidder_433_6,pts_ccd7260698610b0424b4a936465efb5e2d53e3438e8ab0c2cdb3dbe7895fc0fb,user
k6_bidder_434_0,pts_122399ab9bf10eaa68cffa2189775d3096b2b5ca99b4383e2f86df7cff6669cf,user
k6_bidder_434_1,pts_37cced040a0d0e77f7f91e624d4e720e83c22a12498b8deec66b3b8b43785959,user
k6_bidder_434_2,pts_78beed3d37c8cddb3b5589121032d0218d84ae6d682425c36e207076292e506a,user
k6_bidder_434_3,pts_084f5f94c0b5299fc7f2975deb7d592d91dabf3ba2ea8dff047effe730b98a90,user
k6_bidder_434_4,pts_a5d1f7e71543592bffed1bb8cbf1a2575e7c72f5c1475cdd28ed81e0805cab42,user
k6_bidder_434_5,pts_bd2d4a2becfc084100eda1b57b70a4398760eb279aaad067ba9567654c93211d,user
k6_bidder_434_6,pts_90994436811a9bf66b0f4af780e73c428119c4a596e690afbc7b7d3f6ac133ce,user
k6_bidder_435_0,pts_9afa09d0914458b9195f627b3425e915ce21ab99b504d76340120ba9126e8c5b,user
k6_bidder_435_1,pts_91ada39fac7dc8ef913815354c1ff04a9321b0aa1da8f887ef7156fef544e3d9,user
k6_bidder_435_2,pts_6b26a570f984172bed34e7957bfa5cc9a88e5a0c0999ba3a59f09cadf08d879b,user
k6_bidder_435_3,pts_75ecb4ebb0eb6319c79ab244819d667dc44dfa8ff41b3f4be8c10cf3682afebb,user
k6_bidder_435_4,pts_6931af196b5770681818209ca61172470239de66c1c0d596a9132034fa87f754,user
k6_bidder_435_5,pts_3a51bcbbaf677758cde13715e18ad67b7b296b751a038a01801403c91da5c3fc,user
k6_bidder_435_6,pts_143d576477156237ce13082d5f53cfdb8fd9bb007fee8cb1c6a380c699be82e9,user
k6_bidder_436_0,pts_210064a828b9a5866f4eadc5318e21f5275426948fc47c95c1c348f13daffdda,user
k6_bidder_436_1,pts_2224718ab86bd691e2c5e37d18a3683ed930d4e66d00066130116a84f1a0a23c,user
k6_bidder_436_2,pts_94768ca8328a5fa1290172560090469ffcca942d171a247fa207ae5b08d5b640,user
k6_bidder_436_3,pts_a5549cfd06a9a4a01e0f468cda72c877cff967a4882d6338b658fcbf6ff95301,user
k6_bidder_436_4,pts_f567345d41851a14ee57ad3cc84c82e63d7bf15ee5ffa448eadde9acbdc7dea9,user
k6_bidder_436_5,pts_d32140e4b5f1bf068a9ac0bc7437cd71f53656b0069fcd0683584ca02a40cf45,user
k6_bidder_436_6,pts_8b5df7df2649ad57674291f99499bd727998a171e15a1c6d2449211d4666dca2,user
k6_bidder_437_0,pts_294e648f21ffc9852ffb9a75481a21cf66cdd987e0321517754e6b0ddfcc75e6,user
k6_bidder_437_1,pts_b8779c2b64a4d48390ef4496528e1352ff057c668a779da32a219afc6a9946f1,user
k6_bidder_437_2,pts_127f448ac45d231d010c663d4d0d1633d7db8ce609c618ec182e17c53143aba2,user
k6_bidder_437_3,pts_a2312db0f72ceca75e3a63a30d2c7399897043d9cb0a6f332db6d26a0878b3bf,user
k6_bidder_437_4,pts_2132076a7c596f918b79e89d3a11b2f116561890111d2941bff005bbf2ae16d8,user
k6_bidder_437_5,pts_26991cf6d4f7ec31459b6010603dc6a49e3dad103507816c0da7fa10f09a8d9b,user
k6_bidder_437_6,pts_5f87a25cf322b14dafabecd52f38ecd007de1d03c0277e5898a5217eead39818,user
k6_bidder_438_0,pts_6cfdac7162f0658271faa66f1360cdb9c16e69311afd439f3629388107c6171e,user
k6_bidder_438_1,pts_3403cf447fd60c07115bfec627726eba335590c46db8d594bc7d28d80410c027,user
k6_bidder_438_2,pts_5f0286b061b0c805b4ff1432419e94cde0097d0f6b434e9a4cc2b0ab08753b4e,user
k6_bidder_438_3,pts_4d2299a8b523789f98be7db0bc731fc8ae224c29db9f4061c0491a5f5db64920,user
k6_bidder_438_4,pts_29ea681b4da43e0741309de1b8be1585e109b03ec821e79f81039318ec5e7e24,user
k6_bidder_438_5,pts_027329e79e9201666080ac050ce4971181be6bd3ec54db07faec91ade82db969,user
k6_bidder_438_6,pts_a0f185f36c3a42bb5042bba36d41bd99b9bd220998abbdd8101f7350c2ce296b,user
k6_bidder_439_0,pts_7667b4b78d584ea73761aed0827b33bb11af1e44a2109d5eb165b16ba5155886,user
k6_bidder_439_1,pts_d43157c65d7e86c6629e620454929baa9049a41ab9eb9014e518d73e4a2b7c21,user
k6_bidder_439_2,pts_55a4d3068dbde410b6ed3c747d3b3a3e9d19c0dd94c9b99177f05e833e533269,user
k6_bidder_439_3,pts_8613644229ab96512756dc75e3dfe21f86f7bd35d06d2332c7db3fdd30f00ec7,user
k6_bidder_439_4,pts_33820ee1d511c8ec5fd930b9119975ceef632e2301b8e14f5f92ce56d4390e9f,user
k6_bidder_439_5,pts_68eed4d991e07df8928ea3846314d265aae5d00573f412e21575e69f1221bd01,user
k6_bidder_439_6,pts_7cf4f97360d606b717af0a3c2e4e561e6609aad9915a52171bd0ea6996a64df2,user
k6_bidder_43_0,pts_5850ff004bf595454440df3144a0ad15cf7be1f6320fa486620b3523834c7485,user
k6_bidder_43_1,pts_aa6b03c9a82c095afab988cf0044dc6c2b03e7cf96f6715e19086217e61a3bc4,user
k6_bidder_43_2,pts_949a9677d28efd8f65d69c7d5728e44b7995f315b01d0362bb9bf1af33d7af5e,user
k6_bidder_43_3,pts_618a843f6a366bd7856a37013261b0bb912753ecd321419ed20bfe1875bfc924,user
k6_bidder_43_4,pts_63b2ed6c83da11ac15c37687bbd6c9a1f7f26cfe3e60f177a63d7a55e84d3fc2,user
k6_bidder_43_5,pts_ceafc1607c506a608a3d78d2d770795c2c10d2218aa71205702ba0463a41d3e0,user
k6_bidder_43_6,pts_1f5296b564ea70b1a12ce8e8bd021d7ac25bc777c5886f718a119308a2354065,user
k6_bidder_440_0,pts_bc63877e76e45a2ed601010d935aa1f4eb6e7c9911e0145c533bb15631e2970b,user
k6_bidder_440_1,pts_493e3c0694a968e5f88d57e17db73f39ad8f71af6563d1d6f5da9ecb4ccc06ce,user
k6_bidder_440_2,pts_90fdf61b19cdd89998a3eeb0fccc503d7c588e0307257c301499ca2ae6a959b3,user
k6_bidder_440_3,pts_6ab59301aba8b796eb234968f0d24b7493e10fd6d5a12ee8ebee3f4cb5a9a87a,user
k6_bidder_440_4,pts_a1d34136adc2cf36fe7d5d4ad9a849b197748cf295acc0e8ad2384e094598e49,user
k6_bidder_440_5,pts_479de3d81bd486f9c908b5326918dce96d337aefadb011de9a202c00c2bc1e1a,user
k6_bidder_440_6,pts_a9e69f304fdb684b1a07a3438c9eaafcdefc6d865c312bf5f3ba69139e493bc5,user
k6_bidder_441_0,pts_89be40897cb10f4745e49ebee4ed2ba9e68ba79b722e1da11d4c6d4c72a095e9,user
k6_bidder_441_1,pts_1b600e002578b342e7a5aac2a70c7b3d2b53325f8e6d0a60affb42284a32f8bc,user
k6_bidder_441_2,pts_da5793d6ff3f8454710a62fe6e710fc1a2dea743c0d37a08770fa16374969955,user
k6_bidder_441_3,pts_4622cb2f04e72ea4c9e54ba3aa371fc3fcd57c62176532986e22c70ffe1a88b0,user
k6_bidder_441_4,pts_33946c81d450baff7211e737633347e65d22d2ca5d11b8d732235f82b762a9f5,user
k6_bidder_441_5,pts_6a652fc1f8077c7855a8e7e9f9a77a3ce15b2a99562793d0bbf770328347dfde,user
k6_bidder_441_6,pts_abce4a3d770a8b366b78a8aa9a1c100aa539c9e140da841c1abed0fdc322d59b,user
k6_bidder_442_0,pts_039da42bc528f2dc7bb21553f8de0492039292c09cb8c20114fbb0716901e82e,user
k6_bidder_442_1,pts_27d060246217fe5cc1a0622564a8c7af4fd06d480245eac894a905531ade1e92,user
k6_bidder_442_2,pts_1f7fbb9c3fc084761420a577243fcba93f5ed686bc938576d435e41bed5bd587,user
k6_bidder_442_3,pts_d839c2f5b7260ea07547b6de700b9b17224c44032a6125c743ccffd8584eba71,user
k6_bidder_442_4,pts_9202087769841d76d194fc72c3f7be717000825847cbcc93ee6a57c7ac49103a,user
k6_bidder_442_5,pts_d8e5aa2d4ac060092fece0d8633931322a4bdcb098d866d9717ac3f1506e68d8,user
k6_bidder_442_6,pts_d31ee0fb29a6ce4633569a25076aa5c1919518a9647ec3884d23d9fbd8ecbb53,user
k6_bidder_443_0,pts_984026f5a7ddb2790bac375a2cf678932d056c8d7da0167ddb2611de827f00c1,user
k6_bidder_443_1,pts_6afaa61e1eddcadd25768c0b7c7e9331ce638cade573dff67673e4a4b482a896,user
k6_bidder_443_2,pts_e01435137793cb18339d0c57f788000ac789720949fe398da14a70632e944bab,user
k6_bidder_443_3,pts_8d7c1760f6bf4736bf9944a1b9bbf9e89dd8cc48020a1f2f44f6b35560108c54,user
k6_bidder_443_4,pts_186e4e65911feb425d8a75356a31d3c6c37ae8b83e1a2149b1daf8b96f48bcfc,user
k6_bidder_443_5,pts_3c0e1795eb048e96836a15af2acb2e3079e9b894036123184f2ad2444cd42d6d,user
k6_bidder_443_6,pts_d94559a3b9a1fb6ff1a3388d8b4725b7ec8e7fb804d1c8db89d10162b959b555,user
k6_bidder_444_0,pts_fafb0ca500b35d93448ef61194482dc7bfad72df9d2ca6b13909a8678c6d6de5,user
k6_bidder_444_1,pts_76c5b3f7271ed210dfc43096171e7abd88fe7afa023ce933551f8ce8b1b28433,user
k6_bidder_444_2,pts_fae140c2c470006c1844c68cd49b7059430e6c13b81d6e5d5e544adb053030df,user
k6_bidder_444_3,pts_93b7bd7873f1a448a600b75937d26c9aa8a65ed73c434ed9d12412523811a05b,user
k6_bidder_444_4,pts_6d07908c41559e197c1739c28c78c14bbf0e128773381848cad58bb68a8fea79,user
k6_bidder_444_5,pts_841e7b9dac4d9122b371731d972e090d214dffbdba6854cf8edaef4639e461ed,user
k6_bidder_444_6,pts_71ddcde072e33992809cc39b77466a2dd455bc514d5ae974ae91319e473a58b1,user
k6_bidder_445_0,pts_28f8093294dc86b47efaf34eb0777139d0d25877efb741930ae712bb22a5d47a,user
k6_bidder_445_1,pts_f6946c889ea9a4d2ee20d715ef0b5357ddca50ea1023e89b9bcf5ac5ebd0afc5,user
k6_bidder_445_2,pts_e9380faed840c7423bc2e1e2871cc08b5ee97e5c41581a3a244bafad8c63d7b3,user
k6_bidder_445_3,pts_b26d17b07bb59a632cefb62aeb81a4c50372c6e19fffee91de88364e30b0ffad,user
k6_bidder_445_4,pts_deac8e1fb2897093a1a386ab574b91678b560988600847657d276dffaabb8c78,user
k6_bidder_445_5,pts_60d87c2b2e48449d90d188916c2a491b881d0d20aae1d10b609f94ae2b914273,user
k6_bidder_445_6,pts_8d54a74d2a2a839b984a975b57cc3cd87dea87ac7b83bbb66fad1ef838b7bb8f,user
k6_bidder_446_0,pts_ccdd790aeaee56d3ff2c4094d88359dc77ff184ad17fa54dc56337a8ab068dd8,user
k6_bidder_446_1,pts_e6c2656f030ac4f76948de77b8d3614a3495549fba70e060108978d4ac198ed4,user
k6_bidder_446_2,pts_de1710b5d8a748d0547159df585407a082df3b6685da44a4c080b55ee16cf4e4,user
k6_bidder_446_3,pts_8b7a80e9d7a55a566d32e5942520a0cc78676af97df94621552a46fb2367b4fe,user
k6_bidder_446_4,pts_8ed7ea7659d4e8bf68fda860571651e9784567ba24fd5db4a91d7390b6687e7d,user
k6_bidder_446_5,pts_777bb504b353e7a202b0de52e270f5d60ab27d96e1f91da1e7e5f98c27ca9bab,user
k6_bidder_446_6,pts_7e2335977b715c0d8ddfdc0993832d47637e7013f274ce6f3aa38c948e0bbe99,user
k6_bidder_447_0,pts_1d70900a8538204d328ab9a30c87457b1ba8efa6671c09e0640994d783f181bf,user
k6_bidder_447_1,pts_8d625b8c08fb58fb698920ac9e42662a1531d5bd41c1010881c7c12325dab79e,user
k6_bidder_447_2,pts_c54923baf6c610d91d2b9798d4e4ff5e9276f0d02a906e8069b9407d5de5c76d,user
k6_bidder_447_3,pts_28f555282678e86fbde217f9ac7942ebce978a2562963e27a53004345c699a6d,user
k6_bidder_447_4,pts_447896a39e4dcb1c0d89dda1fce96af374c02bdde9caa23e96ea0c3b2a3b1d22,user
k6_bidder_447_5,pts_2f0964f8c92c563672549020d27216959852f4d1a3a69f3b819619a6b58da534,user
k6_bidder_447_6,pts_8ddba106f29f39af924094ee14beae11447bc73a2c44384014f9e48d6d939afb,user
k6_bidder_448_0,pts_44e495259a7c63698fc53d5a89328e8cd9f5caa54328ff694cfb8f753a48d7e4,user
k6_bidder_448_1,pts_ef6153a8d111f33cc73d3cf47a8e477342f417e725102b33d41731edce3c21da,user
k6_bidder_448_2,pts_12dec0c838b42d9e15edbeeb269062ec3e639efb3d940b4b0649f7ed217e218f,user
k6_bidder_448_3,pts_72d48cb3e8eb88e135972b7d9ec218a1240664416aadc1be8fc1826688d95c46,user
k6_bidder_448_4,pts_b6b371b46bc041ef57c23133a2d41c70b0b52ddd68b241ae76f0a3ce6422d402,user
k6_bidder_448_5,pts_910e65d089368d0c6335b9a275c8bd0f016ff794529d317a647a8e8d5238c579,user
k6_bidder_448_6,pts_6599c0170d3cbf1ed3015d5d71d0e553c76d690af931e86e995d48b953808caa,user
k6_bidder_449_0,pts_eda09f45a2325b30535783fc0681c85775c5a0fcfeca689fb8763a4192d11f41,user
k6_bidder_449_1,pts_c46c434e8631817539b0c35da5c85c8f94aca70ef944318ac895ad5ffe742f19,user
k6_bidder_449_2,pts_22d91cf12fe10c6c4e81b3ecbd5837572fecab5ebe5d087bcc68051fc32ba4c7,user
k6_bidder_449_3,pts_02b8ab8ab404054512b1e4bff48c8e7cd627f3796355ac27916d2e9750e074eb,user
k6_bidder_449_4,pts_7edb4343d3f67dda9690255317bff6313c3dd6c3b9fe256c2a81e5a077b699f4,user
k6_bidder_449_5,pts_1699075eb34e43746c43105faedad6ce93fd4c30e123613f5de4c52d423ea1a1,user
k6_bidder_449_6,pts_2cd301901ebfa009be47e700723b9f411a3851bbcbe422ba0fdcbec255e30eaa,user
k6_bidder_44_0,pts_8241bb08c07f779bfeee048afa1164d3631ba32fce7a369c09ebe5f1d08ea223,user
k6_bidder_44_1,pts_061f131389a16cc445e469fb221eb301d6817cc3a33627a3ce06531ea9feacf3,user
k6_bidder_44_2,pts_34dcf83fed84ed4bf1bbb034ad325a608c5036c2d84cf6c63a83b849d94373b5,user
k6_bidder_44_3,pts_8b4347e2e445707f00587d6283a0c692e546a331fa175f03b02032d56a7b75fe,user
k6_bidder_44_4,pts_d3d621585bde0268ea004390bf0c05489757ef594ecbcd80743507c442d80654,user
k6_bidder_44_5,pts_10d79706e16876f952caab44b03a54ee2772614ba6b6009539df0c72af35f708,user
k6_bidder_44_6,pts_1699501c919263ba170d0f6c9248d5647aea0dde50bf97cad5a67d5a57bcc605,user
k6_bidder_450_0,pts_aa2eb6b08a3cde0884e0d8a7fdff6570cb49f0bec79763ae648f55e8bb4216b9,user
k6_bidder_450_1,pts_02bbd22092d1386f64516dce3825df40cd65505bed3c6a47d8343201c68d2be6,user
k6_bidder_450_2,pts_b62fdcf5cb4de6263bdaeec163d46a91eaacb06da6e1330fb1a7d3f131944d2f,user
k6_bidder_450_3,pts_b8dc931f6ea3b57b0b17aa005609674544ce376e44981914a6824b5daa46f09e,user
k6_bidder_450_4,pts_da8cb367f8c3db0aa6cf551f0ec30437c18a76f6e96b29d377cb7be5c5277adc,user
k6_bidder_450_5,pts_5ccd8a75b01aed96686ff5bc5de51d03d89248039d452462c1736101cf0ab2db,user
k6_bidder_450_6,pts_2ab2f1f7e030eafca1546964a3e9f7b89b207dbd5afc86317a05c319ed41dcf4,user
k6_bidder_451_0,pts_2de16758c463be9a5edaa1bc10012082984ac2bfe1eed20ea9aaf38b41b0243c,user
k6_bidder_451_1,pts_9f845b952d9ead933d3b901b8be990413d103f22ae3b87b1af73f3349beff008,user
k6_bidder_451_2,pts_fc049b096a40b465d11f573568d8561b6f1a2121f5b55857b5a24a6f1bbe8587,user
k6_bidder_451_3,pts_51d294a9cbdebd9af046481066acdd91934e790658437bcfdc3d9726ed423000,user
k6_bidder_451_4,pts_d02c40a762c928e1e415fef322acee186b4fe19a2b0a9fe96c635a797e17625a,user
k6_bidder_451_5,pts_918f9cc206a2ad874e01d2432f490e672860ee63b35a95a02783705ce8798099,user
k6_bidder_451_6,pts_ba9b18ccedf7484eafe471517f4dc40b736e40a2eb5242a0aafca3e798c4e6e3,user
k6_bidder_452_0,pts_2d125795e07c6bccc6f87a49e7170cbe0fe209604a7bab7a6af3ffe528bb2cc0,user
k6_bidder_452_1,pts_bad1a734a7d623e9b56ea684a5595c5ca0c55403f6429e939e0e36a87e9ea8ec,user
k6_bidder_452_2,pts_58989cae396dc6dc778070dc42b01b4032ef62869fe71b5027c019f22a955ab7,user
k6_bidder_452_3,pts_4172712bba77537f2c14ad9929dc89cb6188566d38a37c080e63620e5fd2859e,user
k6_bidder_452_4,pts_4481f8b6407582135601b4ceb1dfd35a34efda44cad28c6b668f243195461fcf,user
k6_bidder_452_5,pts_87af8f780a45bd4206076f95d22f2a787f850f92701a868cf6abc38f5e9d5d99,user
k6_bidder_452_6,pts_3a21eda6fb42cb52e06cc439fa6a682978207a17b49d7e675e760aa1cad60fb7,user
k6_bidder_453_0,pts_4b3007475b16dc62e8bcb6d6d28829f40756cbc1373cd25c0ff80d2dc5146e92,user
k6_bidder_453_1,pts_e2fc034b31ca5ed2b4d4ca03cdf4a8699ee005d177dc2e33ae7729cacf156f3b,user
k6_bidder_453_2,pts_d95f7a21c24192f7e1398e2c759b6bd781da2305fbfb92c90211147e97f59dc3,user
k6_bidder_453_3,pts_1709a476c163dd78fdf8e57a8063641c391b0c02cb2fac1e109698efb9f648c2,user
k6_bidder_453_4,pts_91a1cc673ca9731c7daca366e2a22d846aa5375b5749469c2c72a26be548dd61,user
k6_bidder_453_5,pts_eb4e277c8aaa0db664f2d2673247bab3d1cd8b54ee1ef7aa6661862f3a07acc8,user
k6_bidder_453_6,pts_faee8d55bd44403b7315716110f44a883fe0f270e026b52c72b2d68845e7eda9,user
k6_bidder_454_0,pts_6ed7f1a802269ad4503fced12d0a83ab9874e42dc58387cd2f585fb97d73fb03,user
k6_bidder_454_1,pts_1006c7cd73281aa13ab7eeb528dd46ecc1ce3b3048c6c8de9403a4a35f86e6a7,user
k6_bidder_454_2,pts_89facb34bbc2a6e9c6ffbab0b782257e57063da68e1a02d4df08ad4901764eff,user
k6_bidder_454_3,pts_298e968da0332d38d677c18129472c7056c8d68790fb3ac4c7289608d5c3766e,user
k6_bidder_454_4,pts_1376b8c572605f1827ce9c0bd35ceef1f18f1f9cfc765739587f4ebda8fa6ac1,user
k6_bidder_454_5,pts_30bf1069e84b4a6b6dca0304b54613c8998a7a60ad5fb48b2ad17179dfc55ef9,user
k6_bidder_454_6,pts_22c4b3f4f0e99e932af76e6c28f9edf3e001633d30a69a07fd5583052dd22fc1,user
k6_bidder_455_0,pts_9ef22d1631698ae8bb9e09055d19f0720fcfaae6d07ec0720c7b37a97580dcce,user
k6_bidder_455_1,pts_f9072c8c6ecda1a324985a26bbc600278f43a139085da82d9659cea948c0718a,user
k6_bidder_455_2,pts_deb389bab23bbf8ae5c2e4e48a78a42a8cc023e00cd218932ba801b1114b4be4,user
k6_bidder_455_3,pts_96bd4c7d7ad6443262741fd146ba43321cadf35c34208da2d248bedb7159ec4c,user
k6_bidder_455_4,pts_2a068545e4bb2b947e37dfeb5a4dd3b6168f661e5967bc1dae975bac0715fa40,user
k6_bidder_455_5,pts_7fed774505169c7d97cafef4501a1cbeb78d922aa8d4a8bfd71f72d3bdf2a83b,user
k6_bidder_455_6,pts_b718760d969b66038b2b0975e3a67fd4a25d87c35a94522ade7652b164d31e4f,user
k6_bidder_456_0,pts_742b2d58e523b35e4d5d95ed0269cbd923c39125d17eef0301277efa64e6c07b,user
k6_bidder_456_1,pts_40a527f432465790b038c6e51f73675cacc03fa4b274431c6d709f484404cdad,user
k6_bidder_456_2,pts_ec614778225089e3c4243d13d43138afc4741f8249b412c2eb0a76591aa216bb,user
k6_bidder_456_3,pts_8ee9268b60b4a8b549bb3c8d04bc2bd1e14e323ba2c8a70286683977780221c1,user
k6_bidder_456_4,pts_e465b9dbbd09a181b4afc1ca66c18ece94a326dd235c4c479f751a5c0c9acaf7,user
k6_bidder_456_5,pts_3a98d06e3b29a047c5c2be35f9213285506ab2c72841a2006710f1c750b7692a,user
k6_bidder_456_6,pts_9f08214a85b694782dc75e19b85eac39ee866696cfd7e1f700c7c7bf31965d98,user
k6_bidder_457_0,pts_275b9ba6be3f7d97c80690dc8a142d6783c409ebe1de97dd10e6001aa678e7ea,user
k6_bidder_457_1,pts_e598e066ae5b3d3cc63b234f436659e1a8e7eea186ccb4bd55b43fc3a8d10e8f,user
k6_bidder_457_2,pts_b097f56c2192494fac377eea64827c916c90aca26ee900ebb47152ef7135eda1,user
k6_bidder_457_3,pts_bb4993a5b91d943db1c17d6ce4b6fb4c3296718cca7c1b309b76948f371c56b6,user
k6_bidder_457_4,pts_0e6da0de0331b7445a1263265c898baccfda5cbda0817132d87473ad5456ca66,user
k6_bidder_457_5,pts_95d738b395311a342769dd1ceb08f002f0360363d45f2f464bf8ab3e90c6b6e5,user
k6_bidder_457_6,pts_4f83f15902a084fd182947f7c099e36eeeae9f6433695e8cb9d4b1e126016ab7,user
k6_bidder_458_0,pts_1eeae2be8d6660cffb6f9c08ef13dc1e99bfd6e6483527d82b5a2c6c8e01e0ea,user
k6_bidder_458_1,pts_e9405ffbed48889b88027c9ba4e417d578fdf88ba202e0ed9c288851b1ceb0d4,user
k6_bidder_458_2,pts_721e6d5dc332a4559bbc8d567f771f080860c64597b17b4d8b8ac9c80fad7387,user
k6_bidder_458_3,pts_c02930b1188b0e5efaac1532625c26b3671bce05aa95361723cf8a10dec4e5de,user
k6_bidder_458_4,pts_d3aa548d20cb4bea1ac52a18138f8424c4c3b5f6bebefd9ad429581190e7fc0a,user
k6_bidder_458_5,pts_5f6503a37c16ec1cc916656209ae9fc15e677203bb79989fb06caab046d2ded9,user
k6_bidder_458_6,pts_d81a8986f977e9adfb2d391216f23e16a47ed235f3a162e586977ed7dd7246af,user
k6_bidder_459_0,pts_b8b40df771674824ceed9f0a29098921991969aaf252fc29c7c2488951718a31,user
k6_bidder_459_1,pts_7c3da15cf5ac7497c13e25359fef69a4e15e30d3108f3383bf43321853a08bbb,user
k6_bidder_459_2,pts_0514c43abec0953650bd622aa0bbdb8fdbd8cdbe07dd2fc2f45a89e81b211ccb,user
k6_bidder_459_3,pts_0fddc96e22924d34a3c5afe07d9bb43707551a79715c98f2b7d0359efaae9f81,user
k6_bidder_459_4,pts_010a46dfa6d478a699da7dbda29ed68c1c43c989131af53c44e207afb63145bf,user
k6_bidder_459_5,pts_209cbb66c4591c2ede597b9e5c3d483aee1b0aec8a98bc0c3a4ff8ad2d953bcc,user
k6_bidder_459_6,pts_93c316eb0bcd3fd46ada5e3204ff6399f73a2ac310ba1664fb99abe896f863cb,user
k6_bidder_45_0,pts_c36277cd7fc864e762d3162ae160e136eb65595258c13970b2428e21ba4f5f4b,user
k6_bidder_45_1,pts_ae360b7e4875fcf69a04abfaf4855a167e7f1a11a7599f54e003fa7361a87e9d,user
k6_bidder_45_2,pts_d0d56785fee3cbd577b4fe726a52c761504357b2c618efdf60e5af99ec3023e7,user
k6_bidder_45_3,pts_8fe797695b464b4c4a00a77d0854b056bfa55e5b12a733943289d07aaf421857,user
k6_bidder_45_4,pts_d2e665158c1afb01293e428c02eed98269d02270edbcf1b71611e14b53999423,user
k6_bidder_45_5,pts_01641b50b83dd677ddfb7100f0018f0ded46e955d61ddb184b9c0d1b57cec0ca,user
k6_bidder_45_6,pts_a1dc51c1ffe9fb2487d3ff8ed306b4e7391b520ac2ae401d65e5c05f1e284316,user
k6_bidder_460_0,pts_1205fbbcfed7e9442b4225a658b0afdae6fb439a58d25cf7c1670bb8b4688d66,user
k6_bidder_460_1,pts_9d791718f549404c64c37b062dae97d2e722223dd576b594a20d40c092466a07,user
k6_bidder_460_2,pts_9ad46edb3c0bed6faf5182c78b394964210447c774584f331bd5cdd88e6694f3,user
k6_bidder_460_3,pts_19cf592900465814e14669a234a6a1e76f6d24083cbba9bcf7dbc04844ef2525,user
k6_bidder_460_4,pts_4e916b0c0df40a6ea4259877fee8ab032f3531894b27e185445da1ad74adbea4,user
k6_bidder_460_5,pts_d444614371aabe7f5d644f65d426f5a8dd6460b4bd174dd1b3b3d2e920e1f387,user
k6_bidder_460_6,pts_9bada74362983a121e5adfc69f3133459fa517ada049e4456472501aa1328064,user
k6_bidder_461_0,pts_82c96be79f07270c4a654b14be9e2d8f7da203e7188157f862f559319f2a3fd5,user
k6_bidder_461_1,pts_88be866a35d4ca6ac1c4dc51713b0501ff38e904073fa9a23e80a4ef8a80cf7d,user
k6_bidder_461_2,pts_239d701e8b7ca0d64a92b3e271ddf63780ffe85efbbd418bd9bc394da62fb2b0,user
k6_bidder_461_3,pts_81601414a1e7e48ca3917b2b8e6badf23334ffe2c5a4abad3c8bd32e6914385f,user
k6_bidder_461_4,pts_04f1f49832cd8c0a4f48264fc725145fe4c450edd6144efaca60e27b563d71ca,user
k6_bidder_461_5,pts_d7fd17c6e85dbfbcfdcf11eb30faa311ff001275149e5547980b03573e7f3587,user
k6_bidder_461_6,pts_4924545af771aaeffe2ca85801e906192a0c7831f8a8fc99cb60866e53edb18c,user
k6_bidder_462_0,pts_f73bbc45c9e928822f57c665486dfe37c746944b4586a238115276f5eb452230,user
k6_bidder_462_1,pts_17b3572e328f6e62063bc2a4bd21f3c4086dda5cd2139ede12a2273c3d624dc0,user
k6_bidder_462_2,pts_889c5c9485551e4b85ea649873dd341a1185748b6b2c8dc5c77f152bc22a12eb,user
k6_bidder_462_3,pts_57ea9142f9a0ae465b5f39921704fef87eb7cec42707d5d59e50207b5800c702,user
k6_bidder_462_4,pts_15ffd43bd6bbbf4b5d8d47f85e68c26215fa017efed6d3034d4ded85bbffe61b,user
k6_bidder_462_5,pts_981054aeac4ee8b4dcbc9533fd01dc7ba5090349176da524a9d66f40af2d817b,user
k6_bidder_462_6,pts_29cbca9c2c7768988f946b18c38f15954a948fb1d703781bae023008f4e28f55,user
k6_bidder_463_0,pts_cb926be66b043e85fedf1ac36137eb2ca7b9fc54ac5854d109b4680473f21aae,user
k6_bidder_463_1,pts_e4d519ce69f67bcf67034615cdad92eff1e097a32e8b726b750b546b41bf5018,user
k6_bidder_463_2,pts_393170c81f9d86a31cec31bf652f606e1539893c64240784d54caa687371b1f8,user
k6_bidder_463_3,pts_a682dceb6ecb849917091e203b7f633bd77c025c452f73da5991927c1c8f9596,user
k6_bidder_463_4,pts_a71fe108c98dcaff32ee0a6d2ed7a2462557f950f4cf586d5defb47c738a5a3c,user
k6_bidder_463_5,pts_ac15dea4ba07697b1471f1363621530b72c7cde1b79198cba85a6253061b4878,user
k6_bidder_463_6,pts_fd0ac555d04c52e37e565b834267f05db75249f1c16082043f9983c74a8062f5,user
k6_bidder_464_0,pts_97cac9910db1385ca787b13b638dc471e66b1166806b86db68aed93d8875f4a7,user
k6_bidder_464_1,pts_3c59c6b9fad5487c64bce3f0f2216a72419ba11ee6f5df20e00aa4c3a857a8a0,user
k6_bidder_464_2,pts_a644f597aedff30975d85ab4b4bb7de50fd9652d44815daeebe814b9f874f3ae,user
k6_bidder_464_3,pts_0fdd4b1be2200b9c6ffc9a6a8288416e21832827bc5f59e3a1ad201fd2c1a117,user
k6_bidder_464_4,pts_4651eb061dda2520e2c07977609c8ea76fc808428ec9cd81e72b3a826bef797a,user
k6_bidder_464_5,pts_5ab52facb1c87dc0f0aad30c3a551f1fa774979516447dd207d4c2b876acb156,user
k6_bidder_464_6,pts_e46adff782241cf37beabef85870afe4b6c79d72501ecc6d2febdb4856364660,user
k6_bidder_465_0,pts_638f71089cd81cf558e1c28d66b0dccb653ae352cdb5eb402ec59fbc55a57124,user
k6_bidder_465_1,pts_8c409775ab1a711a9763a0563b12fa04dde1ade566230d5a6f41fd7322ed0c2e,user
k6_bidder_465_2,pts_42bac1c71c60ac959e58b588a5c292f33885df30e2768d0d033c0d8d5633b302,user
k6_bidder_465_3,pts_cd98c4bbe8006125dc30631391e5193b0d7a02c073657b7ca7597b941143c966,user
k6_bidder_465_4,pts_1cf61fbc9f10c54a3ee95665faa9d7fd0c2179c874a6afbeaf9ba463830eac62,user
k6_bidder_465_5,pts_72b1c015998857c549c85a1fe97ba0017f6f225c56e08a15c9d8bb5ff85d9699,user
k6_bidder_465_6,pts_143d375fa4923db3b42508f08042806fe1622ca3c9dfd16b4b0e87bfbb6f5630,user
k6_bidder_466_0,pts_55ca7a2365e9edb68b8cde35240621eebb8b1a8de90b1caf07e25f5191ce8ed2,user
k6_bidder_466_1,pts_7dbff205418e448bbc4cb02b1d76975d1b233e406873cd89d26f660479eeec0e,user
k6_bidder_466_2,pts_e5a443228daedad9dd9888e0c7954ca3a6fc343f40d46a309605432aa6bc9ed3,user
k6_bidder_466_3,pts_3b817c52a672d150e533c37f595b8e72cdb1f1eafa72d343d5930df3efdb6bce,user
k6_bidder_466_4,pts_9accb70b330a0423f38d121920af407c034a65da7b9ae89350319755dfe0e2d6,user
k6_bidder_466_5,pts_d5644bce53f46caad180cf2e88c1b4be94f3053362cfa131946e5d4931e55d24,user
k6_bidder_466_6,pts_61485e55226d77af39b97f1110be70c99fe6b54c23bf2706c4fc006b987b2633,user
k6_bidder_467_0,pts_9c2c07b30cca576402f9dd6ce3d045d4a01d7062b8b509e244ea460b0967cfa2,user
k6_bidder_467_1,pts_8c580f9e0950743cda4201d62851677bbd553e3dbcf2174c01f1d5ce1d179814,user
k6_bidder_467_2,pts_55ef7796f2f298e430ea43dbe16a828a18a702353a73fd3cab527bd7ce7d1e32,user
k6_bidder_467_3,pts_7ccbb2be391bd91fa942c9bb2a1da215c315296fc745f87e3e89fbdbf0371f4d,user
k6_bidder_467_4,pts_8eb97f701c1c7a389736ba3e515573f1da50f18b302c8bf2e4d4d63fbcf4eecd,user
k6_bidder_467_5,pts_50a77d8551cb31fb6b91a2bb1c2b88c458b54e16597e83ac81e9b0da3e3b23a5,user
k6_bidder_467_6,pts_94c1b376570aaeea9d508ef3767c75415594c9e20b765642199aca84770d957a,user
k6_bidder_468_0,pts_d35f8249b60e729af9b893caf0138d9b50c9f7852071e7159e363446ee00949b,user
k6_bidder_468_1,pts_3ab98b9043093c445261e6402727992d43f8ae4eb8cb79d6866c9459b2b8ba87,user
k6_bidder_468_2,pts_68ec6da447b599e7617c163509e130d8f19a071817be8d2b262accf265e48036,user
k6_bidder_468_3,pts_25ce042112cb52d76067f4f5f9c0a5f1c29271171e72de75a1bffcd56915a4a9,user
k6_bidder_468_4,pts_22c81ef06de3f1f61542fa24eadea66d1033dae5c70a5e05bc4943cb6b4ce7bc,user
k6_bidder_468_5,pts_f0a73f59501937252dc6cad83143109ec4b924080b7a34d13390ccaf5daf53bf,user
k6_bidder_468_6,pts_29eacf1e921512a04d00a953b0e0b3bfc7be1f4728e6d466913f317874a76cdc,user
k6_bidder_469_0,pts_45f8783c6984f73999588aba40fdedde326743fbbdf8e762ccd8f29620ef2d80,user
k6_bidder_469_1,pts_a88699c76171a3f7aa737b9890b0505dc314c1fc371717f86153f167b145058f,user
k6_bidder_469_2,pts_ecc7ee87027a106a968b23e474568a2ae50d71beda533c2d2733b1556ddb339c,user
k6_bidder_469_3,pts_73eee6435a5395d6e678abea1d82b37b70a36d18b9a7caccd9dd915149a2fd2d,user
k6_bidder_469_4,pts_e6666482eb43d93062bb0c5cd46340a2c75cddcbec3bd4070bce45be91f6a5e6,user
k6_bidder_469_5,pts_4612bbba037b5d38f11a8f31b93601a745593a1ba3215a1185617f6c32b803cf,user
k6_bidder_469_6,pts_4680be6406a971a8ba791bc78043e0976916c33220332ac1f7edaf919e9c1e8b,user
k6_bidder_46_0,pts_be4f0d7b5cd706db72023b102b69d7ad1c6ce4392381fb7a2ea1e66b090e3829,user
k6_bidder_46_1,pts_1683cd8b1fa04a8804ea46823e6272577e6c6f203bebfe819d0bb510c162caaa,user
k6_bidder_46_2,pts_7b5854495f973c1ea30b336798eb27a9e785f9263b574865a916ca5b7dcade29,user
k6_bidder_46_3,pts_d4ccb55616a918e7e9e896f8b8e1a56942f4235b78e8528c7d60b8eab609813d,user
k6_bidder_46_4,pts_38948b94a24094b96f23ceb8d3a04665d09ce6b75bfbafc9b5ad76a64bec4304,user
k6_bidder_46_5,pts_403bb35b75a54d248dfc13c47aca72413e2c5a9bddfac42a96cad3957ee725cb,user
k6_bidder_46_6,pts_f01426abb6d2dadae99dcf2a0d45a1666f484a5b7c06ea5528c103032cc047ec,user
k6_bidder_470_0,pts_5ffb7cddf9c149832a3bbec24951d2b9e614feb042d51ed8b299b5b643c6c086,user
k6_bidder_470_1,pts_374cc086986d9376efca11f77993c16bed82d19668ce1584292442c6d394660f,user
k6_bidder_470_2,pts_b00ca7122e560b1fa8881841eac476b1f0547ae5c57ba1edd3df027ff414a5e7,user
k6_bidder_470_3,pts_f18d393f85f9d0f8c1093886c03b4f517062049e9cecfed83b3b3669636b1b81,user
k6_bidder_470_4,pts_1dadcf205f5eef1255deb3cc52f2fec3169b489544629a6cd371e7c75e8acaa6,user
k6_bidder_470_5,pts_1c4a817600b70a090c8c6d36315f04ae4de820e6f37cb049cf488e715204a250,user
k6_bidder_470_6,pts_c8f3264b2ca36ddc82be76eb9992e374f22c67f0653791346a37ae6b07a75184,user
k6_bidder_471_0,pts_86f3caa58528d6bd6ad456747e0d9ac1aef9513e36b49a9a5471ab9666e3fac0,user
k6_bidder_471_1,pts_4d1b44b5126043c07fe8923ddaa6cb5fd92ca5c6e66cf8e4cc30feb12bfbc8e3,user
k6_bidder_471_2,pts_8b9a6241c1a3cf475c467bf42634dda478cab5fa02d6af4982c1d5508af25645,user
k6_bidder_471_3,pts_70897ffa928ce41a9d2f65460778cb0f3f89d6f6c286ec24896b9937c03de3ed,user
k6_bidder_471_4,pts_81653abaa5ac7f05871b57b3be79a3b9e9dc0d426a9ea9910073aa48e39e909d,user
k6_bidder_471_5,pts_1baa6698234a59c370264f7db471bc1d93eb52036b8b2829b53d3648d0bb5a2d,user
k6_bidder_471_6,pts_bf7bdb9e1f3cb7cf95dd00cf29763480e52711177dab061c8e9e4443e00c05f8,user
k6_bidder_472_0,pts_4c52e6f9c876530b0e6466856f1b47369219055de076c0e0b476ff06cb1c2390,user
k6_bidder_472_1,pts_0c093f1b40d02db7a9898b2eac8e1ab035d507cf4600eb85a5a43b588c9a7bf3,user
k6_bidder_472_2,pts_792d02ac15fa8f6c46c374a8309cba4d265b056a4477d01465e760e3a73b1c44,user
k6_bidder_472_3,pts_ef73bea8476acb65844e2d8f85f3532301d89d00a797b3832905cd84aaf693d9,user
k6_bidder_472_4,pts_f750e385a55a545f4932a936043a8692fda32fc26057e902fab70b0208426a6c,user
k6_bidder_472_5,pts_e09846a2fb2560ca7cece1d98429d824b95d81ddde4cedd0bdb407e07b2dea72,user
k6_bidder_472_6,pts_b469707c498d1b8318a688ad1d17fe04d17ec5a620423380715540a56001ce6e,user
k6_bidder_473_0,pts_635840e9c20fe87ca5126349b77cf35784dbdd9abd0be93ba3a52f01044ea567,user
k6_bidder_473_1,pts_9840b20b05097e8f4fdabe3c2c1fbb9a904a225879e159a44b4f219eb0a59dbb,user
k6_bidder_473_2,pts_e8b16be5a475cb2a0d226f3c248c29571b22adc9264ea13fccf8fc20cd8d0381,user
k6_bidder_473_3,pts_52aea6e10b4ff6e5b5f873d09ea045de98ffc3b34d5252c088dab26475223e02,user
k6_bidder_473_4,pts_4038e2dce943b6a0eac60acfee03a3af6d640f4251455d7dd73951c8f03dc94c,user
k6_bidder_473_5,pts_c79c6b3bfc490b5b21aace0e8902e100192d0a4e0e276216d20f63a5a1994554,user
k6_bidder_473_6,pts_92d7d4a6aa61f319e24227846d15316603bcd6dc2df26f2ab482cff247e8030a,user
k6_bidder_474_0,pts_cf2058847a3cc4e96726e3e40935d3dc2bdd9603ef3fbe785f984340fee6647b,user
k6_bidder_474_1,pts_79c3cb8973b876edc674560023802fe18226a29ce11767f21f0e3e59168d5f35,user
k6_bidder_474_2,pts_bd407894bc90061eeca7430873b55e97f33722b0fc88e5c5bcb6d245a862e6d6,user
k6_bidder_474_3,pts_1f3aa0181077af397e8925e83c7504fcb600c881aa103c4e509c97cf5ed3ef9f,user
k6_bidder_474_4,pts_b81cdeedcebc2f79df7f8d5e942d9324cf757c4f7a82b18c7df5ea0163a74bb7,user
k6_bidder_474_5,pts_db01938e63f5484ab232d437574f162207a8aecc40fe1cb3e6440e4dfc719c2f,user
k6_bidder_474_6,pts_a440c5d9b1499623b46a3eabfa71cc5097c86d9a8931af25a4037048847afd41,user
k6_bidder_475_0,pts_fe30eeef72c7f42fd6b83e408ef5c5db7b35fad64ae9d1b47c8151347d43c3ff,user
k6_bidder_475_1,pts_273e0f83939895c6ecce5e5a6e29e96b737b58c3f18b796c1b15d9efaf7ad3cc,user
k6_bidder_475_2,pts_e01f55224cf0b4feadab03f22fa63b25dca07ad5719a2b0663943a4606426bcb,user
k6_bidder_475_3,pts_502d4de21e56aabdf0317c9ae5b7f987989ab8d6b146e4534c6c5af22275e501,user
k6_bidder_475_4,pts_19243d9634def150e139c030b845d5805a1e5b369166f51ca43a2bdf2c9a99f9,user
k6_bidder_475_5,pts_0c11fc36b2f74737fd42edcb7af9178f8175c60efc5b6b8c09b2ad2862efd103,user
k6_bidder_475_6,pts_a614d1f3787d8f4287d763e5a24646ec8be6d910ce0c047d8f01329b813e1cc3,user
k6_bidder_476_0,pts_79afd1fbef79dc1c2d5f08f91e5b122b6da312bebf9646913dd9b147da8644c9,user
k6_bidder_476_1,pts_217576e9dccb71eb3dc76c334be8f089f531cd907a7bdfcb90727aab3b6d11b2,user
k6_bidder_476_2,pts_44565b327bb1f9cc86ce09273ea92adf4428da5ef06a8ef2e2658fe0f3d77325,user
k6_bidder_476_3,pts_d357fdcb8ae99ea157dc36e1d8a6dddbd25d57031511f1b37a1c3cd1b0b4babd,user
k6_bidder_476_4,pts_83cc3599e073ea32ac2c5cefdb0fcf051fb8d818373b11ea037a1f4397ec3235,user
k6_bidder_476_5,pts_d8f6f0656780c4dc136c373ead7a3305a68fe248995bc97fd0fdac11f99c9d6d,user
k6_bidder_476_6,pts_266f4a9696af0e8759c972c0447beb5e3d6432b1fc02f2e3d3c54e695a277425,user
k6_bidder_477_0,pts_24965ea5969f834bf3ab7a95a642acd12296583071942dcac10c61238eee007d,user
k6_bidder_477_1,pts_b7fdfcda427489854f745b879dccba8ceaef67cd9fab6ab04d3a458209763f07,user
k6_bidder_477_2,pts_e203de1e8acc116efdc41ff49cd8074780e70aec65ad6890f8fedbad722decac,user
k6_bidder_477_3,pts_fed60f563840f3e65698a4d5aaf230fd830f992c311119588e77abb5c7499051,user
k6_bidder_477_4,pts_009b6fb57fa2f4822c9a15c99bf673f75676f615a1b77fefd8a2c13acd01ee8d,user
k6_bidder_477_5,pts_65194899bcc658408ccdd9e21967b4d97e86b2bc4f8bfedb3289db67690a1211,user
k6_bidder_477_6,pts_fcf11048da2e814b6c468229686aa3a60476b367bbb8a397dad84111001eb875,user
k6_bidder_478_0,pts_9ecf5d47480417b615aed65f234134d8913f26ae4a2f6dcfa8ea2ba3d3462a36,user
k6_bidder_478_1,pts_504e84b7c07ea288e52fbf65a2126d859393de4456ae837eb2778a3aa14d268b,user
k6_bidder_478_2,pts_360a8a096adb84e73a1df68490a09efec37f73f070ea2832bbc6f4ee787ee2a1,user
k6_bidder_478_3,pts_73cfbc3175440c8ea84da24de93be1388fdd5c1866622e31f214d41af732d683,user
k6_bidder_478_4,pts_b27fa2992d593cc28a568358acaf9a248351df460cdaaff29091919a53f3f4e2,user
k6_bidder_478_5,pts_966eb605a6f2a52842507a1fe31b5f1f022037bf9238bc406464799a5f6d8556,user
k6_bidder_478_6,pts_2f042130526b5a06c96c143efc54ee753543a189c618534a37f512b7adf3229b,user
k6_bidder_479_0,pts_ca32e90a23809a65e11db0d9050636a73f5ecb816cf2adac1adcfc48e82d64a8,user
k6_bidder_479_1,pts_c48fb8cc87e7c72fa61b864e7bb32b3f1048041bd2d5dc8a5db2d337d5f36cbb,user
k6_bidder_479_2,pts_2e49451264cc08c895620ba7eed99654edfa019036e55a48219b0974134fe28c,user
k6_bidder_479_3,pts_caf3be913dd728e24bf78d3e2902dd5f0c04329c5f7161cbf791e5192349c98a,user
k6_bidder_479_4,pts_f03463ef6e4089ed64ec3739694ca369ae857f215c7625a31355bb7bb3fdf29f,user
k6_bidder_479_5,pts_91fcec3f2d4976bb8641ebc6cbea9da9c0f0ad27e5c1aab14034bd32acd08752,user
k6_bidder_479_6,pts_a79881fc71b9a216f5217384250c02ee2bedee5698aa3bdba2d6b8484a9734ee,user
k6_bidder_47_0,pts_56524686880993aaa243151a28b9de204c9fda506ad6ed0c72a478071732364a,user
k6_bidder_47_1,pts_13b22d4591d9928f8e615cf143c2abb34089627fdf12c2f9c876c24de505b755,user
k6_bidder_47_2,pts_dc8a78201bcad44884460dd21b8e70e9fa1952567a0b102bb901e72294d74994,user
k6_bidder_47_3,pts_7760fe8cc64ad0a965db9a9d65e375fd0fe3e982cb5e1de851305fbfe9d17729,user
k6_bidder_47_4,pts_a12950a41fbd18700c3a192cb59adedd358758aba7fc0c9f0e3a4eab457206d6,user
k6_bidder_47_5,pts_6049da9e7ecaead48e977328d3c194c2e5fbac4660ca8ec48e178332f9b3dfe8,user
k6_bidder_47_6,pts_f044d6e215268a9a842ff061a961decd33a920843f20897debae17cfd398c647,user
k6_bidder_480_0,pts_a5d20a51782728bbc9b7f3d4b3ef7a584eef5fcbc0ee6a78036073e940b7d459,user
k6_bidder_480_1,pts_f0abd593b92f181c9b60cdaa3be627919d56d674578a65bb41512cacb5f5f2e5,user
k6_bidder_480_2,pts_7a249adb5d35dcffc87bb4869debd7c9f1bb224cc38940850d2be47cbd4b4788,user
k6_bidder_480_3,pts_c7243b08f119f956e2a012977c6a77b580838818aca2b18a0cf5be8fe3867181,user
k6_bidder_480_4,pts_049d084cc74ef74945ac81a5bd1e842835d9b613c8d84052cb53575c21b58553,user
k6_bidder_480_5,pts_df8041a3df5a64c916141be5ca405b6d34d90a3fef8dc4e3a8e7847e4c7cf822,user
k6_bidder_480_6,pts_ab4c74b2a3f7a313bacf42ffca4e9c031bc57bf0f486bdde40ea135c68553f2c,user
k6_bidder_481_0,pts_53013df4645e87d5f3833b3f63a9fb71eb53c31960a24c3c2ea42b864354b7e7,user
k6_bidder_481_1,pts_d59eb81cd251de321428316e7350e0886f77982f22da0d81b050bf611080df69,user
k6_bidder_481_2,pts_31f3cd0e1d9d5adc228a76442a4d5e76604065196d4152d5451e4a18eca08337,user
k6_bidder_481_3,pts_8675caa7de5344b96cc42e8505d93a29a4d0234ebaea7f84927960203c355607,user
k6_bidder_481_4,pts_0e1164254159092ac811262afea921d6cbe058262428deba4b08aa95cc5b9736,user
k6_bidder_481_5,pts_b5c854e0e04664aef84cf582a3de39de9f105848ebe2723696b27780fb1bb9e4,user
k6_bidder_481_6,pts_332d01726d49a51888ff463cb69fb76a3ac98bb21c2b6800975d16e235b469b8,user
k6_bidder_482_0,pts_9171e0a36e17585a842f887ee03e7a555a39f5b3774a5a08e4a257f3777173c5,user
k6_bidder_482_1,pts_4ade0cbb2d4f2f81bc356633e96fb6418e19828170df6487f0239f707024604c,user
k6_bidder_482_2,pts_ccd3ccc3696e79235c7e99a967b65e247b9c96e3b2e3c36ab583f9ef0021b01c,user
k6_bidder_482_3,pts_c0c096f4598e95c6ee245130ed02fb7bcce7eb7817dc70f687bdfa62e9ba959a,user
k6_bidder_482_4,pts_ec738049633e0cbe177ce545fda9b64befb95d62c9655ece10edea1741567f77,user
k6_bidder_482_5,pts_ce3d21635307f7b8f7bbd970b5367544d8c821f785db0b9ec6b57da160959d17,user
k6_bidder_482_6,pts_d0d353463c67846f2ce62d1acf87da38ef4969cf698c5bc8194da3ad8d5bbed2,user
k6_bidder_483_0,pts_152c52d00b21fbe40e25497fec70831272253d5300545626cdb268ddf0b20e64,user
k6_bidder_483_1,pts_c70eaee5fcd3cc136ba896c4f54dbd577a0de295c68b0923a4cd7f8345b482f0,user
k6_bidder_483_2,pts_62bfe2729a7e450d0e6aad761748c378842c9c5f2709b7ad8ab51274a4ded217,user
k6_bidder_483_3,pts_32919c098b20ab324299bc152df46d5c2f502fcec68f54f0a488f5105f8ebcf1,user
k6_bidder_483_4,pts_95a18d7d98cf6930d255eab6d252756cad7b1d205df9e40cbcc6a2e3e44507f6,user
k6_bidder_483_5,pts_e7e0e9cb3642137599cbe5d8b13c2ab2418d2935d181e1e626d0b2e85b881053,user
k6_bidder_483_6,pts_3eb7ee76015934fe33a8131213164243ec97d36a39cc2d668b2a06b07d10a683,user
k6_bidder_484_0,pts_4cfdb4b6103a715e6a0d9eb116826be18eec74576e9f30c30387ed4316dd02ca,user
k6_bidder_484_1,pts_11c9afff45e61145f9e50db103344b39a8d34c1fafaac2667b0843203db6ad13,user
k6_bidder_484_2,pts_058847b28d4252ddbfe4c34eca45ccf24e8e20dd30ffa6e6c3f2599057c4865c,user
k6_bidder_484_3,pts_277db94fc082163dedeb655e6c8023db3ff3148eb3f9b4a21805dcb54caa98a0,user
k6_bidder_484_4,pts_090344a86e87d70087b3fbae30bea68314c7404ce50de1150b8b9c963839ae5a,user
k6_bidder_484_5,pts_4a5865ebab5d796577d4f92e88c2ca1bee2d27bbdf11b902ce5ea8ba31727f90,user
k6_bidder_484_6,pts_6e7b6b0c2bbab048c1c36c3af3f327ac4329d4bd219420db0f4fa05b7a635edc,user
k6_bidder_485_0,pts_78d6df5a30f5a394225f6dcef5d122b50d1ff91cd6600bcea5907fc1edee0120,user
k6_bidder_485_1,pts_0d06cf07406b1f83bf50bf20d8e386497d6a6e3ae39418cf9aa954f9aecf00d6,user
k6_bidder_485_2,pts_d138e1b0634ba1dc82b03d8839e3223de62f0dd0207e05f1f2a9a759cc7d47b2,user
k6_bidder_485_3,pts_85b948fa4fc8a9225ab2016d19e3bb1257f849f93b464de1aba46d38abc48210,user
k6_bidder_485_4,pts_4cbce9c4bae785c84704dd7a1df3e27526693f910b611badb69373d9c18b0232,user
k6_bidder_485_5,pts_b6f666eaa528289678b584215746c34886ed7a0ba7595c0b93f18911cfd692bf,user
k6_bidder_485_6,pts_cf4c0a87f8197507160a9ffa20034c18ccf01d63625447131b85e0b6d172ae12,user
k6_bidder_486_0,pts_51c29d491759567511a6e8715a68be3e8670fa23a22b3e3833d1c17f7d7845d6,user
k6_bidder_486_1,pts_9e52a76cb76ea298e3be28f21f781521153f6fe590e6c395613f8d315333b618,user
k6_bidder_486_2,pts_eb223c48939cd18bc37bc7e97d55872a9c28c5194e294193a07ae6713fdada09,user
k6_bidder_486_3,pts_d2cdfa24b442ee04f351aff67112c414c6d03c05267d7d51bb669c4c7c80dd5d,user
k6_bidder_486_4,pts_b1fbe32c3a645040fb21e87d750df001c70359e633fa583de3f6b4666a67eb23,user
k6_bidder_486_5,pts_6a8ea13021a0d9cc3dc64c02e2558dd1622a30430c8246ab1569da4305e706fd,user
k6_bidder_486_6,pts_276f2d914a599e5ca6872b72919e02f33bb8cd231bdd7550a44c9d2f85d84599,user
k6_bidder_487_0,pts_c2821ef1bad57f115efbe01d01ce7a47b9c7e5cdcf2eda3b69e12b245fc98361,user
k6_bidder_487_1,pts_8a523d4eebc5e5dba6120fbf1f13d814fcc253fa2b439147cf721ae6a256ae15,user
k6_bidder_487_2,pts_0cce7ac76e5dad87b5d776bb8ac14f545582c135f657ebff3749e9d8c0b628d1,user
k6_bidder_487_3,pts_0422c9b59cb438b85724abc03712a767322c1bf04d5f7af12ae4000fb1bf10b2,user
k6_bidder_487_4,pts_1e11ece6fd9977b87d40bac2c037b20ef9511a9903176f7052c3620c0e670ad1,user
k6_bidder_487_5,pts_afbe6e40bbb79849f8facf44c996450d912c013ae9ce295a6d9e689a26ad7145,user
k6_bidder_487_6,pts_42e6c3c29728ef07d64d0266726d0e76f55b2d7abe4bd8ca292d42b10d93a86c,user
k6_bidder_488_0,pts_d333de1d23a415dc38d806c9973d2a7fe8e72f44e7e377a93b8ac8cc55c42291,user
k6_bidder_488_1,pts_caa2cee8c737aa352dab5d9cf2434c8bf9b25d546c86daebd8dad7738b0c3c14,user
k6_bidder_488_2,pts_bfd1237b7844b3ab0ee0c3dec675e267a1c58a8593e8d4c3df1758e41ec6a3a5,user
k6_bidder_488_3,pts_a982a0f023f3fa2df7519f922a4b21fa4e47d760683988a03b2c2539ce1317ab,user
k6_bidder_488_4,pts_db709748348f4454638bccc74b77fed10d6601a028b7f35fcb296a5978787387,user
k6_bidder_488_5,pts_5ea7bdf4cad61251ca00e23e45d3545576da80731c4034cd759a5bf4a4424093,user
k6_bidder_488_6,pts_e80ebabe2dac5df65fda62208e7736e6d65318c93d45ae9b665b9665cb94f02f,user
k6_bidder_489_0,pts_4a25a75f62b701781675c0e7b014b4dde2d925e6d7924a1e448e6a441ab070bc,user
k6_bidder_489_1,pts_370156a95f862a6d524980b5d3976c16ad93eef84d787ebdfad61f5b8f95c64d,user
k6_bidder_489_2,pts_ad5dad25f72fafb9b4c9ebea96383897244f51baa691deeaa0a26a6861e8107c,user
k6_bidder_489_3,pts_a2622ca81464184d3208ac601fed77ca60d55d6e0f21896b9257bee3b367b556,user
k6_bidder_489_4,pts_e621539cf5c2382eee6651bc2e6d9dd30eedc89a67e3df76498dee26ac166d50,user
k6_bidder_489_5,pts_3c462ffbf038530a7abd88d98d0593fa16672ef252814a45a067e6a3a84184e9,user
k6_bidder_489_6,pts_3524ccb1ca3f5e13bfebd24c1080cef2ea5f9acb88761a453bec60c5725e7a00,user
k6_bidder_48_0,pts_10f6972d6cb501a16ddd80dd6bd55ab760227b2e19a5a45556cd0e4d4153cff4,user
k6_bidder_48_1,pts_b611ddfe8190e3ba613d902b80a79e4855cc65001703358073d8c4362957fe2f,user
k6_bidder_48_2,pts_b93c3e32230719ad86453b5f7974638d0bb6e61b849556049f063e65c9481352,user
k6_bidder_48_3,pts_4559251d1bc2933a573f60b9b4b51a4af524d082447d3b0dfedddf91b24ceeb6,user
k6_bidder_48_4,pts_6778870ace240b550a048ad4eec5b77f078ec9851b83e48cf4818723421c436d,user
k6_bidder_48_5,pts_0255c38cef316b617489a24c1885c47e8f802adf1f7c9f61d4cc1bd87ea0e658,user
k6_bidder_48_6,pts_7b07df5e437cbe7d62ac2a0f49bebd0f60594d9b728fe6f0fd26495047ad2690,user
k6_bidder_490_0,pts_989ac0e6102bd299ff7780a28779bbf9c5456cdac80f7d2b528b52fa0afd437e,user
k6_bidder_490_1,pts_8eadcfaa6b42ef4e3c91ca7e522ed713a868cebc522f3c7a3613702f88261841,user
k6_bidder_490_2,pts_3ac7a651f92bd81d9145f29e3428fabaee6487fd8ddfc491f8b53fc11392b91e,user
k6_bidder_490_3,pts_be85879b2603624d02f1e307af8e1c4c435e4f870562b8855c4c4eb32e2ec1b8,user
k6_bidder_490_4,pts_ba510d053ab6ae713e18ce598c92ada24844bc08e3505832e15a66cc39aa617b,user
k6_bidder_490_5,pts_0643ec2fc9e33c9ee01cfd9cf0b04600d399427b52e516d72b98007d26c027a1,user
k6_bidder_490_6,pts_540e001a5c33d6a2a2e7cfe955e03a8f4a685ad7fd840103781493ecac4c3427,user
k6_bidder_491_0,pts_aed4497cbff980e3177507f7058be14278c88ae0e12c3b0cca8603da75f5a439,user
k6_bidder_491_1,pts_71197577329f4d9a6067d7a2a0d2152ac69e161d99045c3a10cdd88832a4420f,user
k6_bidder_491_2,pts_a3b439308c5cb33a55958398680292e6ad95822ad03733204b6ca902b5264e26,user
k6_bidder_491_3,pts_5cc0a8004c73643e5069ed191a1d9ee60ab5ae7d6c8f25c2014355b5a2f9e237,user
k6_bidder_491_4,pts_df408d79611dd7e6cb9747a061ae99d891a46101d4f8e5b2925963aa28f64dfd,user
k6_bidder_491_5,pts_19ebbafc01dd8fa98ed193485a238a935e2ce441164f0c46dec2ff2358f4aca6,user
k6_bidder_491_6,pts_a4567a7dc69e990db351d7deeb984cf861065943b398c0519eba050349e24884,user
k6_bidder_492_0,pts_4ea467de4c31fef0f9558ad505fce3df3535ddd38200d4f598a316596e0cdcc2,user
k6_bidder_492_1,pts_2b91481f459b90d3ba8583ee07fdeb2b6bf863d88bf9acce948a73bfe646e430,user
k6_bidder_492_2,pts_66d18581a4a73b166761da8384283b8a702766fa1f0401f380e7c1b91a5c9ede,user
k6_bidder_492_3,pts_6b32bfb89f131ba49c32c4b22b43940e0686bf89b388ac0cbd1de747e303e0f6,user
k6_bidder_492_4,pts_d6bfbf8e0bac7375ac24a888cb2e6e664d175f8a2a706fb2d1e2f6e259beb169,user
k6_bidder_492_5,pts_b345ee9059c684127c89676e5a11f47c6afded3e78829356610b8490662bd9de,user
k6_bidder_492_6,pts_486cee06b6ef19c2ad21cb2b1955ca1233e40dbbbf44e90f2e10165980b1e780,user
k6_bidder_493_0,pts_f85b6aafd157866c677f36c962e44516bdd31dce8fe769c3943a6d6ff0e20acf,user
k6_bidder_493_1,pts_9a88198aa3edba75280643985e2bd8b6e6259e9f5f46b76630c5e18ddfdc7433,user
k6_bidder_493_2,pts_f9c6203377f8b1566eb5283d073d6486de624c2996500d884c86d9beaefa8962,user
k6_bidder_493_3,pts_a71189b66c94601c02bf9096f69b523fa1f50dc3cbf394410ab209ebbee428cb,user
k6_bidder_493_4,pts_e2b0753aa97c8284f0206352e7a714be80e4ea479f545fe33fb1f79d5e1d6ff1,user
k6_bidder_493_5,pts_9fae3196e17abf8c8cd1c7cdf1e69bbd1711e534e7acee10a8ab9d7f83be0007,user
k6_bidder_493_6,pts_c1750b1c243cca84c123efaed25fa6776a9fa564c277b4a3660a61ef15fd9e61,user
k6_bidder_494_0,pts_7ed73d5d29fb073773954eb0a18e0d0ade8e610b45676f76377d8eae313c0be5,user
k6_bidder_494_1,pts_2bdb6ea91dc10349921380cd7994cf9856629d006d0e0c8591c102613a22b92b,user
k6_bidder_494_2,pts_5df9a5ea59df52c15b61693484423c556a6421544c32d852751fa5ee6cee8f41,user
k6_bidder_494_3,pts_5293e418cf538d06aacdd98279930be3a8c83ab8d4ff303c8dc388da6b3ab84e,user
k6_bidder_494_4,pts_f8564ab9d0d41fb9cf4609c252605d16bf03890e984bed37e49c57a942ac1b85,user
k6_bidder_494_5,pts_a06ca5cea9016777a5c103df8329bf33962f67a0e7f94c607cece6c34cc15821,user
k6_bidder_494_6,pts_2cd3f69d383adaad557aa978b333c71aa69eefae24826fe9c20628f47be01481,user
k6_bidder_495_0,pts_c9b79d072f2d8a493481a53a818aa7555e5e95a41f40f8b16117b788d92faa10,user
k6_bidder_495_1,pts_8f56dbd5b8a2b6f8c59911aad2746a519c641360ed09cf0c8c2dd088db846ed8,user
k6_bidder_495_2,pts_8d020facdb74679c4e516da6754351ef4f164f62ae1972a3553a940a89b03953,user
k6_bidder_495_3,pts_593d106a50941c6ba57d31e4889585f2aff66594e7626480dc19b794429da56f,user
k6_bidder_495_4,pts_f2fe7e063c7676b0a133cd5597f84b5e898e7dff8a0fd91c84a303f3e0a7421b,user
k6_bidder_495_5,pts_f1a65b7a8fa42a9e3b4e71c95fe816f49ad6e41d6c90eed4d18d1fd4d284bf11,user
k6_bidder_495_6,pts_2bfa43cf3f11631243d747d8e31071a3b8f7a7070b4c6307a028c66717b2bcc7,user
k6_bidder_496_0,pts_e5c171e3c2b3e82c2014506be7a0614841e6b3a325425ae2c0b2239ccba3b861,user
k6_bidder_496_1,pts_03edcb0058d7786f0a27745d6847a2849d65bdf1b624313d9812be5a18a17f35,user
k6_bidder_496_2,pts_a164576b9ff98812e6611e2a5836cb3deb3b107eaff06cb22a059f924be8b6e8,user
k6_bidder_496_3,pts_ef62129333895e802e3224275b269fc97c9adaf6da817fbac280629227f8faaf,user
k6_bidder_496_4,pts_cd4ea79c6dd7aa26b02d8c2c4ab83f4f2655ef746e5f5a4d266ad6db00d89cac,user
k6_bidder_496_5,pts_6b55381f7e4b10173d43dd7ac9c200575bd7041c273143a123c9565e6affc0ee,user
k6_bidder_496_6,pts_842b687329bce5f9771d23097155c5d29818c2ac60d42c06b6f06bfef5ec1281,user
k6_bidder_497_0,pts_914937784c44dbd45ccf32edbdbbb77f3c3294fa057cc696af67747f7454585a,user
k6_bidder_497_1,pts_6dbefbdebdfc1bc3c892fc9dcb7adae95a10b2f037bfad879f3fd6a1b73d5a23,user
k6_bidder_497_2,pts_70660fef230d9b91d2ab32fed26c53b86265296bccdb4bea71c2100755539013,user
k6_bidder_497_3,pts_9a7382cd612dd04eff5dee05449a645588909cda966ca061f67f3db4ffd9735f,user
k6_bidder_497_4,pts_44006af22bd47870fd341d65969f486623cd6434f3700ecad4c7f6fc656f451b,user
k6_bidder_497_5,pts_65b34d3cfb28a56a0280a4d1555d8f994342f67900e2a6e0d85c6a89da21b937,user
k6_bidder_497_6,pts_b27b1320ee3527f4f282da7bab3d2bb147267f210ae7e4ded5c88f60d6cf04bb,user
k6_bidder_498_0,pts_dcdd0e92ac028da1f16e62e8e7a80dae7b415b719eb28dc6f665c7134aa7c81f,user
k6_bidder_498_1,pts_26b1f310019d8581d71f9a67d640880f20ed7b8bdd25cd8017f614d7e6f0280d,user
k6_bidder_498_2,pts_0ad84a9be7139dfbaa776fe4de16335e5aafc77a43609898786a84a6421cded6,user
k6_bidder_498_3,pts_a20d624d9ea1c8233bebaf7bd014302f4a76e129868b5d50fe444f8128225b8f,user
k6_bidder_498_4,pts_855aaf176c26f29d74cc7c5d793c73acbd05d3fc412039ab48e5102b35ad93bc,user
k6_bidder_498_5,pts_9ec76ff5ea464b7169ba26eaf0dd33f1f2bd4ab5cbb357df43651c5dad9fc3cc,user
k6_bidder_498_6,pts_123c67312333d01d5c6ca23aa60df603b5992edbf50f644dffd78b4fa43a72c0,user
k6_bidder_499_0,pts_4de3d806e16253610462b5eb1fccc9d8d977513c81f6fa6d052ab57556c6b6fc,user
k6_bidder_499_1,pts_0742b3216417b5cbdd1385dfa224c0fb0b06d5751e31f672c09624e5ef1a4df8,user
k6_bidder_499_2,pts_6df57489fa9a2874fb2cb5fad41c5c070a3a85e8d4312c7cba45bf275cb774c0,user
k6_bidder_499_3,pts_d8ba74915e5b0ab0406b307a275ae328954012e41893d69ebd7fadf801fb2781,user
k6_bidder_499_4,pts_6c1fe34668581ea861ac309be929eb1ab719c4250217709af4eb25a6ad6d127a,user
k6_bidder_499_5,pts_79c7a1771261b3ae673d4cbd1808de274ec29eee9490ec484c6fe35dbd32339b,user
k6_bidder_499_6,pts_929ebf793dacd5744e425aa3504a21cb5a74caec3a329095e20c230de3dfd291,user
k6_bidder_49_0,pts_27f853ac83b7b0f9e1a042802cd8c6de0d43fdb6940c8de9fcf6222d705be2dd,user
k6_bidder_49_1,pts_6288afb305a08669c7646ccbdc924c1808665b47ea9aa336ab511914100da427,user
k6_bidder_49_2,pts_80470a7d4733557c073becc8859ce526cac48e82f016e2360be460bc6d035f88,user
k6_bidder_49_3,pts_78b17aef93839baf0082b5e99a41262c18ae831f8675c928774e94a8165e7447,user
k6_bidder_49_4,pts_5f16e98080a8d7825c690cdad2f62c889736c64ada6b1c63964abb9d6cbf07a9,user
k6_bidder_49_5,pts_40cde0015d71702866d110c7cf9904feaec34935cfa6d0adbbbadbc49c40f481,user
k6_bidder_49_6,pts_140531595480355f197553434c377a84f4a2a61dbbe495f277d0c042e59fb45c,user
k6_bidder_4_0,pts_3d84e479100d2fc9bbb418df53c21ca55b8c21f361040c6fca49c2783a953698,user
k6_bidder_4_1,pts_dbcdac5abf5a0ffa38d0e301b768cb6787301588089c87cd0a35cdf8d19e294d,user
k6_bidder_4_2,pts_e6e2447216118e9fffe95dd7deee6a9bf2c3693acd4f77e6ee1d13074c184653,user
k6_bidder_4_3,pts_3f20d40ad35238ccf94be0a835070bc8c0dd45232661c4374149159d04053f15,user
k6_bidder_4_4,pts_903cdc0771bec083e068bf5cc1cbd45a832f5736032079a447419bb5c678d5d5,user
k6_bidder_4_5,pts_2bf75998979825fed5203475e4c6af3676567167091de519640ebc6ea71ebd4e,user
k6_bidder_4_6,pts_38008f9e11b9b92a8607fe0a01d31aa1d564906329fc46b2d0cba40bdeec0699,user
k6_bidder_500_0,pts_a4940fb1559e482f08ab59b5eb7cd7d374dd690ce2be902c09f2205a05bf65c9,user
k6_bidder_500_1,pts_34ac99bd88638e679e0e74abd88135f706598c0a5141ed641119360b976d4c66,user
k6_bidder_500_2,pts_ccb02d10163364189c24b8c7b38666c96434e65ff96cba37d551b39be0ffdb2b,user
k6_bidder_500_3,pts_04d6c2408b0e837b0cf34c1d7daeb549efc620283b655b5e5f3b3a80e89529b9,user
k6_bidder_500_4,pts_f54f6913e56fac6be3d56af3e3492e12ef864dff30c281c0ca8bb8438fa14145,user
k6_bidder_500_5,pts_bae5c5ef76bd66c83019899ce9b52c5424ccacfa49510a672d9bd6278be25b47,user
k6_bidder_500_6,pts_64a0519143bcd095f5140874b3e97e67cfa8b3b5f00ad7f4ddb87eec3c65bc0d,user
k6_bidder_501_0,pts_3d08e5a880acba181b3afdd265c4fcf08e226c14a31a838bf0c1ba75df8bc846,user
k6_bidder_501_1,pts_6b596cf596dc00271377edc0bbae9b366e85e3c2aa8eff06b241e1fabad14eca,user
k6_bidder_501_2,pts_dfed3fbadbf860ceee4a98b4f13831bec694af749fce698fd7b055a1f0bc89b5,user
k6_bidder_501_3,pts_0655ce175e81f62098eb4c24daddfe545e07c4b477aab246e76ecfbc910acf70,user
k6_bidder_501_4,pts_941a2f58f0382ba9603b0a71bc5b4105a4b42b2137dda5036d2079d696aba8fa,user
k6_bidder_501_5,pts_d1c6bd9615885947852a03456908326633304c628150c3f61647f5c54a2e3526,user
k6_bidder_501_6,pts_385f882dd9c1d66bf803c21d351802965ab20be22845200db798dfa0e49f1fc0,user
k6_bidder_502_0,pts_68ba1ff5987e4c0bb3283d2099c2c9b095989e0ad7b280130df0f16701af5701,user
k6_bidder_502_1,pts_f0641f3f66191cf053d59a1528d61254ac82dcc3fe122ea2ac95eaa49b60d2bf,user
k6_bidder_502_2,pts_e064f79d48be1cf2caeddf04146c51b1757cc327cfc5afdecf4b68284649e0ea,user
k6_bidder_502_3,pts_91e51444435945182403f2ab44c75b68ff14409f80eebac2c087b1ae55825501,user
k6_bidder_502_4,pts_b5c246a864388b2c52188ba8721e692a9a66f5ced5be378a0ec21d1a900ca81a,user
k6_bidder_502_5,pts_97669a9ef6d8120e72432a1fa9b9f50a47d877022fef5bfb455c6f6c805f4bdf,user
k6_bidder_502_6,pts_824766672138f85ab2c361b9c6c94219db3240b6c8acd2b80b5beba91f7078fd,user
k6_bidder_503_0,pts_decc3b49e74aada0e0cc80545afe4fcce5b750f8fbc1624487d9bb72197d12d4,user
k6_bidder_503_1,pts_aa6264620063748dbd24a15525551204edc7f0339f5075c4977390d32a67cdf5,user
k6_bidder_503_2,pts_6bb30a0cf6300f1c9ef35e18e9e258bfde5b2b35ae70be66d1d654c7def46ebd,user
k6_bidder_503_3,pts_9864c6e9c4b8942ba5320dcc0874feab1502ad2217b8798aed15e3722f068673,user
k6_bidder_503_4,pts_3ec52be90e2d265611a8f88ac60db4c58076d112ecfec7c674eb057158debfc7,user
k6_bidder_503_5,pts_3861c0ed3635b4ba04f623c6f6c81d076e9bfd146148da8e06e87ae99e947279,user
k6_bidder_503_6,pts_19f42852e2f3bd63ce87f0522c3e5ef679f8cca7a60bd9c47c9e991d613f5f1d,user
k6_bidder_504_0,pts_5a1da6662e6b8ae6684e0ce30298f55ac5cafb1066ef1aeec98e519d92b03956,user
k6_bidder_504_1,pts_e6e3685c70ec2ea657fa045432a612fb71e32ec2d9b055f2215da635ccbabd07,user
k6_bidder_504_2,pts_2105183d939f879b3e7064d8f71e5f8bb03da8aa7605ec372610c073aec09d4a,user
k6_bidder_504_3,pts_c73046e86865c7479cfa2889f2214b87cb4d57f6359d6d6416024c8ff992e274,user
k6_bidder_504_4,pts_2a26e85b3dfe731aafbe0d8a3da1786195b8dc18e7865be16307c00ef4bfb4e2,user
k6_bidder_504_5,pts_108b0985dcb26c955144a4511f17c3fba20b2dc3cf288178fab50d7e589230a3,user
k6_bidder_504_6,pts_af72d166d57b301f7073380c8f3b6fe339a8faa19f61b2ecc52cf10aaef9d5da,user
k6_bidder_505_0,pts_715a0a1f9ee83d7351bf7c4bd9cc50035f000a8ad963b232c6b91518ccf11df8,user
k6_bidder_505_1,pts_eeb03f2aa01a107bbc7811033007b1d8eab5d6cfebc3d7c86946e782dbf65323,user
k6_bidder_505_2,pts_7010930c48d01bfe49dcf752c1f8c0add7e36afb2d9ccda09c440e70333c0989,user
k6_bidder_505_3,pts_49389d526d8c4eb271086dc71191fb1b1486685ec7da081d022d146bdb2c5d4e,user
k6_bidder_505_4,pts_c1440d59208db8b72f89b290cb960bcd45cabdb732f2ae956af0e030023fee5a,user
k6_bidder_505_5,pts_cb46d066a7cfdd88943e8844571f2e87d869f34d9b447e1eb46de97cc5c8916a,user
k6_bidder_505_6,pts_1194d5f689bb0e289c7a489a8f3bed65ac181ded5d312dc71504109682d6eaf8,user
k6_bidder_506_0,pts_e6ebd6f0f697f4ab8bc0ea72bb16fa3bb3d945b937c2a46a5211c14a405707b9,user
k6_bidder_506_1,pts_c182773b3b711891d195aa993c8e020f1e36c61f55376bfa4775fed06ffe5e5b,user
k6_bidder_506_2,pts_2ba5c30180f0dd544c793ce9064dfad49fc6402d9b44ddd2f3d18e4a7b5dc05e,user
k6_bidder_506_3,pts_0b0e90a134a28a6e1972c65a93e6c5eaf908640172934f9c47c5c0b3a86843ca,user
k6_bidder_506_4,pts_849afb3de049fd60ccc792cccd1f0125a8df492dc409c1f3089c71b5c43ae5d1,user
k6_bidder_506_5,pts_4c8acabb9cac41dd2a7e36a44187593671627c59af9c20dd715cde1e6b149c74,user
k6_bidder_506_6,pts_8edaf065aee9a80cbbe768e64e4e3dc4cc8d1136120a499da9f2286c7623926a,user
k6_bidder_507_0,pts_e320ffa293122fc335477ab1bf9915484a53af8a6ae03ab1db26fd3d0cc3ada3,user
k6_bidder_507_1,pts_1d275ea930cc66199219642d35fc11756bff8670dd8a11b2ad8eefdf24e69443,user
k6_bidder_507_2,pts_ab3918c7bcd0ba604bd49bffb7dc5428dda54145bb35b343e7c7bcc5bac593b5,user
k6_bidder_507_3,pts_fc9141b6a9a72ff888f001541ff256af5c6629fe429b48483b42923dad203e4f,user
k6_bidder_507_4,pts_460249c65834b1f1ccb7e32a9acf0b89eb29bfe35ad826a77713a47af5941317,user
k6_bidder_507_5,pts_e8fe4bdf094b03e16ebb915faedfe594048c0490c8f2af6ebfb2a3d3cf1f8d5d,user
k6_bidder_507_6,pts_61ff785d791d2d1c324fb21827264fdbc7648dc3bcce5dda05426e3433048fc5,user
k6_bidder_508_0,pts_4147c17eebe76bf7ad4702dc04c335e4597553b242b54c052972e1572f1cecfc,user
k6_bidder_508_1,pts_e62cc689ab68a0d8871074d110699765bd2764e7f15dccaea36ea6c0818f5d31,user
k6_bidder_508_2,pts_664c28953a7e3b553ab869a334ade2b9970c3d4d80f273d7bf9c50520ad581d0,user
k6_bidder_508_3,pts_3e5f9467c88fbc09a9ed031baa5a02b1f42df9a41f6b892e23b3f83d56c458ad,user
k6_bidder_508_4,pts_3021620fb5ccdd39b625f9c2680f3e3d496d459b37dd8ffe6f18591a8f4ee010,user
k6_bidder_508_5,pts_ebd21185e59a8150233d2b1306b54dda859233de86f9194f745c80d96139fae6,user
k6_bidder_508_6,pts_32a375168e4a07d2a718722e7505cae122386c9886a69bc7e341bc18822402dd,user
k6_bidder_509_0,pts_35a98f237699ae35ff61328ddda2b0f25c048d6644e383466e6ce7c287ae364f,user
k6_bidder_509_1,pts_b5ef549f60e60043c367a2df0e46eb5e87bf94c388b626612ee132b6cfaf85e5,user
k6_bidder_509_2,pts_6f386165c30afeb78d7d00d6aaa8b837b64610b25597f66ef5eb94817c5f3d3d,user
k6_bidder_509_3,pts_5ccdb3cceb9104f0bff536af63311ef429452f79df55a60fa20cda1c461807e5,user
k6_bidder_509_4,pts_a272ca4e5aac8ef5bc33376adf220b284a47e58391828542aad76bea8ef63af3,user
k6_bidder_509_5,pts_df7390055a962cf9875239b786ca454251837f8b3e0996b507a1c93f3d3523f9,user
k6_bidder_509_6,pts_eba50f8767bc5b5f2602fbec27950b800af2632846e1866e3c8500818f411972,user
k6_bidder_50_0,pts_e60283eeeb55ed916d96c95d115f4d645641a51237d7f3ff9b0e2ea7b18ef74e,user
k6_bidder_50_1,pts_6cacde8ab147eef1c4c4a4179a56367fad63455654d8f523cf547098b60918f9,user
k6_bidder_50_2,pts_f1a67a5f93d9c454d0f141959546b215a06994a13bc57674a7dd5436827c5d5a,user
k6_bidder_50_3,pts_e87c235260effa1624e613432d5f1c5fcde56734de4fd7a0d97ad61288e543cf,user
k6_bidder_50_4,pts_57864bb439c6e30c00f0003b3e414ef7de5f351d52f13593a5d27752134923b9,user
k6_bidder_50_5,pts_fd44b174266f6a9a84c25753800045a924df80cd1af86e2a05e570922ed42d6e,user
k6_bidder_50_6,pts_6c80564b9e323c638c68072455c610cfd375e612122e889c14c2eb8e73d3bc4d,user
k6_bidder_510_0,pts_8173b8ca6ebcc328e34bf1b44ed5b245530fe5892e49a9adfd341047cb409f99,user
k6_bidder_510_1,pts_3014f11a67f49c4a189b98d0c346a01d40bef485d465fea766a86b990157fd3d,user
k6_bidder_510_2,pts_dd3dbe8e8588812386bc402bc1346279ac984b4df31f9b8903ff61903aa0fb97,user
k6_bidder_510_3,pts_566d365a3e61fd087f8fe467491edd68899312d0d3567ba66c3e6ac20c7247c9,user
k6_bidder_510_4,pts_2491c24823af1001e5efe3be582083f5168911c577749ffffc1a277fa024a385,user
k6_bidder_510_5,pts_ca10b70b4be3ee9f1d34f2638563df95078dbffb69f80277a9c2ec3b9b2fc9ff,user
k6_bidder_510_6,pts_1d760c9377510221147d5fa53e9e1d9015c815362bf360073e61157931e4a501,user
k6_bidder_511_0,pts_6eea46c81f5013f2858daa443137a39822c66ff9b7c74e403ccc4cd662360918,user
k6_bidder_511_1,pts_14df0acbffdffa2a1b4f4882cee4ffaebda4331f57289086016babd1e82f6de9,user
k6_bidder_511_2,pts_0b92216bba95d9a5a97c4795b8380126332bbb8ac973885c619df311c0a12de2,user
k6_bidder_511_3,pts_bad35277b602e135d209fe677bfe3f4f6a59f71addb5373e602d3191e69e3221,user
k6_bidder_511_4,pts_0548756c1f6bd581cc71951ceb682f1de4020d79013d3c5cd4195bbc7bb64a7a,user
k6_bidder_511_5,pts_59f452123f3af19c7b4905490ed7287ea918f3e68875ff1f15a3955abc91fd5c,user
k6_bidder_511_6,pts_3ee9d4cbadc753cf84eb2de97c1cd4511ed5fdf98d63311ff2d0d45c2aa8fba9,user
k6_bidder_512_0,pts_127088ac0119006ace52c3e79964ce7c3e3149cf5c938f721c6d6f3b1d9d7c83,user
k6_bidder_512_1,pts_b5ee413d3d0af28e8478ba03ef7cc3dbfa06bbacb6ce8c72ebdd1ac6b684d9d9,user
k6_bidder_512_2,pts_e1da0c21a00c3d61f7ecd8dcb19286e61d2e2e471578a567d6e1b20bf4059950,user
k6_bidder_512_3,pts_5e10384e1b1380856699b53d4a22a04daaef03706f6543207bcda5f9e1954381,user
k6_bidder_512_4,pts_ae00eef8db4b6691b6ba45c3d10200a14dc02ea55c536785dcbee080f928fcbf,user
k6_bidder_512_5,pts_64bfd2841936158a1308b120f94d0b7a4cb7c78480a2db310841d1dc7565bdb7,user
k6_bidder_512_6,pts_b4405e5975e3780e716abe62828e9d1273164defeff03e8306c37cdd313a2275,user
k6_bidder_51_0,pts_d8a20060600fcbd6c96abe26d7371dfb5912e3caf84fb77cef64bdd62ce49496,user
k6_bidder_51_1,pts_530c4bc4710556a6c8d5a0f44c2929a4d2ed5a9daa6244a087b06cad28553d2f,user
k6_bidder_51_2,pts_8cab8e97f13c2d7e7c7fc99f1a5b74c14a8ce4fd3871c4e22d676f574726e4b6,user
k6_bidder_51_3,pts_18082616ada3fd2d00a623051a633b0a0d137b5313b943430d0cd834a74950d7,user
k6_bidder_51_4,pts_a37abc19b95634430f8eee6947baf9c61108dc41ff7688edb88ab328d7d053bb,user
k6_bidder_51_5,pts_7979755fd228623341bd34ab5090ae7dd0f9396e8c4162c21f2cd1d15309e821,user
k6_bidder_51_6,pts_f7885d7c5138259b950df8e382a7059d9e701c0bae13a6d0c78b45e40ebe57cc,user
k6_bidder_52_0,pts_e91271c816290838f890686b7cfe5199168b031caf41f7d08d7d7f448076c7a8,user
k6_bidder_52_1,pts_5e1ce34292215fe62d12f4ff301da4685282ebd94e652986ce4e96f474e9a382,user
k6_bidder_52_2,pts_6792b0dcfd3366a0a255a6698e50eeddf170ddc1e7380a825acb8440584b5d86,user
k6_bidder_52_3,pts_e1067d375b75d261ee4ab559ecdf57b0a301252eff9af73afb471a66dd6c2823,user
k6_bidder_52_4,pts_d94a57ba93b2c74b9f31b0caababbdd2c98f1a2a7a939fa68c449e6e007e4bc8,user
k6_bidder_52_5,pts_7778d04e4df077996f244e3843b3c3ca9b97fb64c884bea6929d156bf055723e,user
k6_bidder_52_6,pts_b3786130f30ba669d5e85cc763e59ec31497db021be5cbd7191c46b5845467ce,user
k6_bidder_53_0,pts_559e9a6732865c82ef23545fb7246d10a0189b9d7917f54aaa5cb08d659d7f2e,user
k6_bidder_53_1,pts_0ac06168796a9777d93eb1cb0b2d77215a4d86a7684ae9d11f453a1fa42f5184,user
k6_bidder_53_2,pts_4ef5c6e9c643d8ff2a8ddbca74ee92afd29da3e2100a2739d8a94623de283d71,user
k6_bidder_53_3,pts_6edd0bad13387152c6925a6ccdecaa179790e190c793a52a59b944075aaa9807,user
k6_bidder_53_4,pts_da7a96446a017d1e2808fbe6fb2f79f1d4888c846749f782ac503dacbdef410f,user
k6_bidder_53_5,pts_d6b2e61e2378c9fd66442a539d90fda93727c8ce534b98d1e54f5774f569171b,user
k6_bidder_53_6,pts_fbbcb938a03aa573c4e608cfdc541f210226b4e026c7deafce87498fc6702587,user
k6_bidder_54_0,pts_a613b8fcd415a4c4e515eedd64456c257a5c849196a20284c3b158e47bc1ea5f,user
k6_bidder_54_1,pts_5c35beb609a57ddeaa9968f575b85a2a4e70b9cf542739ab479d62c126b22d83,user
k6_bidder_54_2,pts_7bd1315471eb8253ac512da48b0a9ae640330bfb7d7622ec7273b69422e8362e,user
k6_bidder_54_3,pts_c2ea10bbbf11a7a7665b732a2de2987475f8df63fa3ac26424ddcf53698e95a4,user
k6_bidder_54_4,pts_17b700f2de930cfee2e012f4a0ac937a137f9769ca242d22ccb3bcad25ac6f87,user
k6_bidder_54_5,pts_e07170e10f8777d2448812baa2cdab87471c500459aaa737c89520ff10c5abb0,user
k6_bidder_54_6,pts_a4b5cddcd4e27fef5a65423bf6ccb6e2bb33ee0bcc9fbf7604ba2dd093f2c6ad,user
k6_bidder_55_0,pts_e8f6cd66efb5f56c328003e98abd27b8fa061ef1dc5176d51c5459770a1b5794,user
k6_bidder_55_1,pts_c423221d8006ebfc0f42905aa7ea060bcbea54b50a44cb07d32ca0d7bd99003e,user
k6_bidder_55_2,pts_297eb57e472aac8fbfe8f5d29dbf3b9cb590ec73f884cccd3cf4b99e72b6ff76,user
k6_bidder_55_3,pts_48d486113b62f1b43b7b34041643d08f9c2f131d7a920d4a5bb309b970870f77,user
k6_bidder_55_4,pts_c71d2fdb68ea53052ee20a2479e36999f0e902a90b38abfc55f4c46f1087bbcc,user
k6_bidder_55_5,pts_34998aac9fa170d5fa9259f094dfacd914efbc135393c6c873f246eadf25b74e,user
k6_bidder_55_6,pts_f4041902a2356f4eae716a5a8efffb0a4900096d5e21f83da060bfc4ddc1f449,user
k6_bidder_56_0,pts_7284ce0c2e8ec0112b8877cc3942f683425bcb8f5d0181c87558cbd71d22d068,user
k6_bidder_56_1,pts_bf02fb53a9320f46816422512565bde2bf160dd73a7912f679d76f7db6a0d861,user
k6_bidder_56_2,pts_8a3b4dbc6724fb1a2e13633ac029da9b69fa4d764378555b69171d48deba986b,user
k6_bidder_56_3,pts_fece61be9ae589f45b5abb61b789a3db1a082ac353b0da5efdf4c5d2507ab230,user
k6_bidder_56_4,pts_1f9902fb0da01c086e1bd362d50a92e8e83b305051313c7500fa7bd9ec9b3548,user
k6_bidder_56_5,pts_7d9fc4e2e3acf081818cef1bd27d4b55ae33dd5f3a7b28a1d6043d5ba82f4d66,user
k6_bidder_56_6,pts_857b52947ac312c057c4b71c061471f7121f6674b9ac917cca78331968924e5c,user
k6_bidder_57_0,pts_767b8ebafc9cf38f364d4e81f1f5e7dd8c42329a08c45853cb8f443b1ec64ac5,user
k6_bidder_57_1,pts_7a609c7f02c4cf6fa2b75b47b5710cd12d9298a0ff9ae584c7442e6954c08bef,user
k6_bidder_57_2,pts_91c75829aae98b39e1fe1b7c341542c408b479487e947020ffd882d37806f8c0,user
k6_bidder_57_3,pts_52acbf6e2e2f2c61e09579c973f4e99bbbb0aca667149f17fa66bd835762971f,user
k6_bidder_57_4,pts_ff7eb8e2c4f29b0f9a7b96e346f9de7ada840c13aa37f0d4b7546f024c00dbc3,user
k6_bidder_57_5,pts_ead315469dbcdd68f9fba1b1115bf60aa0bf463b66cdab1589d223ac7d804189,user
k6_bidder_57_6,pts_68f45773f893d4c814d569253e2ab568e6e152a45aa4b1e969c110fd6dc8c033,user
k6_bidder_58_0,pts_f16105dfec60a4875a2e8e8ff3d28fcf25ed7cf68e41f2a3b2a8925607c028df,user
k6_bidder_58_1,pts_cafd5b48ac766c2dd5e71106a4cc89808bbeb06394db6c493b6df4bade395d7e,user
k6_bidder_58_2,pts_bd388e27dca4cd568f861e94772dd2883e95c1814b1bce56051c6983b14e2836,user
k6_bidder_58_3,pts_d8628c936f66d6646e2e837aead1853c527d694622b3753aedcce224ce48d3fc,user
k6_bidder_58_4,pts_28578283f352057a190c6658eef5c4e2e29673a00d7233e1187eef27926b1e2e,user
k6_bidder_58_5,pts_45d0973fa1874feb9fde61d117d22f23ecd6277c6eb6ec50551e50a4f464dfc3,user
k6_bidder_58_6,pts_884aa96b4944256115fff32e199673a054d9614aec3ceaa0cdbcacab7c89d44b,user
k6_bidder_59_0,pts_36eebb02c4fad5ab5d8588e65822eea3463a377dee0611315e44c35a67aa843b,user
k6_bidder_59_1,pts_2676bd4e4e7ada60e3083c802e3dee786ce1b93cac5d3712697e3b025668f865,user
k6_bidder_59_2,pts_e17fea1421d79ee5e4372311deb07aab6217be4a5b0fddb7cec06cb83a31e74c,user
k6_bidder_59_3,pts_97b7a14d5c0ec8f883b32b8bdbfa84bd2354fb4f71bb23940ffdf8c257eb3f4e,user
k6_bidder_59_4,pts_3c0fc7ccc11beb58a56aab08303028573327f03c913b04ef8470369398047e20,user
k6_bidder_59_5,pts_34d26c8843b110d4beed142fc072934eccef7e09d0f4cc4f9cff6be691b0e07a,user
k6_bidder_59_6,pts_2904b9043b19dbbd36c32748c1180b22901ca38e45042b1982c4218853c26fc3,user
k6_bidder_5_0,pts_c798435540c4fb56c600ee33ccdc29b73764ca4145b509d2de20d2199734f92d,user
k6_bidder_5_1,pts_ec3ebac4ef2f4cc9b38d36a3b2a14eaea20e5ccb06dbb0148f57c0428b61fc38,user
k6_bidder_5_2,pts_2b264bcad7d88ec5014b7608a02d3469f0bfccf835c8eec300d0a21d11162af1,user
k6_bidder_5_3,pts_cce7ac5ca2fd608b7e2556f1cf7d44e0d88060c59829732c176e3d418b8b3ab1,user
k6_bidder_5_4,pts_227e5c80a1855c57ad53d663a9568199eb4079a8895c0af3b5cc11111c432dbd,user
k6_bidder_5_5,pts_3c2ded374341baaff8c36453dc81e141d5a532a11a22011235eff7de1545253e,user
k6_bidder_5_6,pts_5ec7182afa6cc763b0227ed9e129b177d918bc592c093a31611a875e15c9028f,user
k6_bidder_60_0,pts_26aff8db224767cf57f7fe95235eb11de256fbaf2ece9559ec276a51b82056e5,user
k6_bidder_60_1,pts_21e5b98dab3126f59f1c1d544811454fd1b9851f41253b35a7f81c304004f788,user
k6_bidder_60_2,pts_0843ab89f4880374329203db50ae8e3b8f428dc81f859d065869cdea9f0b31d5,user
k6_bidder_60_3,pts_c5b1dfb362fd502704e6601c455ab6abf04201df13f6778c9d838248e5d8a46d,user
k6_bidder_60_4,pts_037fc78f5a6cd45174fa9cdb2a461599dfc938badad3ce4d53188ea639c468eb,user
k6_bidder_60_5,pts_e282785a332b579fe4f73b4d072536d7a4145115a77fc1ecc36b4cca1b1a6d7c,user
k6_bidder_60_6,pts_a78082b3b6610b75c213cda75ecf795190d4a1ec67bc266329eb9289fd3c2632,user
k6_bidder_61_0,pts_8fc6fc0e13a6e657b0b3f8027467b1824dbd0d4413d8fb614d7a650f5a1cf622,user
k6_bidder_61_1,pts_95baa2e65e97db2063f17cd81f1eda94ccce3fdc2bc088e99e39c0cf570c4753,user
k6_bidder_61_2,pts_bc264368a13c51e8e44646e271e49bb6d37c869e8e717cfce238e6eac58dbd6c,user
k6_bidder_61_3,pts_ae5df15c68ab3ca704184fa45ce52ff23021c0df749964b2966a0f389c4b05be,user
k6_bidder_61_4,pts_9d120a1e97a8605b50c4c7b286313f8586bcac1d5e8c4f20ee639ee43172ce2d,user
k6_bidder_61_5,pts_496e90d4175bfa91c27092e631dc285ee4d9f9d1e1ec7ffbb003f33599c0796d,user
k6_bidder_61_6,pts_18e7b097e32721a79ef08157fe0dd2c36de485647534f9b42e7112edc90ecbbf,user
k6_bidder_62_0,pts_cd93dcd9fb85f6e4d90b3d4e3fb594eabcdd6e31a0ad42a806b2fef0af4881f6,user
k6_bidder_62_1,pts_40b97b35a6aa8229d51033de5f4d2fb8eb07f22cd6f33d49fd65c5350606a370,user
k6_bidder_62_2,pts_a6128e6f97e9b10123e8df91627a603f53ffc9e674afa722dedc60a3779d270f,user
k6_bidder_62_3,pts_d044e3e0aee46f4cb27c23933ac3fa8868c92bc955c75632eb11f9577df54126,user
k6_bidder_62_4,pts_691f59473b93ff076069667f789443acbf40cb4c940f2e4b91d65b959b0409a8,user
k6_bidder_62_5,pts_69ae075af5acec1a07bed560d3b0c2215a578dfc5663ee6999b848f528d21072,user
k6_bidder_62_6,pts_4c3fe332f8b982274d13c412ae4e53a21a3ccd66ea45075a302b99903ced4f04,user
k6_bidder_63_0,pts_7d803817c4e2d3c1c8b109756e4ef2b455e3dff6399b056d88f1164832943029,user
k6_bidder_63_1,pts_8dbc15b9793c10654a09482b9f4da974dd59d6b2f7dad9bd89e5f96b2ec543aa,user
k6_bidder_63_2,pts_6b1b58a2d212ffee603a1a6a7664144d97d0975e573907b6db2fbb370391f9fe,user
k6_bidder_63_3,pts_b62f8f80c418adfaad828c743bc7bab1190f09a165fb29d36dd97d06aa70c3d7,user
k6_bidder_63_4,pts_eca653d7d6006c17210188ab4b51094def5352f585932fa04534a1b7f80f963f,user
k6_bidder_63_5,pts_29fdce311250409a8c592e9598192c9b24208fdac0ecf9619f46bca2643675c1,user
k6_bidder_63_6,pts_b9d0f5613cb9b6c62e964ee77ad732777006c8eec2cd6454eb2148da773701e1,user
k6_bidder_64_0,pts_b8bdb85858d31c4951b07d2b9a9dfa8893113a0cf4cf7966ddc874912b6e494e,user
k6_bidder_64_1,pts_0a062e49c45ca25e99ffcdf199947db49b044d2dac532083e830de5fd4ab05e7,user
k6_bidder_64_2,pts_bd888dfc8d69031572aef716e5c2c684606f17c5f931b2dd1719d95d21409b0f,user
k6_bidder_64_3,pts_e35f10d656126e4054f915bb6ca0f43b99251d9c920f56409cc3502ae3b2a62e,user
k6_bidder_64_4,pts_ae2a4bc65cb73ba52764d9f6c3ccae416bc0458121bea9a064f70f88b619a8d8,user
k6_bidder_64_5,pts_3d2e15216641bdd8d9149a0e8b592b8b34057b433f250dc9dfe9d5606c3180b7,user
k6_bidder_64_6,pts_a012c3da0b46957e4d52b32799f60614579ca7cda2f9a694e36da6cc3fbeaaeb,user
k6_bidder_65_0,pts_dcd6893e9a233bb605c66055d30d68d91ef3b3926863d7d76b4d0f0cabca744b,user
k6_bidder_65_1,pts_bad647eefc4e716f8421250e17e6ac5093627a33c749c090f1e0c8b24d71f91a,user
k6_bidder_65_2,pts_764ae4d5b30faea1d5d12034ae6c1f5aeb7ea46abd4366b94abb798e706506c6,user
k6_bidder_65_3,pts_403819e3a2d6d6b151575f337ae7a6f9629706fe428828805b5f0ba19e2a9809,user
k6_bidder_65_4,pts_6a83e533ff1b80fb64c8eda9545ff38b4274c19e52ca06b7701c7c204dd8d7f2,user
k6_bidder_65_5,pts_42622ecea98f873cc3bdede27b5c3a32e1fbffde5df3baf02335104686246106,user
k6_bidder_65_6,pts_702b6104e5abde5d6724b7c0259175a95f823f3027810e2a0e9f23ef545b0f4f,user
k6_bidder_66_0,pts_5948c9321e2206fa9eb026971507532ef10f1685de61904aea4df6f4a1430cb8,user
k6_bidder_66_1,pts_5325ed3d885457774c2d92bbf9f8999d8b10b54a0cf522ac3225c28b9c6d5c2f,user
k6_bidder_66_2,pts_0b950a66966a7552abede07a6156ec263646d14ed38fb2816f882433a431854b,user
k6_bidder_66_3,pts_b97b167a83914e92bbcc8257f817efaa34b030ab186c61d196959cd7ac75e420,user
k6_bidder_66_4,pts_aa57867003499a3b11db6e072ac44c602009384a83d88169aea6b3bd716ae1be,user
k6_bidder_66_5,pts_ad604a738ade4f09612be72a3bbd9e1bc35f5de7651bea72c13f90922a7d9d54,user
k6_bidder_66_6,pts_d729e48e7f09b60756927b88c2f292d4eb3b7e8978097152c5da45f170dff4d5,user
k6_bidder_67_0,pts_f4a7af2dc09d5f82e30443e3b3d36309cb1fd7d46c35a34dcf42aea7cd4672bc,user
k6_bidder_67_1,pts_c9f28d45c73a6d78db4db58c1f8315a5ca3095b19d52e3d13c2c8ab9004f03b0,user
k6_bidder_67_2,pts_aaca83aa678e5f34177714d422f179951a183c7adf3285a806b44c1629f4b72f,user
k6_bidder_67_3,pts_36e3eb0c676eb49340998e9ddd83cdcab3a649b8521cfc0a4c2344f6d9bc0cdd,user
k6_bidder_67_4,pts_e827a18bf4ab8415576d38d7dfbc2907f8e404d74363a57162b45802bc76efe4,user
k6_bidder_67_5,pts_119cf8e694550d87cb6b13dbc509d4b7e7a587acde86c5f07bfd32b5bba81670,user
k6_bidder_67_6,pts_32c6c282a07e4c2572f5e54545db36819f7a1816ad4085dd400dc1a8b7413491,user
k6_bidder_68_0,pts_b0a8a3dfa9fa581c92bd64feb1f631e8d46a82bae5a20a27d02f8745880c8dd4,user
k6_bidder_68_1,pts_ab2a5885fb8999ba5b4792c05637ae65bb6c3eea4decd5fc2b41ec55d6261aee,user
k6_bidder_68_2,pts_22d9535225ba94d2ffdab0867aedf7cda077bb0d3e0b98de4f309c8f8512f3f1,user
k6_bidder_68_3,pts_352613e743dc9ef62dc5bc784a2ff6663dac68315ff8055e3446c06435517b8b,user
k6_bidder_68_4,pts_9c2a2e5f9f3955ff3469ed5860895ee2c4eba46a61f916efcaea8628675b85c4,user
k6_bidder_68_5,pts_0e5c02b550421043b4f7c965b7f246a6c5a9c155d209e28c7e1ac229503ffcf3,user
k6_bidder_68_6,pts_c40a07a4dfc30ce28b77026f013804a0e048d20c7f8ce3d670177b4c8964f546,user
k6_bidder_69_0,pts_b87ee9994ccb3620dd7f6177f2baa4a2664078357a8af650a5026d3ee3362f39,user
k6_bidder_69_1,pts_97b1bd9c35a10b8ed705a7bf652269d0e6d3d9d2468474ff157789dc2c000862,user
k6_bidder_69_2,pts_05c1a2703f0ea3ec7473e8f5a9b85096e3019d019fa9a543221288087d260fd7,user
k6_bidder_69_3,pts_252675da54b3c13aff7d20874aa4de5ee3a083504c862762828445860699ad1a,user
k6_bidder_69_4,pts_78cc3568052d9c2234d6dd3a70f3ac8826ed55aff8f62514004018dfe445a80c,user
k6_bidder_69_5,pts_12c33940b010270261c263139d9fc3734b47a97a6d9c6d0ece7f656990c01455,user
k6_bidder_69_6,pts_41a1d5a6812da6d5fb3efcb923b8e7ef15f72b6b16e9a17b39c3db329599ea6b,user
k6_bidder_6_0,pts_2e1f3d431b3a33c8f1133fe0e2e87607775f4e81d88e1a466ff3d1ab57a27684,user
k6_bidder_6_1,pts_6a7e805a6ad9f62a123539b6a5910461cd645a8d05259e5a2078a1dd32676efd,user
k6_bidder_6_2,pts_74c3f05bc89c1605e1ef0ad44be663519e9d548e2987f8f551f466c26f815900,user
k6_bidder_6_3,pts_1536324ae0f0418d673be100e74277c560a1f5ae7831bda41df7d4931c222716,user
k6_bidder_6_4,pts_ab2f54328deca258d667d74dd5336b65bd95d0c2df345c989a6ab43c93a8635c,user
k6_bidder_6_5,pts_40c8c04323448b6e29c2a9c29636d9f0832277b0461ea55b409baad066715e96,user
k6_bidder_6_6,pts_5876d33f2eb5f25b5f989d4a6194eebeb5f084b1aa08130ae5da87b86a9650e4,user
k6_bidder_70_0,pts_e55a2daa9977b2bd6de378ae9530986b79e66ba2136c79d194c097562474b2ad,user
k6_bidder_70_1,pts_51dcfcf2b9deb70eb06c7405174a19689ff3c2c47a3b9646806084dd0432fc6f,user
k6_bidder_70_2,pts_dc942debef60cd43a2dd7b42d94ce0901149162207a9a6a35a1700aa3685e2a4,user
k6_bidder_70_3,pts_ceab7d5946b5342a4e07e70bb736744734b424a6f3026c436fa6530d0c406a62,user
k6_bidder_70_4,pts_a8bbdaf170fc1096548079e04cc3b28ce955a6a87ad084b0ecfe008ce6d5a345,user
k6_bidder_70_5,pts_fc8e9fa20a9b38fc1d74f806b17b4665102526333a8ba963277030d28c02aa32,user
k6_bidder_70_6,pts_9d45d7c81f0b783bbf076bbbfe73bd33575962d1d756e676599ee801c9b5b76e,user
k6_bidder_71_0,pts_ec65bbeb985c26b418325d34ff682184bd0ed3791f3d88d67cada7bf6f933822,user
k6_bidder_71_1,pts_c2eb12cf7dcad239dcd96d7821d1fb8eafcca9eec2ea5049861a76b30af5de22,user
k6_bidder_71_2,pts_fbd0d995047c454724c15f98bde7ba0c35fe7d9a70bf867d09864e38402b4a7a,user
k6_bidder_71_3,pts_92454b4d0b4af3c785df5a4d07e931711c68f45cf96a071f0d379180e109c292,user
k6_bidder_71_4,pts_fd7297ee51e58f070c29915a8fb34821b3ad65db9825cd3267fa285f438cb29a,user
k6_bidder_71_5,pts_76a6e6ecbdf625430e14ad14c5242732c0b807f6d5b0a26879da230283e71db3,user
k6_bidder_71_6,pts_32927fef8f09ecbeb7b8e693993546c30828b4877fa3c73bc1e0970e75dc1b21,user
k6_bidder_72_0,pts_8cd33530eaedcae5f661083cb62d7ffddf1f033fe91b286957c4cb0886f94acc,user
k6_bidder_72_1,pts_4e32ba98f8bbee82e8a44bd9be0d100aab4e87cea1b664b052422d9af8aaecab,user
k6_bidder_72_2,pts_b5091f1c77a024705c3ef39fac0d2212dabe42aa8f6fce62252df295773d4a5b,user
k6_bidder_72_3,pts_c342c25b34dcd18df68ea597a92e2d72d5ae656b72922f6845b8aa4915706f9f,user
k6_bidder_72_4,pts_da2537a38b8dcfef50de70303f0fd2e644d175c3d6997722a3bd9decc1ab964f,user
k6_bidder_72_5,pts_62838a58c86f138fb2b3562a920bd7744ad8bbdd2ee69b1c4407ff576e2b65d0,user
k6_bidder_72_6,pts_fc65dc5bdcb82273013fff6c5e225d0e3ed32d70263318b1ebc876b6e8202ae3,user
k6_bidder_73_0,pts_04065bd42f91f555ca1e9f1342a3bf7dd10dee181bbaabbf347f2b1639f68022,user
k6_bidder_73_1,pts_02763d6b151c051b579094249b9857056989d8a45aabd7f32daf6c3a048950ae,user
k6_bidder_73_2,pts_568d4c914e6be557d5a48b7edb6b2b670d74866daa3a35df34cc1ebf69e67d0c,user
k6_bidder_73_3,pts_4974ef1faefc333cd316a565fdf0b0884f02e3374635ff34c0c747df16f1efa5,user
k6_bidder_73_4,pts_2fa74ba0a45a41f863db5f3e90c172269d574a2879d9b356552e34688a3d7354,user
k6_bidder_73_5,pts_559f014f172445ff8944b540aa880efe4a869fa96539ad4414f98c53c2653580,user
k6_bidder_73_6,pts_3e173e4cd83d33be22419771d982bbe35ece531d6ec972c71e16c969d59c7627,user
k6_bidder_74_0,pts_00615458e048819cc8e771d15e5b76f01b421a59e37a4dda3dc2be2189760adc,user
k6_bidder_74_1,pts_13ef6429f93d7b3b88e8d9a97fca13b182f7500080bf0016b31dc6650b237050,user
k6_bidder_74_2,pts_bd2859a598e6e84ebcb5b927b0814aea55922f380113d05c62ef978776308192,user
k6_bidder_74_3,pts_85607dd31cb800dfaefc51112812f636893fd3e9f2613630a99eae9b606488f7,user
k6_bidder_74_4,pts_fe4c33c0bcc515a661ebdba3d35700b5db80673024aad8ef4d7a26451ffb6866,user
k6_bidder_74_5,pts_5b54af2dfbdb97180c7a3067080f234397fe8437f96aed92655ae410cb7121d3,user
k6_bidder_74_6,pts_1e4ceae6aacc41acf17b02d7e9e35ec01da6223bbc38b2e720ce7ff9bfe41fb7,user
k6_bidder_75_0,pts_1d04af5eaa63be71d70c20dbff3c2a504d853770d8f04750b58ce5d351c22496,user
k6_bidder_75_1,pts_a9b8c039377b5efe1d3b19bda8e0e448311ce7a9eeae166c885a957dc53af183,user
k6_bidder_75_2,pts_52de02a7b48d77d00bca7eb15dba78954c19af5d0ccd941bc423c420682829fe,user
k6_bidder_75_3,pts_d42964f563e59c2b58bd72e5729887efde27b851faf2f0d48f1941cc3650f0b7,user
k6_bidder_75_4,pts_90526b2f4e526695639a8868d863b67ae2ec9d8ba9afec68233b4b8d4adddd48,user
k6_bidder_75_5,pts_e08348b18a52d9c66269e2f35b41edee8544022f0912d1b05df52d66b9943f6d,user
k6_bidder_75_6,pts_36c42897b51e675c4c6f41dae3613653e423701e4ec6bcf05bf0ab3c64821c1f,user
k6_bidder_76_0,pts_8776d819291a248b3802508e4b06159e7558810bad08694ec045a04bd1a384be,user
k6_bidder_76_1,pts_482438188ef5442a5bf445c7f249986dd32185b7c70ad660440701551adb7d0e,user
k6_bidder_76_2,pts_7c27d1216f8a11779d6797c7affb48e7322072545252ee03a94ea78f89ae44de,user
k6_bidder_76_3,pts_09169ecebe3b2bfd34572526efaeefd7e24980bb22b1df1e02c118d9c34aec56,user
k6_bidder_76_4,pts_5e6d1be48e87df8af6fea16d0a1c5c46a6646a9f5eaf2905e955118a06b8b8c7,user
k6_bidder_76_5,pts_7bcdf55ce5b650fef01d1230a38a75c9a97a28ab296c5dd2bf4921805344e316,user
k6_bidder_76_6,pts_8e6c495c9794aa9601aa8f354107cc10f77e885b66683f8262e4a10ec727ce55,user
k6_bidder_77_0,pts_9d14cb1494bf60c01dea0d2c5ca12643727a3937091d5ad60e972ebe9305ab5f,user
k6_bidder_77_1,pts_eeb30bce58bce81ef77f9253cd15c915b1edbed9a84a0a082b8b6d6ee47c75e6,user
k6_bidder_77_2,pts_365a3fea054bb5b0509a6f898283a91b97a66994bd7b4eca22e244352d64721e,user
k6_bidder_77_3,pts_87e1bb326b1a92d692af90f273452a373f8f8040192e8f9478b46663a0275b84,user
k6_bidder_77_4,pts_b0b7b1ee82f977e69ee2416a9f83bf4c7dc1ef3a464594df05ff3d86688e529e,user
k6_bidder_77_5,pts_cd709f72a38d4c629ed41d848a1a7d17b73f0b9c3ebe02d19dc1fad6e3b7f38a,user
k6_bidder_77_6,pts_45aa56e51e7763d2d639c85f37ef70966d508d4b0192ed2ee07551078b779ccf,user
k6_bidder_78_0,pts_3b693b8ff737e124a7fd84d073a632a5dcd508322d932b1fdd055f0c889bfcd7,user
k6_bidder_78_1,pts_1f0a13c69187857931d08b65fefd828aacaa5e3d8baf32506a35b8b5ff40e432,user
k6_bidder_78_2,pts_03ee50035b6d0c48ba4bdf8bd64419c9f32dbb120969e3813866a1db09919513,user
k6_bidder_78_3,pts_b4565a8bdb3df128894314e456f959854c89f68c3ace2911488b81b3c2995477,user
k6_bidder_78_4,pts_488e610611e1ab7c46f1f3f89cc6f722e38caa10e45c5290035b5c6ecba18b13,user
k6_bidder_78_5,pts_6592300f6d7af7c148af96f5a8825c57249b437315a60f2d836410b3a77131b5,user
k6_bidder_78_6,pts_10ecd52fa58072e7b607a74bcbb02b937223a9ce9911ac3075ce0865d56b4d03,user
k6_bidder_79_0,pts_357c73851b487383648b4339b023ea17b93a581f47da05a2d89ce96f4cebbe7f,user
k6_bidder_79_1,pts_00dda5fbbb9c9c7f92c13576ad3f4123ed9d6231289a4c848c7d869472df7a1d,user
k6_bidder_79_2,pts_88b37a07bce4fabb1b6805da2db538f95f860f25b3ba5a47a57a765d5d873a1e,user
k6_bidder_79_3,pts_693fc7197259a3759c346791b1660a5ab970a2fe805274dc479bb43c822767e1,user
k6_bidder_79_4,pts_81cfc123af795d825584487b63764b4d0df2c94e0b93f7b736194710f68af4c1,user
k6_bidder_79_5,pts_26e81f1e9e36745a1e46ae368d1923b1ca3a7b4bd00c6470d00e273e2e137eda,user
k6_bidder_79_6,pts_e3f12bdb74a0c069b8a735442bb8dee2d603ff6373da5ac304293711c08f7f68,user
k6_bidder_7_0,pts_b9448d9e2684ad56cf2a797bdcda8ae19358283200968a30592a195cfc371b3f,user
k6_bidder_7_1,pts_edb4402ae9c48dbdc0e54db699b883d21ab7e808d9d952ba9994be203d5ef5e4,user
k6_bidder_7_2,pts_ddd3957c7a6ca2dc3028b23ad491cfac064ef7cdbbe29395179423a8777e9b29,user
k6_bidder_7_3,pts_d357e5c8192d1a3928e0f40b33d2bf08769a4f0999bc62af45001013f8c89352,user
k6_bidder_7_4,pts_715d01b925d5e1f4f19634f5e221c87c10eda762118f055093610eda96d0d620,user
k6_bidder_7_5,pts_76447ceea65f7c39ad8685007e70946609386574ee63fa8b338fd0237cdcdf7e,user
k6_bidder_7_6,pts_e78424e1658b94cfa9c25dac7740b57e30bc98303f0fc9333757a748515267fb,user
k6_bidder_80_0,pts_087b38684aabf1de15b2c41d6ddc9fc6b4b0edec3aca9b55ba0d9db0263270f0,user
k6_bidder_80_1,pts_3f5049090a597366bf33c83fb368b829b836d2ec701a60dbaffa2c15f0f8741f,user
k6_bidder_80_2,pts_a7d3cebfe0e9df96b28399573c7a43e9b33bd4f31e3be7ff72db2fdaf192d63b,user
k6_bidder_80_3,pts_8f8b537faed75da416974ce40d93cda9b88b6612408b0ede38d32a6ad3e9f459,user
k6_bidder_80_4,pts_498edceb8f7f398be5c5b3e55a02c04ec90cb40737ecab047b5ae9f3da92ec48,user
k6_bidder_80_5,pts_eea076b983bab0763a89855047c1cdeb67471a7d4bcd3f44b21a271b57730435,user
k6_bidder_80_6,pts_b8f6fd713f1307fe7374e81409f72faef8550e82904e3c343766da083b42608a,user
k6_bidder_81_0,pts_9ed23883005f883a77be414f65dbb3d58c464c34c8d1d0493e8c27aca4f505eb,user
k6_bidder_81_1,pts_d0c070e8c1e6724231e9a2d430578292cf8910665441b78c55e8609f5d68f35c,user
k6_bidder_81_2,pts_c3ff7d078705496214af7c2ba8ed7beda22bbae00c97ecb2de333728415b64d7,user
k6_bidder_81_3,pts_5ddd1f94197e54272592876d99cd3d8e9daf97136a022260b6037094096973d3,user
k6_bidder_81_4,pts_8b5699147b5bf16d6d81d205972001ddce88d136b13e4f1a27a9c42aa1d20983,user
k6_bidder_81_5,pts_ab349489b5d409736f06808ab3aa29d5f762a1253c48a64b83fe69353596968f,user
k6_bidder_81_6,pts_b0e719fb76c5d0d9185520bed19abddbdd59ef60a55ef53c438c76edbf3f29c0,user
k6_bidder_82_0,pts_2586081de05f62b332fec1915b80ad115f691916d168657730939d63b3998cda,user
k6_bidder_82_1,pts_e6cb9e0ee742e63d735bce10f25d5592f5a79032315330b3006bf40fccce284e,user
k6_bidder_82_2,pts_13b1e8cac18212eb15f21302853dcd5c194f8068162034db5a74ffc39fd839ae,user
k6_bidder_82_3,pts_52cd45a43dc753fe683ad22fc1272a0b44e7cfad38238ebddc1b702c5515b7f4,user
k6_bidder_82_4,pts_a6538ddd079d8ac03f0df0329c8e0df54f4c6f39064319933d796786a8a2bbca,user
k6_bidder_82_5,pts_fcb47bcc4c504dad099f460eabc660fe273713bbd06d1a8b6c37f38986ea05f4,user
k6_bidder_82_6,pts_b23cb269921863cc850494e0f70f6127f06b0b12327f75532ea748397fd59af9,user
k6_bidder_83_0,pts_3d149bc2c9c9234501e7fd390673f20f40193aff96fb430178bb2be22ff9c0cc,user
k6_bidder_83_1,pts_ccdce3bc7ed7c741cd84d051b17a6353bc3060041797ebb8d77b0ac251139ef4,user
k6_bidder_83_2,pts_8516b079e781fda84ca3727e37cc7fcc3844d2228d309a9e21d74273a899ad39,user
k6_bidder_83_3,pts_fda6cee198f72f4cc9a15d1a913b051dab42b2afe34ea67ad845afa4f397eeb3,user
k6_bidder_83_4,pts_4705e036ec5cfcf59cf60a08be0acd551519b253ddc5864eaa4d16dd3bb3861b,user
k6_bidder_83_5,pts_4ff386628274b884720528b5780fd483f1fa1b0187656c3e3f92d3b73645b285,user
k6_bidder_83_6,pts_266182ef9c6759fa47b53a32f915945822d08b6aec97afae5d2c15f0dc70e6da,user
k6_bidder_84_0,pts_3adae56150ba107a64b7703eff745d65991ba786211508664329a204a6020c55,user
k6_bidder_84_1,pts_2452f091da5f6e981bebd15124bd1b0da8227037c525bd8f8c5381d5f11eacc7,user
k6_bidder_84_2,pts_2c22941c9e492183fe5c419e583e99704615a4dc969752e1fb9b128f72bb8878,user
k6_bidder_84_3,pts_a195613a4a12290a1d3fba10da80030d0658ed5ef3c7781f5eba4fee102ba760,user
k6_bidder_84_4,pts_f45213d20db9853e74338c5ef89e3189b0fab30b498e75fb73e8e91ddeb04cad,user
k6_bidder_84_5,pts_ae66e82f5a2cd5983ecfecb064679126c938e4014c05f2de48fe9b201e15e8cb,user
k6_bidder_84_6,pts_24bb2553ea4e0db949fe436c38a8d068f141f943866f4242e4d2b322549e29c3,user
k6_bidder_85_0,pts_4e39e6e1a0584a805bc47201122729084dc9f03ad17fb2ddefd243ba5f4f98d3,user
k6_bidder_85_1,pts_bdcd81ebb417135f614513c2b7fab0ca540006b8b6667d1e529d0f4c8a7dedc8,user
k6_bidder_85_2,pts_35ef57b453b6adaa088a63b660f0478359c646c44274ba138d9b2575de7766cf,user
k6_bidder_85_3,pts_bc2314c41b097fd80727eda4f6eec8a82be287bfdc4a83f826b902886c0eca8c,user
k6_bidder_85_4,pts_d5459f7695b512ad6f70cba1d139a92b9f6d998fc3285323ced43137653bf3e7,user
k6_bidder_85_5,pts_1f4cd72ab3e672bb31cdd0939bfbb054c9aad534d98107e3c6fd82a247372e62,user
k6_bidder_85_6,pts_0905b7c5fb694fb197d2076dc9a54733e0f7b964398107c44fa951c8444e1325,user
k6_bidder_86_0,pts_7d24ff13598afb84cdfa88e3fd32da498a7d87db4b66e9b83703afe7c974ffdc,user
k6_bidder_86_1,pts_43895f58db2f5de22164b4b2079d900f186d95b26bc6eb661d8e847b13dbd6ca,user
k6_bidder_86_2,pts_25d4c85572297a049c0cb26692ec66a460f1102dd19772289d99865f07372163,user
k6_bidder_86_3,pts_053d263f6619a3bff85798ebfa6b6be84125afb41652f04197e5d03bbf4d4356,user
k6_bidder_86_4,pts_f80ac811cd83ba341f7c1e514f57e636e7d64141bfa8e09c0240b79119909da9,user
k6_bidder_86_5,pts_357478e1fa8f5ccce3b40b0aa3a23720bb93ef58c84a4d909f2e1cd918c51acb,user
k6_bidder_86_6,pts_4cc2ab6e218a0032e801e3eb337107a0f6b069d19656e100c9ffe62353ec9806,user
k6_bidder_87_0,pts_47f661ee73ee8210cd2a88926983f696783c9a1066fb4015c61b04c64fb7e7a4,user
k6_bidder_87_1,pts_6eeca74156e6c2d746c1a11431c33f4679eff6525a3135895827fe8b2ab84b0e,user
k6_bidder_87_2,pts_1acbf459783d3fdc67c2b443c5718fee8c3bcfbfe215abaa1d7f102db6ee0d2a,user
k6_bidder_87_3,pts_4f905bb1e7ca1e9eed9a87d8e4f25f1c2f3d18755adb6705000550e2ea86a071,user
k6_bidder_87_4,pts_8fcc754730bf6b831aa9906ef0bbedf9206d1be7272301853d506cd2ecc7102b,user
k6_bidder_87_5,pts_ad56a852b903648a3d72fd7e2a790fb990150f2abf6b5310f5a506a94c4bff42,user
k6_bidder_87_6,pts_cdf7838522422f5784abadaa4ec8b091d70062e142943ddd154de024055548da,user
k6_bidder_88_0,pts_d98ebb304a5356eb59bee95748013eff166db2aa4d6fa22cc8580ba770970ee9,user
k6_bidder_88_1,pts_4d92f47ae0d9a7f3c136e00bb42f03668e090b0e0febe50a251c0aa7212ca4b8,user
k6_bidder_88_2,pts_5ce7c731eeb443f5099846697dd3ad51df05968238299d88376b54eaf0ac90df,user
k6_bidder_88_3,pts_7fa9ab0a064f00453fba50e5fdaa58db251b1b975fffb18093ea940e862b4aa2,user
k6_bidder_88_4,pts_a8f09dbd3f02dbd4d1834f20490983e26cd2f2bac1aa1e3622228a3e0a5ed4b8,user
k6_bidder_88_5,pts_e7ead5db260b5d4b69f4cb4eedf9ee9d5c377b6336a2750782480200793c796c,user
k6_bidder_88_6,pts_ec26e8bcd5c8be798b1a3d6591e1495c751d197896a242b6271e34fed2430c3a,user
k6_bidder_89_0,pts_4a17b418d6a3b248f695033e9050f8bc133d129769b50ffc0dba7d14373481b1,user
k6_bidder_89_1,pts_a73a2116806b9be681be0d268b7656a6a5bb2111e716541641c5f5f35fef2f28,user
k6_bidder_89_2,pts_1e5cdfa743bdb4881b1b0aad9dd273982dfc17ee2072832d3441554c23472326,user
k6_bidder_89_3,pts_a3ee1529e91d48694347fa769a67847cbf59e72767317335d3b15f99a40e756c,user
k6_bidder_89_4,pts_3bccfafb24a0fed814021e26ea1e59903eb38a5cdb91a40f5a9e8bac2d18aa56,user
k6_bidder_89_5,pts_d118728c9035f6efa973f71809674a087a0b03a41bc37ef15b89f0e6e07cd523,user
k6_bidder_89_6,pts_641bff27b48fcc45deb303e2abc4bb5e4f2a2c71264df4a7d295d3bf8ea0a4b5,user
k6_bidder_8_0,pts_0b755fed4f23b73018b05146ff17e43a0eae1bbc5416338c157021756d7c4f7a,user
k6_bidder_8_1,pts_2a65b33ca51c863437a1546d1f8c831cfa4ff40d6e05fd26cfe86f900d169af3,user
k6_bidder_8_2,pts_313dddf19084e26fd56cbb1a395f131d62ec9b45720de10c316d89b8920a50d0,user
k6_bidder_8_3,pts_4517032856ecbe64437a9360b4a057de4860977b8fc87c91f0ba0a8f02939f7b,user
k6_bidder_8_4,pts_2c856b55f895b4a4c922684c55d663bbe5f6c46e42803956c42cc62b1f9f2263,user
k6_bidder_8_5,pts_9d9409109ebeec2150de9bc7e826e3487253018bcad0d58718721ccb434628b1,user
k6_bidder_8_6,pts_ca72151d078f25c125174763c1f780e9012b12dda6ca6cca6b704211f942aa30,user
k6_bidder_90_0,pts_a14b633f10c0fb3bc4f8a6f4c026ebb0901bcc8d4f275987467b90fd5e908f4d,user
k6_bidder_90_1,pts_ce9fcbcfd6a78ac3987ef231792b6f799bfe2d12a96a6a1ed3ffcf938bb2ec3c,user
k6_bidder_90_2,pts_b6684e1cd6ecd9f55cec6fa12eab4e4e5bcbcf62681d75e8c289d50fa9d68487,user
k6_bidder_90_3,pts_349c367395664c72943eff5740bde2d7536877bf5930d60972882ae064229a59,user
k6_bidder_90_4,pts_f36a211edde5137d1ebc796c7cc480d1ed57d08f53c3695a0b5c481230715c41,user
k6_bidder_90_5,pts_a32cce0acc19e39098d209a5d9169f7aae647e9426762efcb2ba64e70192ced7,user
k6_bidder_90_6,pts_0fa3b240135a40aa2194a33a17719737a13bcc301191267c1523b62c814731f5,user
k6_bidder_91_0,pts_f512b9181d01fc021a12bf083dd09c9b23adddc8adb396b9e843271554bc122d,user
k6_bidder_91_1,pts_76f24757d06ccf52ea0106d89bc5acd7b27a406c168cc7a8669ec195c2ad8fb3,user
k6_bidder_91_2,pts_e65dab9ccbefad900695d5f7bf1d435c20dec167cb4e7dafe94b4a952d9e06bb,user
k6_bidder_91_3,pts_5e46a5a153f55a5e8b09a0aa3f2105d433b0bcaf88eb719dabf9165c6df6a623,user
k6_bidder_91_4,pts_71282d4dd7e3e9e8c3d85c328474ace3a43f4fedb92355b21659f401e6fc0516,user
k6_bidder_91_5,pts_2febc4b0c1efdeea59716c8837d47cc56cfb5e5f4115fcf780119fbf3bd38d34,user
k6_bidder_91_6,pts_16b8fbb4461f1059ed7bca3e97eec2361c17c6aeddac8349edbb068a6a617cdd,user
k6_bidder_92_0,pts_499e20863683073162b89a87751778527319c934ac9e1a074f271b5931b62fc7,user
k6_bidder_92_1,pts_5b2b018b0d0b4f5107ddaad607e1dae6bea57587a672a0097a8da9e12fc9dc6d,user
k6_bidder_92_2,pts_1aba81d7506bc00cfc2536c81960b11553727c467569a133b5a56bcdb8d86669,user
k6_bidder_92_3,pts_078f16a97b29f0cbdf02c8665d7fb41729a5a12254710ecb3c9a102294649844,user
k6_bidder_92_4,pts_a2654c5b22a817be702ae98b3a58881995ba645069a7e2afdc701f4e1bee5a65,user
k6_bidder_92_5,pts_dd6ba955197fdbe1f2886d3d1e3dc9a44e60ff73886dd4d9564966e40618bf17,user
k6_bidder_92_6,pts_ac98daa886ff5fbc5f00a46321bfe84c76008c7a3d503aca8ae8b8369bdfde3c,user
k6_bidder_93_0,pts_7f0101c3c4376a7ec23649696a7fccf9b91eae5831373edcc119ff44b9e5372f,user
k6_bidder_93_1,pts_08f15276914cede8a71aa9b1efd7798796c67f454dd400805fb77099a00e90cd,user
k6_bidder_93_2,pts_c24b149084e64968fcb5f5f9c7f1ecad03cf9a25b5dff7e94189553b370e0441,user
k6_bidder_93_3,pts_14007a79db6f20e91483e597637024133d0198d43ee9b1ecdef2239bc2b0523d,user
k6_bidder_93_4,pts_f102bacc91174cec99d22486523487c31cabfa30ff6967f486ac320498347766,user
k6_bidder_93_5,pts_4885f88e06698afd7a6185ad1dbc25ba769223dd727b1738bc255be0f4ef9d65,user
k6_bidder_93_6,pts_4ff901e334907c65829e341a667170e645228d4c21d00162349b0d22e6000bcb,user
k6_bidder_94_0,pts_f29532accaac1d4f590ffb89faf3d8e0f4ccfb09cf93c02a1c889f004a808f9b,user
k6_bidder_94_1,pts_018fcb644e17865f9c5ec897b580ff21ef5bf3b23b5927f9eba4944fde625287,user
k6_bidder_94_2,pts_9fc21015ea50206b7414eac479538fa72447e6839fcf8925cf11f7d06aa5cb50,user
k6_bidder_94_3,pts_343d553dd037d9e26185dfd420c255892dfa27671c78c48c03c80793433092df,user
k6_bidder_94_4,pts_3dc05efa5081db9fdf8a197310e2e2ec977df6309710361fdd540663314e4627,user
k6_bidder_94_5,pts_2f61f20e2a72f73ea653b1c7e599bca5a43eeb4023605d8b0df636aaa79fbbca,user
k6_bidder_94_6,pts_b7eedb1e5a3246b0a9692622c64ca190f4fca4b83ea6573f752c27fcd1ecfcfb,user
k6_bidder_95_0,pts_284878742d05f037d51461a2e5092774edd436e92bbc9c0465aa640d1906971a,user
k6_bidder_95_1,pts_650e83bc7b5f1704c7dcb86a8b52c305fbf4d5e5cc21fcd055976dcd4f660d4a,user
k6_bidder_95_2,pts_071f975a7e921d2fca5ef1ddbeb95f367294de9392f553cbbc3571c5761bab4a,user
k6_bidder_95_3,pts_0291ea2357a04ea394a2a38d77ba2f2408ac9d0bcaddfd6f888c583c9a9e24c9,user
k6_bidder_95_4,pts_978ea16c8d6b4f5cbfa90c32231b048ff9f604f31b91e61a711c208eea4c09e2,user
k6_bidder_95_5,pts_2eeb0b94c25d3e96de655fd4b30695ff0f71bc66c75b3b02d11c51995fc0480e,user
k6_bidder_95_6,pts_dbcc91b083f9a61bc77e92bcd745206b6d126a5e76b4a99b394a7819ed3f1749,user
k6_bidder_96_0,pts_8c224510b762e196f498830db64dc8656d09d001e10e33d626779f28311bbd7b,user
k6_bidder_96_1,pts_d516bd97f7b792a090ccb81e69edf7a585ccb1c9a785dacd639b856d11d3f4f7,user
k6_bidder_96_2,pts_cfa4eee1a1d18500909353ef793585d5e08f3a07cd56e7b6a337931b135c5c2d,user
k6_bidder_96_3,pts_b928f01a8bbb83984d6eaa032195c5d038a61a38d8b658c5dc0efb2685053a42,user
k6_bidder_96_4,pts_573cb07660da5aac6c4ea16d8d9d7c2983176ed1750cb58bbbd6dca4f1e0e60b,user
k6_bidder_96_5,pts_4593dda433c5352c8a694235a833e1dea24ec66101b03060ec580f4fe7d690ea,user
k6_bidder_96_6,pts_8f8ca6247f78ed18379507b33fff4584d50e2bdfe0ac84a75cb8df921dca5744,user
k6_bidder_97_0,pts_0a432d5057e0a40ec2101ccbfd43143f16940c821462a94d5bd5ba2a7de91a91,user
k6_bidder_97_1,pts_888a9fac3375f57d912ee2db6df42ba77e865918610c48afcdfb1b10a7ef863e,user
k6_bidder_97_2,pts_83d5c4dc97d5774b9c66f145c9cb455637bf32725909c4f49b7e952d3e2e17c4,user
k6_bidder_97_3,pts_3110011d8c813ee2a7fb808b1cdf71bc504b61d396946d462a0f180aab8d6daf,user
k6_bidder_97_4,pts_104bad0ff11c8c05ddf9e5418e5d9dd948f49f43b8abf92dc1ee98d3e4bf7353,user
k6_bidder_97_5,pts_46de3e6062713e9312092429fb95ffd200f548fba1de6c6327d683c48d521023,user
k6_bidder_97_6,pts_3b9c630ab3dc5814cbf2af4368e782069a1a969ae6ab28998806fcd6efc6f8bb,user
k6_bidder_98_0,pts_90470e71ef8b8465502e8677f127a65e747a3bba8160708aad7897010641a220,user
k6_bidder_98_1,pts_83cf5c6505c58ce466105bbb24d17701ba1e1e229722d1d5503fce8b2ffb2ba1,user
k6_bidder_98_2,pts_cb9398eb4999eee5b4e13a4a4c9260b3fa2b4abb96e7c6c9bb6192ba9aecb609,user
k6_bidder_98_3,pts_332f33daab072f70ea76197534099e56b5e0a800c325143941bf363f34d1fc05,user
k6_bidder_98_4,pts_adced15cbedce11aaeedc04b91b599b166d5cb711077b07bc01d99d92f91c48b,user
k6_bidder_98_5,pts_9f29d74edb824e7f801779e2050298193e64916c20c399e4022019f1b8b4337d,user
k6_bidder_98_6,pts_93ee331b1d2ab23d73eb9f7d1cad2f7e4ad9dfa9d4a6813cb0a86a5b73da24f0,user
k6_bidder_99_0,pts_b8ced4c490a292d402f8155fda414989533f07351ca253d67830f7a5c8d56bf7,user
k6_bidder_99_1,pts_491357b73eb32f646676fdc4513fbd5196533ca8310d3f38f238fa8ccec22d3e,user
k6_bidder_99_2,pts_f0e78380fbe1d6a853805f5e0ccd06bd684e70550145d940ca5004b903e884ec,user
k6_bidder_99_3,pts_0a5ab9fcb711e9eeee3defb28b6e46c6ba7027e2928e377afa052ea2f3cdc8ff,user
k6_bidder_99_4,pts_1bdc7003757f5c9003166006d721229610557a1510211c7e9aaea4ff526e7c22,user
k6_bidder_99_5,pts_d84178232294ba0af23a11d3faf33e62ee28e2672d2b362c291fb522f430fab0,user
k6_bidder_99_6,pts_ccac579c49f97473106b163083f86b4dad5f19c3aafc7cb1ebaf01d45eac8d8b,user
k6_bidder_9_0,pts_4b38d57fc386d1c5350383b625f5c25695bec991e31215cf6ab055bda82677d9,user
k6_bidder_9_1,pts_2d11433921770af32615c31fdc74a4cf80c1a833e8f7ff55b2f9e2a03b40fd80,user
k6_bidder_9_2,pts_2c27b8987a8cf8b283ea11cfa9eb8f799a6dffc1630cd8f28c8d1234fa0f0dcc,user
k6_bidder_9_3,pts_eb3bb93b038b2f6fa4fd369e95c8c7c962197df1b70913af166ecade2a8c1f16,user
k6_bidder_9_4,pts_0b9c571115cdfecf215263650631c740f51e405383f90d6f559fa82ed96c3545,user
k6_bidder_9_5,pts_433165b407da530cd4f3e646b360c773ad67b057097ad87acb5948c89b009cac,user
k6_bidder_9_6,pts_3d108ad612947e7c547e00d0508424fc42757a40db2251156fac42dcef85ed4d,user
k6_user_1,pts_cef92b0d94df686440b019bced4171fdd93e6f56b158cf208759831b2aa9c5ea,user
k6_user_10,pts_73bb27166592db78ff2ccafe8abddb750e3ca1204b39b02e2fd74b7a36fe8c43,user
k6_user_100,pts_c25d1fb70a3b04bbbe71e92f866aac8ac177681ef879de5e2752b0abab007f20,user
k6_user_101,pts_814eb8eb937a48096fc13427063a37598a43f9050df16169bacf6d71ff883cb3,user
k6_user_102,pts_7304578e6b1dbcc194f0a040765fedd466ba2116ad5be488f8be3d5492adb3a4,user
k6_user_103,pts_8dcf3f0b0d65f25d3c57189eb8c855776f8c74294d141b5e25840b9c21d3db25,user
k6_user_104,pts_5354d8d1e3fde822fe0bceb83b7f6437036247a3cab273fa73bc9f9e39f5db4d,user
k6_user_105,pts_d856590b1064215599a780f7a696fa9db64ad68e0938a8cf38aa9df0e2c5505b,user
k6_user_106,pts_1d50a1c40fdf49e93773c60b9937b0e3cc8b88ab907c3b24ffbfa127a83483c1,user
k6_user_107,pts_697a45f784a2c66fbbfee91403937e54af4f57848d98845403fa1673bc1436e7,user
k6_user_108,pts_492b74ff27534033e18c423d34318772c4b17d662b89d818e8427cfb4c909500,user
k6_user_109,pts_cedbcce6885b17cd32c8dd80e41d3d69d784edb581ab4b98e37873b73e1efbc5,user
k6_user_11,pts_c7ac7e44accfc7a816806f873c1c07fa2d376c5f096c6c17e0dd9f905ae81817,user
k6_user_110,pts_48a6af801c8c1e9316039d8adc53c14fb39a1506c26f31d14201133beefb280c,user
k6_user_111,pts_f3422a3b8ff5e8dd578009bf3f22822f7cfc51e06a1281c5ffad75e9f2b0e21d,user
k6_user_112,pts_fb0b0f29940cf3d0c8202c3fb284c9529ab17f44eec849e9679dbec4b7541c06,user
k6_user_113,pts_18e9696c43a60d726804e6095aca609dc1f849ae588730d3c693f6f8c7f86b4a,user
k6_user_114,pts_7346f8e67491553d3a050490c8fc97a345046214ef057615888d167d6aadd6bc,user
k6_user_115,pts_b79ce9a1fadb6b8c01d19b93a665623b074c74acdbee7472600b29decc6eecb0,user
k6_user_116,pts_07a5c1f4596df15c47a4878dba62eba6a595152ccd5405efe1c4230db6547260,user
k6_user_117,pts_bb2f559050e119d9a4efdfd68067d986777f05561a2e5305bb788396a3abcd62,user
k6_user_118,pts_c3c42f18b2cb40873509be0a43149b595af045d0d2e561f679d7f67abafc4e73,user
k6_user_119,pts_d2c4913155febbd89b9f8dc23e3676c85674a767ac9aa2fe145da686d58dc3b2,user
k6_user_12,pts_e78a0448c724f8039a6564849ba00c50786e5c13d84e7f81c6922ed6d35a8eed,user
k6_user_120,pts_563d06a7263b74a1cd185ee171a943fdf51c6d9b72e25f2c175da797e6cf1a1c,user
k6_user_121,pts_ad3da517fa10ef5fb8dac9e219deb4d713f5116e276e7c901488e2a4810e38d7,user
k6_user_122,pts_34ad8dde28282ec21eb728d5adeba8ba9b5af62c671df6b63e7fa50613670abc,user
k6_user_123,pts_82504a221ff7e68cfc9ea37f735253b074660bb7161f4e77fde745d4c37a0728,user
k6_user_124,pts_c7da0232b965a914de337c54b00869b78310549c79a3e741bbf8a484e6501d89,user
k6_user_125,pts_3b654949cb41b13726de4740508b1641e7d301206a9cd770f62e4d908fb0d17f,user
k6_user_126,pts_fa376d094d34362da7f15d30ad4e8e2d264f7a063f2ea7113e72e1d7d46ffed1,user
k6_user_127,pts_982de02090b8b44bde618e10673e93bdec457832622e0e6c6135851a9be2f56f,user
k6_user_128,pts_2a96b47151949404db56dd4a76b0e982b60a0693f25216907572ae65fa800327,user
k6_user_129,pts_136c928e9f7a8aa46f496077c07c70a7f1a95b707256511e14ea3ebc6f4ea0de,user
k6_user_13,pts_35ec1bbdd571c5c4ea67f2296cacf5b1590c3164d9e957f223964b502a64808c,user
k6_user_130,pts_76780d4e866113971bb8b9dcfee9f2e785456ec0f9f01c15b7a35542eff72c7c,user
k6_user_131,pts_85b1f1b67b076317aea8bf8b0f7d825d511cf7efd6ecf5515d61f8947cf07d9b,user
k6_user_132,pts_de969b8c275f50543475da613f9c91af080f451664f99070fc1ab0557216c106,user
k6_user_133,pts_4d9dbed4f497021290167cce09c37e44c842b7e061e304704f6fbc4d27dcba01,user
k6_user_134,pts_565440b1e64493e90b1f7da39a44dfb79924ece39699cb079fbbe5b7153ac933,user
k6_user_135,pts_1a78126381507b90395508301ffe899806eddffdf80f55bc99340ce76b15d3bd,user
k6_user_136,pts_50b4cda905cd979c313f63a4adcd4ba4fd64cdc4ac86b72c1b04dab0669e2e0a,user
k6_user_137,pts_efc75b818c6fac4a48fff40d87c5c60ec38750694e7f149c28ae695a08745aae,user
k6_user_138,pts_0bdd7670e481112f2d41cd3d6924d736852131cf02198f5b84ffe63082d2a0d6,user
k6_user_139,pts_dba41214da12154825bc9a8356cc52fda32beeeb5400442a13fe8513f68d13ad,user
k6_user_14,pts_358dab0c718165d57c34120fb0acc61ae0e4b148be5b418af2f06a54a481b7c8,user
k6_user_140,pts_da97c212284659488037b5be30fa5d96db7e6076098647e1a1f2b32fe4334b95,user
k6_user_141,pts_76fedabb246390a14d340227f26924de31458613e6bc18e654ec736d3e3b7cfb,user
k6_user_142,pts_527c7dbf2c2066f1292959178f2568548bb9d32c77a83ef6cba56ed452997ea2,user
k6_user_143,pts_9a070bc739b5a0821fc6b21e976c584b46d9cd2cb1e1d92aa0c5fa92314b9f44,user
k6_user_144,pts_b51663030d22d9467fcbe1df49247250711127ba92a1ffa41e546565a96d41f0,user
k6_user_145,pts_9ee2eb864a22f04efabc376f499e36fbac09c8c26660f85cabc469eaa43e5c23,user
k6_user_146,pts_549acabed4184848e43e464730971f4b06ce65fee215aca6af26e84d68197ae6,user
k6_user_147,pts_1681732298cc68a7270ce4bf6719cbc135ffb3da0b8cd7957dfb919e92434e92,user
k6_user_148,pts_6056ffb378fda158dc04001b71d5246f8860b77206fd2379f5e5ab2623a06019,user
k6_user_149,pts_fe3878c6b7f5dbe3d62e64328ab6c5071b1b77417287edd49075be44d527d159,user
k6_user_15,pts_0c0915795534fa873011deeb28c22c4f17b055888605d2e43936b29511a4c935,user
k6_user_150,pts_6efa2283f6642b81961823f70cb7ba3b893e1e9e266ab3c98639d09df9fd6f1b,user
k6_user_151,pts_80bd3069668b3caf8afbd53e14c5b62ded3407683eaf30d591429dbfdd5aca13,user
k6_user_152,pts_8eec8e07f2416200587172fa77dd90e62f1fe4664d5d58008375a44cb088f7a0,user
k6_user_153,pts_13d738c16c957978316f209460074461ad8df1105a0c4c8c78007cc7c085d8e3,user
k6_user_154,pts_40559df2c856c313e6d7e1f8f8d01e334d6377fb6f18ddd69732d43f28024815,user
k6_user_155,pts_f234b88fde7ee7fc0dc6454ccea61239c9282508ce1a564fd790f25b4aada25b,user
k6_user_156,pts_b1a3898af722b255304dbdea291a1cad1e086fc91424bafe221ecabe1e6c35d6,user
k6_user_157,pts_81efbcf0bf054d971adc589b4185ecae34ec3c179076a6e0fd91ed2c8e2489bf,user
k6_user_158,pts_8efa12749a6b52461083d1723530e35c9430e9a527be553025f3734d720cb696,user
k6_user_159,pts_daeb6ff82df9cfa9c18ce543f13b2646a833f2c88882f5f4eef311f19a424463,user
k6_user_16,pts_4f1a8879f921baed45a11433366973447962fd431b2102d6ba55baec0d49a195,user
k6_user_160,pts_8d54ab433cc361a0e69aea2b5f6b42234ee257fc4bced075aab6b9f0cb07cb87,user
k6_user_161,pts_262d13504eecf56dfca626a52b225a1146e8c347cbec47f8062809d956662267,user
k6_user_162,pts_4c35ba1c1ee3da3e0f276e6e186987e31f926781e15e6c623e740436cc26e51c,user
k6_user_163,pts_17f781db043b92fe407ca184b5bfab12f8f2540585adeb40574231be9afe3263,user
k6_user_164,pts_f856f0c53c4323b2b654e44619aa8b398ddd494b95824a3232f601793431162b,user
k6_user_165,pts_0da62eb241fde38be706c71037272c27c90c26dcc24fd2d16dce2537b87cd5a9,user
k6_user_166,pts_094b956e8166daffeac8cf44863a1dd178cc3a046499eec1c239a89e4c403605,user
k6_user_167,pts_caca09c6e041313d936ed7928bb69ef94ce05dd4d1b557fa9e51aa0d6b06960e,user
k6_user_168,pts_92e98f5d0cf78e5078f051a1b2f94c7a5e0d8afbd4c2504871497fd609dc746e,user
k6_user_169,pts_2d66ceb48f67e988ef62fe17d48827832a5274d78a78cfc6bb77f903f6e1bdde,user
k6_user_17,pts_bc7e5dfa4e1ebe58f33acc2f80a0f95acd1867cc0bb14b57ef8acfff75139312,user
k6_user_170,pts_cd564d2f66d9cf0d31cd8099deb8568131940015b27ceb8caaedbf36f7bcabfe,user
k6_user_171,pts_ffcb09600ffaff3d74c61116ef1771415381c5a7ae2291db6a6164eb91f54942,user
k6_user_172,pts_5e33d88a569c7697d03c174c96c9b6efb118f7478549646e17ff4661cf4451de,user
k6_user_173,pts_355f09428a4f6d75769893df981e9aa03b0c72538a25d516dc88c3a5aebfcbc4,user
k6_user_174,pts_b8255a54d6589fa0bb3ce21d0d5c1ae2c4b54d9f9ae7ccb5534aa941d7ac757b,user
k6_user_175,pts_286954dd2f5e6e632dc84fce6d0a7a01caa4b97d7d567da6c7e224a1a23b1ec7,user
k6_user_176,pts_abd6d6a1bdfd1f1039916731012c5ce2f965fcaf1c08f4a57aa5a5d5cbb700bb,user
k6_user_177,pts_d341065c402d12184b2bd823c74d6183f0037bf8a2d00475c98c1ebd83946a70,user
k6_user_178,pts_263b296804add695661f125f090cbfec6006ba5344ad0b8fb77d3be4f6dc6c6e,user
k6_user_179,pts_4ec52c635bf25ded06d64678e98790746263cde1e4c65d8f591d0813472dd7e7,user
k6_user_18,pts_b7139ae5326dfa4fbd835b63d44133264a4d4fa9946e48b7e28ed5b130ed6717,user
k6_user_180,pts_eda4970119185e9193580b2bdfd272225f04ff4fca12a36ff4d36f25735ff973,user
k6_user_181,pts_3b069a8c7462d8ab99d6ff16b3284c3de9c8c453053e59d2a454da0b8f9162c1,user
k6_user_182,pts_795c1a326835a3c14a5eeea87e44e996fa2bd613dd8f248961b0d4120a708bba,user
k6_user_183,pts_95b8099c0b4bdca6f68617fb7c7653d7ad2bed427d90b224451140df2b36e5c7,user
k6_user_184,pts_685d28b9f237f9389e2828f2b14603ee8017e753d9095f732c91fbb423fc803d,user
k6_user_185,pts_f9f7e01bf9c41f7d147144f005c7e2174da5345d5b5e9013d7810888cfdb3df0,user
k6_user_186,pts_f14666268628318e289f6d9d84b2d1660dce4203ec81334830bcf3285dd6123a,user
k6_user_187,pts_3e3eced93f652cb29fdf0bfdf0833a4abe61ef7a8dacdc4581e9bf0e63270b2f,user
k6_user_188,pts_50ed8c9bd6a8c0d57b143a1ad756982f7c3bfd84a24bdec8000b6fdb4b664b5e,user
k6_user_189,pts_b869db3a13f40943d52cd8b675b0c6366a8cf0c60d8187e25c3db0fd1c55353e,user
k6_user_19,pts_66bcf57e8a0c5e42c9c37dce950f15076ff58dc1674b93640339c7e6fd6ea1d5,user
k6_user_190,pts_1dd2820407595d0caef2838d29c4a8a383681f6231a2f69ab1f92f07f08d0035,user
k6_user_191,pts_e59cdd54008a992773f90374ba874956290e113c9e8126f41438ed4a5c8aa682,user
k6_user_192,pts_fe994438faf7192f4202e2ec5232078b952a1c3ca4f31a5c10087c8e579920bc,user
k6_user_193,pts_9d2b989a676298ce63c17b64614420d2f350643e1dc0b247fce487ea7d17a99a,user
k6_user_194,pts_0d0aa5c1c12f446673a2242fc986371206ddc294a175e20c15869d0baaffab23,user
k6_user_195,pts_a4a3b16e2175ada549426025b358ebe4c962ca911cc7b7986726fd0c02541ac6,user
k6_user_196,pts_b19553278978317af035a0bffa97d93d8af9beb3c81936b64e542225d9aded7a,user
k6_user_197,pts_b3afdac52543ff57a1644c1e3411ab342f458203a48e84f1aa0cb49bab4665f8,user
k6_user_198,pts_c1462b223b6b6d57d2141c37962a06ac1395b78b60cf9d668bd688df7170504d,user
k6_user_199,pts_6cff38d015a0559d248e3e6886922d25cf020236930fadf64c7e76a1f1e39433,user
k6_user_2,pts_6ca18a8a4ae5c5c8faa1c7f6cc8c555a4865531263d66487cbb5d3967d916d3b,user
k6_user_20,pts_a75993947a48a950a7249a6981a8ce5ba8e4ee50bf3c4ecd933b0368d5c8d854,user
k6_user_200,pts_b9ed7be1bacb16ef4b53174b4c4d7d12215d794bc60357fbb60c7cb99938ae43,user
k6_user_201,pts_a715f04dd59d4cde62450bb9f1f6131086d923b605c8bd4dcaf573eab24dda0f,user
k6_user_202,pts_d13596fcf4d43a42c2f4e1ce0e969df4f2a59c8b71eaf085064a5ef2a1bbe474,user
k6_user_203,pts_12aa67519785c01de0e7d9cc6a1dc9b88006dc232339d8fd069648d2daab7ad2,user
k6_user_204,pts_f209bbdef51c2eba9d0ffeaac54c1bfda9ac21a0e077c9dd679d3a37c6a45f08,user
k6_user_205,pts_78befa1fd2ffc9a883025686cf2f558ab7375e8d09f5737aa04e81003f678ad5,user
k6_user_206,pts_56efe8b8ead26edaa89b24a59e13423c826d82054e823037d3cd2f9ea7a7f1b8,user
k6_user_207,pts_e2ffd62958f5a0a4447f041652e70e85d3a1cf4e84d88ccc071cb009a983f43b,user
k6_user_208,pts_6f9923505d3df7a59f63818ae5a5e0e8ebb56d7e755e2272b692ef7d4989ff6f,user
k6_user_209,pts_a29147f1c3ec8dc0da65e919d7f1ef8fe1a01a080e4317bdaac21214e6da7fe5,user
k6_user_21,pts_00424c954e42998f13271c09dbb79fd51295589f4d88c0d38f70a3a061008d2e,user
k6_user_210,pts_66a5d611e8124a2ba59114e0cda5f5285d7f6766da0fe0e02ea4aab57014ff84,user
k6_user_211,pts_ab69c69ef44b420f588b479e979421bad408b7ed1e40bd1e2ae85fc73e9bf46c,user
k6_user_212,pts_5e3e9882c4d6bbd260a22cc4c77b87b3aeb80de476b5d64fedb2cda817c0730f,user
k6_user_213,pts_6916200254ffba3ae8154496e0847f52f7272b42e95685758e1920277ce5b357,user
k6_user_214,pts_9f8e9060ca45c0660831f9ed5abe8a19a72fc11bab5ce83d6628df42dea260c1,user
k6_user_215,pts_5a128b135a83e13f25ead659e64ec13ad0f4bcdea37d462bc01604a354cd23b1,user
k6_user_216,pts_e688bc849cefeb0ccb4c80838b53db081b366150fc38c68add44e922c441a3ea,user
k6_user_217,pts_f91f29123d069ebd3bcfe4bafa3a39cedd04ed62a91edaf011e401736c4a1cd7,user
k6_user_218,pts_71d9e22f939f39ce925352675a09033bdcf4773843a75e55dc5123add733cc6f,user
k6_user_219,pts_46bd45ab90676eea7c678e73fcfa4856d537837e4c66fe96ea399a73992a5d63,user
k6_user_22,pts_88339a3113d823c63920e7a340254b0663c59dd764ffe445812b660f37079439,user
k6_user_220,pts_957803895319246304f925846eb930503501a438195ff4133cc99eb78253f5f7,user
k6_user_221,pts_2a00cfab81aa16f9b4be4a3102ecebb19bece6dfddcf571ba93fc1de22b059ad,user
k6_user_222,pts_415f25e0ed8c05f291562418f62e68648437caaec3b31e93e4e087688fe26f26,user
k6_user_223,pts_1107eeab577d524d432d412e872162b7c65119b8192bd66317522289176f8625,user
k6_user_224,pts_d6f203181aef2c3b0906e26c958956fba75ea9abe31ebae1bad5b4404bc396c4,user
k6_user_225,pts_aa5861fbbea4b8fb52ef49f9def2eebd3b1d5b955be23fc5d39cc9dedbcccf15,user
k6_user_226,pts_be2de754578fda144a2eafe6a4d4290118aa5b9221f463dcc9e3a301dc5965e9,user
k6_user_227,pts_7bdbef3c4bae6a429808a48cb5c4048261c85d0acb78a93502a72167c8c9034d,user
k6_user_228,pts_92268708f0e26dc2ad5882eedbe1a3da4b547d72c8c37f9a064a486051018fae,user
k6_user_229,pts_2804aca0cdf70ff086def447b61ad188e4cbc5468925462d98a74f1fd3435cdc,user
k6_user_23,pts_62e72242dc8cb47abf8eac3ea812f845293d6fa93442503cf046ff76fc2aa448,user
k6_user_230,pts_a73c462a61373f5dec85a9e17b760e8def844cf711a502ff38ace6a10259cc8c,user
k6_user_231,pts_33923e94efdc880dc9eb6c264a7c4b0a4e19cee76b85d555c1abf9f809e3f34b,user
k6_user_232,pts_853981f00ffb0bd3d421b97525d133a29d86aaf13107eb51f040415efcb54f81,user
k6_user_233,pts_6c494053bf123bdfe4c12f523cddf6b41c74f29c69bdd7ce30897c34f203aecf,user
k6_user_234,pts_b2b12973d3cdeaf136db2648c675f448b459f1ef551b60f6e8321475b59ebf27,user
k6_user_235,pts_0001e836787eb92fb55af1fc7875f1a3d093e39213fea007ac29ffeed688c222,user
k6_user_236,pts_4594bd8d364cbc3d81dff6880729f743237b6c87c3426a4b0c65ac65900d4f49,user
k6_user_237,pts_077f9fc65319e52fe65f91c5c75fba89869cf4a2675dc8d0cb2b624c65ed2dae,user
k6_user_238,pts_854aa4d8993bd5a918b2cf4d5719a9536d4e3be593e6d58145b8a92e1a79558b,user
k6_user_239,pts_b5fe65a9f74dd273ce9738ecbdc365daf4d359763c35c7316cc57cbd7dd81ba6,user
k6_user_24,pts_1f678141d4353f0cc1372a025901b12f8abb9c9815a3eace6c377c41c24b3931,user
k6_user_240,pts_489a3f605d4975307af03f4d1040ff5d0809cf236e406b146ba193e63450c58e,user
k6_user_241,pts_a46290ceb5fd0a3978edbb3449f05a6f8be664e8c7989d5c7a8d208f7ee5ca74,user
k6_user_242,pts_157953d7ff6ad96f93b633026b09105284f5155542bffd33a62331284326b831,user
k6_user_243,pts_fd90a31a0150b922c4ac48469140f7468fef5abf50a685e2f4f99455176393d3,user
k6_user_244,pts_8a3fe75d1d6b6a71cb9e99543d91d2f230eccdbf2440b2260ac7249d7b8b94d5,user
k6_user_245,pts_8907a6fc9638fe9543de8502c262f39129a4233b300867ed9bf042a94e1ad465,user
k6_user_246,pts_67573824c3375ade2dd31970418ffa759f786bb0d3f1f4d1fbc6ebde80cc5d5e,user
k6_user_247,pts_16fb8fdc18f92db97ec1af3355aa502de261d054f861e080a9a8b3d0552b8c7b,user
k6_user_248,pts_28c985b71315f8daf618a56d735bc5e5ba4dc771761059506a8abcf6f3cc7e79,user
k6_user_249,pts_18c7cce75f9d88937cbddcceef53fae6d4c4f829d1e887cfb69a848b05139f8f,user
k6_user_25,pts_7466d1b3948b7bcb46469c9e62fcee6683966d163b2edbceb23b189da97ba03a,user
k6_user_250,pts_10f9d4e769ed67525e23b579303fda137f9b3a2b339b1dd1bb665fb7438b14ec,user
k6_user_251,pts_53f3cc66be13726dd60c22617dfffddb9b31ed7d78f7a1d223d146cca9b58496,user
k6_user_252,pts_440011ff37811e42e92e188be42a9d97c78171e631ebbe3c5b69723f2403b5db,user
k6_user_253,pts_a6646149c7fcf888f46bb241db83ac10c18d650cbba987d69a2b04f9535d76ab,user
k6_user_254,pts_0e4621d924751bb906eb2bd0587362aa3fd2b1c6a4706c2eee8a82ec57b39e61,user
k6_user_255,pts_6290c5a5861cd28cca70c3a87ec6a2a93e1e2763c732be37d615953258f30b6b,user
k6_user_256,pts_330be7538e3f90844f3d8920df4dcde41ca610f7357f48d88c3bf79cc6e83933,user
k6_user_257,pts_f3c4d9abefe9baaf641e0a1d159c400a4e8ac35e33b3c272729e9a9a8b9e5fa0,user
k6_user_258,pts_8661b58434316e193ddd5990a70f6efb3c5e8374fe285307973c6d11fbcadf59,user
k6_user_259,pts_1987d07058955deb4cada828dd7801b4722e48f4b9c828b34066e08ffe5fd455,user
k6_user_26,pts_83b2c948af36d690c23e3c342ade8fb60ba3c453ab87f1e0e90a10261a8c724c,user
k6_user_260,pts_9513fb54de1942d5057a295e90138c524430fb9db6a7d97911aa5cf19d17bd62,user
k6_user_261,pts_a64b7a1fb69bdf486c70b9150554e08371411e9dc3177fa8a8dedad9255ae3af,user
k6_user_262,pts_44a51088db2bfe127e90951f749ec9bcf1b6f6bd0f0f7af79ea8d208b1ef5aff,user
k6_user_263,pts_e5750bc7c2eb5573155bea9f21c1a59db01cce224858d60fb9921d31a5f3b456,user
k6_user_264,pts_d2fd07fc0c70533efa610cfb2ebefc0e8f838e9bb78526d6cb1f82e731b77b80,user
k6_user_265,pts_fe32fc1db3f97ed1581c346017a5ec8a34c6604b3b01f0f31506cc19b5e8544b,user
k6_user_266,pts_a7813bad735276b00940218be607a0d30f97fbe8b521367bd756d6c3808bb3ae,user
k6_user_267,pts_df9f93a8cd18a7661e6aaee7fbd33eb075ab56255b8f41f97b61ca909417c977,user
k6_user_268,pts_374ceb45a4e496d91ac34b89236036881ad7801ce8dafdee261657405bed2f8c,user
k6_user_269,pts_596bbb3938db0525086a2b19d18f7e6cc5ed716d57aeed8c60d71c03bdc846cb,user
k6_user_27,pts_bf59583819899dbc56e3525a7af76552f5359e9c61cea5b492fb2b78b3c4db12,user
k6_user_270,pts_dd553ea51430acb29bf432428e08f5d67eb7078d06f67305883d6e874bda5b81,user
k6_user_271,pts_a2ec0b93faf1abe8f0edb9151e6b174185716512c1f08962e81cda8530527cbd,user
k6_user_272,pts_d61cdc070cfdf76d779ee51e23b49e2e26456bfd288c491bb6f5e7af06fd1273,user
k6_user_273,pts_e3ebd8e74692dba7f3b4615037eb16a7ceae98b1ae45e4f01f3f148e505d4cb3,user
k6_user_274,pts_a57fc565db0ee9a471771a96846415f151c0a40c55a737c0c9ac56209979f7f8,user
k6_user_275,pts_fb4227eaaf950163f6bef9965cbd92e5069e7210f6bdbc708aad654894ebeafc,user
k6_user_276,pts_ea2032c6e2162a5ca116fc99a53b53de0953054a5021c33d7bcb42ab9ed9bf1d,user
k6_user_277,pts_10c792c9e974fbf83183b306e6b072f6ff3d7f8bc1cb033bc9f2e358be7558de,user
k6_user_278,pts_fdd497c8dfdf063ed5069ebc774bfe1f69b12165fef148adde3fbb23685adf5f,user
k6_user_279,pts_7a90d0a427ad9760a76a9b3032c88d11c72eb726d365bad163cb95aecc794dc8,user
k6_user_28,pts_97b3c78ae4f9ef4a8131213f6d231452595497c6cf5fe6633fe50ca33c8c43fe,user
k6_user_280,pts_d63cb472b0abbbbb5074ea0c44cc2205df6118182e7ecf89cfb6c65ad630a9b3,user
k6_user_281,pts_1c78ae4e13b3eb3bbb38955f47e6d5945ae804ef67141521853d3cae4e72391f,user
k6_user_282,pts_11d2bea42161ed3713cfd9b66196abe7184d04c2014dc4169abc19a836a55346,user
k6_user_283,pts_cc1e6c34c7a5b33bc9c6409ad86beb178ea15205458227f4bbd42c1d91f8c72c,user
k6_user_284,pts_a7ae44c8a6fefddc560962158bc82eb0d4eb0a972134b39039186dec6ddbd1b7,user
k6_user_285,pts_369a7131f321016506f3982b3e1193cea7daa3a36b56e98cbf79a00f3e0125eb,user
k6_user_286,pts_bbb1298c1daad31d0e058d308ab2d8c88fbb9a6782e92509ac125732f9add0eb,user
k6_user_287,pts_91182458262016971697d7c43f1de3f346bf3481d6008c2a90f5c8fadc762232,user
k6_user_288,pts_e36dbf1812a99c55fed05e588d4762f4ba09c5bf4378529b2452a3a304853c43,user
k6_user_289,pts_964de6484206701669bd4033362498ea2139700895437a18169673808bbad671,user
k6_user_29,pts_955a5a77bc54fd99283f3e22d9b79d61c3a1afcb4b14f3b7a89e1a87450541e0,user
k6_user_290,pts_4637bb3a9fe5122e83f22825b2493094284ce3f17747b890e2dff4e4706c0074,user
k6_user_291,pts_f76f07011980751ff54b2c1e5dbceec0cf5dcd53a74d25171c608fe354b7f9f1,user
k6_user_292,pts_d2d4ca0ee9b55a914a5816799f64de3f1bb9196bfd957f2cbbea4a461d9a9f63,user
k6_user_293,pts_4e508b4c1b6ead91eb9cb9bdb0fc7e3abfd2862c700d60ff936ac7aeba6a9412,user
k6_user_294,pts_a958fe541d0bd8f18ddbe696acb664e3666f656294e48920e8c2509ef9e3eef0,user
k6_user_295,pts_16c171d82d838bdb8f70b1aba31b1a02fb56ac72466ef2efe007082ec18b3dcc,user
k6_user_296,pts_c3ad4baa27685481b5167ac9157477de4166681eea958070785e591c3a2ab0d6,user
k6_user_297,pts_e9964d2b2d948c4115423e328a2e86481a04f4bfc2a53967b7a3c158740eadbc,user
k6_user_298,pts_a0245dae7242382a48e9ccc9d66e4e5cb1833a819da527566406fca6fd26b87a,user
k6_user_299,pts_5045b30cfd3ee481dc3184410c350cfcbe030fcf7cc35f86f1790465a3f3a52a,user
k6_user_3,pts_97c14d53036f36552675795db7af3a0e44b30d737a88dbfcf79f23c13005d59f,user
k6_user_30,pts_76f14de9744e8479cf28c4532c014c2ac26d13c4b132577c332c94635aec1763,user
k6_user_300,pts_03b15edff25d31ab5a6da6c163a8343a1dbf255c0046034b105af13398465fcb,user
k6_user_301,pts_4b48f37461a95fb017c4d8202ca595ad3444b8bb75af3a8a63201bd21dac4f74,user
k6_user_302,pts_8833ef80aa3c101cea86c57170ac090d6d41925c3fd17a824c12102834b531e3,user
k6_user_303,pts_5ac61fcd75f370d86edcbae71c1d5ec787ea59144ad1ab0fb7535593b9dd551f,user
k6_user_304,pts_3671ecc94ff21c1ccb56d107baf91299dcc76dec3d4b2d966967dee0b8f2f0a2,user
k6_user_305,pts_b78fa356fd3a5308aca3090b5d2db4bcde91df705b5fbcc8c41320d4de097130,user
k6_user_306,pts_fe7015972228f4fd9259ec2aabd0674dfacdce27000261ac48072e195b3099be,user
k6_user_307,pts_9f9293f71b505bb63bf287d6b89c14ece8615a20aa5ec69980eb78c489bdc244,user
k6_user_308,pts_5a3a0527cfab8862933341c0276159e080a67526b92f8397d2b9199f6edcf00b,user
k6_user_309,pts_b66cd811877ebe30d95e96cc806f56bdef9a6ae7bb919cc3c533099bd446049b,user
k6_user_31,pts_fecc1a5f248122a28360c368c419d6e6a980165a65d7f5fbf024bee746dda87f,user
k6_user_310,pts_ed37dfc064d1ad14df7b0e6e729cd460ca5fcfcffc291831ff6931d7e44c7a5e,user
k6_user_311,pts_e50bde36c8a5e55946cbb4486d3dbd69fa0710b8b3d827edfaa7eb6822acacb1,user
k6_user_312,pts_744ecf33755f508e413933f9728650fbfe8263ba3531830b666a3d4224a2f275,user
k6_user_313,pts_2cfbe3cf847720ec889fa99144a6925b38576e15c56abecaa2cb1c89493af190,user
k6_user_314,pts_7d4c00bca5aa5a0537a1e71f2f7ffbf22e7b605a18575296fc3de687f49e2467,user
k6_user_315,pts_b2ac75c8de9ad92471d896f9d1957bc78069beef7bc445647f1ff56f9815f8f6,user
k6_user_316,pts_7e5b0315c9694863d1960ee5e2a1c152d71efd53b79f0b7e87dc0e8d463405c3,user
k6_user_317,pts_f9e5e883836af1a37b63a50bbe10dbea9bfb168b6f2eef3cf61b27bc03bbbdf3,user
k6_user_318,pts_4d02b2dfc60ec29208f787dc2868fb230bff3be259f267b3564071c8a2ddab28,user
k6_user_319,pts_c491b3e0212f30c5d02ad564b216a9b90dcff5efd2311929fb4ec4843b37de0e,user
k6_user_32,pts_903bd673bf7df9fd73e02e3b3e8810417b902f1d3c4b0ba9742f1f4bf218fbdc,user
k6_user_320,pts_7515f27667060591648ae9fce9e7c9ce81fa07b6a04e3e3560f45c2dc331f40b,user
k6_user_321,pts_32ad4d38c73cb6e114901a96cb936eea4a5ca20b95c1f0b1e7ae1df1c3834b8c,user
k6_user_322,pts_f06fdcdcc465a25e83dfa4325c2ca601daaea0b01eb2406ec57354dbeddda515,user
k6_user_323,pts_f1e5e44187c63bdb2792d2bc8e042fff34954fef1817b8796c0239953cb56856,user
k6_user_324,pts_17461b89ab136d85e2c1de64744a94b99b948a5ac6f52ba1074ecccf7b9c8b7d,user
k6_user_325,pts_a4e0212392f758d005eb27689f942381b8ca672456c314054eb1798638dfb384,user
k6_user_326,pts_21253c85bf4e6071ad8a438874febd55d3cffc29b06dd3fbca75ab67c3389430,user
k6_user_327,pts_e825c6a425cab4e95d0bf8238cbecc0d42b928ead33b771647d2be64bb617096,user
k6_user_328,pts_a46fe6cdcb9edcbcf71b3ddab83a8fe851d556313179fe827fc729f600a942d6,user
k6_user_329,pts_a831ff24ef29addb342423fe0a7382d29d98e86cb31f1934e40ec566e8f2be57,user
k6_user_33,pts_2efcfd63ee96cec4c55707ffa218f334904c0f29f6af291a4c582c0609cf69f7,user
k6_user_330,pts_c3e0aa7aa4e45fd6dafc92c30a9594d4e8f980e81f49c0773dec7d8664303835,user
k6_user_331,pts_b9f561d03d52b01f806bc39106fd4eef3dfa374a38bdec90e3afb3854d5b3c98,user
k6_user_332,pts_04413f63c258ea4025c304c87488a66f24a72b3d79111fd4f054c5df1d689bc1,user
k6_user_333,pts_84a7970b955b0250de83f9166845cad084f9e56db99b1089d4bef9c1cec57689,user
k6_user_334,pts_1d24ae79da6704869f6d2f3f4005bb4e7a1cc33eb25114864350a43c64617d9b,user
k6_user_335,pts_b4f75ac1ffd759cc8cd5918e78316623109a6b87992eb2bcb864d7c8c1687b07,user
k6_user_336,pts_0864be8cda899230c4f71f1e74fac534f7f6ba4698d30d75d691c1a328618b1c,user
k6_user_337,pts_4585213a809c4cd60ad6ee510ec56aaf9fe5d70b25413365103c5de6961dae50,user
k6_user_338,pts_309b958e6871c16a419e872c23ea70c1746fcc3e02dcd03ed7dc35918dd7fee9,user
k6_user_339,pts_121a5e24c1200baba2cee7e3894f96dfa9f94187392b893894358070c5e8d302,user
k6_user_34,pts_2b28f58b67801938cbd232d74927f995bb99f6d1f7d38c7d47971675e5d53dec,user
k6_user_340,pts_0bc0db757e8510ae85b7f1bc973809e23876445541ca2d5d1d74180be6488ffd,user
k6_user_341,pts_bfba96b68b812e2082641e0dafea5883d99e08243d40ef48da9c488dfd12aec8,user
k6_user_342,pts_701159bb011d6de6c6e40c2d017511fbeb8c3189d5dc3bf36d2b4a51340af5d2,user
k6_user_343,pts_5f9892616d002efe1fc01452784f954c683f43b7b2b9c021f7915136766c2210,user
k6_user_344,pts_d28138ea3aefbe8314500c21bff3533013201d34ac0c0c59fe5b5953cd94a13d,user
k6_user_345,pts_05cc2efe844dee1981a5ac0ffb269096740c5b28ee03d4b32ab2cdd8e6776c5d,user
k6_user_346,pts_7b2d7e77e65acacbfbdd0131486b551c02a5b86d45deace022d71f34b2211be4,user
k6_user_347,pts_ca4607fc93eec01f63752c3c6464b360411bee99a95344b1897058f570fb2a55,user
k6_user_348,pts_f8face0aa5010108eb03be7e25c916f84afa673a9f7e3432bf46b0a80cd6258d,user
k6_user_349,pts_4d083ce9486c02c685aa9dbe564fe5ce1dcd1d7f18b1318bcada515bf76e7d8e,user
k6_user_35,pts_aee52846c4711b9a350738dda01878d2a28ed43b3b1af16031344f9282c29578,user
k6_user_350,pts_815168f081e39dd3f1ada4d72ad07b367f7b64e765ab69d7a9c9e264b696b011,user
k6_user_351,pts_85c0dc221fa8913dc97ad3cfe27a3680913618de63737af18911935ca004b510,user
k6_user_352,pts_2c543f0dd02e5bcdc8b47b9a48d4ea0fd97a8054e7fb246509295703720c1041,user
k6_user_353,pts_691ed5a93571999a18edef9f4fb28824b1bdbc9b174a170b501e9374efa79ec6,user
k6_user_354,pts_fee477b3521f33c31141ff537b2814da55c242686663f128da8fc8eeb31f4508,user
k6_user_355,pts_339fef766a724e2f762abc950af76f1c2678555f4638650c2522f066f2ac8b31,user
k6_user_356,pts_e9cef2c0065a6f45a1a638ce3d1109b7fe00beb758b475d65dc63cd92e555a04,user
k6_user_357,pts_8a3c357d2481995e1560a28bf04fc7ac2e4314a13ad392887e17bfd1d786fbfe,user
k6_user_358,pts_179abd93bb58186916e01158ec7bd59df2cfe05c0813f062b95a1197cdd2d877,user
k6_user_359,pts_7a3a9ff6bc084730b349e79e28c08866cdf0a1e5108a60a71d5fbdd18075995b,user
k6_user_36,pts_e465ce0b9db22a3908492431742686e64aa72f2282f2e1f7839681ce50326fab,user
k6_user_360,pts_00c9381e40b36f52991dea7b8d6af149de01b330c72043a5f22aaf219c7c2f57,user
k6_user_361,pts_6c7c16ffbb178c0917facf1b264036a1f2393fcd7ff7f4fdaf13037c6e7f4f7b,user
k6_user_362,pts_0c867e15c5dd42fb8c83b567c3a803e4ab23d15b4150ab9685856e0fac82ac60,user
k6_user_363,pts_ad1eb79f0247173c5d5f2a1cd4ecb263cee1a4cc8c68512d3d9890f85ff506d7,user
k6_user_364,pts_827c3b2961512d836e8d9ccdbf7a90f34a06ae525f79ed4e2ae94d3323896f23,user
k6_user_365,pts_8c24d05732af3cf44c3e0f8614b1ef3d264dd5c1361f5210e20aa0078e8ddb4e,user
k6_user_366,pts_542d74dbd766a66ab3e840d9659e2b934c125188a59789e5d2f6a83c54bf880d,user
k6_user_367,pts_75120786217f992180fa158672904471e1cec1f4ba7dba797bd3ce8b2ce853d4,user
k6_user_368,pts_da618f8f9811423f5f2f70f74c1abd9c182004fa2fbfe724e2efc9a33217279e,user
k6_user_369,pts_bdb37df6bb82efff26153a9b3392cf16e19eccbc59eb9654d525d1d7b770abeb,user
k6_user_37,pts_67c76da56fe98996fb24aa9b1f1780afe3ddfb2d657c161492a288649df5b45a,user
k6_user_370,pts_d300fb899b93b0b2c2c555bfd62753403824428bd37b07f5a4f38db1db339ff3,user
k6_user_371,pts_7b4c9e3dc4647c497b89f5a18023ac7683865eef2fc848b7f69d2fd7eeb43a87,user
k6_user_372,pts_3c2cec07cad5f969bb08e2c50246974570022ed727e8b94754e61ea8afebea2c,user
k6_user_373,pts_e783f000f249a8c82aabb53cb9db1b105ceab114793e44bd50d2b1ada2ea9d71,user
k6_user_374,pts_3fd5cbb8e5c4233c2ce9165c7294953f6814453c37374fd7a68f4f5c3ad405d4,user
k6_user_375,pts_9234e2284936a92e78321ebfb0b03c5064e81fcfc2abefccc9859e3ef7625ee7,user
k6_user_376,pts_53715669932e8d53fa244c68912a6ca33cf774b94ae2c071a8901b40e8ab763f,user
k6_user_377,pts_db874b789e9f8012e8f88621563167b3abca8114f7aebc661161c82f778bb461,user
k6_user_378,pts_b32cbb3ed42a05a4f587e33c19ac07b7296afcd1eaaf41314f7223b0a0696ba7,user
k6_user_379,pts_3cf0eef4024c55e3e5398fa684718a6f26cfac8d6b940e21f4ec2335d03398ef,user
k6_user_38,pts_9d8a4fed85b004add8345adbd835b9e84305459410ca69459a7901276525bed8,user
k6_user_380,pts_128f87a16667e1d8f40722a3f6197a6496012b17d3b1e7eda3a4679dbfa72dd2,user
k6_user_381,pts_26964996e7d0152c4470684e6668f85c95f7dd31aadf109beb9b8071fa107935,user
k6_user_382,pts_d0b21b3af7fc60e5c8e03a1a5bdef49fb12bf37aac404e272b375aca44e99d60,user
k6_user_383,pts_a5af0d8c58bfa24f31a29b59e3decf35e1002ea861be03f700a33fd60813988d,user
k6_user_384,pts_63ff66513a51e7f8e8fe63bc0dad30a233a13fb13846284757f6402d640de344,user
k6_user_385,pts_e0b83c6f2979a42d0a63a6a99fb5c8c139fa539c93934c4c5f660b0dd0b01165,user
k6_user_386,pts_a24506ef09fd6e270c9893486cda5a5db89bcebb39ca710fa615b59270cd4440,user
k6_user_387,pts_969b8e1567a8c3f8a3a1b244dac87923cd22866a6826e4da237e8ad8c1934c79,user
k6_user_388,pts_cf25710234a6e39b78108a0e7ec7d3fd1d498afc55c48562f150cfaf101b77bc,user
k6_user_389,pts_e81d46fa30d3f56e7685667d8e403028e05a025dc96ae3d6d3b6408cead13bf4,user
k6_user_39,pts_51e6387b517e0df957a73922f88a234156f355dccffbc58a7d857564332d9185,user
k6_user_390,pts_5aba01e65936600b3f3016280f23330a97fc0ab222582f491dc5239dee7d9f4a,user
k6_user_391,pts_423e95de67709a71afcb85b0afbd5136b20bcdfd26ebdf10c77edef8be2bb154,user
k6_user_392,pts_83bbea580f85602d5eb4ec92d7c491f73e8378ea87e682447bcbe5bcaddbf60e,user
k6_user_393,pts_57e53f472510211c78077f9d6be0893dbe1bb8c0eb37c15909ca57a00fa0a197,user
k6_user_394,pts_696927d8210170d4386403f4127b38da94545977faa13dd88733248e97279c21,user
k6_user_395,pts_c70181a5a8819d0829f704758928df5a64c9d202631040d519147eb6199397f6,user
k6_user_396,pts_dc1e3c001ae37767ff2e2399d234faccfbabdaa41ac22fab9f3b537c43d1873e,user
k6_user_397,pts_3c2db703ca44d3081e8b27db19a1643e335f0479b6b3c71377ba806ce85b8ab6,user
k6_user_398,pts_05b2140467fb81401634d8afc3734b6310b74f9f211760525c069fc0e5ff0136,user
k6_user_399,pts_82d265890cdfc8ef4f253004aede158352c45b29724aba8e11a78c7ff0bb51d3,user
k6_user_4,pts_ada6c0d924f80571f34f8bf633455e98592bf391f6d1476886280e779da48860,user
k6_user_40,pts_1d68414b16996bbd4761cfc9c47d256e748f56471cbdc5c075d6fde90c63476b,user
k6_user_400,pts_6400680032b07fa8cd85ad201593b96fc7ccc85adb331e9d6fdc541dbfb5cdd5,user
k6_user_401,pts_7f526e1aa40e3d11339c9eac6606320445fdae12cfddd32262d7873a517b20e9,user
k6_user_402,pts_5916a3ed9f77f5e7be98fb9de4f2ce83a45a5ecf133fca726a24b780ddd15dda,user
k6_user_403,pts_44228df51b6571e5b91cae509655040811b6444ff4b6f8b383461dfebd825b5e,user
k6_user_404,pts_d274a969976befbe665341708a29cd46351264a7d84dd4c6675346a9a022fced,user
k6_user_405,pts_155464f3f554dffca9547cab8534699a8f9f4fc04fdf63d191e7e3867e77dcc6,user
k6_user_406,pts_eeec47e8f894272113f247cbe8956242621e14061ace5603accb6e949802f1a5,user
k6_user_407,pts_1f792c79cfb0d2207bbb54235cf3feda1f4d2989d0cb3f0d53ae58c3fa1f12d2,user
k6_user_408,pts_48715cc6ee1c9c11a050994612dd50ad94455e48990a019ef29a8b851358dac7,user
k6_user_409,pts_0c2293f300dc6791d7fefa9cd71a041ea12ca2c69c20e5da9314b4cf255354b9,user
k6_user_41,pts_32f817b8eb03fdb9b43869c5d9c304728baf7a3aa17c6a9a929cabf267bc8e96,user
k6_user_410,pts_756533909d2962732826de64a54a7362547b93e300aeeed27fe45fc9b4a939c9,user
k6_user_411,pts_f461e52cb7636589e42d215975f15090c343fc3e87730b3f621d5965fdca492a,user
k6_user_412,pts_c3fd2d54f3b1e013704252677522fc13c6b5528fc30b9e56c45d0e289d7391e2,user
k6_user_413,pts_878b7366ba36d761cd8f1cb81a392f32c05e56c9d75c52befc9ab93c9978cc08,user
k6_user_414,pts_e07eedadde46e48bfd26dab183b9678e6b5b505b48713439513d8dd7771d9103,user
k6_user_415,pts_1cc5b0dfcf4ab559ae5ac7e96e308a8de43c5c8b10e4bb8e76193e168be8fde3,user
k6_user_416,pts_6408bf68295902501bdf121e144f521d9930312fb68f009a6eddd45839302256,user
k6_user_417,pts_5cff1aadadf63d79aa608f282915abbca4b94f2fc82f681f4be40820673eadcb,user
k6_user_418,pts_e39288b4fe3eb156534ffd0dbcf67ebf98c95c74a10ada1aec3131155dc24024,user
k6_user_419,pts_cd1e6024d882e2ec0d71bd3790315cc89e701fd5fe69834fb74595bbca3aae34,user
k6_user_42,pts_87887e022f29ef68e4ed1adf903692dd4f0f1146ac34ab87013077be715c7b37,user
k6_user_420,pts_88776b57161b8e221e8e6c91132cdea888a33aa087b2bda31643bf8d494ff098,user
k6_user_421,pts_a76d8c2019b55333ad632819c7d76d5f28a43522f0d685ec3d134af49acb96f4,user
k6_user_422,pts_b6c8b53a0e00ce241711cded8fc617c773effa7767f36265c81c3eb6baccf4c1,user
k6_user_423,pts_b4d27b123505f424f7b6f0c987164deaf9d5345d0e651dfcec795e0fe7785a34,user
k6_user_424,pts_1ec7e3922cce0244bf1f4e813e679037a7e372576de72bc287f9b4c4e074a71e,user
k6_user_425,pts_f6f07c5ca9174d36c8f525af0b46dc631b4c41809ff1667d9da83f12b0fb4e7d,user
k6_user_426,pts_1fea92639e7d9f86bdb94130747d0883c24934cec156a5f7e34ce9a074dd161a,user
k6_user_427,pts_8cec1fdc64c192348a25e517793df84aafb16b451d25c0e96f70e6f4c61b9028,user
k6_user_428,pts_09cd68d7593fa120069f7c153d530ffc76b91e47868e97d6806f269bb2b7db92,user
k6_user_429,pts_c1b334b0d9158a379779e4b114f10c0ff2103cb907be3d492b781f8f3c7f3e28,user
k6_user_43,pts_d257ed81adb9fa142c30cf81628fbe9f0d239cce6862defa26e64e211e866a95,user
k6_user_430,pts_0a2a11322fed3226b1196c06e90b01fcb1a786c97ef6088fbd3277c5bda80a44,user
k6_user_431,pts_61ba393aa6c0369f288dee7db4199a121a0bb01a63fe6d328f226210c2341691,user
k6_user_432,pts_5e6367c9f9a11ce42b70cd8919befbeca767587761885c6351cbceea8abf7071,user
k6_user_433,pts_63fdbacd54941c79950fa0176e56ee9b98250145b8cf563f533311d4fddea866,user
k6_user_434,pts_5a908d686408a7e188ebf01c1ef6f4bf5b25fefc1c0bee5d00e3c465fe24cede,user
k6_user_435,pts_87a1df7e163f2bf08d7e908dd4034da2fe385ee6858213badc1635431f2de0cc,user
k6_user_436,pts_7a318bd43c1ff44999787b92dbb3e8c6a966269c745790d0828bb55604843f04,user
k6_user_437,pts_d25805f3e40b7cc70e959f29cd375f9995d59516c8578d956e66f3eca48d953d,user
k6_user_438,pts_ab4274c63333027e3eb523c98ad8502a4d091c52000315767ee048525554c97d,user
k6_user_439,pts_bfaae70ecd7c154f2e99fb764ebcefb2f72eb307a685c52afd180af2febd355c,user
k6_user_44,pts_da6c01bbd6213dfc1a576412923358b44214674c7c1764842add415c9135b7b3,user
k6_user_440,pts_e713ee1d37adcb205179bdee56ec5c0863fbcbba69427cb0b4f9b5c73a2394c5,user
k6_user_441,pts_d09963967228b44611a32b03e80751f415971a7ea0c88e760f386e7b5bd37866,user
k6_user_442,pts_f0951cb2f86bfd8a1e9335ad75e46381533f78cf00008457453ac5fbec7e7290,user
k6_user_443,pts_53a1aac48c957418e475e43905048fa7b00a67226f085d830e968def4173b08b,user
k6_user_444,pts_e4d43c1d52789e1016e1d9b9ae968adbb513fd3dfa31d65febb52d066644a374,user
k6_user_445,pts_1106ddf84a3c7b5cca6a73549bd831110ace8598b9775730c8d77da5b38c5e1c,user
k6_user_446,pts_723638477690e5c01dbf580d53d9bdc78753c58378df74f353f01c1737f3d4c5,user
k6_user_447,pts_350be5e6e7e89ce1054416283d01e5123dce186db67431071b7e99fbb036f7ce,user
k6_user_448,pts_1504b5498731447ea23eb09bee5c669cbada58a493abcdea9fd8c83e768fa6f7,user
k6_user_449,pts_4e762a6ae3128ff5445fd47befbc4b639396e7e6cfc89117f4daf69ac577942f,user
k6_user_45,pts_5bdde8cb7a834790a742e93fe42b1e5328b8afef1a3102008896623f73327d3f,user
k6_user_450,pts_d5fa01968a771884d6c9e0bf7163a4f561fd36ba3a1dfcee9bb1590ef9ea01d4,user
k6_user_451,pts_fa4fd044fe4bc661fd2ad1a960f16d61e46fbaed02348223e4fe89a08c63b705,user
k6_user_452,pts_3e8c91bd11c1a468160c7159a1c4bd086a7388d97defd800e9ccd46adef8d9bf,user
k6_user_453,pts_e6382d79589344d2839b0ff281208a3f01101b127da2e082853685648df4591f,user
k6_user_454,pts_1c85534db7afa424db7acb0d2234940fa609cc3d65f926c37a3addcd872368c2,user
k6_user_455,pts_7b79d51dfc61991bf62e230e26afc2b80d5438ddb5bb65f7201e30c51ab6b1fa,user
k6_user_456,pts_cab7cbc2722b94ed307d33534f79e520b36e24cc94524a856559c510a622296e,user
k6_user_457,pts_f5dc44cc0ad119db31c46c89e602230a4454b52ef215f4d6c55407097fa1168c,user
k6_user_458,pts_93e29f9c05badd4007e3de9e5acf090c4277c83f320d507bdf8cb34a1ec8f881,user
k6_user_459,pts_20084beebf796bba688baecd4e8aeec8413cbf0bd5f8a14f4d8a3332b9671d7e,user
k6_user_46,pts_3f929caac20782a65eade0969a8a665655ee092a8240c2c63498d3ee1fdc8f46,user
k6_user_460,pts_736d7ba002776a14df24d313d5a8ad72409c271d399cf9dd69686a7d66b7cb76,user
k6_user_461,pts_4eafceb3fd1443e3ef5801b5444da7f1b6f010d7016b27916741452a31a24ea5,user
k6_user_462,pts_92c93c9ab3b7e390bd4cee85c72cc710c1c6d1b6d175f438bbdd9ff35fba100c,user
k6_user_463,pts_a37520dbd582ea131664d9c8da21817cee1b16641cfca415b974a6bd7ef6cc18,user
k6_user_464,pts_140a00b4d8014ef783c3ee87b522e0b29d02cfe1b393dad16fde26206bc1c8bc,user
k6_user_465,pts_53459c7aa26d396b00923cb83b701bd7de8a9f410399370841471ef3bc7ccfa1,user
k6_user_466,pts_a60a82f916d9433ac1bce7c06ae4c4d58677169d1aa312f851001d7c2174fd9e,user
k6_user_467,pts_063d46e2be0493bba80d544bbfd772f3493882ef5ce94f56eb03c256cfc7128a,user
k6_user_468,pts_47825c41c2d731926128f4cb501fe72d6775a62b821b5992c0bcbaabb5170c4e,user
k6_user_469,pts_64e9bd346332557ffab2801ddced03a6e26788d0fd36e9374da0179364d4feaa,user
k6_user_47,pts_54f47e42495348d0e4792988404fec3a21039922689339bf61ee503b12e4d611,user
k6_user_470,pts_0399b2fd6f63465af3056a130cf75fa8d7ee0c09b8fa712ed0215b3c4cc8ad63,user
k6_user_471,pts_1d102c09039fa74985a225d2abace89469cf0e87b58baa13b80dcee43fe19175,user
k6_user_472,pts_47090a95010b333f7301c3e3c21e868945e88b8771ded28b9c26bfc57137e246,user
k6_user_473,pts_51346b235a7d4c2261bb2d1a65044587f7ca696950d034594acb708d49277c09,user
k6_user_474,pts_cac572f5fc67aae70489d774eb511b792cd40750797acacf48ba4b0a957523f7,user
k6_user_475,pts_bd2a355e82fa869514f3c5b17c4329c3a1c5210cc0aee57bda3810b0bbaa4a63,user
k6_user_476,pts_0350f001314687d0693859510e4b6ca175eb3eb5d73e33f5f340983148b6e7aa,user
k6_user_477,pts_b67578b1d949cfdcfcf9ae13569b2123369a78573c08bb2eec6ebba1ae089bf3,user
k6_user_478,pts_ae79e8c50ec01258473a804b9e4a31952626ef86ca912a708d942073b75513ca,user
k6_user_479,pts_93ede59fa8f4b80741daa46d76aedc404c533c48058e5a32ac6b06a8340913f2,user
k6_user_48,pts_e18a40dd2bf1ad35490ade6d07ab8a69cae45a41ca92adbbb54fe13e2eb45baf,user
k6_user_480,pts_930e12fabd639b3aee35db1dcba603e08674cdbda46442d3f92848a10eeddc8e,user
k6_user_481,pts_bc25bf022dc9dcbc1de6680e052f18c47f4af510bbc8fcd8e294d4ce2c96c8f3,user
k6_user_482,pts_0eab8878748f35b038924b6cedad702cfcb9a022ae2df139a59ad14ec668b561,user
k6_user_483,pts_ab10f963862bfaef7b25eb7d3bb01c63772ffa413e574c413b641ae969450413,user
k6_user_484,pts_03d8056b7cbd33bce8ddfd84a46ebce7aa5d577ecacae958ba1540364be5aa25,user
k6_user_485,pts_131031c175d106577e14a2cd7a301975bb2dca8b0b9c6dde9b77552d24a8aa72,user
k6_user_486,pts_8b8b6397ad6ff9c3953178a120f7d00bea294c7098dd455c31a1bc4bc8d80700,user
k6_user_487,pts_4d7cf332dfb07f4a489990a186eb881c4d1960343a914c16aa235525ada6ec10,user
k6_user_488,pts_b20ceb0c5275a1524001d20ce10184b9c22ed61046486b3644b8aa88b061aa01,user
k6_user_489,pts_df0ca47b7d392ef98b78ff37983215b1b4651d8da6160ab7f1f2548e49c0c0a1,user
k6_user_49,pts_298a2b11247aba85733a7b48eb7f9d2d482f124129b3cc0d2f83bc161b8b88d5,user
k6_user_490,pts_0b464265a9f4b40375b5b3873c912fb1283de13926df5303f1e41959e1fa0693,user
k6_user_491,pts_bc17ed240f1a3afc86b09e69474f8bb6dfd2328d9b1e6bdff64108db134e3cf4,user
k6_user_492,pts_314ecba69116c5411e9af861968a20b22967b9510d28078b5eed97a961286adf,user
k6_user_493,pts_de74fff53adf69210cb0f03db8c1deca8d47eb703e8f7ec2ba40a8d2e6d0324f,user
k6_user_494,pts_89de67ac9fabf83a20ddb0da8367124e888a93bba306393b508fd64377d2e56a,user
k6_user_495,pts_47b669d8694ca93d8e6620090372ec701c8f7535ff46a1e04002ab8d6644d3fa,user
k6_user_496,pts_be133baabc72eb430aa9b41bf04384bc3c771df1fb0f92dae8609d021150ca32,user
k6_user_497,pts_2c33e9ead7f9edd9c9d946469d8eddd579e836533cb26b35ee8cf22c65e38d02,user
k6_user_498,pts_ffd60548c26c09d1fdb9b809b72f2cc202bf776c4973316e294b6254f48a6096,user
k6_user_499,pts_1765061494da3856c1888a293818bfd42a6424eb93e8b56f1a6bef0487f0fcca,user
k6_user_5,pts_12e0aee73652e7571e78e8197ee20583ed09d5c0e9af32c0cf685dbdefd656e6,user
k6_user_50,pts_bd8b26aef79b367f278e5efcca8dbc43d69beeec5039b22d028cf182adc167d6,user
k6_user_500,pts_a3eb751c7150a409ac1596349bfaf0ac612d2a249054946962fc9bd8bb8572f6,user
k6_user_501,pts_d840441062bed577510c8384704626585aaae5f76cd3140a9d3e6b811be3d677,user
k6_user_502,pts_037b7e33f952835577240bfddc42067d9e41647bf66eae4f80aa24ebe7b2db21,user
k6_user_503,pts_9c4e4280929e0a1b42c7ff0a6fc58141c7cff083ae02a4b0f4d8283c5dfffa2a,user
k6_user_504,pts_9fbabed225c57043d0f90022c8d665b39e2d95b8901feca1e0816e4540971179,user
k6_user_505,pts_a6656846047ef11db506a823934e161690448194b55d7b3371cb15f4b150b302,user
k6_user_506,pts_344d6874b47f47b864b05553dc637794de9d0318c7b37cb63e45776702ba9cea,user
k6_user_507,pts_5429e8ead8e2e872cd789773a10c0f52402e60f53322066904e5c865a96c5c4a,user
k6_user_508,pts_a2087bd8d97f3456ff078470f170216c0de035b749590c81e2704bf05cbaa230,user
k6_user_509,pts_bf6a0cf62ac9aaab6b6ef0ae19c5d415966b908023e1cddb52d532f8e621d59b,user
k6_user_51,pts_294d090b3a03bb97df32fc3d298d94893f951e8cc1a495f20ca273db8bae4c00,user
k6_user_510,pts_134b2326f629f9cd7b0602581de1eaf4f6415f8916b83d326136ec47635020cf,user
k6_user_511,pts_100f7bce6d41cb76716dc1a8244cc59932926c380e75602778d818e77fcc46e3,user
k6_user_512,pts_6340ede740b462c31e7c50e087207c3c7e1464f1cd6f2c865372fe97519be225,user
k6_user_52,pts_b8700eef5ba56c9834d54ffb3d7fe4dbef09ba7c25cfbe85c599bbc4350d452a,user
k6_user_53,pts_698d05a07dd342141443307a2b9a6e042766d40d0ac4b4e72907e0fbd81358e9,user
k6_user_54,pts_c6500dfc38d96aa1eee5518cfde7e03cb540062ec2b60e6ce61b60062c00f266,user
k6_user_55,pts_14aacaebabf5cf46a8fb3334242062c3245c5d0c5608028c294bf292940824d8,user
k6_user_56,pts_a1ed57c0614f628bf138605e5a84e4892dd314342851438f346b93c7b11ea71c,user
k6_user_57,pts_319bdbef25f8421c0072a0889f8d93b795251f9d6853be725f2d0a6f68488039,user
k6_user_58,pts_1e30116d1f9e416dd3b7bfaf764d7c12fe01194f1e55543bcbe12e0ccf6c2f83,user
k6_user_59,pts_154d2d8ec5c123150d4dd857c11d775567c17530af8db326b555eb3581461f39,user
k6_user_6,pts_5df7d4901727765ef6c7cac4d58c621cc1f4fc7ae2b4765b9f6b162fd9275bf2,user
k6_user_60,pts_e70a9f98dc71c827c31fc0da5a97ba6b44f3997055e41bc6487e458c260c8850,user
k6_user_61,pts_21c1e716a7b709095f9ee9da1dde3fc1b11446b4c71f09365c8b34ecc3aae527,user
k6_user_62,pts_a2165825a02d99c48d35f97ad8699c59fd7b23462455f8ba7ff6698edf7b8892,user
k6_user_63,pts_5e20624599a3f8fec3aea432bbfeafc25d30b1ceee940786bf97deae6d866308,user
k6_user_64,pts_72f854aa89926ab838acbee5a06251e2e39100fe13b7021938d4540d1a95161b,user
k6_user_65,pts_13ec0aa215e295bf023c91e11ac1cdde01fa0507e240afb2c67beb492a86b4a7,user
k6_user_66,pts_1f7c7a68df7b0228889a70c9adbcbd5fde3d49ab03dad05daefa1df214c09208,user
k6_user_67,pts_b8177e5bd080a765c80709530ec412e3572d99b1ed0582c99543bd68d70e5543,user
k6_user_68,pts_8c89cd0273e3021d12303811a577d73ba922c38af6f4ae1493bdf466152552ed,user
k6_user_69,pts_0db5c5a18713ad25a8b08cfb8d83247251abb9b593a8ad5dd5f8bbea702057d4,user
k6_user_7,pts_b4cc5538e99e797b647e49d77572acc4c6a0fe774d66a44807eea768f17c4f40,user
k6_user_70,pts_9e1a704a8716cda8b3baa373de0467a711ecc9041b5e5a4d7d19b7fd1deb06da,user
k6_user_71,pts_f54211dea653cc57a4d8e5f1f8c085a01418e08b87bb537cae36e32850fb5f34,user
k6_user_72,pts_83f2111bef59c57cc15c2d89bb0e7e6d930d4ab7b079e7157fac22df734de854,user
k6_user_73,pts_ad1b55d44c0811f89e67db0d02bab26120d35ce0f3da2ca89b893d798138e5a9,user
k6_user_74,pts_5a4fe9d70776020375db00873f35086fd9307f836cfb34177c8265072ca827e5,user
k6_user_75,pts_482dc913e10f57639fe87206a336a8cfc29206c3028b4613e6c79ef893ad32bc,user
k6_user_76,pts_e02bad819b496a5a4cb598a97578de975c14852b24c8690dacd8c6079592dca4,user
k6_user_77,pts_e69c7b672ddf4e65fbfdc57b08ed4a25dc2803d4999380e0bab48ee6e3e2b641,user
k6_user_78,pts_7e278413d4df0c42ea0295f2596ae039f730516938e2b09fa4e5addcb1be64aa,user
k6_user_79,pts_65238ba13ec5ef8a44680e3660e3d6c6a525e2911337163f61c98ff5cadceab3,user
k6_user_8,pts_f3551b686d6d85d4ba6d5f130472a08d023d48596f3efa9aa815785ecca06c7f,user
k6_user_80,pts_36eb530ed61d08a5f1a0bb69f3165de5ba0e9f2ea6f54b46b54d08d6dc9a6b39,user
k6_user_81,pts_d8698b8301b3aed700d2b7231ff4726d250ce83acc8dadd6a408454ec40e316b,user
k6_user_82,pts_a193c161234538fe18ff231173b5ae4de3a779b939134fe7bfcc8bd437bf3ea6,user
k6_user_83,pts_0a0acadd11de48e4f83e96982a5f43f77abb24444a3e8eb9edc25927676d19e3,user
k6_user_84,pts_523d780e2bcdd0c35ace81e569c37042abf58a2fd990efeea2aaeb2a85676217,user
k6_user_85,pts_be8b68540d343a1cd08b00821b5a6ab9988cb8b407fcc7d7741783d5c8aa89ef,user
k6_user_86,pts_f078e98cd5d8897fecd1ba68f4ca7eed3d3b9d5d014d9670b0dfac2d5e57bd16,user
k6_user_87,pts_3cb390b1c0fb1d2ae6e65d311242391c35f919f43682aa8bb7f8f0cf4a4d86a1,user
k6_user_88,pts_e393ed274e355b68936f441a2eb02c497f789fb9ebbc9acb8061425f95f03bca,user
k6_user_89,pts_7d29c24d8b1b27b94d0c08eed0cfdf363c52a78f885ff9788fb1d491b7f6c336,user
k6_user_9,pts_d695cde8ad168952ed65ce2a7548725a9c28b2c1ae5bb964bd5e13d842c00e09,user
k6_user_90,pts_5e32f72150c0f839dfcd1c467fc192148af600da9e4146cd6016dd730ef7fd3d,user
k6_user_91,pts_7d27d9c064b484dbcf50f0ea453dbe6f99a8270340e03af2b8cba4eb3cb5be31,user
k6_user_92,pts_c8dc409c2e77834152826b45b1c79ac127e0c585c71f81282a01f3dd21c5e42d,user
k6_user_93,pts_f4238487db1bb28fd41f096522154bfd73f837625f7f7d92415e459a6c3a18ce,user
k6_user_94,pts_770b5654a4c98ac157edda373c3dc3cf02718243585eefb242c0986fd523588b,user
k6_user_95,pts_f1af2fc58be64426e666d93a327e0aafa12ae8b7072c493eef29626026eaa708,user
k6_user_96,pts_f634c44665a6701483779194d6101b8da53bd6ec23e9397c31edf26889078596,user
k6_user_97,pts_31864146fcd03beef022f42da7537872effe3c21deca484ead88e210097f0e42,user
k6_user_98,pts_a03e82a44978d1cae3494f791a97cd1e9c3c34ea5e41390104cd6c748869d7ad,user
k6_user_99,pts_45e23a070fe894e3c0037cdec00f8e5a0622f07237d8935939a115cfa702a6c8,user
